09-02 11:20:25.494 15200 15346 I fwkit_kams_stubmanager: [fwkit StubManagerService.java:35] getSPNByComponent:com.huawei.hms.mlkit.service, com.huawei.hms.mlkit.service, true
09-02 11:20:25.494 15200 15346 I fwkit_kbct_dsp: [fwkit KitBroadcastDispatcher.java:88] action:android.intent.action.PACKAGE_ADDED,receiver:com.huawei.hms.mlkit.service.receiver.MLKitBroadcastReceiver|com.huawei.hwid.container2
09-02 11:20:25.495 21738 22065 I fwkit_kac_kitloader: [fwkit KitLoaderManager.java:134] kit loaded mlkit_30700301 already exits, cost :0 ms
09-02 11:20:25.512 21738 21738 I MLKitBroadcastReceiver: packageName = com.wearable.inspection.mobile, dependency = 
09-02 11:20:27.373 26625 26625 D CameraPreview: 连接成功，mode=INSPECTION, sessionId: 0ba73a5c-3e7f-4e75-a96f-faec1b8cb915
09-02 11:20:27.394  1580  2508 I HwCameraServiceProxy: Start notify service:com.huawei.camera, com.huawei.camera.controller.hm.HmCameraControllerService
09-02 11:20:27.402  1580  2838 I HwCameraServiceProxy: Start notify service:com.huawei.camera, com.huawei.camera.controller.hm.HmCameraControllerService
09-02 11:20:27.520  1580  2707 I HwCameraServiceProxy: Start notify service:com.huawei.camera, com.huawei.camera.controller.hm.HmCameraControllerService
09-02 11:20:27.555 26625 26625 D CameraPreview: 连接成功，mode=INSPECTION, sessionId: 56513ff0-a228-4734-9c36-35cdd267c01f
09-02 11:20:27.584  1580  6859 I HwCameraServiceProxy: Start notify service:com.huawei.camera, com.huawei.camera.controller.hm.HmCameraControllerService
09-02 11:20:27.590  1580  2509 I HwCameraServiceProxy: Start notify service:com.huawei.camera, com.huawei.camera.controller.hm.HmCameraControllerService
09-02 11:20:27.667 26625 26625 D CameraPreview: === 画幅诊断 ===
09-02 11:20:27.667 26625 26625 D CameraPreview: PreviewView: 1080x1039
09-02 11:20:27.667 26625 26625 D CameraPreview: 流尺寸: 640x480
09-02 11:20:27.667 26625 26625 D CameraPreview: 旋转: 90°
09-02 11:20:27.667 26625 26625 D CameraPreview: 旋转后: 480x640
09-02 11:20:27.667 26625 26625 D CameraPreview: contentRect: Rect(151, 0 - 930, 1039)
09-02 11:20:27.671  1580  2707 I HwCameraServiceProxy: Start notify service:com.huawei.camera, com.huawei.camera.controller.hm.HmCameraControllerService
09-02 11:20:28.043  1580  2509 I HwCameraServiceProxy: Start notify service:com.huawei.camera, com.huawei.camera.controller.hm.HmCameraControllerService
09-02 11:20:31.703  1580  1658 I HwCameraServiceProxy: Start notify service:com.huawei.camera, com.huawei.camera.controller.hm.HmCameraControllerService
09-02 11:20:31.712  1580  1658 I HwCameraServiceProxy: Start notify service:com.huawei.camera, com.huawei.camera.controller.hm.HmCameraControllerService
09-02 11:20:31.729 26625 26625 D DpmScanViewModel: startScan: sessionId=b76f4da8-2986-4ed5-856f-3ff738b76c6d, controller=com.wearable.inspection.mobile.camera.CameraController@44a5092
09-02 11:20:31.745  1580  6859 I HwCameraServiceProxy: Start notify service:com.huawei.camera, com.huawei.camera.controller.hm.HmCameraControllerService
09-02 11:20:31.749  1580  2832 I HwCameraServiceProxy: Start notify service:com.huawei.camera, com.huawei.camera.controller.hm.HmCameraControllerService
09-02 11:20:31.765 26625 26876 I DynamiteModule: Considering local module com.google.mlkit.dynamite.barcode:10000 and remote module com.google.mlkit.dynamite.barcode:0
09-02 11:20:31.765 26625 26876 I DynamiteModule: Selected local version of com.google.mlkit.dynamite.barcode
09-02 11:20:31.769 26625 26625 D CameraController: setFrameAnalyzer: attaching analyzer to use case
09-02 11:20:31.770 26625 26625 D CameraPreview: 连接成功，mode=DPM_SCAN, sessionId: b76f4da8-2986-4ed5-856f-3ff738b76c6d
09-02 11:20:31.838 26625 26625 D DpmScanViewModel: startScan: sessionId=b00c066e-d653-49b9-98fb-6739d7feabc9, controller=com.wearable.inspection.mobile.camera.CameraController@44a5092
09-02 11:20:31.839 26625 26625 D CameraController: setFrameAnalyzer: attaching analyzer to use case
09-02 11:20:31.839 26625 26625 D CameraPreview: 连接成功，mode=DPM_SCAN, sessionId: b00c066e-d653-49b9-98fb-6739d7feabc9
09-02 11:20:31.845  1580  2832 I HwCameraServiceProxy: Start notify service:com.huawei.camera, com.huawei.camera.controller.hm.HmCameraControllerService
09-02 11:20:31.846 26625 26625 D CameraPreview: === 画幅诊断 ===
09-02 11:20:31.846 26625 26625 D CameraPreview: PreviewView: 1080x2002
09-02 11:20:31.846 26625 26625 D CameraPreview: 流尺寸: 1440x1080
09-02 11:20:31.846 26625 26625 D CameraPreview: 旋转: 90°
09-02 11:20:31.846 26625 26625 D CameraPreview: 旋转后: 1080x1440
09-02 11:20:31.846 26625 26625 D CameraPreview: contentRect: Rect(0, 281 - 1080, 1721)
09-02 11:20:31.864  1580  1658 I HwCameraServiceProxy: Start notify service:com.huawei.camera, com.huawei.camera.controller.hm.HmCameraControllerService
09-02 11:20:31.869  1580  6859 I HwCameraServiceProxy: Start notify service:com.huawei.camera, com.huawei.camera.controller.hm.HmCameraControllerService
09-02 11:20:31.894  1580  6859 I HwCameraServiceProxy: Start notify service:com.huawei.camera, com.huawei.camera.controller.hm.HmCameraControllerService
09-02 11:20:32.308  1580  2832 I HwCameraServiceProxy: Start notify service:com.huawei.camera, com.huawei.camera.controller.hm.HmCameraControllerService
09-02 11:20:32.324 26625 26923 D DpmFrameAnalyzer: analyze: frame received, format=35, size=1440x1080, rotation=90
09-02 11:20:32.400 26625 26923 D DpmFrameAnalyzer: analyze: bitmap converted, size=1080x1440, scanRoi=Rect(151, 331 - 928, 1108)
09-02 11:20:32.401 26625 26625 D DpmAnalyzer: analyze: frame=1080x1440, roi=Rect(151, 331 - 928, 1108), focus=FOCUSED, mode=SCAN
09-02 11:20:32.401 26625 26625 D DpmAnalyzer: analyze: starting performMultiStrategyDecode
09-02 11:20:32.401 26625 26923 D DpmFrameAnalyzer: analyze: frame received, format=35, size=1440x1080, rotation=90
09-02 11:20:32.402 26625 26625 D DpmAnalyzer: performMultiStrategyDecode: frame=1080x1440, roi=Rect(151, 331 - 928, 1108), strategies=1
09-02 11:20:32.409 26625 26625 D DpmAnalyzer: Stage1: ROI 777x777 → scaled 400x399
09-02 11:20:32.455 26625 26923 D DpmFrameAnalyzer: analyze: bitmap converted, size=1080x1440, scanRoi=Rect(151, 331 - 928, 1108)
09-02 11:20:32.456 26625 26923 D DpmFrameAnalyzer: analyze: frame received, format=35, size=1440x1080, rotation=90
09-02 11:20:32.456 26625 26625 D DpmAnalyzer: analyze: frame=1080x1440, roi=Rect(151, 331 - 928, 1108), focus=FOCUSED, mode=SCAN
09-02 11:20:32.457 26625 26625 D DpmAnalyzer: analyze: THROTTLED (already running)
09-02 11:20:32.457 26625 26625 D DpmFrameAnalyzer: analyze: result status=THROTTLED, code=null, source=null
09-02 11:20:32.477 26625 26625 D DpmAnalyzer: Stage1: MISS
09-02 11:20:32.477 26625 26625 D DpmAnalyzer: scanRoi present, skipping full-image stages
09-02 11:20:32.477 26625 26625 D DpmAnalyzer: analyze: decodedCode=null
09-02 11:20:32.477 26625 26625 D DpmFrameAnalyzer: analyze: result status=NO_CODE, code=null, source=null
09-02 11:20:32.509 26625 26923 D DpmFrameAnalyzer: analyze: bitmap converted, size=1080x1440, scanRoi=Rect(151, 331 - 928, 1108)
09-02 11:20:32.510 26625 26625 D DpmAnalyzer: analyze: frame=1080x1440, roi=Rect(151, 331 - 928, 1108), focus=FOCUSED, mode=SCAN
09-02 11:20:32.510 26625 26625 D DpmAnalyzer: analyze: THROTTLED by timing gate
09-02 11:20:32.510 26625 26625 D DpmFrameAnalyzer: analyze: result status=THROTTLED, code=null, source=null
09-02 11:20:32.510 26625 26923 D DpmFrameAnalyzer: analyze: frame received, format=35, size=1440x1080, rotation=90
09-02 11:20:32.563 26625 26923 D DpmFrameAnalyzer: analyze: bitmap converted, size=1080x1440, scanRoi=Rect(151, 331 - 928, 1108)
09-02 11:20:32.564 26625 26923 D DpmFrameAnalyzer: analyze: frame received, format=35, size=1440x1080, rotation=90
09-02 11:20:32.565 26625 26625 D DpmAnalyzer: analyze: frame=1080x1440, roi=Rect(151, 331 - 928, 1108), focus=FOCUSED, mode=SCAN
09-02 11:20:32.565 26625 26625 D DpmAnalyzer: analyze: THROTTLED by timing gate
09-02 11:20:32.565 26625 26625 D DpmFrameAnalyzer: analyze: result status=THROTTLED, code=null, source=null
09-02 11:20:32.617 26625 26923 D DpmFrameAnalyzer: analyze: bitmap converted, size=1080x1440, scanRoi=Rect(151, 331 - 928, 1108)
09-02 11:20:32.617 26625 26625 D DpmAnalyzer: analyze: frame=1080x1440, roi=Rect(151, 331 - 928, 1108), focus=FOCUSED, mode=SCAN
09-02 11:20:32.617 26625 26625 D DpmAnalyzer: analyze: starting performMultiStrategyDecode
09-02 11:20:32.617 26625 26625 D DpmAnalyzer: performMultiStrategyDecode: frame=1080x1440, roi=Rect(151, 331 - 928, 1108), strategies=1
09-02 11:20:32.618 26625 26923 D DpmFrameAnalyzer: analyze: frame received, format=35, size=1440x1080, rotation=90
09-02 11:20:32.625 26625 26625 D DpmAnalyzer: Stage1: ROI 777x777 → scaled 400x399
09-02 11:20:32.684 26625 26625 D DpmAnalyzer: Stage1: MISS
09-02 11:20:32.684 26625 26625 D DpmAnalyzer: scanRoi present, skipping full-image stages
09-02 11:20:32.685 26625 26625 D DpmAnalyzer: analyze: decodedCode=null
09-02 11:20:32.685 26625 26625 D DpmFrameAnalyzer: analyze: result status=NO_CODE, code=null, source=null
09-02 11:20:32.687 26625 26923 D DpmFrameAnalyzer: analyze: bitmap converted, size=1080x1440, scanRoi=Rect(151, 331 - 928, 1108)
09-02 11:20:32.688 26625 26625 D DpmAnalyzer: analyze: frame=1080x1440, roi=Rect(151, 331 - 928, 1108), focus=FOCUSED, mode=SCAN
09-02 11:20:32.688 26625 26625 D DpmAnalyzer: analyze: THROTTLED by timing gate
09-02 11:20:32.688 26625 26625 D DpmFrameAnalyzer: analyze: result status=THROTTLED, code=null, source=null
09-02 11:20:32.688 26625 26923 D DpmFrameAnalyzer: analyze: frame received, format=35, size=1440x1080, rotation=90
09-02 11:20:32.773 26625 26923 D DpmFrameAnalyzer: analyze: bitmap converted, size=1080x1440, scanRoi=Rect(151, 331 - 928, 1108)
09-02 11:20:32.773 26625 26625 D DpmAnalyzer: analyze: frame=1080x1440, roi=Rect(151, 331 - 928, 1108), focus=FOCUSED, mode=SCAN
09-02 11:20:32.773 26625 26625 D DpmAnalyzer: analyze: THROTTLED by timing gate
09-02 11:20:32.774 26625 26625 D DpmFrameAnalyzer: analyze: result status=THROTTLED, code=null, source=null
09-02 11:20:32.774 26625 26923 D DpmFrameAnalyzer: analyze: frame received, format=35, size=1440x1080, rotation=90
09-02 11:20:32.843 26625 26923 D DpmFrameAnalyzer: analyze: bitmap converted, size=1080x1440, scanRoi=Rect(151, 331 - 928, 1108)
09-02 11:20:32.844 26625 26923 D DpmFrameAnalyzer: analyze: frame received, format=35, size=1440x1080, rotation=90
09-02 11:20:32.846 26625 26625 D DpmAnalyzer: analyze: frame=1080x1440, roi=Rect(151, 331 - 928, 1108), focus=FOCUSED, mode=SCAN
09-02 11:20:32.846 26625 26625 D DpmAnalyzer: analyze: starting performMultiStrategyDecode
09-02 11:20:32.846 26625 26625 D DpmAnalyzer: performMultiStrategyDecode: frame=1080x1440, roi=Rect(151, 331 - 928, 1108), strategies=1
09-02 11:20:32.857 26625 26625 D DpmAnalyzer: Stage1: ROI 777x777 → scaled 400x399
09-02 11:20:32.920 26625 26625 D DpmAnalyzer: Stage1: MISS
09-02 11:20:32.920 26625 26923 D DpmFrameAnalyzer: analyze: bitmap converted, size=1080x1440, scanRoi=Rect(151, 331 - 928, 1108)
09-02 11:20:32.921 26625 26625 D DpmAnalyzer: scanRoi present, skipping full-image stages
09-02 11:20:32.921 26625 26625 D DpmAnalyzer: analyze: decodedCode=null
09-02 11:20:32.921 26625 26625 D DpmFrameAnalyzer: analyze: result status=NO_CODE, code=null, source=null
09-02 11:20:32.922 26625 26625 D DpmAnalyzer: analyze: frame=1080x1440, roi=Rect(151, 331 - 928, 1108), focus=FOCUSED, mode=SCAN
09-02 11:20:32.922 26625 26625 D DpmAnalyzer: analyze: THROTTLED by timing gate
09-02 11:20:32.922 26625 26923 D DpmFrameAnalyzer: analyze: frame received, format=35, size=1440x1080, rotation=90
09-02 11:20:32.922 26625 26625 D DpmFrameAnalyzer: analyze: result status=THROTTLED, code=null, source=null
09-02 11:20:33.013 26625 26923 D DpmFrameAnalyzer: analyze: bitmap converted, size=1080x1440, scanRoi=Rect(151, 331 - 928, 1108)
09-02 11:20:33.014 26625 26923 D DpmFrameAnalyzer: analyze: frame received, format=35, size=1440x1080, rotation=90
09-02 11:20:33.014 26625 26625 D DpmAnalyzer: analyze: frame=1080x1440, roi=Rect(151, 331 - 928, 1108), focus=FOCUSED, mode=SCAN
09-02 11:20:33.015 26625 26625 D DpmAnalyzer: analyze: THROTTLED by timing gate
09-02 11:20:33.015 26625 26625 D DpmFrameAnalyzer: analyze: result status=THROTTLED, code=null, source=null
09-02 11:20:33.095 26625 26923 D DpmFrameAnalyzer: analyze: bitmap converted, size=1080x1440, scanRoi=Rect(151, 331 - 928, 1108)
09-02 11:20:33.097 26625 26625 D DpmAnalyzer: analyze: frame=1080x1440, roi=Rect(151, 331 - 928, 1108), focus=FOCUSED, mode=SCAN
09-02 11:20:33.097 26625 26625 D DpmAnalyzer: analyze: starting performMultiStrategyDecode
09-02 11:20:33.097 26625 26625 D DpmAnalyzer: performMultiStrategyDecode: frame=1080x1440, roi=Rect(151, 331 - 928, 1108), strategies=1
09-02 11:20:33.098 26625 26923 D DpmFrameAnalyzer: analyze: frame received, format=35, size=1440x1080, rotation=90
09-02 11:20:33.107 26625 26625 D DpmAnalyzer: Stage1: ROI 777x777 → scaled 400x399
09-02 11:20:33.167 26625 26625 D DpmAnalyzer: Stage1: MISS
09-02 11:20:33.167 26625 26625 D DpmAnalyzer: scanRoi present, skipping full-image stages
09-02 11:20:33.167 26625 26625 D DpmAnalyzer: analyze: decodedCode=null
09-02 11:20:33.167 26625 26625 D DpmFrameAnalyzer: analyze: result status=NO_CODE, code=null, source=null
09-02 11:20:33.171 26625 26923 D DpmFrameAnalyzer: analyze: bitmap converted, size=1080x1440, scanRoi=Rect(151, 331 - 928, 1108)
09-02 11:20:33.172 26625 26625 D DpmAnalyzer: analyze: frame=1080x1440, roi=Rect(151, 331 - 928, 1108), focus=FOCUSED, mode=SCAN
09-02 11:20:33.172 26625 26625 D DpmAnalyzer: analyze: THROTTLED by timing gate
09-02 11:20:33.172 26625 26625 D DpmFrameAnalyzer: analyze: result status=THROTTLED, code=null, source=null
09-02 11:20:33.173 26625 26923 D DpmFrameAnalyzer: analyze: frame received, format=35, size=1440x1080, rotation=90
09-02 11:20:33.260 26625 26923 D DpmFrameAnalyzer: analyze: bitmap converted, size=1080x1440, scanRoi=Rect(151, 331 - 928, 1108)
09-02 11:20:33.261 26625 26625 D DpmAnalyzer: analyze: frame=1080x1440, roi=Rect(151, 331 - 928, 1108), focus=FOCUSED, mode=SCAN
09-02 11:20:33.261 26625 26625 D DpmAnalyzer: analyze: THROTTLED by timing gate
09-02 11:20:33.261 26625 26625 D DpmFrameAnalyzer: analyze: result status=THROTTLED, code=null, source=null
09-02 11:20:33.262 26625 26923 D DpmFrameAnalyzer: analyze: frame received, format=35, size=1440x1080, rotation=90
09-02 11:20:33.336 26625 26923 D DpmFrameAnalyzer: analyze: bitmap converted, size=1080x1440, scanRoi=Rect(151, 331 - 928, 1108)
09-02 11:20:33.336 26625 26625 D DpmAnalyzer: analyze: frame=1080x1440, roi=Rect(151, 331 - 928, 1108), focus=FOCUSED, mode=SCAN
09-02 11:20:33.337 26625 26625 D DpmAnalyzer: analyze: starting performMultiStrategyDecode
09-02 11:20:33.337 26625 26625 D DpmAnalyzer: performMultiStrategyDecode: frame=1080x1440, roi=Rect(151, 331 - 928, 1108), strategies=1
09-02 11:20:33.337 26625 26923 D DpmFrameAnalyzer: analyze: frame received, format=35, size=1440x1080, rotation=90
09-02 11:20:33.343 26625 26625 D DpmAnalyzer: Stage1: ROI 777x777 → scaled 400x399
09-02 11:20:33.388 26625 26625 D DpmAnalyzer: Stage1: MISS
09-02 11:20:33.388 26625 26625 D DpmAnalyzer: scanRoi present, skipping full-image stages
09-02 11:20:33.388 26625 26625 D DpmAnalyzer: analyze: decodedCode=null
09-02 11:20:33.388 26625 26625 D DpmFrameAnalyzer: analyze: result status=NO_CODE, code=null, source=null
09-02 11:20:33.404 26625 26923 D DpmFrameAnalyzer: analyze: bitmap converted, size=1080x1440, scanRoi=Rect(151, 331 - 928, 1108)
09-02 11:20:33.405 26625 26625 D DpmAnalyzer: analyze: frame=1080x1440, roi=Rect(151, 331 - 928, 1108), focus=FOCUSED, mode=SCAN
09-02 11:20:33.405 26625 26625 D DpmAnalyzer: analyze: THROTTLED by timing gate
09-02 11:20:33.405 26625 26625 D DpmFrameAnalyzer: analyze: result status=THROTTLED, code=null, source=null
09-02 11:20:33.406 26625 26923 D DpmFrameAnalyzer: analyze: frame received, format=35, size=1440x1080, rotation=90
09-02 11:20:33.490 26625 26923 D DpmFrameAnalyzer: analyze: bitmap converted, size=1080x1440, scanRoi=Rect(151, 331 - 928, 1108)
09-02 11:20:33.491 26625 26625 D DpmAnalyzer: analyze: frame=1080x1440, roi=Rect(151, 331 - 928, 1108), focus=FOCUSED, mode=SCAN
09-02 11:20:33.491 26625 26625 D DpmAnalyzer: analyze: starting performMultiStrategyDecode
09-02 11:20:33.491 26625 26625 D DpmAnalyzer: performMultiStrategyDecode: frame=1080x1440, roi=Rect(151, 331 - 928, 1108), strategies=1
09-02 11:20:33.491 26625 26923 D DpmFrameAnalyzer: analyze: frame received, format=35, size=1440x1080, rotation=90
09-02 11:20:33.499 26625 26625 D DpmAnalyzer: Stage1: ROI 777x777 → scaled 400x399
09-02 11:20:33.563 26625 26625 D DpmAnalyzer: Stage1: MISS
09-02 11:20:33.563 26625 26625 D DpmAnalyzer: scanRoi present, skipping full-image stages
09-02 11:20:33.563 26625 26625 D DpmAnalyzer: analyze: decodedCode=null
09-02 11:20:33.563 26625 26625 D DpmFrameAnalyzer: analyze: result status=NO_CODE, code=null, source=null
09-02 11:20:33.565 26625 26923 D DpmFrameAnalyzer: analyze: bitmap converted, size=1080x1440, scanRoi=Rect(151, 331 - 928, 1108)
09-02 11:20:33.566 26625 26625 D DpmAnalyzer: analyze: frame=1080x1440, roi=Rect(151, 331 - 928, 1108), focus=FOCUSED, mode=SCAN
09-02 11:20:33.566 26625 26625 D DpmAnalyzer: analyze: THROTTLED by timing gate
09-02 11:20:33.566 26625 26625 D DpmFrameAnalyzer: analyze: result status=THROTTLED, code=null, source=null
09-02 11:20:33.566 26625 26923 D DpmFrameAnalyzer: analyze: frame received, format=35, size=1440x1080, rotation=90
09-02 11:20:33.663 26625 26923 D DpmFrameAnalyzer: analyze: bitmap converted, size=1080x1440, scanRoi=Rect(151, 331 - 928, 1108)
09-02 11:20:33.664 26625 26923 D DpmFrameAnalyzer: analyze: frame received, format=35, size=1440x1080, rotation=90
09-02 11:20:33.665 26625 26625 D DpmAnalyzer: analyze: frame=1080x1440, roi=Rect(151, 331 - 928, 1108), focus=FOCUSED, mode=SCAN
09-02 11:20:33.665 26625 26625 D DpmAnalyzer: analyze: starting performMultiStrategyDecode
09-02 11:20:33.665 26625 26625 D DpmAnalyzer: performMultiStrategyDecode: frame=1080x1440, roi=Rect(151, 331 - 928, 1108), strategies=1
09-02 11:20:33.676 26625 26625 D DpmAnalyzer: Stage1: ROI 777x777 → scaled 400x399
09-02 11:20:33.748 26625 26625 D DpmAnalyzer: Stage1: MISS
09-02 11:20:33.749 26625 26625 D DpmAnalyzer: scanRoi present, skipping full-image stages
09-02 11:20:33.749 26625 26625 D DpmAnalyzer: analyze: decodedCode=null
09-02 11:20:33.749 26625 26625 D DpmFrameAnalyzer: analyze: result status=NO_CODE, code=null, source=null
09-02 11:20:33.755 26625 26923 D DpmFrameAnalyzer: analyze: bitmap converted, size=1080x1440, scanRoi=Rect(151, 331 - 928, 1108)
09-02 11:20:33.756 26625 26625 D DpmAnalyzer: analyze: frame=1080x1440, roi=Rect(151, 331 - 928, 1108), focus=FOCUSED, mode=SCAN
09-02 11:20:33.756 26625 26625 D DpmAnalyzer: analyze: THROTTLED by timing gate
09-02 11:20:33.756 26625 26625 D DpmFrameAnalyzer: analyze: result status=THROTTLED, code=null, source=null
09-02 11:20:33.756 26625 26923 D DpmFrameAnalyzer: analyze: frame received, format=35, size=1440x1080, rotation=90
09-02 11:20:33.852 26625 26923 D DpmFrameAnalyzer: analyze: bitmap converted, size=1080x1440, scanRoi=Rect(151, 331 - 928, 1108)
09-02 11:20:33.852 26625 26625 D DpmAnalyzer: analyze: frame=1080x1440, roi=Rect(151, 331 - 928, 1108), focus=FOCUSED, mode=SCAN
09-02 11:20:33.852 26625 26625 D DpmAnalyzer: analyze: starting performMultiStrategyDecode
09-02 11:20:33.852 26625 26625 D DpmAnalyzer: performMultiStrategyDecode: frame=1080x1440, roi=Rect(151, 331 - 928, 1108), strategies=1
09-02 11:20:33.853 26625 26923 D DpmFrameAnalyzer: analyze: frame received, format=35, size=1440x1080, rotation=90
09-02 11:20:33.863 26625 26625 D DpmAnalyzer: Stage1: ROI 777x777 → scaled 400x399
09-02 11:20:33.911 26625 26625 D DpmAnalyzer: Stage1: MISS
09-02 11:20:33.912 26625 26625 D DpmAnalyzer: scanRoi present, skipping full-image stages
09-02 11:20:33.912 26625 26625 D DpmAnalyzer: analyze: decodedCode=null
09-02 11:20:33.912 26625 26625 D DpmFrameAnalyzer: analyze: result status=NO_CODE, code=null, source=null
09-02 11:20:33.930 26625 26923 D DpmFrameAnalyzer: analyze: bitmap converted, size=1080x1440, scanRoi=Rect(151, 331 - 928, 1108)
09-02 11:20:33.931 26625 26625 D DpmAnalyzer: analyze: frame=1080x1440, roi=Rect(151, 331 - 928, 1108), focus=FOCUSED, mode=SCAN
09-02 11:20:33.931 26625 26923 D DpmFrameAnalyzer: analyze: frame received, format=35, size=1440x1080, rotation=90
09-02 11:20:33.931 26625 26625 D DpmAnalyzer: analyze: THROTTLED by timing gate
09-02 11:20:33.931 26625 26625 D DpmFrameAnalyzer: analyze: result status=THROTTLED, code=null, source=null
09-02 11:20:34.013 26625 26923 D DpmFrameAnalyzer: analyze: bitmap converted, size=1080x1440, scanRoi=Rect(151, 331 - 928, 1108)
09-02 11:20:34.014 26625 26923 D DpmFrameAnalyzer: analyze: frame received, format=35, size=1440x1080, rotation=90
09-02 11:20:34.015 26625 26625 D DpmAnalyzer: analyze: frame=1080x1440, roi=Rect(151, 331 - 928, 1108), focus=FOCUSED, mode=SCAN
09-02 11:20:34.015 26625 26625 D DpmAnalyzer: analyze: starting performMultiStrategyDecode
09-02 11:20:34.015 26625 26625 D DpmAnalyzer: performMultiStrategyDecode: frame=1080x1440, roi=Rect(151, 331 - 928, 1108), strategies=1
09-02 11:20:34.025 26625 26625 D DpmAnalyzer: Stage1: ROI 777x777 → scaled 400x399
09-02 11:20:34.090 26625 26923 D DpmFrameAnalyzer: analyze: bitmap converted, size=1080x1440, scanRoi=Rect(151, 331 - 928, 1108)
09-02 11:20:34.092 26625 26923 D DpmFrameAnalyzer: analyze: frame received, format=35, size=1440x1080, rotation=90
09-02 11:20:34.094 26625 26625 D DpmAnalyzer: analyze: frame=1080x1440, roi=Rect(151, 331 - 928, 1108), focus=FOCUSED, mode=SCAN
09-02 11:20:34.094 26625 26625 D DpmAnalyzer: analyze: THROTTLED (already running)
09-02 11:20:34.094 26625 26625 D DpmFrameAnalyzer: analyze: result status=THROTTLED, code=null, source=null
09-02 11:20:34.097 26625 26625 D DpmAnalyzer: Stage1: MISS
09-02 11:20:34.097 26625 26625 D DpmAnalyzer: scanRoi present, skipping full-image stages
09-02 11:20:34.097 26625 26625 D DpmAnalyzer: analyze: decodedCode=null
09-02 11:20:34.097 26625 26625 D DpmFrameAnalyzer: analyze: result status=NO_CODE, code=null, source=null
09-02 11:20:34.183 26625 26923 D DpmFrameAnalyzer: analyze: bitmap converted, size=1080x1440, scanRoi=Rect(151, 331 - 928, 1108)
09-02 11:20:34.184 26625 26625 D DpmAnalyzer: analyze: frame=1080x1440, roi=Rect(151, 331 - 928, 1108), focus=FOCUSED, mode=SCAN
09-02 11:20:34.184 26625 26625 D DpmAnalyzer: analyze: THROTTLED by timing gate
09-02 11:20:34.184 26625 26625 D DpmFrameAnalyzer: analyze: result status=THROTTLED, code=null, source=null
09-02 11:20:34.185 26625 26923 D DpmFrameAnalyzer: analyze: frame received, format=35, size=1440x1080, rotation=90
09-02 11:20:34.269 26625 26923 D DpmFrameAnalyzer: analyze: bitmap converted, size=1080x1440, scanRoi=Rect(151, 331 - 928, 1108)
09-02 11:20:34.269 26625 26625 D DpmAnalyzer: analyze: frame=1080x1440, roi=Rect(151, 331 - 928, 1108), focus=FOCUSED, mode=SCAN
09-02 11:20:34.269 26625 26625 D DpmAnalyzer: analyze: starting performMultiStrategyDecode
09-02 11:20:34.269 26625 26625 D DpmAnalyzer: performMultiStrategyDecode: frame=1080x1440, roi=Rect(151, 331 - 928, 1108), strategies=1
09-02 11:20:34.270 26625 26923 D DpmFrameAnalyzer: analyze: frame received, format=35, size=1440x1080, rotation=90
09-02 11:20:34.283 26625 26625 D DpmAnalyzer: Stage1: ROI 777x777 → scaled 400x399
09-02 11:20:34.336 26625 26923 D DpmFrameAnalyzer: analyze: bitmap converted, size=1080x1440, scanRoi=Rect(151, 331 - 928, 1108)
09-02 11:20:34.337 26625 26923 D DpmFrameAnalyzer: analyze: frame received, format=35, size=1440x1080, rotation=90
09-02 11:20:34.338 26625 26625 D DpmAnalyzer: analyze: frame=1080x1440, roi=Rect(151, 331 - 928, 1108), focus=FOCUSED, mode=SCAN
09-02 11:20:34.338 26625 26625 D DpmAnalyzer: analyze: THROTTLED (already running)
09-02 11:20:34.338 26625 26625 D DpmFrameAnalyzer: analyze: result status=THROTTLED, code=null, source=null
09-02 11:20:34.349 26625 26625 D DpmAnalyzer: Stage1: MISS
09-02 11:20:34.349 26625 26625 D DpmAnalyzer: scanRoi present, skipping full-image stages
09-02 11:20:34.349 26625 26625 D DpmAnalyzer: analyze: decodedCode=null
09-02 11:20:34.349 26625 26625 D DpmFrameAnalyzer: analyze: result status=NO_CODE, code=null, source=null
09-02 11:20:34.424 26625 26923 D DpmFrameAnalyzer: analyze: bitmap converted, size=1080x1440, scanRoi=Rect(151, 331 - 928, 1108)
09-02 11:20:34.425 26625 26923 D DpmFrameAnalyzer: analyze: frame received, format=35, size=1440x1080, rotation=90
09-02 11:20:34.426 26625 26625 D DpmAnalyzer: analyze: frame=1080x1440, roi=Rect(151, 331 - 928, 1108), focus=FOCUSED, mode=SCAN
09-02 11:20:34.426 26625 26625 D DpmAnalyzer: analyze: THROTTLED by timing gate
09-02 11:20:34.426 26625 26625 D DpmFrameAnalyzer: analyze: result status=THROTTLED, code=null, source=null
09-02 11:20:34.500 26625 26923 D DpmFrameAnalyzer: analyze: bitmap converted, size=1080x1440, scanRoi=Rect(151, 331 - 928, 1108)
09-02 11:20:34.500 26625 26625 D DpmAnalyzer: analyze: frame=1080x1440, roi=Rect(151, 331 - 928, 1108), focus=FOCUSED, mode=SCAN
09-02 11:20:34.500 26625 26625 D DpmAnalyzer: analyze: starting performMultiStrategyDecode
09-02 11:20:34.500 26625 26625 D DpmAnalyzer: performMultiStrategyDecode: frame=1080x1440, roi=Rect(151, 331 - 928, 1108), strategies=1
09-02 11:20:34.501 26625 26923 D DpmFrameAnalyzer: analyze: frame received, format=35, size=1440x1080, rotation=90
09-02 11:20:34.515 26625 26625 D DpmAnalyzer: Stage1: ROI 777x777 → scaled 400x399
09-02 11:20:34.560 26625 26625 D DpmAnalyzer: Stage1: MISS
09-02 11:20:34.560 26625 26625 D DpmAnalyzer: scanRoi present, skipping full-image stages
09-02 11:20:34.560 26625 26625 D DpmAnalyzer: analyze: decodedCode=null
09-02 11:20:34.561 26625 26625 D DpmFrameAnalyzer: analyze: result status=NO_CODE, code=null, source=null
09-02 11:20:34.576 26625 26923 D DpmFrameAnalyzer: analyze: bitmap converted, size=1080x1440, scanRoi=Rect(151, 331 - 928, 1108)
09-02 11:20:34.577 26625 26625 D DpmAnalyzer: analyze: frame=1080x1440, roi=Rect(151, 331 - 928, 1108), focus=FOCUSED, mode=SCAN
09-02 11:20:34.577 26625 26625 D DpmAnalyzer: analyze: THROTTLED by timing gate
09-02 11:20:34.577 26625 26625 D DpmFrameAnalyzer: analyze: result status=THROTTLED, code=null, source=null
09-02 11:20:34.578 26625 26923 D DpmFrameAnalyzer: analyze: frame received, format=35, size=1440x1080, rotation=90
09-02 11:20:34.663 26625 26923 D DpmFrameAnalyzer: analyze: bitmap converted, size=1080x1440, scanRoi=Rect(151, 331 - 928, 1108)
09-02 11:20:34.664 26625 26625 D DpmAnalyzer: analyze: frame=1080x1440, roi=Rect(151, 331 - 928, 1108), focus=FOCUSED, mode=SCAN
09-02 11:20:34.664 26625 26625 D DpmAnalyzer: analyze: starting performMultiStrategyDecode
09-02 11:20:34.664 26625 26625 D DpmAnalyzer: performMultiStrategyDecode: frame=1080x1440, roi=Rect(151, 331 - 928, 1108), strategies=1
09-02 11:20:34.664 26625 26923 D DpmFrameAnalyzer: analyze: frame received, format=35, size=1440x1080, rotation=90
09-02 11:20:34.676 26625 26625 D DpmAnalyzer: Stage1: ROI 777x777 → scaled 400x399
09-02 11:20:34.739 26625 26625 D DpmAnalyzer: Stage1: MISS
09-02 11:20:34.739 26625 26625 D DpmAnalyzer: scanRoi present, skipping full-image stages
09-02 11:20:34.739 26625 26625 D DpmAnalyzer: analyze: decodedCode=null
09-02 11:20:34.739 26625 26625 D DpmFrameAnalyzer: analyze: result status=NO_CODE, code=null, source=null
09-02 11:20:34.762 26625 26923 D DpmFrameAnalyzer: analyze: bitmap converted, size=1080x1440, scanRoi=Rect(151, 331 - 928, 1108)
09-02 11:20:34.762 26625 26625 D DpmAnalyzer: analyze: frame=1080x1440, roi=Rect(151, 331 - 928, 1108), focus=FOCUSED, mode=SCAN
09-02 11:20:34.762 26625 26625 D DpmAnalyzer: analyze: THROTTLED by timing gate
09-02 11:20:34.762 26625 26625 D DpmFrameAnalyzer: analyze: result status=THROTTLED, code=null, source=null
09-02 11:20:34.764 26625 26923 D DpmFrameAnalyzer: analyze: frame received, format=35, size=1440x1080, rotation=90
09-02 11:20:34.847 26625 26923 D DpmFrameAnalyzer: analyze: bitmap converted, size=1080x1440, scanRoi=Rect(151, 331 - 928, 1108)
09-02 11:20:34.848 26625 26625 D DpmAnalyzer: analyze: frame=1080x1440, roi=Rect(151, 331 - 928, 1108), focus=FOCUSED, mode=SCAN
09-02 11:20:34.848 26625 26625 D DpmAnalyzer: analyze: starting performMultiStrategyDecode
09-02 11:20:34.848 26625 26625 D DpmAnalyzer: performMultiStrategyDecode: frame=1080x1440, roi=Rect(151, 331 - 928, 1108), strategies=1
09-02 11:20:34.848 26625 26923 D DpmFrameAnalyzer: analyze: frame received, format=35, size=1440x1080, rotation=90
09-02 11:20:34.859 26625 26625 D DpmAnalyzer: Stage1: ROI 777x777 → scaled 400x399
09-02 11:20:34.917 26625 26923 D DpmFrameAnalyzer: analyze: bitmap converted, size=1080x1440, scanRoi=Rect(151, 331 - 928, 1108)
09-02 11:20:34.920 26625 26625 D DpmAnalyzer: Stage1: MISS
09-02 11:20:34.920 26625 26625 D DpmAnalyzer: scanRoi present, skipping full-image stages
09-02 11:20:34.920 26625 26625 D DpmAnalyzer: analyze: decodedCode=null
09-02 11:20:34.920 26625 26923 D DpmFrameAnalyzer: analyze: frame received, format=35, size=1440x1080, rotation=90
09-02 11:20:34.920 26625 26625 D DpmFrameAnalyzer: analyze: result status=NO_CODE, code=null, source=null
09-02 11:20:34.922 26625 26625 D DpmAnalyzer: analyze: frame=1080x1440, roi=Rect(151, 331 - 928, 1108), focus=FOCUSED, mode=SCAN
09-02 11:20:34.922 26625 26625 D DpmAnalyzer: analyze: THROTTLED by timing gate
09-02 11:20:34.922 26625 26625 D DpmFrameAnalyzer: analyze: result status=THROTTLED, code=null, source=null
09-02 11:20:35.011 26625 26923 D DpmFrameAnalyzer: analyze: bitmap converted, size=1080x1440, scanRoi=Rect(151, 331 - 928, 1108)
09-02 11:20:35.012 26625 26625 D DpmAnalyzer: analyze: frame=1080x1440, roi=Rect(151, 331 - 928, 1108), focus=FOCUSED, mode=SCAN
09-02 11:20:35.012 26625 26625 D DpmAnalyzer: analyze: THROTTLED by timing gate
09-02 11:20:35.012 26625 26625 D DpmFrameAnalyzer: analyze: result status=THROTTLED, code=null, source=null
09-02 11:20:35.013 26625 26923 D DpmFrameAnalyzer: analyze: frame received, format=35, size=1440x1080, rotation=90
09-02 11:20:35.091 26625 26923 D DpmFrameAnalyzer: analyze: bitmap converted, size=1080x1440, scanRoi=Rect(151, 331 - 928, 1108)
09-02 11:20:35.092 26625 26923 D DpmFrameAnalyzer: analyze: frame received, format=35, size=1440x1080, rotation=90
09-02 11:20:35.094 26625 26625 D DpmAnalyzer: analyze: frame=1080x1440, roi=Rect(151, 331 - 928, 1108), focus=FOCUSED, mode=SCAN
09-02 11:20:35.094 26625 26625 D DpmAnalyzer: analyze: starting performMultiStrategyDecode
09-02 11:20:35.094 26625 26625 D DpmAnalyzer: performMultiStrategyDecode: frame=1080x1440, roi=Rect(151, 331 - 928, 1108), strategies=1
09-02 11:20:35.105 26625 26625 D DpmAnalyzer: Stage1: ROI 777x777 → scaled 400x399
09-02 11:20:35.168 26625 26923 D DpmFrameAnalyzer: analyze: bitmap converted, size=1080x1440, scanRoi=Rect(151, 331 - 928, 1108)
09-02 11:20:35.168 26625 26625 D DpmAnalyzer: analyze: frame=1080x1440, roi=Rect(151, 331 - 928, 1108), focus=FOCUSED, mode=SCAN
09-02 11:20:35.168 26625 26625 D DpmAnalyzer: analyze: THROTTLED (already running)
09-02 11:20:35.168 26625 26625 D DpmFrameAnalyzer: analyze: result status=THROTTLED, code=null, source=null
09-02 11:20:35.169 26625 26923 D DpmFrameAnalyzer: analyze: frame received, format=35, size=1440x1080, rotation=90
09-02 11:20:35.176 26625 26625 D DpmAnalyzer: Stage1: MISS
09-02 11:20:35.176 26625 26625 D DpmAnalyzer: scanRoi present, skipping full-image stages
09-02 11:20:35.176 26625 26625 D DpmAnalyzer: analyze: decodedCode=null
09-02 11:20:35.176 26625 26625 D DpmFrameAnalyzer: analyze: result status=NO_CODE, code=null, source=null
09-02 11:20:35.257 26625 26923 D DpmFrameAnalyzer: analyze: bitmap converted, size=1080x1440, scanRoi=Rect(151, 331 - 928, 1108)
09-02 11:20:35.259 26625 26625 D DpmAnalyzer: analyze: frame=1080x1440, roi=Rect(151, 331 - 928, 1108), focus=FOCUSED, mode=SCAN
09-02 11:20:35.259 26625 26923 D DpmFrameAnalyzer: analyze: frame received, format=35, size=1440x1080, rotation=90
09-02 11:20:35.259 26625 26625 D DpmAnalyzer: analyze: THROTTLED by timing gate
09-02 11:20:35.259 26625 26625 D DpmFrameAnalyzer: analyze: result status=THROTTLED, code=null, source=null
09-02 11:20:35.332 26625 26923 D DpmFrameAnalyzer: analyze: bitmap converted, size=1080x1440, scanRoi=Rect(151, 331 - 928, 1108)
09-02 11:20:35.333 26625 26625 D DpmAnalyzer: analyze: frame=1080x1440, roi=Rect(151, 331 - 928, 1108), focus=FOCUSED, mode=SCAN
09-02 11:20:35.333 26625 26625 D DpmAnalyzer: analyze: starting performMultiStrategyDecode
09-02 11:20:35.333 26625 26625 D DpmAnalyzer: performMultiStrategyDecode: frame=1080x1440, roi=Rect(151, 331 - 928, 1108), strategies=1
09-02 11:20:35.334 26625 26923 D DpmFrameAnalyzer: analyze: frame received, format=35, size=1440x1080, rotation=90
09-02 11:20:35.344 26625 26625 D DpmAnalyzer: Stage1: ROI 777x777 → scaled 400x399
09-02 11:20:35.398 26625 26625 D DpmAnalyzer: Stage1: MISS
09-02 11:20:35.398 26625 26625 D DpmAnalyzer: scanRoi present, skipping full-image stages
09-02 11:20:35.398 26625 26625 D DpmAnalyzer: analyze: decodedCode=null
09-02 11:20:35.398 26625 26625 D DpmFrameAnalyzer: analyze: result status=NO_CODE, code=null, source=null
09-02 11:20:35.407 26625 26923 D DpmFrameAnalyzer: analyze: bitmap converted, size=1080x1440, scanRoi=Rect(151, 331 - 928, 1108)
09-02 11:20:35.408 26625 26923 D DpmFrameAnalyzer: analyze: frame received, format=35, size=1440x1080, rotation=90
09-02 11:20:35.409 26625 26625 D DpmAnalyzer: analyze: frame=1080x1440, roi=Rect(151, 331 - 928, 1108), focus=FOCUSED, mode=SCAN
09-02 11:20:35.409 26625 26625 D DpmAnalyzer: analyze: THROTTLED by timing gate
09-02 11:20:35.409 26625 26625 D DpmFrameAnalyzer: analyze: result status=THROTTLED, code=null, source=null
09-02 11:20:35.502 26625 26923 D DpmFrameAnalyzer: analyze: bitmap converted, size=1080x1440, scanRoi=Rect(151, 331 - 928, 1108)
09-02 11:20:35.502 26625 26625 D DpmAnalyzer: analyze: frame=1080x1440, roi=Rect(151, 331 - 928, 1108), focus=FOCUSED, mode=SCAN
09-02 11:20:35.503 26625 26625 D DpmAnalyzer: analyze: starting performMultiStrategyDecode
09-02 11:20:35.503 26625 26625 D DpmAnalyzer: performMultiStrategyDecode: frame=1080x1440, roi=Rect(151, 331 - 928, 1108), strategies=1
09-02 11:20:35.503 26625 26923 D DpmFrameAnalyzer: analyze: frame received, format=35, size=1440x1080, rotation=90
09-02 11:20:35.521 26625 26625 D DpmAnalyzer: Stage1: ROI 777x777 → scaled 400x399
09-02 11:20:35.573 26625 26625 D DpmAnalyzer: Stage1: MISS
09-02 11:20:35.573 26625 26625 D DpmAnalyzer: scanRoi present, skipping full-image stages
09-02 11:20:35.573 26625 26625 D DpmAnalyzer: analyze: decodedCode=null
09-02 11:20:35.573 26625 26625 D DpmFrameAnalyzer: analyze: result status=NO_CODE, code=null, source=null
09-02 11:20:35.578 26625 26923 D DpmFrameAnalyzer: analyze: bitmap converted, size=1080x1440, scanRoi=Rect(151, 331 - 928, 1108)
09-02 11:20:35.579 26625 26625 D DpmAnalyzer: analyze: frame=1080x1440, roi=Rect(151, 331 - 928, 1108), focus=FOCUSED, mode=SCAN
09-02 11:20:35.579 26625 26625 D DpmAnalyzer: analyze: THROTTLED by timing gate
09-02 11:20:35.579 26625 26625 D DpmFrameAnalyzer: analyze: result status=THROTTLED, code=null, source=null
09-02 11:20:35.579 26625 26923 D DpmFrameAnalyzer: analyze: frame received, format=35, size=1440x1080, rotation=90
09-02 11:20:35.667 26625 26923 D DpmFrameAnalyzer: analyze: bitmap converted, size=1080x1440, scanRoi=Rect(151, 331 - 928, 1108)
09-02 11:20:35.667 26625 26625 D DpmAnalyzer: analyze: frame=1080x1440, roi=Rect(151, 331 - 928, 1108), focus=FOCUSED, mode=SCAN
09-02 11:20:35.667 26625 26625 D DpmAnalyzer: analyze: THROTTLED by timing gate
09-02 11:20:35.668 26625 26625 D DpmFrameAnalyzer: analyze: result status=THROTTLED, code=null, source=null
09-02 11:20:35.668 26625 26923 D DpmFrameAnalyzer: analyze: frame received, format=35, size=1440x1080, rotation=90
09-02 11:20:35.736 26625 26923 D DpmFrameAnalyzer: analyze: bitmap converted, size=1080x1440, scanRoi=Rect(151, 331 - 928, 1108)
09-02 11:20:35.736 26625 26625 D DpmAnalyzer: analyze: frame=1080x1440, roi=Rect(151, 331 - 928, 1108), focus=FOCUSED, mode=SCAN
09-02 11:20:35.736 26625 26625 D DpmAnalyzer: analyze: starting performMultiStrategyDecode
09-02 11:20:35.737 26625 26625 D DpmAnalyzer: performMultiStrategyDecode: frame=1080x1440, roi=Rect(151, 331 - 928, 1108), strategies=1
09-02 11:20:35.737 26625 26923 D DpmFrameAnalyzer: analyze: frame received, format=35, size=1440x1080, rotation=90
09-02 11:20:35.759 26625 26625 D DpmAnalyzer: Stage1: ROI 777x777 → scaled 400x399
09-02 11:20:35.801 26625 26923 D DpmFrameAnalyzer: analyze: bitmap converted, size=1080x1440, scanRoi=Rect(151, 331 - 928, 1108)
09-02 11:20:35.802 26625 26625 D DpmAnalyzer: analyze: frame=1080x1440, roi=Rect(151, 331 - 928, 1108), focus=FOCUSED, mode=SCAN
09-02 11:20:35.802 26625 26625 D DpmAnalyzer: analyze: THROTTLED (already running)
09-02 11:20:35.802 26625 26625 D DpmFrameAnalyzer: analyze: result status=THROTTLED, code=null, source=null
09-02 11:20:35.802 26625 26923 D DpmFrameAnalyzer: analyze: frame received, format=35, size=1440x1080, rotation=90
09-02 11:20:35.838 26625 26625 D DpmAnalyzer: Stage1: MISS
09-02 11:20:35.838 26625 26625 D DpmAnalyzer: scanRoi present, skipping full-image stages
09-02 11:20:35.838 26625 26625 D DpmAnalyzer: analyze: decodedCode=null
09-02 11:20:35.838 26625 26625 D DpmFrameAnalyzer: analyze: result status=NO_CODE, code=null, source=null
09-02 11:20:35.894 26625 26923 D DpmFrameAnalyzer: analyze: bitmap converted, size=1080x1440, scanRoi=Rect(151, 331 - 928, 1108)
09-02 11:20:35.896 26625 26625 D DpmAnalyzer: analyze: frame=1080x1440, roi=Rect(151, 331 - 928, 1108), focus=FOCUSED, mode=SCAN
09-02 11:20:35.896 26625 26625 D DpmAnalyzer: analyze: THROTTLED by timing gate
09-02 11:20:35.896 26625 26923 D DpmFrameAnalyzer: analyze: frame received, format=35, size=1440x1080, rotation=90
09-02 11:20:35.896 26625 26625 D DpmFrameAnalyzer: analyze: result status=THROTTLED, code=null, source=null
09-02 11:20:35.991 26625 26923 D DpmFrameAnalyzer: analyze: bitmap converted, size=1080x1440, scanRoi=Rect(151, 331 - 928, 1108)
09-02 11:20:35.992 26625 26923 D DpmFrameAnalyzer: analyze: frame received, format=35, size=1440x1080, rotation=90
09-02 11:20:35.993 26625 26625 D DpmAnalyzer: analyze: frame=1080x1440, roi=Rect(151, 331 - 928, 1108), focus=FOCUSED, mode=SCAN
09-02 11:20:35.993 26625 26625 D DpmAnalyzer: analyze: starting performMultiStrategyDecode
09-02 11:20:35.993 26625 26625 D DpmAnalyzer: performMultiStrategyDecode: frame=1080x1440, roi=Rect(151, 331 - 928, 1108), strategies=1
09-02 11:20:36.004 26625 26625 D DpmAnalyzer: Stage1: ROI 777x777 → scaled 400x399
09-02 11:20:36.070 26625 26923 D DpmFrameAnalyzer: analyze: bitmap converted, size=1080x1440, scanRoi=Rect(151, 331 - 928, 1108)
09-02 11:20:36.071 26625 26625 D DpmAnalyzer: analyze: frame=1080x1440, roi=Rect(151, 331 - 928, 1108), focus=FOCUSED, mode=SCAN
09-02 11:20:36.071 26625 26625 D DpmAnalyzer: analyze: THROTTLED (already running)
09-02 11:20:36.071 26625 26625 D DpmFrameAnalyzer: analyze: result status=THROTTLED, code=null, source=null
09-02 11:20:36.074 26625 26923 D DpmFrameAnalyzer: analyze: frame received, format=35, size=1440x1080, rotation=90
09-02 11:20:36.076 26625 26625 D DpmAnalyzer: Stage1: MISS
09-02 11:20:36.076 26625 26625 D DpmAnalyzer: scanRoi present, skipping full-image stages
09-02 11:20:36.076 26625 26625 D DpmAnalyzer: analyze: decodedCode=null
09-02 11:20:36.076 26625 26625 D DpmFrameAnalyzer: analyze: result status=NO_CODE, code=null, source=null
09-02 11:20:36.161 26625 26923 D DpmFrameAnalyzer: analyze: bitmap converted, size=1080x1440, scanRoi=Rect(151, 331 - 928, 1108)
09-02 11:20:36.162 26625 26923 D DpmFrameAnalyzer: analyze: frame received, format=35, size=1440x1080, rotation=90
09-02 11:20:36.162 26625 26625 D DpmAnalyzer: analyze: frame=1080x1440, roi=Rect(151, 331 - 928, 1108), focus=FOCUSED, mode=SCAN
09-02 11:20:36.162 26625 26625 D DpmAnalyzer: analyze: THROTTLED by timing gate
09-02 11:20:36.162 26625 26625 D DpmFrameAnalyzer: analyze: result status=THROTTLED, code=null, source=null
09-02 11:20:36.237 26625 26923 D DpmFrameAnalyzer: analyze: bitmap converted, size=1080x1440, scanRoi=Rect(151, 331 - 928, 1108)
09-02 11:20:36.238 26625 26625 D DpmAnalyzer: analyze: frame=1080x1440, roi=Rect(151, 331 - 928, 1108), focus=FOCUSED, mode=SCAN
09-02 11:20:36.238 26625 26625 D DpmAnalyzer: analyze: starting performMultiStrategyDecode
09-02 11:20:36.238 26625 26625 D DpmAnalyzer: performMultiStrategyDecode: frame=1080x1440, roi=Rect(151, 331 - 928, 1108), strategies=1
09-02 11:20:36.238 26625 26923 D DpmFrameAnalyzer: analyze: frame received, format=35, size=1440x1080, rotation=90
09-02 11:20:36.260 26625 26625 D DpmAnalyzer: Stage1: ROI 777x777 → scaled 400x399
09-02 11:20:36.313 26625 26625 D DpmAnalyzer: Stage1: MISS
09-02 11:20:36.313 26625 26625 D DpmAnalyzer: scanRoi present, skipping full-image stages
09-02 11:20:36.314 26625 26625 D DpmAnalyzer: analyze: decodedCode=null
09-02 11:20:36.314 26625 26625 D DpmFrameAnalyzer: analyze: result status=NO_CODE, code=null, source=null
09-02 11:20:36.315 26625 26923 D DpmFrameAnalyzer: analyze: bitmap converted, size=1080x1440, scanRoi=Rect(151, 331 - 928, 1108)
09-02 11:20:36.315 26625 26625 D DpmAnalyzer: analyze: frame=1080x1440, roi=Rect(151, 331 - 928, 1108), focus=FOCUSED, mode=SCAN
09-02 11:20:36.315 26625 26625 D DpmAnalyzer: analyze: THROTTLED by timing gate
09-02 11:20:36.315 26625 26625 D DpmFrameAnalyzer: analyze: result status=THROTTLED, code=null, source=null
09-02 11:20:36.316 26625 26923 D DpmFrameAnalyzer: analyze: frame received, format=35, size=1440x1080, rotation=90
09-02 11:20:36.404 26625 26923 D DpmFrameAnalyzer: analyze: bitmap converted, size=1080x1440, scanRoi=Rect(151, 331 - 928, 1108)
09-02 11:20:36.405 26625 26625 D DpmAnalyzer: analyze: frame=1080x1440, roi=Rect(151, 331 - 928, 1108), focus=FOCUSED, mode=SCAN
09-02 11:20:36.405 26625 26625 D DpmAnalyzer: analyze: THROTTLED by timing gate
09-02 11:20:36.405 26625 26625 D DpmFrameAnalyzer: analyze: result status=THROTTLED, code=null, source=null
09-02 11:20:36.405 26625 26923 D DpmFrameAnalyzer: analyze: frame received, format=35, size=1440x1080, rotation=90
09-02 11:20:36.477 26625 26923 D DpmFrameAnalyzer: analyze: bitmap converted, size=1080x1440, scanRoi=Rect(151, 331 - 928, 1108)
09-02 11:20:36.478 26625 26625 D DpmAnalyzer: analyze: frame=1080x1440, roi=Rect(151, 331 - 928, 1108), focus=FOCUSED, mode=SCAN
09-02 11:20:36.478 26625 26625 D DpmAnalyzer: analyze: starting performMultiStrategyDecode
09-02 11:20:36.478 26625 26625 D DpmAnalyzer: performMultiStrategyDecode: frame=1080x1440, roi=Rect(151, 331 - 928, 1108), strategies=1
09-02 11:20:36.478 26625 26923 D DpmFrameAnalyzer: analyze: frame received, format=35, size=1440x1080, rotation=90
09-02 11:20:36.496 26625 26625 D DpmAnalyzer: Stage1: ROI 777x777 → scaled 400x399
09-02 11:20:36.546 26625 26923 D DpmFrameAnalyzer: analyze: bitmap converted, size=1080x1440, scanRoi=Rect(151, 331 - 928, 1108)
09-02 11:20:36.546 26625 26625 D DpmAnalyzer: analyze: frame=1080x1440, roi=Rect(151, 331 - 928, 1108), focus=FOCUSED, mode=SCAN
09-02 11:20:36.546 26625 26625 D DpmAnalyzer: analyze: THROTTLED (already running)
09-02 11:20:36.546 26625 26625 D DpmFrameAnalyzer: analyze: result status=THROTTLED, code=null, source=null
09-02 11:20:36.547 26625 26923 D DpmFrameAnalyzer: analyze: frame received, format=35, size=1440x1080, rotation=90
09-02 11:20:36.551 26625 26625 D DpmAnalyzer: Stage1: MISS
09-02 11:20:36.551 26625 26625 D DpmAnalyzer: scanRoi present, skipping full-image stages
09-02 11:20:36.551 26625 26625 D DpmAnalyzer: analyze: decodedCode=null
09-02 11:20:36.551 26625 26625 D DpmFrameAnalyzer: analyze: result status=NO_CODE, code=null, source=null
09-02 11:20:36.631 26625 26923 D DpmFrameAnalyzer: analyze: bitmap converted, size=1080x1440, scanRoi=Rect(151, 331 - 928, 1108)
09-02 11:20:36.631 26625 26625 D DpmAnalyzer: analyze: frame=1080x1440, roi=Rect(151, 331 - 928, 1108), focus=FOCUSED, mode=SCAN
09-02 11:20:36.631 26625 26625 D DpmAnalyzer: analyze: THROTTLED by timing gate
09-02 11:20:36.631 26625 26625 D DpmFrameAnalyzer: analyze: result status=THROTTLED, code=null, source=null
09-02 11:20:36.632 26625 26923 D DpmFrameAnalyzer: analyze: frame received, format=35, size=1440x1080, rotation=90
09-02 11:20:36.704 26625 26923 D DpmFrameAnalyzer: analyze: bitmap converted, size=1080x1440, scanRoi=Rect(151, 331 - 928, 1108)
09-02 11:20:36.705 26625 26625 D DpmAnalyzer: analyze: frame=1080x1440, roi=Rect(151, 331 - 928, 1108), focus=FOCUSED, mode=SCAN
09-02 11:20:36.705 26625 26625 D DpmAnalyzer: analyze: starting performMultiStrategyDecode
09-02 11:20:36.705 26625 26625 D DpmAnalyzer: performMultiStrategyDecode: frame=1080x1440, roi=Rect(151, 331 - 928, 1108), strategies=1
09-02 11:20:36.705 26625 26923 D DpmFrameAnalyzer: analyze: frame received, format=35, size=1440x1080, rotation=90
09-02 11:20:36.719 26625 26625 D DpmAnalyzer: Stage1: ROI 777x777 → scaled 400x399
09-02 11:20:36.793 26625 26923 D DpmFrameAnalyzer: analyze: bitmap converted, size=1080x1440, scanRoi=Rect(151, 331 - 928, 1108)
09-02 11:20:36.794 26625 26625 D DpmAnalyzer: analyze: frame=1080x1440, roi=Rect(151, 331 - 928, 1108), focus=FOCUSED, mode=SCAN
09-02 11:20:36.794 26625 26625 D DpmAnalyzer: analyze: THROTTLED (already running)
09-02 11:20:36.794 26625 26625 D DpmFrameAnalyzer: analyze: result status=THROTTLED, code=null, source=null
09-02 11:20:36.794 26625 26923 D DpmFrameAnalyzer: analyze: frame received, format=35, size=1440x1080, rotation=90
09-02 11:20:36.798 26625 26625 D DpmAnalyzer: Stage1: MISS
09-02 11:20:36.798 26625 26625 D DpmAnalyzer: scanRoi present, skipping full-image stages
09-02 11:20:36.798 26625 26625 D DpmAnalyzer: analyze: decodedCode=null
09-02 11:20:36.798 26625 26625 D DpmFrameAnalyzer: analyze: result status=NO_CODE, code=null, source=null
09-02 11:20:36.931 26625 26923 D DpmFrameAnalyzer: analyze: bitmap converted, size=1080x1440, scanRoi=Rect(151, 331 - 928, 1108)
09-02 11:20:36.933 26625 26625 D DpmAnalyzer: analyze: frame=1080x1440, roi=Rect(151, 331 - 928, 1108), focus=FOCUSED, mode=SCAN
09-02 11:20:36.933 26625 26625 D DpmAnalyzer: analyze: starting performMultiStrategyDecode
09-02 11:20:36.933 26625 26625 D DpmAnalyzer: performMultiStrategyDecode: frame=1080x1440, roi=Rect(151, 331 - 928, 1108), strategies=1
09-02 11:20:36.933 26625 26923 D DpmFrameAnalyzer: analyze: frame received, format=35, size=1440x1080, rotation=90
09-02 11:20:36.968 26625 26625 D DpmAnalyzer: Stage1: ROI 777x777 → scaled 400x399
09-02 11:20:37.061 26625 26625 D DpmAnalyzer: Stage1: MISS
09-02 11:20:37.061 26625 26625 D DpmAnalyzer: scanRoi present, skipping full-image stages
09-02 11:20:37.061 26625 26625 D DpmAnalyzer: analyze: decodedCode=null
09-02 11:20:37.061 26625 26625 D DpmFrameAnalyzer: analyze: result status=NO_CODE, code=null, source=null
09-02 11:20:37.066 26625 26923 D DpmFrameAnalyzer: analyze: bitmap converted, size=1080x1440, scanRoi=Rect(151, 331 - 928, 1108)
09-02 11:20:37.066 26625 26625 D DpmAnalyzer: analyze: frame=1080x1440, roi=Rect(151, 331 - 928, 1108), focus=FOCUSED, mode=SCAN
09-02 11:20:37.066 26625 26625 D DpmAnalyzer: analyze: THROTTLED by timing gate
09-02 11:20:37.066 26625 26625 D DpmFrameAnalyzer: analyze: result status=THROTTLED, code=null, source=null
09-02 11:20:37.067 26625 26923 D DpmFrameAnalyzer: analyze: frame received, format=35, size=1440x1080, rotation=90
09-02 11:20:37.155 26625 26923 D DpmFrameAnalyzer: analyze: bitmap converted, size=1080x1440, scanRoi=Rect(151, 331 - 928, 1108)
09-02 11:20:37.155 26625 26625 D DpmAnalyzer: analyze: frame=1080x1440, roi=Rect(151, 331 - 928, 1108), focus=FOCUSED, mode=SCAN
09-02 11:20:37.155 26625 26625 D DpmAnalyzer: analyze: THROTTLED by timing gate
09-02 11:20:37.155 26625 26625 D DpmFrameAnalyzer: analyze: result status=THROTTLED, code=null, source=null
09-02 11:20:37.157 26625 26923 D DpmFrameAnalyzer: analyze: frame received, format=35, size=1440x1080, rotation=90
09-02 11:20:37.220 26625 26923 D DpmFrameAnalyzer: analyze: bitmap converted, size=1080x1440, scanRoi=Rect(151, 331 - 928, 1108)
09-02 11:20:37.221 26625 26625 D DpmAnalyzer: analyze: frame=1080x1440, roi=Rect(151, 331 - 928, 1108), focus=FOCUSED, mode=SCAN
09-02 11:20:37.221 26625 26625 D DpmAnalyzer: analyze: starting performMultiStrategyDecode
09-02 11:20:37.221 26625 26625 D DpmAnalyzer: performMultiStrategyDecode: frame=1080x1440, roi=Rect(151, 331 - 928, 1108), strategies=1
09-02 11:20:37.221 26625 26923 D DpmFrameAnalyzer: analyze: frame received, format=35, size=1440x1080, rotation=90
09-02 11:20:37.226 26625 26625 D DpmAnalyzer: Stage1: ROI 777x777 → scaled 400x399
09-02 11:20:37.278 26625 26625 D DpmAnalyzer: Stage1: MISS
09-02 11:20:37.278 26625 26625 D DpmAnalyzer: scanRoi present, skipping full-image stages
09-02 11:20:37.278 26625 26625 D DpmAnalyzer: analyze: decodedCode=null
09-02 11:20:37.278 26625 26625 D DpmFrameAnalyzer: analyze: result status=NO_CODE, code=null, source=null
09-02 11:20:37.289 26625 26923 D DpmFrameAnalyzer: analyze: bitmap converted, size=1080x1440, scanRoi=Rect(151, 331 - 928, 1108)
09-02 11:20:37.289 26625 26923 D DpmFrameAnalyzer: analyze: frame received, format=35, size=1440x1080, rotation=90
09-02 11:20:37.290 26625 26625 D DpmAnalyzer: analyze: frame=1080x1440, roi=Rect(151, 331 - 928, 1108), focus=FOCUSED, mode=SCAN
09-02 11:20:37.290 26625 26625 D DpmAnalyzer: analyze: THROTTLED by timing gate
09-02 11:20:37.290 26625 26625 D DpmFrameAnalyzer: analyze: result status=THROTTLED, code=null, source=null
09-02 11:20:37.360 26625 26923 D DpmFrameAnalyzer: analyze: bitmap converted, size=1080x1440, scanRoi=Rect(151, 331 - 928, 1108)
09-02 11:20:37.360 26625 26923 D DpmFrameAnalyzer: analyze: frame received, format=35, size=1440x1080, rotation=90
09-02 11:20:37.361 26625 26625 D DpmAnalyzer: analyze: frame=1080x1440, roi=Rect(151, 331 - 928, 1108), focus=FOCUSED, mode=SCAN
09-02 11:20:37.361 26625 26625 D DpmAnalyzer: analyze: THROTTLED by timing gate
09-02 11:20:37.361 26625 26625 D DpmFrameAnalyzer: analyze: result status=THROTTLED, code=null, source=null
09-02 11:20:37.430 26625 26923 D DpmFrameAnalyzer: analyze: bitmap converted, size=1080x1440, scanRoi=Rect(151, 331 - 928, 1108)
09-02 11:20:37.431 26625 26625 D DpmAnalyzer: analyze: frame=1080x1440, roi=Rect(151, 331 - 928, 1108), focus=FOCUSED, mode=SCAN
09-02 11:20:37.431 26625 26625 D DpmAnalyzer: analyze: starting performMultiStrategyDecode
09-02 11:20:37.431 26625 26625 D DpmAnalyzer: performMultiStrategyDecode: frame=1080x1440, roi=Rect(151, 331 - 928, 1108), strategies=1
09-02 11:20:37.431 26625 26923 D DpmFrameAnalyzer: analyze: frame received, format=35, size=1440x1080, rotation=90
09-02 11:20:37.436 26625 26625 D DpmAnalyzer: Stage1: ROI 777x777 → scaled 400x399
09-02 11:20:37.477 26625 26625 D DpmAnalyzer: Stage1: MISS
09-02 11:20:37.477 26625 26625 D DpmAnalyzer: scanRoi present, skipping full-image stages
09-02 11:20:37.477 26625 26625 D DpmAnalyzer: analyze: decodedCode=null
09-02 11:20:37.477 26625 26625 D DpmFrameAnalyzer: analyze: result status=NO_CODE, code=null, source=null
09-02 11:20:37.501 26625 26923 D DpmFrameAnalyzer: analyze: bitmap converted, size=1080x1440, scanRoi=Rect(151, 331 - 928, 1108)
09-02 11:20:37.502 26625 26625 D DpmAnalyzer: analyze: frame=1080x1440, roi=Rect(151, 331 - 928, 1108), focus=FOCUSED, mode=SCAN
09-02 11:20:37.502 26625 26625 D DpmAnalyzer: analyze: THROTTLED by timing gate
09-02 11:20:37.502 26625 26625 D DpmFrameAnalyzer: analyze: result status=THROTTLED, code=null, source=null
09-02 11:20:37.502 26625 26923 D DpmFrameAnalyzer: analyze: frame received, format=35, size=1440x1080, rotation=90
09-02 11:20:37.562 26625 26923 D DpmFrameAnalyzer: analyze: bitmap converted, size=1080x1440, scanRoi=Rect(151, 331 - 928, 1108)
09-02 11:20:37.562 26625 26625 D DpmAnalyzer: analyze: frame=1080x1440, roi=Rect(151, 331 - 928, 1108), focus=FOCUSED, mode=SCAN
09-02 11:20:37.562 26625 26625 D DpmAnalyzer: analyze: THROTTLED by timing gate
09-02 11:20:37.562 26625 26625 D DpmFrameAnalyzer: analyze: result status=THROTTLED, code=null, source=null
09-02 11:20:37.563 26625 26923 D DpmFrameAnalyzer: analyze: frame received, format=35, size=1440x1080, rotation=90
09-02 11:20:37.617 26625 26923 D DpmFrameAnalyzer: analyze: bitmap converted, size=1080x1440, scanRoi=Rect(151, 331 - 928, 1108)
09-02 11:20:37.617 26625 26625 D DpmAnalyzer: analyze: frame=1080x1440, roi=Rect(151, 331 - 928, 1108), focus=FOCUSED, mode=SCAN
09-02 11:20:37.617 26625 26625 D DpmAnalyzer: analyze: starting performMultiStrategyDecode
09-02 11:20:37.617 26625 26625 D DpmAnalyzer: performMultiStrategyDecode: frame=1080x1440, roi=Rect(151, 331 - 928, 1108), strategies=1
09-02 11:20:37.617 26625 26923 D DpmFrameAnalyzer: analyze: frame received, format=35, size=1440x1080, rotation=90
09-02 11:20:37.623 26625 26625 D DpmAnalyzer: Stage1: ROI 777x777 → scaled 400x399
09-02 11:20:37.671 26625 26923 D DpmFrameAnalyzer: analyze: bitmap converted, size=1080x1440, scanRoi=Rect(151, 331 - 928, 1108)
09-02 11:20:37.672 26625 26625 D DpmAnalyzer: Stage1: MISS
09-02 11:20:37.672 26625 26625 D DpmAnalyzer: scanRoi present, skipping full-image stages
09-02 11:20:37.672 26625 26625 D DpmAnalyzer: analyze: decodedCode=null
09-02 11:20:37.672 26625 26625 D DpmFrameAnalyzer: analyze: result status=NO_CODE, code=null, source=null
09-02 11:20:37.672 26625 26923 D DpmFrameAnalyzer: analyze: frame received, format=35, size=1440x1080, rotation=90
09-02 11:20:37.672 26625 26625 D DpmAnalyzer: analyze: frame=1080x1440, roi=Rect(151, 331 - 928, 1108), focus=FOCUSED, mode=SCAN
09-02 11:20:37.672 26625 26625 D DpmAnalyzer: analyze: THROTTLED by timing gate
09-02 11:20:37.672 26625 26625 D DpmFrameAnalyzer: analyze: result status=THROTTLED, code=null, source=null
09-02 11:20:37.725 26625 26923 D DpmFrameAnalyzer: analyze: bitmap converted, size=1080x1440, scanRoi=Rect(151, 331 - 928, 1108)
09-02 11:20:37.725 26625 26625 D DpmAnalyzer: analyze: frame=1080x1440, roi=Rect(151, 331 - 928, 1108), focus=FOCUSED, mode=SCAN
09-02 11:20:37.725 26625 26625 D DpmAnalyzer: analyze: THROTTLED by timing gate
09-02 11:20:37.725 26625 26625 D DpmFrameAnalyzer: analyze: result status=THROTTLED, code=null, source=null
09-02 11:20:37.726 26625 26923 D DpmFrameAnalyzer: analyze: frame received, format=35, size=1440x1080, rotation=90
09-02 11:20:37.778 26625 26923 D DpmFrameAnalyzer: analyze: bitmap converted, size=1080x1440, scanRoi=Rect(151, 331 - 928, 1108)
09-02 11:20:37.778 26625 26625 D DpmAnalyzer: analyze: frame=1080x1440, roi=Rect(151, 331 - 928, 1108), focus=FOCUSED, mode=SCAN
09-02 11:20:37.778 26625 26923 D DpmFrameAnalyzer: analyze: frame received, format=35, size=1440x1080, rotation=90
09-02 11:20:37.778 26625 26625 D DpmAnalyzer: analyze: starting performMultiStrategyDecode
09-02 11:20:37.778 26625 26625 D DpmAnalyzer: performMultiStrategyDecode: frame=1080x1440, roi=Rect(151, 331 - 928, 1108), strategies=1
09-02 11:20:37.784 26625 26625 D DpmAnalyzer: Stage1: ROI 777x777 → scaled 400x399
09-02 11:20:37.830 26625 26923 D DpmFrameAnalyzer: analyze: bitmap converted, size=1080x1440, scanRoi=Rect(151, 331 - 928, 1108)
09-02 11:20:37.831 26625 26923 D DpmFrameAnalyzer: analyze: frame received, format=35, size=1440x1080, rotation=90
09-02 11:20:37.832 26625 26625 D DpmAnalyzer: analyze: frame=1080x1440, roi=Rect(151, 331 - 928, 1108), focus=FOCUSED, mode=SCAN
09-02 11:20:37.832 26625 26625 D DpmAnalyzer: analyze: THROTTLED (already running)
09-02 11:20:37.832 26625 26625 D DpmFrameAnalyzer: analyze: result status=THROTTLED, code=null, source=null
09-02 11:20:37.838 26625 26625 D DpmAnalyzer: Stage1: MISS
09-02 11:20:37.838 26625 26625 D DpmAnalyzer: scanRoi present, skipping full-image stages
09-02 11:20:37.838 26625 26625 D DpmAnalyzer: analyze: decodedCode=null
09-02 11:20:37.838 26625 26625 D DpmFrameAnalyzer: analyze: result status=NO_CODE, code=null, source=null
09-02 11:20:37.884 26625 26923 D DpmFrameAnalyzer: analyze: bitmap converted, size=1080x1440, scanRoi=Rect(151, 331 - 928, 1108)
09-02 11:20:37.884 26625 26625 D DpmAnalyzer: analyze: frame=1080x1440, roi=Rect(151, 331 - 928, 1108), focus=FOCUSED, mode=SCAN
09-02 11:20:37.884 26625 26625 D DpmAnalyzer: analyze: THROTTLED by timing gate
09-02 11:20:37.884 26625 26625 D DpmFrameAnalyzer: analyze: result status=THROTTLED, code=null, source=null
09-02 11:20:37.884 26625 26923 D DpmFrameAnalyzer: analyze: frame received, format=35, size=1440x1080, rotation=90
09-02 11:20:37.936 26625 26923 D DpmFrameAnalyzer: analyze: bitmap converted, size=1080x1440, scanRoi=Rect(151, 331 - 928, 1108)
09-02 11:20:37.936 26625 26625 D DpmAnalyzer: analyze: frame=1080x1440, roi=Rect(151, 331 - 928, 1108), focus=FOCUSED, mode=SCAN
09-02 11:20:37.936 26625 26625 D DpmAnalyzer: analyze: THROTTLED by timing gate
09-02 11:20:37.936 26625 26625 D DpmFrameAnalyzer: analyze: result status=THROTTLED, code=null, source=null
09-02 11:20:37.936 26625 26923 D DpmFrameAnalyzer: analyze: frame received, format=35, size=1440x1080, rotation=90
09-02 11:20:37.988 26625 26923 D DpmFrameAnalyzer: analyze: bitmap converted, size=1080x1440, scanRoi=Rect(151, 331 - 928, 1108)
09-02 11:20:37.989 26625 26625 D DpmAnalyzer: analyze: frame=1080x1440, roi=Rect(151, 331 - 928, 1108), focus=FOCUSED, mode=SCAN
09-02 11:20:37.989 26625 26625 D DpmAnalyzer: analyze: starting performMultiStrategyDecode
09-02 11:20:37.989 26625 26625 D DpmAnalyzer: performMultiStrategyDecode: frame=1080x1440, roi=Rect(151, 331 - 928, 1108), strategies=1
09-02 11:20:37.989 26625 26923 D DpmFrameAnalyzer: analyze: frame received, format=35, size=1440x1080, rotation=90
09-02 11:20:37.996 26625 26625 D DpmAnalyzer: Stage1: ROI 777x777 → scaled 400x399
09-02 11:20:38.038 26625 26625 D DpmAnalyzer: Stage1: MISS
09-02 11:20:38.038 26625 26625 D DpmAnalyzer: scanRoi present, skipping full-image stages
09-02 11:20:38.038 26625 26625 D DpmAnalyzer: analyze: decodedCode=null
09-02 11:20:38.038 26625 26625 D DpmFrameAnalyzer: analyze: result status=NO_CODE, code=null, source=null
09-02 11:20:38.041 26625 26923 D DpmFrameAnalyzer: analyze: bitmap converted, size=1080x1440, scanRoi=Rect(151, 331 - 928, 1108)
09-02 11:20:38.041 26625 26923 D DpmFrameAnalyzer: analyze: frame received, format=35, size=1440x1080, rotation=90
09-02 11:20:38.043 26625 26625 D DpmAnalyzer: analyze: frame=1080x1440, roi=Rect(151, 331 - 928, 1108), focus=FOCUSED, mode=SCAN
09-02 11:20:38.043 26625 26625 D DpmAnalyzer: analyze: THROTTLED by timing gate
09-02 11:20:38.043 26625 26625 D DpmFrameAnalyzer: analyze: result status=THROTTLED, code=null, source=null
09-02 11:20:38.094 26625 26923 D DpmFrameAnalyzer: analyze: bitmap converted, size=1080x1440, scanRoi=Rect(151, 331 - 928, 1108)
09-02 11:20:38.094 26625 26923 D DpmFrameAnalyzer: analyze: frame received, format=35, size=1440x1080, rotation=90
09-02 11:20:38.094 26625 26625 D DpmAnalyzer: analyze: frame=1080x1440, roi=Rect(151, 331 - 928, 1108), focus=FOCUSED, mode=SCAN
09-02 11:20:38.094 26625 26625 D DpmAnalyzer: analyze: THROTTLED by timing gate
09-02 11:20:38.094 26625 26625 D DpmFrameAnalyzer: analyze: result status=THROTTLED, code=null, source=null
09-02 11:20:38.149 26625 26923 D DpmFrameAnalyzer: analyze: bitmap converted, size=1080x1440, scanRoi=Rect(151, 331 - 928, 1108)
09-02 11:20:38.149 26625 26625 D DpmAnalyzer: analyze: frame=1080x1440, roi=Rect(151, 331 - 928, 1108), focus=FOCUSED, mode=SCAN
09-02 11:20:38.149 26625 26625 D DpmAnalyzer: analyze: starting performMultiStrategyDecode
09-02 11:20:38.150 26625 26625 D DpmAnalyzer: performMultiStrategyDecode: frame=1080x1440, roi=Rect(151, 331 - 928, 1108), strategies=1
09-02 11:20:38.150 26625 26923 D DpmFrameAnalyzer: analyze: frame received, format=35, size=1440x1080, rotation=90
09-02 11:20:38.160 26625 26625 D DpmAnalyzer: Stage1: ROI 777x777 → scaled 400x399
09-02 11:20:38.220 26625 26625 D DpmAnalyzer: Stage1: MISS
09-02 11:20:38.220 26625 26625 D DpmAnalyzer: scanRoi present, skipping full-image stages
09-02 11:20:38.220 26625 26625 D DpmAnalyzer: analyze: decodedCode=null
09-02 11:20:38.220 26625 26625 D DpmFrameAnalyzer: analyze: result status=NO_CODE, code=null, source=null
09-02 11:20:38.230 26625 26923 D DpmFrameAnalyzer: analyze: bitmap converted, size=1080x1440, scanRoi=Rect(151, 331 - 928, 1108)
09-02 11:20:38.230 26625 26625 D DpmAnalyzer: analyze: frame=1080x1440, roi=Rect(151, 331 - 928, 1108), focus=FOCUSED, mode=SCAN
09-02 11:20:38.230 26625 26625 D DpmAnalyzer: analyze: THROTTLED by timing gate
09-02 11:20:38.231 26625 26625 D DpmFrameAnalyzer: analyze: result status=THROTTLED, code=null, source=null
09-02 11:20:38.231 26625 26923 D DpmFrameAnalyzer: analyze: frame received, format=35, size=1440x1080, rotation=90
09-02 11:20:38.328 26625 26923 D DpmFrameAnalyzer: analyze: bitmap converted, size=1080x1440, scanRoi=Rect(151, 331 - 928, 1108)
09-02 11:20:38.329 26625 26923 D DpmFrameAnalyzer: analyze: frame received, format=35, size=1440x1080, rotation=90
09-02 11:20:38.329 26625 26625 D DpmAnalyzer: analyze: frame=1080x1440, roi=Rect(151, 331 - 928, 1108), focus=FOCUSED, mode=SCAN
09-02 11:20:38.329 26625 26625 D DpmAnalyzer: analyze: starting performMultiStrategyDecode
09-02 11:20:38.329 26625 26625 D DpmAnalyzer: performMultiStrategyDecode: frame=1080x1440, roi=Rect(151, 331 - 928, 1108), strategies=1
09-02 11:20:38.341 26625 26625 D DpmAnalyzer: Stage1: ROI 777x777 → scaled 400x399
09-02 11:20:38.413 26625 26923 D DpmFrameAnalyzer: analyze: bitmap converted, size=1080x1440, scanRoi=Rect(151, 331 - 928, 1108)
09-02 11:20:38.414 26625 26625 D DpmAnalyzer: analyze: frame=1080x1440, roi=Rect(151, 331 - 928, 1108), focus=FOCUSED, mode=SCAN
09-02 11:20:38.414 26625 26625 D DpmAnalyzer: analyze: THROTTLED (already running)
09-02 11:20:38.414 26625 26625 D DpmFrameAnalyzer: analyze: result status=THROTTLED, code=null, source=null
09-02 11:20:38.414 26625 26923 D DpmFrameAnalyzer: analyze: frame received, format=35, size=1440x1080, rotation=90
09-02 11:20:38.422 26625 26625 D DpmAnalyzer: Stage1: MISS
09-02 11:20:38.422 26625 26625 D DpmAnalyzer: scanRoi present, skipping full-image stages
09-02 11:20:38.422 26625 26625 D DpmAnalyzer: analyze: decodedCode=null
09-02 11:20:38.422 26625 26625 D DpmFrameAnalyzer: analyze: result status=NO_CODE, code=null, source=null
09-02 11:20:38.508 26625 26923 D DpmFrameAnalyzer: analyze: bitmap converted, size=1080x1440, scanRoi=Rect(151, 331 - 928, 1108)
09-02 11:20:38.509 26625 26625 D DpmAnalyzer: analyze: frame=1080x1440, roi=Rect(151, 331 - 928, 1108), focus=FOCUSED, mode=SCAN
09-02 11:20:38.509 26625 26625 D DpmAnalyzer: analyze: THROTTLED by timing gate
09-02 11:20:38.509 26625 26625 D DpmFrameAnalyzer: analyze: result status=THROTTLED, code=null, source=null
09-02 11:20:38.509 26625 26923 D DpmFrameAnalyzer: analyze: frame received, format=35, size=1440x1080, rotation=90
09-02 11:20:38.608 26625 26923 D DpmFrameAnalyzer: analyze: bitmap converted, size=1080x1440, scanRoi=Rect(151, 331 - 928, 1108)
09-02 11:20:38.608 26625 26625 D DpmAnalyzer: analyze: frame=1080x1440, roi=Rect(151, 331 - 928, 1108), focus=FOCUSED, mode=SCAN
09-02 11:20:38.608 26625 26625 D DpmAnalyzer: analyze: starting performMultiStrategyDecode
09-02 11:20:38.608 26625 26625 D DpmAnalyzer: performMultiStrategyDecode: frame=1080x1440, roi=Rect(151, 331 - 928, 1108), strategies=1
09-02 11:20:38.609 26625 26923 D DpmFrameAnalyzer: analyze: frame received, format=35, size=1440x1080, rotation=90
09-02 11:20:38.621 26625 26625 D DpmAnalyzer: Stage1: ROI 777x777 → scaled 400x399
09-02 11:20:38.697 26625 26625 D DpmAnalyzer: Stage1: MISS
09-02 11:20:38.697 26625 26625 D DpmAnalyzer: scanRoi present, skipping full-image stages
09-02 11:20:38.697 26625 26625 D DpmAnalyzer: analyze: decodedCode=null
09-02 11:20:38.697 26625 26625 D DpmFrameAnalyzer: analyze: result status=NO_CODE, code=null, source=null
09-02 11:20:38.701 26625 26923 D DpmFrameAnalyzer: analyze: bitmap converted, size=1080x1440, scanRoi=Rect(151, 331 - 928, 1108)
09-02 11:20:38.702 26625 26625 D DpmAnalyzer: analyze: frame=1080x1440, roi=Rect(151, 331 - 928, 1108), focus=FOCUSED, mode=SCAN
09-02 11:20:38.702 26625 26625 D DpmAnalyzer: analyze: THROTTLED by timing gate
09-02 11:20:38.702 26625 26625 D DpmFrameAnalyzer: analyze: result status=THROTTLED, code=null, source=null
09-02 11:20:38.704 26625 26923 D DpmFrameAnalyzer: analyze: frame received, format=35, size=1440x1080, rotation=90
09-02 11:20:38.797 26625 26923 D DpmFrameAnalyzer: analyze: bitmap converted, size=1080x1440, scanRoi=Rect(151, 331 - 928, 1108)
09-02 11:20:38.797 26625 26625 D DpmAnalyzer: analyze: frame=1080x1440, roi=Rect(151, 331 - 928, 1108), focus=FOCUSED, mode=SCAN
09-02 11:20:38.797 26625 26625 D DpmAnalyzer: analyze: THROTTLED by timing gate
09-02 11:20:38.797 26625 26625 D DpmFrameAnalyzer: analyze: result status=THROTTLED, code=null, source=null
09-02 11:20:38.797 26625 26923 D DpmFrameAnalyzer: analyze: frame received, format=35, size=1440x1080, rotation=90
09-02 11:20:38.881 26625 26923 D DpmFrameAnalyzer: analyze: bitmap converted, size=1080x1440, scanRoi=Rect(151, 331 - 928, 1108)
09-02 11:20:38.882 26625 26625 D DpmAnalyzer: analyze: frame=1080x1440, roi=Rect(151, 331 - 928, 1108), focus=FOCUSED, mode=SCAN
09-02 11:20:38.882 26625 26625 D DpmAnalyzer: analyze: THROTTLED by timing gate
09-02 11:20:38.882 26625 26625 D DpmFrameAnalyzer: analyze: result status=THROTTLED, code=null, source=null
09-02 11:20:38.882 26625 26923 D DpmFrameAnalyzer: analyze: frame received, format=35, size=1440x1080, rotation=90
09-02 11:20:38.958 26625 26923 D DpmFrameAnalyzer: analyze: bitmap converted, size=1080x1440, scanRoi=Rect(151, 331 - 928, 1108)
09-02 11:20:38.958 26625 26625 D DpmAnalyzer: analyze: frame=1080x1440, roi=Rect(151, 331 - 928, 1108), focus=FOCUSED, mode=SCAN
09-02 11:20:38.959 26625 26625 D DpmAnalyzer: analyze: starting performMultiStrategyDecode
09-02 11:20:38.959 26625 26625 D DpmAnalyzer: performMultiStrategyDecode: frame=1080x1440, roi=Rect(151, 331 - 928, 1108), strategies=1
09-02 11:20:38.959 26625 26923 D DpmFrameAnalyzer: analyze: frame received, format=35, size=1440x1080, rotation=90
09-02 11:20:38.970 26625 26625 D DpmAnalyzer: Stage1: ROI 777x777 → scaled 400x399
09-02 11:20:39.041 26625 26625 D DpmAnalyzer: Stage1: MISS
09-02 11:20:39.041 26625 26625 D DpmAnalyzer: scanRoi present, skipping full-image stages
09-02 11:20:39.041 26625 26625 D DpmAnalyzer: analyze: decodedCode=null
09-02 11:20:39.041 26625 26625 D DpmFrameAnalyzer: analyze: result status=NO_CODE, code=null, source=null
09-02 11:20:39.048 26625 26923 D DpmFrameAnalyzer: analyze: bitmap converted, size=1080x1440, scanRoi=Rect(151, 331 - 928, 1108)
09-02 11:20:39.048 26625 26625 D DpmAnalyzer: analyze: frame=1080x1440, roi=Rect(151, 331 - 928, 1108), focus=FOCUSED, mode=SCAN
09-02 11:20:39.048 26625 26625 D DpmAnalyzer: analyze: THROTTLED by timing gate
09-02 11:20:39.048 26625 26625 D DpmFrameAnalyzer: analyze: result status=THROTTLED, code=null, source=null
09-02 11:20:39.049 26625 26923 D DpmFrameAnalyzer: analyze: frame received, format=35, size=1440x1080, rotation=90
09-02 11:20:39.144 26625 26923 D DpmFrameAnalyzer: analyze: bitmap converted, size=1080x1440, scanRoi=Rect(151, 331 - 928, 1108)
09-02 11:20:39.145 26625 26625 D DpmAnalyzer: analyze: frame=1080x1440, roi=Rect(151, 331 - 928, 1108), focus=FOCUSED, mode=SCAN
09-02 11:20:39.145 26625 26625 D DpmAnalyzer: analyze: THROTTLED by timing gate
09-02 11:20:39.145 26625 26625 D DpmFrameAnalyzer: analyze: result status=THROTTLED, code=null, source=null
09-02 11:20:39.145 26625 26923 D DpmFrameAnalyzer: analyze: frame received, format=35, size=1440x1080, rotation=90
09-02 11:20:39.241 26625 26923 D DpmFrameAnalyzer: analyze: bitmap converted, size=1080x1440, scanRoi=Rect(151, 331 - 928, 1108)
09-02 11:20:39.242 26625 26625 D DpmAnalyzer: analyze: frame=1080x1440, roi=Rect(151, 331 - 928, 1108), focus=FOCUSED, mode=SCAN
09-02 11:20:39.242 26625 26625 D DpmAnalyzer: analyze: starting performMultiStrategyDecode
09-02 11:20:39.242 26625 26625 D DpmAnalyzer: performMultiStrategyDecode: frame=1080x1440, roi=Rect(151, 331 - 928, 1108), strategies=1
09-02 11:20:39.243 26625 26923 D DpmFrameAnalyzer: analyze: frame received, format=35, size=1440x1080, rotation=90
09-02 11:20:39.250 26625 26625 D DpmAnalyzer: Stage1: ROI 777x777 → scaled 400x399
09-02 11:20:39.313 26625 26625 D DpmAnalyzer: Stage1: MISS
09-02 11:20:39.313 26625 26625 D DpmAnalyzer: scanRoi present, skipping full-image stages
09-02 11:20:39.314 26625 26625 D DpmAnalyzer: analyze: decodedCode=null
09-02 11:20:39.314 26625 26625 D DpmFrameAnalyzer: analyze: result status=NO_CODE, code=null, source=null
09-02 11:20:39.336 26625 26923 D DpmFrameAnalyzer: analyze: bitmap converted, size=1080x1440, scanRoi=Rect(151, 331 - 928, 1108)
09-02 11:20:39.336 26625 26625 D DpmAnalyzer: analyze: frame=1080x1440, roi=Rect(151, 331 - 928, 1108), focus=FOCUSED, mode=SCAN
09-02 11:20:39.337 26625 26625 D DpmAnalyzer: analyze: THROTTLED by timing gate
09-02 11:20:39.337 26625 26625 D DpmFrameAnalyzer: analyze: result status=THROTTLED, code=null, source=null
09-02 11:20:39.337 26625 26923 D DpmFrameAnalyzer: analyze: frame received, format=35, size=1440x1080, rotation=90
09-02 11:20:39.432 26625 26923 D DpmFrameAnalyzer: analyze: bitmap converted, size=1080x1440, scanRoi=Rect(151, 331 - 928, 1108)
09-02 11:20:39.432 26625 26625 D DpmAnalyzer: analyze: frame=1080x1440, roi=Rect(151, 331 - 928, 1108), focus=FOCUSED, mode=SCAN
09-02 11:20:39.433 26625 26625 D DpmAnalyzer: analyze: THROTTLED by timing gate
09-02 11:20:39.433 26625 26625 D DpmFrameAnalyzer: analyze: result status=THROTTLED, code=null, source=null
09-02 11:20:39.434 26625 26923 D DpmFrameAnalyzer: analyze: frame received, format=35, size=1440x1080, rotation=90
09-02 11:20:39.521 26625 26923 D DpmFrameAnalyzer: analyze: bitmap converted, size=1080x1440, scanRoi=Rect(151, 331 - 928, 1108)
09-02 11:20:39.521 26625 26625 D DpmAnalyzer: analyze: frame=1080x1440, roi=Rect(151, 331 - 928, 1108), focus=FOCUSED, mode=SCAN
09-02 11:20:39.521 26625 26625 D DpmAnalyzer: analyze: starting performMultiStrategyDecode
09-02 11:20:39.521 26625 26625 D DpmAnalyzer: performMultiStrategyDecode: frame=1080x1440, roi=Rect(151, 331 - 928, 1108), strategies=1
09-02 11:20:39.521 26625 26923 D DpmFrameAnalyzer: analyze: frame received, format=35, size=1440x1080, rotation=90
09-02 11:20:39.532 26625 26625 D DpmAnalyzer: Stage1: ROI 777x777 → scaled 400x399
09-02 11:20:39.604 26625 26625 D DpmAnalyzer: Stage1: MISS
09-02 11:20:39.604 26625 26625 D DpmAnalyzer: scanRoi present, skipping full-image stages
09-02 11:20:39.604 26625 26625 D DpmAnalyzer: analyze: decodedCode=null
09-02 11:20:39.604 26625 26625 D DpmFrameAnalyzer: analyze: result status=NO_CODE, code=null, source=null
09-02 11:20:39.608 26625 26923 D DpmFrameAnalyzer: analyze: bitmap converted, size=1080x1440, scanRoi=Rect(151, 331 - 928, 1108)
09-02 11:20:39.608 26625 26625 D DpmAnalyzer: analyze: frame=1080x1440, roi=Rect(151, 331 - 928, 1108), focus=FOCUSED, mode=SCAN
09-02 11:20:39.608 26625 26625 D DpmAnalyzer: analyze: THROTTLED by timing gate
09-02 11:20:39.608 26625 26625 D DpmFrameAnalyzer: analyze: result status=THROTTLED, code=null, source=null
09-02 11:20:39.609 26625 26923 D DpmFrameAnalyzer: analyze: frame received, format=35, size=1440x1080, rotation=90
09-02 11:20:39.702 26625 26923 D DpmFrameAnalyzer: analyze: bitmap converted, size=1080x1440, scanRoi=Rect(151, 331 - 928, 1108)
09-02 11:20:39.703 26625 26625 D DpmAnalyzer: analyze: frame=1080x1440, roi=Rect(151, 331 - 928, 1108), focus=FOCUSED, mode=SCAN
09-02 11:20:39.703 26625 26625 D DpmAnalyzer: analyze: THROTTLED by timing gate
09-02 11:20:39.703 26625 26923 D DpmFrameAnalyzer: analyze: frame received, format=35, size=1440x1080, rotation=90
09-02 11:20:39.703 26625 26625 D DpmFrameAnalyzer: analyze: result status=THROTTLED, code=null, source=null
09-02 11:20:39.780 26625 26923 D DpmFrameAnalyzer: analyze: bitmap converted, size=1080x1440, scanRoi=Rect(151, 331 - 928, 1108)
09-02 11:20:39.780 26625 26625 D DpmAnalyzer: analyze: frame=1080x1440, roi=Rect(151, 331 - 928, 1108), focus=FOCUSED, mode=SCAN
09-02 11:20:39.780 26625 26625 D DpmAnalyzer: analyze: THROTTLED by timing gate
09-02 11:20:39.780 26625 26625 D DpmFrameAnalyzer: analyze: result status=THROTTLED, code=null, source=null
09-02 11:20:39.780 26625 26923 D DpmFrameAnalyzer: analyze: frame received, format=35, size=1440x1080, rotation=90
09-02 11:20:39.865 26625 26923 D DpmFrameAnalyzer: analyze: bitmap converted, size=1080x1440, scanRoi=Rect(151, 331 - 928, 1108)
09-02 11:20:39.866 26625 26625 D DpmAnalyzer: analyze: frame=1080x1440, roi=Rect(151, 331 - 928, 1108), focus=FOCUSED, mode=SCAN
09-02 11:20:39.866 26625 26625 D DpmAnalyzer: analyze: starting performMultiStrategyDecode
09-02 11:20:39.866 26625 26625 D DpmAnalyzer: performMultiStrategyDecode: frame=1080x1440, roi=Rect(151, 331 - 928, 1108), strategies=1
09-02 11:20:39.866 26625 26923 D DpmFrameAnalyzer: analyze: frame received, format=35, size=1440x1080, rotation=90
09-02 11:20:39.873 26625 26625 D DpmAnalyzer: Stage1: ROI 777x777 → scaled 400x399
09-02 11:20:39.947 26625 26625 D DpmAnalyzer: Stage1: MISS
09-02 11:20:39.947 26625 26625 D DpmAnalyzer: scanRoi present, skipping full-image stages
09-02 11:20:39.947 26625 26625 D DpmAnalyzer: analyze: decodedCode=null
09-02 11:20:39.947 26625 26625 D DpmFrameAnalyzer: analyze: result status=NO_CODE, code=null, source=null
09-02 11:20:39.950 26625 26923 D DpmFrameAnalyzer: analyze: bitmap converted, size=1080x1440, scanRoi=Rect(151, 331 - 928, 1108)
09-02 11:20:39.951 26625 26625 D DpmAnalyzer: analyze: frame=1080x1440, roi=Rect(151, 331 - 928, 1108), focus=FOCUSED, mode=SCAN
09-02 11:20:39.951 26625 26625 D DpmAnalyzer: analyze: THROTTLED by timing gate
09-02 11:20:39.951 26625 26625 D DpmFrameAnalyzer: analyze: result status=THROTTLED, code=null, source=null
09-02 11:20:39.952 26625 26923 D DpmFrameAnalyzer: analyze: frame received, format=35, size=1440x1080, rotation=90
09-02 11:20:40.047 26625 26923 D DpmFrameAnalyzer: analyze: bitmap converted, size=1080x1440, scanRoi=Rect(151, 331 - 928, 1108)
09-02 11:20:40.048 26625 26625 D DpmAnalyzer: analyze: frame=1080x1440, roi=Rect(151, 331 - 928, 1108), focus=FOCUSED, mode=SCAN
09-02 11:20:40.048 26625 26625 D DpmAnalyzer: analyze: THROTTLED by timing gate
09-02 11:20:40.048 26625 26625 D DpmFrameAnalyzer: analyze: result status=THROTTLED, code=null, source=null
09-02 11:20:40.050 26625 26923 D DpmFrameAnalyzer: analyze: frame received, format=35, size=1440x1080, rotation=90
09-02 11:20:40.131 26625 26923 D DpmFrameAnalyzer: analyze: bitmap converted, size=1080x1440, scanRoi=Rect(151, 331 - 928, 1108)
09-02 11:20:40.132 26625 26625 D DpmAnalyzer: analyze: frame=1080x1440, roi=Rect(151, 331 - 928, 1108), focus=FOCUSED, mode=SCAN
09-02 11:20:40.132 26625 26625 D DpmAnalyzer: analyze: THROTTLED by timing gate
09-02 11:20:40.132 26625 26625 D DpmFrameAnalyzer: analyze: result status=THROTTLED, code=null, source=null
09-02 11:20:40.132 26625 26923 D DpmFrameAnalyzer: analyze: frame received, format=35, size=1440x1080, rotation=90
09-02 11:20:40.205 26625 26923 D DpmFrameAnalyzer: analyze: bitmap converted, size=1080x1440, scanRoi=Rect(151, 331 - 928, 1108)
09-02 11:20:40.206 26625 26923 D DpmFrameAnalyzer: analyze: frame received, format=35, size=1440x1080, rotation=90
09-02 11:20:40.207 26625 26625 D DpmAnalyzer: analyze: frame=1080x1440, roi=Rect(151, 331 - 928, 1108), focus=FOCUSED, mode=SCAN
09-02 11:20:40.207 26625 26625 D DpmAnalyzer: analyze: starting performMultiStrategyDecode
09-02 11:20:40.207 26625 26625 D DpmAnalyzer: performMultiStrategyDecode: frame=1080x1440, roi=Rect(151, 331 - 928, 1108), strategies=1
09-02 11:20:40.213 26625 26625 D DpmAnalyzer: Stage1: ROI 777x777 → scaled 400x399
09-02 11:20:40.270 26625 26625 D DpmAnalyzer: Stage1: MISS
09-02 11:20:40.270 26625 26625 D DpmAnalyzer: scanRoi present, skipping full-image stages
09-02 11:20:40.270 26625 26625 D DpmAnalyzer: analyze: decodedCode=null
09-02 11:20:40.270 26625 26625 D DpmFrameAnalyzer: analyze: result status=NO_CODE, code=null, source=null
09-02 11:20:40.294 26625 26923 D DpmFrameAnalyzer: analyze: bitmap converted, size=1080x1440, scanRoi=Rect(151, 331 - 928, 1108)
09-02 11:20:40.294 26625 26625 D DpmAnalyzer: analyze: frame=1080x1440, roi=Rect(151, 331 - 928, 1108), focus=FOCUSED, mode=SCAN
09-02 11:20:40.294 26625 26625 D DpmAnalyzer: analyze: THROTTLED by timing gate
09-02 11:20:40.294 26625 26625 D DpmFrameAnalyzer: analyze: result status=THROTTLED, code=null, source=null
09-02 11:20:40.294 26625 26923 D DpmFrameAnalyzer: analyze: frame received, format=35, size=1440x1080, rotation=90
09-02 11:20:40.389 26625 26923 D DpmFrameAnalyzer: analyze: bitmap converted, size=1080x1440, scanRoi=Rect(151, 331 - 928, 1108)
09-02 11:20:40.390 26625 26923 D DpmFrameAnalyzer: analyze: frame received, format=35, size=1440x1080, rotation=90
09-02 11:20:40.392 26625 26625 D DpmAnalyzer: analyze: frame=1080x1440, roi=Rect(151, 331 - 928, 1108), focus=FOCUSED, mode=SCAN
09-02 11:20:40.392 26625 26625 D DpmAnalyzer: analyze: THROTTLED by timing gate
09-02 11:20:40.392 26625 26625 D DpmFrameAnalyzer: analyze: result status=THROTTLED, code=null, source=null
09-02 11:20:40.473 26625 26923 D DpmFrameAnalyzer: analyze: bitmap converted, size=1080x1440, scanRoi=Rect(151, 331 - 928, 1108)
09-02 11:20:40.473 26625 26625 D DpmAnalyzer: analyze: frame=1080x1440, roi=Rect(151, 331 - 928, 1108), focus=FOCUSED, mode=SCAN
09-02 11:20:40.473 26625 26625 D DpmAnalyzer: analyze: starting performMultiStrategyDecode
09-02 11:20:40.473 26625 26625 D DpmAnalyzer: performMultiStrategyDecode: frame=1080x1440, roi=Rect(151, 331 - 928, 1108), strategies=1
09-02 11:20:40.473 26625 26923 D DpmFrameAnalyzer: analyze: frame received, format=35, size=1440x1080, rotation=90
09-02 11:20:40.485 26625 26625 D DpmAnalyzer: Stage1: ROI 777x777 → scaled 400x399
09-02 11:20:40.555 26625 26625 D DpmAnalyzer: Stage1: MISS
09-02 11:20:40.556 26625 26625 D DpmAnalyzer: scanRoi present, skipping full-image stages
09-02 11:20:40.556 26625 26625 D DpmAnalyzer: analyze: decodedCode=null
09-02 11:20:40.556 26625 26625 D DpmFrameAnalyzer: analyze: result status=NO_CODE, code=null, source=null
09-02 11:20:40.569 26625 26923 D DpmFrameAnalyzer: analyze: bitmap converted, size=1080x1440, scanRoi=Rect(151, 331 - 928, 1108)
09-02 11:20:40.569 26625 26625 D DpmAnalyzer: analyze: frame=1080x1440, roi=Rect(151, 331 - 928, 1108), focus=FOCUSED, mode=SCAN
09-02 11:20:40.569 26625 26625 D DpmAnalyzer: analyze: THROTTLED by timing gate
09-02 11:20:40.569 26625 26625 D DpmFrameAnalyzer: analyze: result status=THROTTLED, code=null, source=null
09-02 11:20:40.570 26625 26923 D DpmFrameAnalyzer: analyze: frame received, format=35, size=1440x1080, rotation=90
09-02 11:20:40.666 26625 26923 D DpmFrameAnalyzer: analyze: bitmap converted, size=1080x1440, scanRoi=Rect(151, 331 - 928, 1108)
09-02 11:20:40.667 26625 26625 D DpmAnalyzer: analyze: frame=1080x1440, roi=Rect(151, 331 - 928, 1108), focus=FOCUSED, mode=SCAN
09-02 11:20:40.667 26625 26625 D DpmAnalyzer: analyze: THROTTLED by timing gate
09-02 11:20:40.667 26625 26625 D DpmFrameAnalyzer: analyze: result status=THROTTLED, code=null, source=null
09-02 11:20:40.667 26625 26923 D DpmFrameAnalyzer: analyze: frame received, format=35, size=1440x1080, rotation=90
09-02 11:20:40.759 26625 26923 D DpmFrameAnalyzer: analyze: bitmap converted, size=1080x1440, scanRoi=Rect(151, 331 - 928, 1108)
09-02 11:20:40.760 26625 26923 D DpmFrameAnalyzer: analyze: frame received, format=35, size=1440x1080, rotation=90
09-02 11:20:40.760 26625 26625 D DpmAnalyzer: analyze: frame=1080x1440, roi=Rect(151, 331 - 928, 1108), focus=FOCUSED, mode=SCAN
09-02 11:20:40.760 26625 26625 D DpmAnalyzer: analyze: starting performMultiStrategyDecode
09-02 11:20:40.760 26625 26625 D DpmAnalyzer: performMultiStrategyDecode: frame=1080x1440, roi=Rect(151, 331 - 928, 1108), strategies=1
09-02 11:20:40.771 26625 26625 D DpmAnalyzer: Stage1: ROI 777x777 → scaled 400x399
09-02 11:20:40.844 26625 26923 D DpmFrameAnalyzer: analyze: bitmap converted, size=1080x1440, scanRoi=Rect(151, 331 - 928, 1108)
09-02 11:20:40.845 26625 26625 D DpmAnalyzer: analyze: frame=1080x1440, roi=Rect(151, 331 - 928, 1108), focus=FOCUSED, mode=SCAN
09-02 11:20:40.845 26625 26625 D DpmAnalyzer: analyze: THROTTLED (already running)
09-02 11:20:40.845 26625 26625 D DpmFrameAnalyzer: analyze: result status=THROTTLED, code=null, source=null
09-02 11:20:40.846 26625 26923 D DpmFrameAnalyzer: analyze: frame received, format=35, size=1440x1080, rotation=90
09-02 11:20:40.848 26625 26625 D DpmAnalyzer: Stage1: MISS
09-02 11:20:40.848 26625 26625 D DpmAnalyzer: scanRoi present, skipping full-image stages
09-02 11:20:40.848 26625 26625 D DpmAnalyzer: analyze: decodedCode=null
09-02 11:20:40.848 26625 26625 D DpmFrameAnalyzer: analyze: result status=NO_CODE, code=null, source=null
09-02 11:20:40.941 26625 26923 D DpmFrameAnalyzer: analyze: bitmap converted, size=1080x1440, scanRoi=Rect(151, 331 - 928, 1108)
09-02 11:20:40.942 26625 26625 D DpmAnalyzer: analyze: frame=1080x1440, roi=Rect(151, 331 - 928, 1108), focus=FOCUSED, mode=SCAN
09-02 11:20:40.942 26625 26625 D DpmAnalyzer: analyze: THROTTLED by timing gate
09-02 11:20:40.942 26625 26625 D DpmFrameAnalyzer: analyze: result status=THROTTLED, code=null, source=null
09-02 11:20:40.943 26625 26923 D DpmFrameAnalyzer: analyze: frame received, format=35, size=1440x1080, rotation=90
09-02 11:20:41.039 26625 26923 D DpmFrameAnalyzer: analyze: bitmap converted, size=1080x1440, scanRoi=Rect(151, 331 - 928, 1108)
09-02 11:20:41.040 26625 26625 D DpmAnalyzer: analyze: frame=1080x1440, roi=Rect(151, 331 - 928, 1108), focus=FOCUSED, mode=SCAN
09-02 11:20:41.040 26625 26923 D DpmFrameAnalyzer: analyze: frame received, format=35, size=1440x1080, rotation=90
09-02 11:20:41.040 26625 26625 D DpmAnalyzer: analyze: THROTTLED by timing gate
09-02 11:20:41.040 26625 26625 D DpmFrameAnalyzer: analyze: result status=THROTTLED, code=null, source=null
09-02 11:20:41.135 26625 26923 D DpmFrameAnalyzer: analyze: bitmap converted, size=1080x1440, scanRoi=Rect(151, 331 - 928, 1108)
09-02 11:20:41.136 26625 26625 D DpmAnalyzer: analyze: frame=1080x1440, roi=Rect(151, 331 - 928, 1108), focus=FOCUSED, mode=SCAN
09-02 11:20:41.136 26625 26923 D DpmFrameAnalyzer: analyze: frame received, format=35, size=1440x1080, rotation=90
09-02 11:20:41.136 26625 26625 D DpmAnalyzer: analyze: starting performMultiStrategyDecode
09-02 11:20:41.136 26625 26625 D DpmAnalyzer: performMultiStrategyDecode: frame=1080x1440, roi=Rect(151, 331 - 928, 1108), strategies=1
09-02 11:20:41.153 26625 26625 D DpmAnalyzer: Stage1: ROI 777x777 → scaled 400x399
09-02 11:20:41.231 26625 26923 D DpmFrameAnalyzer: analyze: bitmap converted, size=1080x1440, scanRoi=Rect(151, 331 - 928, 1108)
09-02 11:20:41.231 26625 26625 D DpmAnalyzer: analyze: frame=1080x1440, roi=Rect(151, 331 - 928, 1108), focus=FOCUSED, mode=SCAN
09-02 11:20:41.232 26625 26625 D DpmAnalyzer: analyze: THROTTLED (already running)
09-02 11:20:41.232 26625 26625 D DpmFrameAnalyzer: analyze: result status=THROTTLED, code=null, source=null
09-02 11:20:41.235 26625 26923 D DpmFrameAnalyzer: analyze: frame received, format=35, size=1440x1080, rotation=90
09-02 11:20:41.236 26625 26625 D DpmAnalyzer: Stage1: MISS
09-02 11:20:41.237 26625 26625 D DpmAnalyzer: scanRoi present, skipping full-image stages
09-02 11:20:41.237 26625 26625 D DpmAnalyzer: analyze: decodedCode=null
09-02 11:20:41.237 26625 26625 D DpmFrameAnalyzer: analyze: result status=NO_CODE, code=null, source=null
09-02 11:20:41.332 26625 26923 D DpmFrameAnalyzer: analyze: bitmap converted, size=1080x1440, scanRoi=Rect(151, 331 - 928, 1108)
09-02 11:20:41.332 26625 26625 D DpmAnalyzer: analyze: frame=1080x1440, roi=Rect(151, 331 - 928, 1108), focus=FOCUSED, mode=SCAN
09-02 11:20:41.332 26625 26625 D DpmAnalyzer: analyze: THROTTLED by timing gate
09-02 11:20:41.332 26625 26923 D DpmFrameAnalyzer: analyze: frame received, format=35, size=1440x1080, rotation=90
09-02 11:20:41.332 26625 26625 D DpmFrameAnalyzer: analyze: result status=THROTTLED, code=null, source=null
09-02 11:20:41.413 26625 26923 D DpmFrameAnalyzer: analyze: bitmap converted, size=1080x1440, scanRoi=Rect(151, 331 - 928, 1108)
09-02 11:20:41.413 26625 26625 D DpmAnalyzer: analyze: frame=1080x1440, roi=Rect(151, 331 - 928, 1108), focus=FOCUSED, mode=SCAN
09-02 11:20:41.413 26625 26625 D DpmAnalyzer: analyze: THROTTLED by timing gate
09-02 11:20:41.413 26625 26625 D DpmFrameAnalyzer: analyze: result status=THROTTLED, code=null, source=null
09-02 11:20:41.414 26625 26923 D DpmFrameAnalyzer: analyze: frame received, format=35, size=1440x1080, rotation=90
09-02 11:20:41.483 26625 26923 D DpmFrameAnalyzer: analyze: bitmap converted, size=1080x1440, scanRoi=Rect(151, 331 - 928, 1108)
09-02 11:20:41.483 26625 26625 D DpmAnalyzer: analyze: frame=1080x1440, roi=Rect(151, 331 - 928, 1108), focus=FOCUSED, mode=SCAN
09-02 11:20:41.483 26625 26625 D DpmAnalyzer: analyze: starting performMultiStrategyDecode
09-02 11:20:41.483 26625 26625 D DpmAnalyzer: performMultiStrategyDecode: frame=1080x1440, roi=Rect(151, 331 - 928, 1108), strategies=1
09-02 11:20:41.484 26625 26923 D DpmFrameAnalyzer: analyze: frame received, format=35, size=1440x1080, rotation=90
09-02 11:20:41.493 26625 26625 D DpmAnalyzer: Stage1: ROI 777x777 → scaled 400x399
09-02 11:20:41.550 26625 26625 D DpmAnalyzer: Stage1: MISS
09-02 11:20:41.550 26625 26625 D DpmAnalyzer: scanRoi present, skipping full-image stages
09-02 11:20:41.550 26625 26625 D DpmAnalyzer: analyze: decodedCode=null
09-02 11:20:41.550 26625 26625 D DpmFrameAnalyzer: analyze: result status=NO_CODE, code=null, source=null
09-02 11:20:41.556 26625 26923 D DpmFrameAnalyzer: analyze: bitmap converted, size=1080x1440, scanRoi=Rect(151, 331 - 928, 1108)
09-02 11:20:41.556 26625 26625 D DpmAnalyzer: analyze: frame=1080x1440, roi=Rect(151, 331 - 928, 1108), focus=FOCUSED, mode=SCAN
09-02 11:20:41.556 26625 26625 D DpmAnalyzer: analyze: THROTTLED by timing gate
09-02 11:20:41.556 26625 26625 D DpmFrameAnalyzer: analyze: result status=THROTTLED, code=null, source=null
09-02 11:20:41.557 26625 26923 D DpmFrameAnalyzer: analyze: frame received, format=35, size=1440x1080, rotation=90
09-02 11:20:41.652 26625 26923 D DpmFrameAnalyzer: analyze: bitmap converted, size=1080x1440, scanRoi=Rect(151, 331 - 928, 1108)
09-02 11:20:41.653 26625 26625 D DpmAnalyzer: analyze: frame=1080x1440, roi=Rect(151, 331 - 928, 1108), focus=FOCUSED, mode=SCAN
09-02 11:20:41.653 26625 26625 D DpmAnalyzer: analyze: THROTTLED by timing gate
09-02 11:20:41.653 26625 26625 D DpmFrameAnalyzer: analyze: result status=THROTTLED, code=null, source=null
09-02 11:20:41.653 26625 26923 D DpmFrameAnalyzer: analyze: frame received, format=35, size=1440x1080, rotation=90
09-02 11:20:41.739 26625 26923 D DpmFrameAnalyzer: analyze: bitmap converted, size=1080x1440, scanRoi=Rect(151, 331 - 928, 1108)
09-02 11:20:41.740 26625 26923 D DpmFrameAnalyzer: analyze: frame received, format=35, size=1440x1080, rotation=90
09-02 11:20:41.741 26625 26625 D DpmAnalyzer: analyze: frame=1080x1440, roi=Rect(151, 331 - 928, 1108), focus=FOCUSED, mode=SCAN
09-02 11:20:41.741 26625 26625 D DpmAnalyzer: analyze: THROTTLED by timing gate
09-02 11:20:41.741 26625 26625 D DpmFrameAnalyzer: analyze: result status=THROTTLED, code=null, source=null
09-02 11:20:41.815 26625 26923 D DpmFrameAnalyzer: analyze: bitmap converted, size=1080x1440, scanRoi=Rect(151, 331 - 928, 1108)
09-02 11:20:41.816 26625 26625 D DpmAnalyzer: analyze: frame=1080x1440, roi=Rect(151, 331 - 928, 1108), focus=FOCUSED, mode=SCAN
09-02 11:20:41.816 26625 26625 D DpmAnalyzer: analyze: starting performMultiStrategyDecode
09-02 11:20:41.816 26625 26923 D DpmFrameAnalyzer: analyze: frame received, format=35, size=1440x1080, rotation=90
09-02 11:20:41.816 26625 26625 D DpmAnalyzer: performMultiStrategyDecode: frame=1080x1440, roi=Rect(151, 331 - 928, 1108), strategies=1
09-02 11:20:41.839 26625 26625 D DpmAnalyzer: Stage1: ROI 777x777 → scaled 400x399
09-02 11:20:41.894 26625 26923 D DpmFrameAnalyzer: analyze: bitmap converted, size=1080x1440, scanRoi=Rect(151, 331 - 928, 1108)
09-02 11:20:41.895 26625 26625 D DpmAnalyzer: analyze: frame=1080x1440, roi=Rect(151, 331 - 928, 1108), focus=FOCUSED, mode=SCAN
09-02 11:20:41.895 26625 26625 D DpmAnalyzer: analyze: THROTTLED (already running)
09-02 11:20:41.895 26625 26625 D DpmFrameAnalyzer: analyze: result status=THROTTLED, code=null, source=null
09-02 11:20:41.896 26625 26923 D DpmFrameAnalyzer: analyze: frame received, format=35, size=1440x1080, rotation=90
09-02 11:20:41.897 26625 26625 D DpmAnalyzer: Stage1: MISS
09-02 11:20:41.897 26625 26625 D DpmAnalyzer: scanRoi present, skipping full-image stages
09-02 11:20:41.897 26625 26625 D DpmAnalyzer: analyze: decodedCode=null
09-02 11:20:41.897 26625 26625 D DpmFrameAnalyzer: analyze: result status=NO_CODE, code=null, source=null
09-02 11:20:41.990 26625 26923 D DpmFrameAnalyzer: analyze: bitmap converted, size=1080x1440, scanRoi=Rect(151, 331 - 928, 1108)
09-02 11:20:41.990 26625 26625 D DpmAnalyzer: analyze: frame=1080x1440, roi=Rect(151, 331 - 928, 1108), focus=FOCUSED, mode=SCAN
09-02 11:20:41.990 26625 26625 D DpmAnalyzer: analyze: THROTTLED by timing gate
09-02 11:20:41.990 26625 26625 D DpmFrameAnalyzer: analyze: result status=THROTTLED, code=null, source=null
09-02 11:20:41.990 26625 26923 D DpmFrameAnalyzer: analyze: frame received, format=35, size=1440x1080, rotation=90
09-02 11:20:42.066 26625 26923 D DpmFrameAnalyzer: analyze: bitmap converted, size=1080x1440, scanRoi=Rect(151, 331 - 928, 1108)
09-02 11:20:42.067 26625 26625 D DpmAnalyzer: analyze: frame=1080x1440, roi=Rect(151, 331 - 928, 1108), focus=FOCUSED, mode=SCAN
09-02 11:20:42.067 26625 26625 D DpmAnalyzer: analyze: THROTTLED by timing gate
09-02 11:20:42.067 26625 26625 D DpmFrameAnalyzer: analyze: result status=THROTTLED, code=null, source=null
09-02 11:20:42.067 26625 26923 D DpmFrameAnalyzer: analyze: frame received, format=35, size=1440x1080, rotation=90
09-02 11:20:42.136 26625 26923 D DpmFrameAnalyzer: analyze: bitmap converted, size=1080x1440, scanRoi=Rect(151, 331 - 928, 1108)
09-02 11:20:42.136 26625 26625 D DpmAnalyzer: analyze: frame=1080x1440, roi=Rect(151, 331 - 928, 1108), focus=FOCUSED, mode=SCAN
09-02 11:20:42.136 26625 26625 D DpmAnalyzer: analyze: starting performMultiStrategyDecode
09-02 11:20:42.136 26625 26923 D DpmFrameAnalyzer: analyze: frame received, format=35, size=1440x1080, rotation=90
09-02 11:20:42.136 26625 26625 D DpmAnalyzer: performMultiStrategyDecode: frame=1080x1440, roi=Rect(151, 331 - 928, 1108), strategies=1
09-02 11:20:42.161 26625 26625 D DpmAnalyzer: Stage1: ROI 777x777 → scaled 400x399
09-02 11:20:42.206 26625 26923 D DpmFrameAnalyzer: analyze: bitmap converted, size=1080x1440, scanRoi=Rect(151, 331 - 928, 1108)
09-02 11:20:42.207 26625 26625 D DpmAnalyzer: analyze: frame=1080x1440, roi=Rect(151, 331 - 928, 1108), focus=FOCUSED, mode=SCAN
09-02 11:20:42.207 26625 26625 D DpmAnalyzer: analyze: THROTTLED (already running)
09-02 11:20:42.207 26625 26625 D DpmFrameAnalyzer: analyze: result status=THROTTLED, code=null, source=null
09-02 11:20:42.207 26625 26923 D DpmFrameAnalyzer: analyze: frame received, format=35, size=1440x1080, rotation=90
09-02 11:20:42.229 26625 26625 D DpmAnalyzer: Stage1: MISS
09-02 11:20:42.229 26625 26625 D DpmAnalyzer: scanRoi present, skipping full-image stages
09-02 11:20:42.229 26625 26625 D DpmAnalyzer: analyze: decodedCode=null
09-02 11:20:42.229 26625 26625 D DpmFrameAnalyzer: analyze: result status=NO_CODE, code=null, source=null
09-02 11:20:42.295 26625 26923 D DpmFrameAnalyzer: analyze: bitmap converted, size=1080x1440, scanRoi=Rect(151, 331 - 928, 1108)
09-02 11:20:42.295 26625 26625 D DpmAnalyzer: analyze: frame=1080x1440, roi=Rect(151, 331 - 928, 1108), focus=FOCUSED, mode=SCAN
09-02 11:20:42.295 26625 26625 D DpmAnalyzer: analyze: THROTTLED by timing gate
09-02 11:20:42.295 26625 26625 D DpmFrameAnalyzer: analyze: result status=THROTTLED, code=null, source=null
09-02 11:20:42.296 26625 26923 D DpmFrameAnalyzer: analyze: frame received, format=35, size=1440x1080, rotation=90
09-02 11:20:42.387 26625 26923 D DpmFrameAnalyzer: analyze: bitmap converted, size=1080x1440, scanRoi=Rect(151, 331 - 928, 1108)
09-02 11:20:42.387 26625 26625 D DpmAnalyzer: analyze: frame=1080x1440, roi=Rect(151, 331 - 928, 1108), focus=FOCUSED, mode=SCAN
09-02 11:20:42.387 26625 26625 D DpmAnalyzer: analyze: THROTTLED by timing gate
09-02 11:20:42.387 26625 26625 D DpmFrameAnalyzer: analyze: result status=THROTTLED, code=null, source=null
09-02 11:20:42.387 26625 26923 D DpmFrameAnalyzer: analyze: frame received, format=35, size=1440x1080, rotation=90
09-02 11:20:42.469 26625 26923 D DpmFrameAnalyzer: analyze: bitmap converted, size=1080x1440, scanRoi=Rect(151, 331 - 928, 1108)
09-02 11:20:42.470 26625 26625 D DpmAnalyzer: analyze: frame=1080x1440, roi=Rect(151, 331 - 928, 1108), focus=FOCUSED, mode=SCAN
09-02 11:20:42.470 26625 26625 D DpmAnalyzer: analyze: starting performMultiStrategyDecode
09-02 11:20:42.470 26625 26625 D DpmAnalyzer: performMultiStrategyDecode: frame=1080x1440, roi=Rect(151, 331 - 928, 1108), strategies=1
09-02 11:20:42.470 26625 26923 D DpmFrameAnalyzer: analyze: frame received, format=35, size=1440x1080, rotation=90
09-02 11:20:42.481 26625 26625 D DpmAnalyzer: Stage1: ROI 777x777 → scaled 400x399
09-02 11:20:42.544 26625 26923 D DpmFrameAnalyzer: analyze: bitmap converted, size=1080x1440, scanRoi=Rect(151, 331 - 928, 1108)
09-02 11:20:42.544 26625 26625 D DpmAnalyzer: analyze: frame=1080x1440, roi=Rect(151, 331 - 928, 1108), focus=FOCUSED, mode=SCAN
09-02 11:20:42.544 26625 26625 D DpmAnalyzer: analyze: THROTTLED (already running)
09-02 11:20:42.544 26625 26625 D DpmFrameAnalyzer: analyze: result status=THROTTLED, code=null, source=null
09-02 11:20:42.546 26625 26923 D DpmFrameAnalyzer: analyze: frame received, format=35, size=1440x1080, rotation=90
09-02 11:20:42.552 26625 26625 D DpmAnalyzer: Stage1: MISS
09-02 11:20:42.552 26625 26625 D DpmAnalyzer: scanRoi present, skipping full-image stages
09-02 11:20:42.552 26625 26625 D DpmAnalyzer: analyze: decodedCode=null
09-02 11:20:42.553 26625 26625 D DpmFrameAnalyzer: analyze: result status=NO_CODE, code=null, source=null
09-02 11:20:42.644 26625 26923 D DpmFrameAnalyzer: analyze: bitmap converted, size=1080x1440, scanRoi=Rect(151, 331 - 928, 1108)
09-02 11:20:42.645 26625 26625 D DpmAnalyzer: analyze: frame=1080x1440, roi=Rect(151, 331 - 928, 1108), focus=FOCUSED, mode=SCAN
09-02 11:20:42.645 26625 26625 D DpmAnalyzer: analyze: THROTTLED by timing gate
09-02 11:20:42.645 26625 26625 D DpmFrameAnalyzer: analyze: result status=THROTTLED, code=null, source=null
09-02 11:20:42.647 26625 26923 D DpmFrameAnalyzer: analyze: frame received, format=35, size=1440x1080, rotation=90
09-02 11:20:42.722 26625 26923 D DpmFrameAnalyzer: analyze: bitmap converted, size=1080x1440, scanRoi=Rect(151, 331 - 928, 1108)
09-02 11:20:42.723 26625 26625 D DpmAnalyzer: analyze: frame=1080x1440, roi=Rect(151, 331 - 928, 1108), focus=FOCUSED, mode=SCAN
09-02 11:20:42.723 26625 26625 D DpmAnalyzer: analyze: THROTTLED by timing gate
09-02 11:20:42.723 26625 26923 D DpmFrameAnalyzer: analyze: frame received, format=35, size=1440x1080, rotation=90
09-02 11:20:42.723 26625 26625 D DpmFrameAnalyzer: analyze: result status=THROTTLED, code=null, source=null
09-02 11:20:42.794 26625 26923 D DpmFrameAnalyzer: analyze: bitmap converted, size=1080x1440, scanRoi=Rect(151, 331 - 928, 1108)
09-02 11:20:42.794 26625 26625 D DpmAnalyzer: analyze: frame=1080x1440, roi=Rect(151, 331 - 928, 1108), focus=FOCUSED, mode=SCAN
09-02 11:20:42.794 26625 26625 D DpmAnalyzer: analyze: starting performMultiStrategyDecode
09-02 11:20:42.794 26625 26625 D DpmAnalyzer: performMultiStrategyDecode: frame=1080x1440, roi=Rect(151, 331 - 928, 1108), strategies=1
09-02 11:20:42.795 26625 26923 D DpmFrameAnalyzer: analyze: frame received, format=35, size=1440x1080, rotation=90
09-02 11:20:42.804 26625 26625 D DpmAnalyzer: Stage1: ROI 777x777 → scaled 400x399
09-02 11:20:42.874 26625 26625 D DpmAnalyzer: Stage1: MISS
09-02 11:20:42.874 26625 26625 D DpmAnalyzer: scanRoi present, skipping full-image stages
09-02 11:20:42.874 26625 26625 D DpmAnalyzer: analyze: decodedCode=null
09-02 11:20:42.874 26625 26625 D DpmFrameAnalyzer: analyze: result status=NO_CODE, code=null, source=null
09-02 11:20:42.876 26625 26923 D DpmFrameAnalyzer: analyze: bitmap converted, size=1080x1440, scanRoi=Rect(151, 331 - 928, 1108)
09-02 11:20:42.877 26625 26625 D DpmAnalyzer: analyze: frame=1080x1440, roi=Rect(151, 331 - 928, 1108), focus=FOCUSED, mode=SCAN
09-02 11:20:42.877 26625 26625 D DpmAnalyzer: analyze: THROTTLED by timing gate
09-02 11:20:42.877 26625 26625 D DpmFrameAnalyzer: analyze: result status=THROTTLED, code=null, source=null
09-02 11:20:42.878 26625 26923 D DpmFrameAnalyzer: analyze: frame received, format=35, size=1440x1080, rotation=90
09-02 11:20:42.970 26625 26923 D DpmFrameAnalyzer: analyze: bitmap converted, size=1080x1440, scanRoi=Rect(151, 331 - 928, 1108)
09-02 11:20:42.970 26625 26625 D DpmAnalyzer: analyze: frame=1080x1440, roi=Rect(151, 331 - 928, 1108), focus=FOCUSED, mode=SCAN
09-02 11:20:42.970 26625 26625 D DpmAnalyzer: analyze: THROTTLED by timing gate
09-02 11:20:42.970 26625 26625 D DpmFrameAnalyzer: analyze: result status=THROTTLED, code=null, source=null
09-02 11:20:42.971 26625 26923 D DpmFrameAnalyzer: analyze: frame received, format=35, size=1440x1080, rotation=90
09-02 11:20:43.047 26625 26923 D DpmFrameAnalyzer: analyze: bitmap converted, size=1080x1440, scanRoi=Rect(151, 331 - 928, 1108)
09-02 11:20:43.047 26625 26625 D DpmAnalyzer: analyze: frame=1080x1440, roi=Rect(151, 331 - 928, 1108), focus=FOCUSED, mode=SCAN
09-02 11:20:43.047 26625 26625 D DpmAnalyzer: analyze: THROTTLED by timing gate
09-02 11:20:43.047 26625 26625 D DpmFrameAnalyzer: analyze: result status=THROTTLED, code=null, source=null
09-02 11:20:43.047 26625 26923 D DpmFrameAnalyzer: analyze: frame received, format=35, size=1440x1080, rotation=90
09-02 11:20:43.109 26625 26923 D DpmFrameAnalyzer: analyze: bitmap converted, size=1080x1440, scanRoi=Rect(151, 331 - 928, 1108)
09-02 11:20:43.109 26625 26923 D DpmFrameAnalyzer: analyze: frame received, format=35, size=1440x1080, rotation=90
09-02 11:20:43.110 26625 26625 D DpmAnalyzer: analyze: frame=1080x1440, roi=Rect(151, 331 - 928, 1108), focus=FOCUSED, mode=SCAN
09-02 11:20:43.110 26625 26625 D DpmAnalyzer: analyze: starting performMultiStrategyDecode
09-02 11:20:43.110 26625 26625 D DpmAnalyzer: performMultiStrategyDecode: frame=1080x1440, roi=Rect(151, 331 - 928, 1108), strategies=1
09-02 11:20:43.117 26625 26625 D DpmAnalyzer: Stage1: ROI 777x777 → scaled 400x399
09-02 11:20:43.165 26625 26625 D DpmAnalyzer: Stage1: MISS
09-02 11:20:43.165 26625 26625 D DpmAnalyzer: scanRoi present, skipping full-image stages
09-02 11:20:43.165 26625 26625 D DpmAnalyzer: analyze: decodedCode=null
09-02 11:20:43.165 26625 26625 D DpmFrameAnalyzer: analyze: result status=NO_CODE, code=null, source=null
09-02 11:20:43.170 26625 26923 D DpmFrameAnalyzer: analyze: bitmap converted, size=1080x1440, scanRoi=Rect(151, 331 - 928, 1108)
09-02 11:20:43.171 26625 26923 D DpmFrameAnalyzer: analyze: frame received, format=35, size=1440x1080, rotation=90
09-02 11:20:43.171 26625 26625 D DpmAnalyzer: analyze: frame=1080x1440, roi=Rect(151, 331 - 928, 1108), focus=FOCUSED, mode=SCAN
09-02 11:20:43.171 26625 26625 D DpmAnalyzer: analyze: THROTTLED by timing gate
09-02 11:20:43.171 26625 26625 D DpmFrameAnalyzer: analyze: result status=THROTTLED, code=null, source=null
09-02 11:20:43.229 26625 26923 D DpmFrameAnalyzer: analyze: bitmap converted, size=1080x1440, scanRoi=Rect(151, 331 - 928, 1108)
09-02 11:20:43.229 26625 26625 D DpmAnalyzer: analyze: frame=1080x1440, roi=Rect(151, 331 - 928, 1108), focus=FOCUSED, mode=SCAN
09-02 11:20:43.229 26625 26625 D DpmAnalyzer: analyze: THROTTLED by timing gate
09-02 11:20:43.229 26625 26625 D DpmFrameAnalyzer: analyze: result status=THROTTLED, code=null, source=null
09-02 11:20:43.229 26625 26923 D DpmFrameAnalyzer: analyze: frame received, format=35, size=1440x1080, rotation=90
09-02 11:20:43.284 26625 26923 D DpmFrameAnalyzer: analyze: bitmap converted, size=1080x1440, scanRoi=Rect(151, 331 - 928, 1108)
09-02 11:20:43.284 26625 26625 D DpmAnalyzer: analyze: frame=1080x1440, roi=Rect(151, 331 - 928, 1108), focus=FOCUSED, mode=SCAN
09-02 11:20:43.284 26625 26625 D DpmAnalyzer: analyze: THROTTLED by timing gate
09-02 11:20:43.284 26625 26625 D DpmFrameAnalyzer: analyze: result status=THROTTLED, code=null, source=null
09-02 11:20:43.285 26625 26923 D DpmFrameAnalyzer: analyze: frame received, format=35, size=1440x1080, rotation=90
09-02 11:20:43.338 26625 26923 D DpmFrameAnalyzer: analyze: bitmap converted, size=1080x1440, scanRoi=Rect(151, 331 - 928, 1108)
09-02 11:20:43.338 26625 26625 D DpmAnalyzer: analyze: frame=1080x1440, roi=Rect(151, 331 - 928, 1108), focus=FOCUSED, mode=SCAN
09-02 11:20:43.338 26625 26625 D DpmAnalyzer: analyze: THROTTLED by timing gate
09-02 11:20:43.338 26625 26625 D DpmFrameAnalyzer: analyze: result status=THROTTLED, code=null, source=null
09-02 11:20:43.339 26625 26923 D DpmFrameAnalyzer: analyze: frame received, format=35, size=1440x1080, rotation=90
09-02 11:20:43.393 26625 26923 D DpmFrameAnalyzer: analyze: bitmap converted, size=1080x1440, scanRoi=Rect(151, 331 - 928, 1108)
09-02 11:20:43.393 26625 26625 D DpmAnalyzer: analyze: frame=1080x1440, roi=Rect(151, 331 - 928, 1108), focus=FOCUSED, mode=SCAN
09-02 11:20:43.393 26625 26625 D DpmAnalyzer: analyze: starting performMultiStrategyDecode
09-02 11:20:43.393 26625 26923 D DpmFrameAnalyzer: analyze: frame received, format=35, size=1440x1080, rotation=90
09-02 11:20:43.393 26625 26625 D DpmAnalyzer: performMultiStrategyDecode: frame=1080x1440, roi=Rect(151, 331 - 928, 1108), strategies=1
09-02 11:20:43.399 26625 26625 D DpmAnalyzer: Stage1: ROI 777x777 → scaled 400x399
09-02 11:20:43.449 26625 26923 D DpmFrameAnalyzer: analyze: bitmap converted, size=1080x1440, scanRoi=Rect(151, 331 - 928, 1108)
09-02 11:20:43.450 26625 26625 D DpmAnalyzer: analyze: frame=1080x1440, roi=Rect(151, 331 - 928, 1108), focus=FOCUSED, mode=SCAN
09-02 11:20:43.450 26625 26625 D DpmAnalyzer: analyze: THROTTLED (already running)
09-02 11:20:43.450 26625 26625 D DpmFrameAnalyzer: analyze: result status=THROTTLED, code=null, source=null
09-02 11:20:43.450 26625 26923 D DpmFrameAnalyzer: analyze: frame received, format=35, size=1440x1080, rotation=90
09-02 11:20:43.451 26625 26625 D DpmAnalyzer: Stage1: MISS
09-02 11:20:43.451 26625 26625 D DpmAnalyzer: scanRoi present, skipping full-image stages
09-02 11:20:43.451 26625 26625 D DpmAnalyzer: analyze: decodedCode=null
09-02 11:20:43.451 26625 26625 D DpmFrameAnalyzer: analyze: result status=NO_CODE, code=null, source=null
09-02 11:20:43.503 26625 26923 D DpmFrameAnalyzer: analyze: bitmap converted, size=1080x1440, scanRoi=Rect(151, 331 - 928, 1108)
09-02 11:20:43.503 26625 26625 D DpmAnalyzer: analyze: frame=1080x1440, roi=Rect(151, 331 - 928, 1108), focus=FOCUSED, mode=SCAN
09-02 11:20:43.503 26625 26625 D DpmAnalyzer: analyze: THROTTLED by timing gate
09-02 11:20:43.503 26625 26625 D DpmFrameAnalyzer: analyze: result status=THROTTLED, code=null, source=null
09-02 11:20:43.503 26625 26923 D DpmFrameAnalyzer: analyze: frame received, format=35, size=1440x1080, rotation=90
09-02 11:20:43.556 26625 26923 D DpmFrameAnalyzer: analyze: bitmap converted, size=1080x1440, scanRoi=Rect(151, 331 - 928, 1108)
09-02 11:20:43.557 26625 26625 D DpmAnalyzer: analyze: frame=1080x1440, roi=Rect(151, 331 - 928, 1108), focus=FOCUSED, mode=SCAN
09-02 11:20:43.557 26625 26625 D DpmAnalyzer: analyze: THROTTLED by timing gate
09-02 11:20:43.557 26625 26625 D DpmFrameAnalyzer: analyze: result status=THROTTLED, code=null, source=null
09-02 11:20:43.557 26625 26923 D DpmFrameAnalyzer: analyze: frame received, format=35, size=1440x1080, rotation=90
09-02 11:20:43.611 26625 26923 D DpmFrameAnalyzer: analyze: bitmap converted, size=1080x1440, scanRoi=Rect(151, 331 - 928, 1108)
09-02 11:20:43.611 26625 26625 D DpmAnalyzer: analyze: frame=1080x1440, roi=Rect(151, 331 - 928, 1108), focus=FOCUSED, mode=SCAN
09-02 11:20:43.611 26625 26625 D DpmAnalyzer: analyze: THROTTLED by timing gate
09-02 11:20:43.611 26625 26625 D DpmFrameAnalyzer: analyze: result status=THROTTLED, code=null, source=null
09-02 11:20:43.611 26625 26923 D DpmFrameAnalyzer: analyze: frame received, format=35, size=1440x1080, rotation=90
09-02 11:20:43.665 26625 26923 D DpmFrameAnalyzer: analyze: bitmap converted, size=1080x1440, scanRoi=Rect(151, 331 - 928, 1108)
09-02 11:20:43.665 26625 26625 D DpmAnalyzer: analyze: frame=1080x1440, roi=Rect(151, 331 - 928, 1108), focus=FOCUSED, mode=SCAN
09-02 11:20:43.665 26625 26625 D DpmAnalyzer: analyze: starting performMultiStrategyDecode
09-02 11:20:43.665 26625 26625 D DpmAnalyzer: performMultiStrategyDecode: frame=1080x1440, roi=Rect(151, 331 - 928, 1108), strategies=1
09-02 11:20:43.666 26625 26923 D DpmFrameAnalyzer: analyze: frame received, format=35, size=1440x1080, rotation=90
09-02 11:20:43.671 26625 26625 D DpmAnalyzer: Stage1: ROI 777x777 → scaled 400x399
09-02 11:20:43.720 26625 26625 D DpmAnalyzer: Stage1: MISS
09-02 11:20:43.720 26625 26625 D DpmAnalyzer: scanRoi present, skipping full-image stages
09-02 11:20:43.720 26625 26625 D DpmAnalyzer: analyze: decodedCode=null
09-02 11:20:43.720 26625 26625 D DpmFrameAnalyzer: analyze: result status=NO_CODE, code=null, source=null
09-02 11:20:43.722 26625 26923 D DpmFrameAnalyzer: analyze: bitmap converted, size=1080x1440, scanRoi=Rect(151, 331 - 928, 1108)
09-02 11:20:43.723 26625 26923 D DpmFrameAnalyzer: analyze: frame received, format=35, size=1440x1080, rotation=90
09-02 11:20:43.724 26625 26625 D DpmAnalyzer: analyze: frame=1080x1440, roi=Rect(151, 331 - 928, 1108), focus=FOCUSED, mode=SCAN
09-02 11:20:43.724 26625 26625 D DpmAnalyzer: analyze: THROTTLED by timing gate
09-02 11:20:43.724 26625 26625 D DpmFrameAnalyzer: analyze: result status=THROTTLED, code=null, source=null
09-02 11:20:43.777 26625 26923 D DpmFrameAnalyzer: analyze: bitmap converted, size=1080x1440, scanRoi=Rect(151, 331 - 928, 1108)
09-02 11:20:43.777 26625 26625 D DpmAnalyzer: analyze: frame=1080x1440, roi=Rect(151, 331 - 928, 1108), focus=FOCUSED, mode=SCAN
09-02 11:20:43.777 26625 26625 D DpmAnalyzer: analyze: THROTTLED by timing gate
09-02 11:20:43.777 26625 26625 D DpmFrameAnalyzer: analyze: result status=THROTTLED, code=null, source=null
09-02 11:20:43.777 26625 26923 D DpmFrameAnalyzer: analyze: frame received, format=35, size=1440x1080, rotation=90
09-02 11:20:43.830 26625 26923 D DpmFrameAnalyzer: analyze: bitmap converted, size=1080x1440, scanRoi=Rect(151, 331 - 928, 1108)
09-02 11:20:43.830 26625 26625 D DpmAnalyzer: analyze: frame=1080x1440, roi=Rect(151, 331 - 928, 1108), focus=FOCUSED, mode=SCAN
09-02 11:20:43.830 26625 26625 D DpmAnalyzer: analyze: THROTTLED by timing gate
09-02 11:20:43.830 26625 26625 D DpmFrameAnalyzer: analyze: result status=THROTTLED, code=null, source=null
09-02 11:20:43.830 26625 26923 D DpmFrameAnalyzer: analyze: frame received, format=35, size=1440x1080, rotation=90
09-02 11:20:43.883 26625 26923 D DpmFrameAnalyzer: analyze: bitmap converted, size=1080x1440, scanRoi=Rect(151, 331 - 928, 1108)
09-02 11:20:43.883 26625 26625 D DpmAnalyzer: analyze: frame=1080x1440, roi=Rect(151, 331 - 928, 1108), focus=FOCUSED, mode=SCAN
09-02 11:20:43.883 26625 26625 D DpmAnalyzer: analyze: THROTTLED by timing gate
09-02 11:20:43.883 26625 26625 D DpmFrameAnalyzer: analyze: result status=THROTTLED, code=null, source=null
09-02 11:20:43.883 26625 26923 D DpmFrameAnalyzer: analyze: frame received, format=35, size=1440x1080, rotation=90
09-02 11:20:43.940 26625 26923 D DpmFrameAnalyzer: analyze: bitmap converted, size=1080x1440, scanRoi=Rect(151, 331 - 928, 1108)
09-02 11:20:43.940 26625 26625 D DpmAnalyzer: analyze: frame=1080x1440, roi=Rect(151, 331 - 928, 1108), focus=FOCUSED, mode=SCAN
09-02 11:20:43.940 26625 26625 D DpmAnalyzer: analyze: starting performMultiStrategyDecode
09-02 11:20:43.940 26625 26625 D DpmAnalyzer: performMultiStrategyDecode: frame=1080x1440, roi=Rect(151, 331 - 928, 1108), strategies=1
09-02 11:20:43.940 26625 26923 D DpmFrameAnalyzer: analyze: frame received, format=35, size=1440x1080, rotation=90
09-02 11:20:43.955 26625 26625 D DpmAnalyzer: Stage1: ROI 777x777 → scaled 400x399
09-02 11:20:43.990 26625 26625 D DpmAnalyzer: Stage1: MISS
09-02 11:20:43.990 26625 26625 D DpmAnalyzer: scanRoi present, skipping full-image stages
09-02 11:20:43.990 26625 26625 D DpmAnalyzer: analyze: decodedCode=null
09-02 11:20:43.990 26625 26625 D DpmFrameAnalyzer: analyze: result status=NO_CODE, code=null, source=null
09-02 11:20:43.993 26625 26923 D DpmFrameAnalyzer: analyze: bitmap converted, size=1080x1440, scanRoi=Rect(151, 331 - 928, 1108)
09-02 11:20:43.993 26625 26625 D DpmAnalyzer: analyze: frame=1080x1440, roi=Rect(151, 331 - 928, 1108), focus=FOCUSED, mode=SCAN
09-02 11:20:43.993 26625 26625 D DpmAnalyzer: analyze: THROTTLED by timing gate
09-02 11:20:43.994 26625 26923 D DpmFrameAnalyzer: analyze: frame received, format=35, size=1440x1080, rotation=90
09-02 11:20:43.994 26625 26625 D DpmFrameAnalyzer: analyze: result status=THROTTLED, code=null, source=null
09-02 11:20:44.055 26625 26923 D DpmFrameAnalyzer: analyze: bitmap converted, size=1080x1440, scanRoi=Rect(151, 331 - 928, 1108)
09-02 11:20:44.055 26625 26625 D DpmAnalyzer: analyze: frame=1080x1440, roi=Rect(151, 331 - 928, 1108), focus=FOCUSED, mode=SCAN
09-02 11:20:44.055 26625 26625 D DpmAnalyzer: analyze: THROTTLED by timing gate
09-02 11:20:44.055 26625 26923 D DpmFrameAnalyzer: analyze: frame received, format=35, size=1440x1080, rotation=90
09-02 11:20:44.055 26625 26625 D DpmFrameAnalyzer: analyze: result status=THROTTLED, code=null, source=null
09-02 11:20:44.147 26625 26923 D DpmFrameAnalyzer: analyze: bitmap converted, size=1080x1440, scanRoi=Rect(151, 331 - 928, 1108)
09-02 11:20:44.148 26625 26625 D DpmAnalyzer: analyze: frame=1080x1440, roi=Rect(151, 331 - 928, 1108), focus=FOCUSED, mode=SCAN
09-02 11:20:44.148 26625 26625 D DpmAnalyzer: analyze: THROTTLED by timing gate
09-02 11:20:44.148 26625 26625 D DpmFrameAnalyzer: analyze: result status=THROTTLED, code=null, source=null
09-02 11:20:44.148 26625 26923 D DpmFrameAnalyzer: analyze: frame received, format=35, size=1440x1080, rotation=90
09-02 11:20:44.242 26625 26923 D DpmFrameAnalyzer: analyze: bitmap converted, size=1080x1440, scanRoi=Rect(151, 331 - 928, 1108)
09-02 11:20:44.243 26625 26625 D DpmAnalyzer: analyze: frame=1080x1440, roi=Rect(151, 331 - 928, 1108), focus=FOCUSED, mode=SCAN
09-02 11:20:44.243 26625 26923 D DpmFrameAnalyzer: analyze: frame received, format=35, size=1440x1080, rotation=90
09-02 11:20:44.243 26625 26625 D DpmAnalyzer: analyze: starting performMultiStrategyDecode
09-02 11:20:44.243 26625 26625 D DpmAnalyzer: performMultiStrategyDecode: frame=1080x1440, roi=Rect(151, 331 - 928, 1108), strategies=1
09-02 11:20:44.254 26625 26625 D DpmAnalyzer: Stage1: ROI 777x777 → scaled 400x399
09-02 11:20:44.316 26625 26625 D DpmAnalyzer: Stage1: MISS
09-02 11:20:44.316 26625 26625 D DpmAnalyzer: scanRoi present, skipping full-image stages
09-02 11:20:44.316 26625 26625 D DpmAnalyzer: analyze: decodedCode=null
09-02 11:20:44.316 26625 26625 D DpmFrameAnalyzer: analyze: result status=NO_CODE, code=null, source=null
09-02 11:20:44.348 26625 26923 D DpmFrameAnalyzer: analyze: bitmap converted, size=1080x1440, scanRoi=Rect(151, 331 - 928, 1108)
09-02 11:20:44.349 26625 26625 D DpmAnalyzer: analyze: frame=1080x1440, roi=Rect(151, 331 - 928, 1108), focus=FOCUSED, mode=SCAN
09-02 11:20:44.349 26625 26625 D DpmAnalyzer: analyze: THROTTLED by timing gate
09-02 11:20:44.349 26625 26625 D DpmFrameAnalyzer: analyze: result status=THROTTLED, code=null, source=null
09-02 11:20:44.349 26625 26923 D DpmFrameAnalyzer: analyze: frame received, format=35, size=1440x1080, rotation=90
09-02 11:20:44.438 26625 26923 D DpmFrameAnalyzer: analyze: bitmap converted, size=1080x1440, scanRoi=Rect(151, 331 - 928, 1108)
09-02 11:20:44.439 26625 26923 D DpmFrameAnalyzer: analyze: frame received, format=35, size=1440x1080, rotation=90
09-02 11:20:44.440 26625 26625 D DpmAnalyzer: analyze: frame=1080x1440, roi=Rect(151, 331 - 928, 1108), focus=FOCUSED, mode=SCAN
09-02 11:20:44.440 26625 26625 D DpmAnalyzer: analyze: THROTTLED by timing gate
09-02 11:20:44.440 26625 26625 D DpmFrameAnalyzer: analyze: result status=THROTTLED, code=null, source=null
09-02 11:20:44.519 26625 26923 D DpmFrameAnalyzer: analyze: bitmap converted, size=1080x1440, scanRoi=Rect(151, 331 - 928, 1108)
09-02 11:20:44.520 26625 26625 D DpmAnalyzer: analyze: frame=1080x1440, roi=Rect(151, 331 - 928, 1108), focus=FOCUSED, mode=SCAN
09-02 11:20:44.520 26625 26625 D DpmAnalyzer: analyze: starting performMultiStrategyDecode
09-02 11:20:44.520 26625 26625 D DpmAnalyzer: performMultiStrategyDecode: frame=1080x1440, roi=Rect(151, 331 - 928, 1108), strategies=1
09-02 11:20:44.520 26625 26923 D DpmFrameAnalyzer: analyze: frame received, format=35, size=1440x1080, rotation=90
09-02 11:20:44.529 26625 26625 D DpmAnalyzer: Stage1: ROI 777x777 → scaled 400x399
09-02 11:20:44.611 26625 26625 D DpmAnalyzer: Stage1: MISS
09-02 11:20:44.611 26625 26625 D DpmAnalyzer: scanRoi present, skipping full-image stages
09-02 11:20:44.611 26625 26625 D DpmAnalyzer: analyze: decodedCode=null
09-02 11:20:44.611 26625 26625 D DpmFrameAnalyzer: analyze: result status=NO_CODE, code=null, source=null
09-02 11:20:44.612 26625 26923 D DpmFrameAnalyzer: analyze: bitmap converted, size=1080x1440, scanRoi=Rect(151, 331 - 928, 1108)
09-02 11:20:44.612 26625 26923 D DpmFrameAnalyzer: analyze: frame received, format=35, size=1440x1080, rotation=90
09-02 11:20:44.613 26625 26625 D DpmAnalyzer: analyze: frame=1080x1440, roi=Rect(151, 331 - 928, 1108), focus=FOCUSED, mode=SCAN
09-02 11:20:44.613 26625 26625 D DpmAnalyzer: analyze: THROTTLED by timing gate
09-02 11:20:44.613 26625 26625 D DpmFrameAnalyzer: analyze: result status=THROTTLED, code=null, source=null
09-02 11:20:44.705 26625 26923 D DpmFrameAnalyzer: analyze: bitmap converted, size=1080x1440, scanRoi=Rect(151, 331 - 928, 1108)
09-02 11:20:44.706 26625 26923 D DpmFrameAnalyzer: analyze: frame received, format=35, size=1440x1080, rotation=90
09-02 11:20:44.706 26625 26625 D DpmAnalyzer: analyze: frame=1080x1440, roi=Rect(151, 331 - 928, 1108), focus=FOCUSED, mode=SCAN
09-02 11:20:44.706 26625 26625 D DpmAnalyzer: analyze: THROTTLED by timing gate
09-02 11:20:44.706 26625 26625 D DpmFrameAnalyzer: analyze: result status=THROTTLED, code=null, source=null
09-02 11:20:44.779 26625 26923 D DpmFrameAnalyzer: analyze: bitmap converted, size=1080x1440, scanRoi=Rect(151, 331 - 928, 1108)
09-02 11:20:44.779 26625 26625 D DpmAnalyzer: analyze: frame=1080x1440, roi=Rect(151, 331 - 928, 1108), focus=FOCUSED, mode=SCAN
09-02 11:20:44.780 26625 26625 D DpmAnalyzer: analyze: THROTTLED by timing gate
09-02 11:20:44.780 26625 26625 D DpmFrameAnalyzer: analyze: result status=THROTTLED, code=null, source=null
09-02 11:20:44.780 26625 26923 D DpmFrameAnalyzer: analyze: frame received, format=35, size=1440x1080, rotation=90
09-02 11:20:44.848 26625 26923 D DpmFrameAnalyzer: analyze: bitmap converted, size=1080x1440, scanRoi=Rect(151, 331 - 928, 1108)
09-02 11:20:44.849 26625 26625 D DpmAnalyzer: analyze: frame=1080x1440, roi=Rect(151, 331 - 928, 1108), focus=FOCUSED, mode=SCAN
09-02 11:20:44.849 26625 26625 D DpmAnalyzer: analyze: starting performMultiStrategyDecode
09-02 11:20:44.849 26625 26625 D DpmAnalyzer: performMultiStrategyDecode: frame=1080x1440, roi=Rect(151, 331 - 928, 1108), strategies=1
09-02 11:20:44.849 26625 26923 D DpmFrameAnalyzer: analyze: frame received, format=35, size=1440x1080, rotation=90
09-02 11:20:44.857 26625 26625 D DpmAnalyzer: Stage1: ROI 777x777 → scaled 400x399
09-02 11:20:44.919 26625 26625 D DpmAnalyzer: Stage1: MISS
09-02 11:20:44.919 26625 26625 D DpmAnalyzer: scanRoi present, skipping full-image stages
09-02 11:20:44.920 26625 26625 D DpmAnalyzer: analyze: decodedCode=null
09-02 11:20:44.920 26625 26625 D DpmFrameAnalyzer: analyze: result status=NO_CODE, code=null, source=null
09-02 11:20:44.933 26625 26923 D DpmFrameAnalyzer: analyze: bitmap converted, size=1080x1440, scanRoi=Rect(151, 331 - 928, 1108)
09-02 11:20:44.933 26625 26625 D DpmAnalyzer: analyze: frame=1080x1440, roi=Rect(151, 331 - 928, 1108), focus=FOCUSED, mode=SCAN
09-02 11:20:44.933 26625 26625 D DpmAnalyzer: analyze: THROTTLED by timing gate
09-02 11:20:44.933 26625 26625 D DpmFrameAnalyzer: analyze: result status=THROTTLED, code=null, source=null
09-02 11:20:44.934 26625 26923 D DpmFrameAnalyzer: analyze: frame received, format=35, size=1440x1080, rotation=90
09-02 11:20:45.032 26625 26923 D DpmFrameAnalyzer: analyze: bitmap converted, size=1080x1440, scanRoi=Rect(151, 331 - 928, 1108)
09-02 11:20:45.032 26625 26625 D DpmAnalyzer: analyze: frame=1080x1440, roi=Rect(151, 331 - 928, 1108), focus=FOCUSED, mode=SCAN
09-02 11:20:45.032 26625 26625 D DpmAnalyzer: analyze: THROTTLED by timing gate
09-02 11:20:45.032 26625 26625 D DpmFrameAnalyzer: analyze: result status=THROTTLED, code=null, source=null
09-02 11:20:45.033 26625 26923 D DpmFrameAnalyzer: analyze: frame received, format=35, size=1440x1080, rotation=90
09-02 11:20:45.114 26625 26923 D DpmFrameAnalyzer: analyze: bitmap converted, size=1080x1440, scanRoi=Rect(151, 331 - 928, 1108)
09-02 11:20:45.114 26625 26625 D DpmAnalyzer: analyze: frame=1080x1440, roi=Rect(151, 331 - 928, 1108), focus=FOCUSED, mode=SCAN
09-02 11:20:45.114 26625 26625 D DpmAnalyzer: analyze: THROTTLED by timing gate
09-02 11:20:45.114 26625 26625 D DpmFrameAnalyzer: analyze: result status=THROTTLED, code=null, source=null
09-02 11:20:45.115 26625 26923 D DpmFrameAnalyzer: analyze: frame received, format=35, size=1440x1080, rotation=90
09-02 11:20:45.184 26625 26923 D DpmFrameAnalyzer: analyze: bitmap converted, size=1080x1440, scanRoi=Rect(151, 331 - 928, 1108)
09-02 11:20:45.185 26625 26625 D DpmAnalyzer: analyze: frame=1080x1440, roi=Rect(151, 331 - 928, 1108), focus=FOCUSED, mode=SCAN
09-02 11:20:45.185 26625 26625 D DpmAnalyzer: analyze: starting performMultiStrategyDecode
09-02 11:20:45.185 26625 26625 D DpmAnalyzer: performMultiStrategyDecode: frame=1080x1440, roi=Rect(151, 331 - 928, 1108), strategies=1
09-02 11:20:45.185 26625 26923 D DpmFrameAnalyzer: analyze: frame received, format=35, size=1440x1080, rotation=90
09-02 11:20:45.201 26625 26625 D DpmAnalyzer: Stage1: ROI 777x777 → scaled 400x399
09-02 11:20:45.253 26625 26625 D DpmAnalyzer: Stage1: MISS
09-02 11:20:45.253 26625 26625 D DpmAnalyzer: scanRoi present, skipping full-image stages
09-02 11:20:45.253 26625 26625 D DpmAnalyzer: analyze: decodedCode=null
09-02 11:20:45.253 26625 26625 D DpmFrameAnalyzer: analyze: result status=NO_CODE, code=null, source=null
09-02 11:20:45.261 26625 26923 D DpmFrameAnalyzer: analyze: bitmap converted, size=1080x1440, scanRoi=Rect(151, 331 - 928, 1108)
09-02 11:20:45.262 26625 26625 D DpmAnalyzer: analyze: frame=1080x1440, roi=Rect(151, 331 - 928, 1108), focus=FOCUSED, mode=SCAN
09-02 11:20:45.262 26625 26625 D DpmAnalyzer: analyze: THROTTLED by timing gate
09-02 11:20:45.262 26625 26625 D DpmFrameAnalyzer: analyze: result status=THROTTLED, code=null, source=null
09-02 11:20:45.262 26625 26923 D DpmFrameAnalyzer: analyze: frame received, format=35, size=1440x1080, rotation=90
09-02 11:20:45.357 26625 26923 D DpmFrameAnalyzer: analyze: bitmap converted, size=1080x1440, scanRoi=Rect(151, 331 - 928, 1108)
09-02 11:20:45.358 26625 26625 D DpmAnalyzer: analyze: frame=1080x1440, roi=Rect(151, 331 - 928, 1108), focus=FOCUSED, mode=SCAN
09-02 11:20:45.358 26625 26625 D DpmAnalyzer: analyze: THROTTLED by timing gate
09-02 11:20:45.358 26625 26625 D DpmFrameAnalyzer: analyze: result status=THROTTLED, code=null, source=null
09-02 11:20:45.359 26625 26923 D DpmFrameAnalyzer: analyze: frame received, format=35, size=1440x1080, rotation=90
09-02 11:20:45.436 26625 26923 D DpmFrameAnalyzer: analyze: bitmap converted, size=1080x1440, scanRoi=Rect(151, 331 - 928, 1108)
09-02 11:20:45.437 26625 26923 D DpmFrameAnalyzer: analyze: frame received, format=35, size=1440x1080, rotation=90
09-02 11:20:45.438 26625 26625 D DpmAnalyzer: analyze: frame=1080x1440, roi=Rect(151, 331 - 928, 1108), focus=FOCUSED, mode=SCAN
09-02 11:20:45.438 26625 26625 D DpmAnalyzer: analyze: THROTTLED by timing gate
09-02 11:20:45.438 26625 26625 D DpmFrameAnalyzer: analyze: result status=THROTTLED, code=null, source=null
09-02 11:20:45.506 26625 26923 D DpmFrameAnalyzer: analyze: bitmap converted, size=1080x1440, scanRoi=Rect(151, 331 - 928, 1108)
09-02 11:20:45.506 26625 26625 D DpmAnalyzer: analyze: frame=1080x1440, roi=Rect(151, 331 - 928, 1108), focus=FOCUSED, mode=SCAN
09-02 11:20:45.506 26625 26625 D DpmAnalyzer: analyze: starting performMultiStrategyDecode
09-02 11:20:45.506 26625 26625 D DpmAnalyzer: performMultiStrategyDecode: frame=1080x1440, roi=Rect(151, 331 - 928, 1108), strategies=1
09-02 11:20:45.507 26625 26923 D DpmFrameAnalyzer: analyze: frame received, format=35, size=1440x1080, rotation=90
09-02 11:20:45.516 26625 26625 D DpmAnalyzer: Stage1: ROI 777x777 → scaled 400x399
09-02 11:20:45.568 26625 26625 D DpmAnalyzer: Stage1: MISS
09-02 11:20:45.568 26625 26625 D DpmAnalyzer: scanRoi present, skipping full-image stages
09-02 11:20:45.568 26625 26625 D DpmAnalyzer: analyze: decodedCode=null
09-02 11:20:45.568 26625 26625 D DpmFrameAnalyzer: analyze: result status=NO_CODE, code=null, source=null
09-02 11:20:45.577 26625 26923 D DpmFrameAnalyzer: analyze: bitmap converted, size=1080x1440, scanRoi=Rect(151, 331 - 928, 1108)
09-02 11:20:45.577 26625 26625 D DpmAnalyzer: analyze: frame=1080x1440, roi=Rect(151, 331 - 928, 1108), focus=FOCUSED, mode=SCAN
09-02 11:20:45.578 26625 26625 D DpmAnalyzer: analyze: THROTTLED by timing gate
09-02 11:20:45.578 26625 26625 D DpmFrameAnalyzer: analyze: result status=THROTTLED, code=null, source=null
09-02 11:20:45.578 26625 26923 D DpmFrameAnalyzer: analyze: frame received, format=35, size=1440x1080, rotation=90
09-02 11:20:45.648 26625 26923 D DpmFrameAnalyzer: analyze: bitmap converted, size=1080x1440, scanRoi=Rect(151, 331 - 928, 1108)
09-02 11:20:45.648 26625 26625 D DpmAnalyzer: analyze: frame=1080x1440, roi=Rect(151, 331 - 928, 1108), focus=FOCUSED, mode=SCAN
09-02 11:20:45.648 26625 26625 D DpmAnalyzer: analyze: THROTTLED by timing gate
09-02 11:20:45.648 26625 26625 D DpmFrameAnalyzer: analyze: result status=THROTTLED, code=null, source=null
09-02 11:20:45.649 26625 26923 D DpmFrameAnalyzer: analyze: frame received, format=35, size=1440x1080, rotation=90
09-02 11:20:45.717 26625 26923 D DpmFrameAnalyzer: analyze: bitmap converted, size=1080x1440, scanRoi=Rect(151, 331 - 928, 1108)
09-02 11:20:45.717 26625 26625 D DpmAnalyzer: analyze: frame=1080x1440, roi=Rect(151, 331 - 928, 1108), focus=FOCUSED, mode=SCAN
09-02 11:20:45.717 26625 26625 D DpmAnalyzer: analyze: THROTTLED by timing gate
09-02 11:20:45.717 26625 26625 D DpmFrameAnalyzer: analyze: result status=THROTTLED, code=null, source=null
09-02 11:20:45.717 26625 26923 D DpmFrameAnalyzer: analyze: frame received, format=35, size=1440x1080, rotation=90
09-02 11:20:45.786 26625 26923 D DpmFrameAnalyzer: analyze: bitmap converted, size=1080x1440, scanRoi=Rect(151, 331 - 928, 1108)
09-02 11:20:45.787 26625 26923 D DpmFrameAnalyzer: analyze: frame received, format=35, size=1440x1080, rotation=90
09-02 11:20:45.788 26625 26625 D DpmAnalyzer: analyze: frame=1080x1440, roi=Rect(151, 331 - 928, 1108), focus=FOCUSED, mode=SCAN
09-02 11:20:45.788 26625 26625 D DpmAnalyzer: analyze: starting performMultiStrategyDecode
09-02 11:20:45.788 26625 26625 D DpmAnalyzer: performMultiStrategyDecode: frame=1080x1440, roi=Rect(151, 331 - 928, 1108), strategies=1
09-02 11:20:45.797 26625 26625 D DpmAnalyzer: Stage1: ROI 777x777 → scaled 400x399
09-02 11:20:45.862 26625 26923 D DpmFrameAnalyzer: analyze: bitmap converted, size=1080x1440, scanRoi=Rect(151, 331 - 928, 1108)
09-02 11:20:45.862 26625 26625 D DpmAnalyzer: analyze: frame=1080x1440, roi=Rect(151, 331 - 928, 1108), focus=FOCUSED, mode=SCAN
09-02 11:20:45.862 26625 26625 D DpmAnalyzer: analyze: THROTTLED (already running)
09-02 11:20:45.862 26625 26625 D DpmFrameAnalyzer: analyze: result status=THROTTLED, code=null, source=null
09-02 11:20:45.863 26625 26923 D DpmFrameAnalyzer: analyze: frame received, format=35, size=1440x1080, rotation=90
09-02 11:20:45.865 26625 26625 D DpmAnalyzer: Stage1: MISS
09-02 11:20:45.865 26625 26625 D DpmAnalyzer: scanRoi present, skipping full-image stages
09-02 11:20:45.865 26625 26625 D DpmAnalyzer: analyze: decodedCode=null
09-02 11:20:45.865 26625 26625 D DpmFrameAnalyzer: analyze: result status=NO_CODE, code=null, source=null
09-02 11:20:45.958 26625 26923 D DpmFrameAnalyzer: analyze: bitmap converted, size=1080x1440, scanRoi=Rect(151, 331 - 928, 1108)
09-02 11:20:45.959 26625 26625 D DpmAnalyzer: analyze: frame=1080x1440, roi=Rect(151, 331 - 928, 1108), focus=FOCUSED, mode=SCAN
09-02 11:20:45.959 26625 26923 D DpmFrameAnalyzer: analyze: frame received, format=35, size=1440x1080, rotation=90
09-02 11:20:45.959 26625 26625 D DpmAnalyzer: analyze: THROTTLED by timing gate
09-02 11:20:45.959 26625 26625 D DpmFrameAnalyzer: analyze: result status=THROTTLED, code=null, source=null
09-02 11:20:46.044 26625 26923 D DpmFrameAnalyzer: analyze: bitmap converted, size=1080x1440, scanRoi=Rect(151, 331 - 928, 1108)
09-02 11:20:46.044 26625 26625 D DpmAnalyzer: analyze: frame=1080x1440, roi=Rect(151, 331 - 928, 1108), focus=FOCUSED, mode=SCAN
09-02 11:20:46.044 26625 26625 D DpmAnalyzer: analyze: THROTTLED by timing gate
09-02 11:20:46.044 26625 26625 D DpmFrameAnalyzer: analyze: result status=THROTTLED, code=null, source=null
09-02 11:20:46.044 26625 26923 D DpmFrameAnalyzer: analyze: frame received, format=35, size=1440x1080, rotation=90
09-02 11:20:46.117 26625 26923 D DpmFrameAnalyzer: analyze: bitmap converted, size=1080x1440, scanRoi=Rect(151, 331 - 928, 1108)
09-02 11:20:46.117 26625 26625 D DpmAnalyzer: analyze: frame=1080x1440, roi=Rect(151, 331 - 928, 1108), focus=FOCUSED, mode=SCAN
09-02 11:20:46.118 26625 26625 D DpmAnalyzer: analyze: starting performMultiStrategyDecode
09-02 11:20:46.118 26625 26625 D DpmAnalyzer: performMultiStrategyDecode: frame=1080x1440, roi=Rect(151, 331 - 928, 1108), strategies=1
09-02 11:20:46.118 26625 26923 D DpmFrameAnalyzer: analyze: frame received, format=35, size=1440x1080, rotation=90
09-02 11:20:46.142 26625 26625 D DpmAnalyzer: Stage1: ROI 777x777 → scaled 400x399
09-02 11:20:46.195 26625 26923 D DpmFrameAnalyzer: analyze: bitmap converted, size=1080x1440, scanRoi=Rect(151, 331 - 928, 1108)
09-02 11:20:46.196 26625 26923 D DpmFrameAnalyzer: analyze: frame received, format=35, size=1440x1080, rotation=90
09-02 11:20:46.196 26625 26625 D DpmAnalyzer: analyze: frame=1080x1440, roi=Rect(151, 331 - 928, 1108), focus=FOCUSED, mode=SCAN
09-02 11:20:46.196 26625 26625 D DpmAnalyzer: analyze: THROTTLED (already running)
09-02 11:20:46.196 26625 26625 D DpmFrameAnalyzer: analyze: result status=THROTTLED, code=null, source=null
09-02 11:20:46.218 26625 26625 D DpmAnalyzer: Stage1: MISS
09-02 11:20:46.218 26625 26625 D DpmAnalyzer: scanRoi present, skipping full-image stages
09-02 11:20:46.218 26625 26625 D DpmAnalyzer: analyze: decodedCode=null
09-02 11:20:46.218 26625 26625 D DpmFrameAnalyzer: analyze: result status=NO_CODE, code=null, source=null
09-02 11:20:46.287 26625 26923 D DpmFrameAnalyzer: analyze: bitmap converted, size=1080x1440, scanRoi=Rect(151, 331 - 928, 1108)
09-02 11:20:46.288 26625 26625 D DpmAnalyzer: analyze: frame=1080x1440, roi=Rect(151, 331 - 928, 1108), focus=FOCUSED, mode=SCAN
09-02 11:20:46.288 26625 26625 D DpmAnalyzer: analyze: THROTTLED by timing gate
09-02 11:20:46.288 26625 26625 D DpmFrameAnalyzer: analyze: result status=THROTTLED, code=null, source=null
09-02 11:20:46.288 26625 26923 D DpmFrameAnalyzer: analyze: frame received, format=35, size=1440x1080, rotation=90
09-02 11:20:46.381 26625 26923 D DpmFrameAnalyzer: analyze: bitmap converted, size=1080x1440, scanRoi=Rect(151, 331 - 928, 1108)
09-02 11:20:46.382 26625 26625 D DpmAnalyzer: analyze: frame=1080x1440, roi=Rect(151, 331 - 928, 1108), focus=FOCUSED, mode=SCAN
09-02 11:20:46.382 26625 26625 D DpmAnalyzer: analyze: THROTTLED by timing gate
09-02 11:20:46.382 26625 26625 D DpmFrameAnalyzer: analyze: result status=THROTTLED, code=null, source=null
09-02 11:20:46.382 26625 26923 D DpmFrameAnalyzer: analyze: frame received, format=35, size=1440x1080, rotation=90
09-02 11:20:46.464 26625 26923 D DpmFrameAnalyzer: analyze: bitmap converted, size=1080x1440, scanRoi=Rect(151, 331 - 928, 1108)
09-02 11:20:46.464 26625 26625 D DpmAnalyzer: analyze: frame=1080x1440, roi=Rect(151, 331 - 928, 1108), focus=FOCUSED, mode=SCAN
09-02 11:20:46.464 26625 26625 D DpmAnalyzer: analyze: starting performMultiStrategyDecode
09-02 11:20:46.465 26625 26625 D DpmAnalyzer: performMultiStrategyDecode: frame=1080x1440, roi=Rect(151, 331 - 928, 1108), strategies=1
09-02 11:20:46.465 26625 26923 D DpmFrameAnalyzer: analyze: frame received, format=35, size=1440x1080, rotation=90
09-02 11:20:46.483 26625 26625 D DpmAnalyzer: Stage1: ROI 777x777 → scaled 400x399
09-02 11:20:46.531 26625 26625 D DpmAnalyzer: Stage1: MISS
09-02 11:20:46.531 26625 26625 D DpmAnalyzer: scanRoi present, skipping full-image stages
09-02 11:20:46.531 26625 26625 D DpmAnalyzer: analyze: decodedCode=null
09-02 11:20:46.531 26625 26625 D DpmFrameAnalyzer: analyze: result status=NO_CODE, code=null, source=null
09-02 11:20:46.539 26625 26923 D DpmFrameAnalyzer: analyze: bitmap converted, size=1080x1440, scanRoi=Rect(151, 331 - 928, 1108)
09-02 11:20:46.539 26625 26625 D DpmAnalyzer: analyze: frame=1080x1440, roi=Rect(151, 331 - 928, 1108), focus=FOCUSED, mode=SCAN
09-02 11:20:46.539 26625 26625 D DpmAnalyzer: analyze: THROTTLED by timing gate
09-02 11:20:46.539 26625 26625 D DpmFrameAnalyzer: analyze: result status=THROTTLED, code=null, source=null
09-02 11:20:46.540 26625 26923 D DpmFrameAnalyzer: analyze: frame received, format=35, size=1440x1080, rotation=90
09-02 11:20:46.635 26625 26923 D DpmFrameAnalyzer: analyze: bitmap converted, size=1080x1440, scanRoi=Rect(151, 331 - 928, 1108)
09-02 11:20:46.635 26625 26625 D DpmAnalyzer: analyze: frame=1080x1440, roi=Rect(151, 331 - 928, 1108), focus=FOCUSED, mode=SCAN
09-02 11:20:46.636 26625 26625 D DpmAnalyzer: analyze: THROTTLED by timing gate
09-02 11:20:46.636 26625 26625 D DpmFrameAnalyzer: analyze: result status=THROTTLED, code=null, source=null
09-02 11:20:46.636 26625 26923 D DpmFrameAnalyzer: analyze: frame received, format=35, size=1440x1080, rotation=90
09-02 11:20:46.710 26625 26923 D DpmFrameAnalyzer: analyze: bitmap converted, size=1080x1440, scanRoi=Rect(151, 331 - 928, 1108)
09-02 11:20:46.711 26625 26625 D DpmAnalyzer: analyze: frame=1080x1440, roi=Rect(151, 331 - 928, 1108), focus=FOCUSED, mode=SCAN
09-02 11:20:46.711 26625 26625 D DpmAnalyzer: analyze: THROTTLED by timing gate
09-02 11:20:46.711 26625 26625 D DpmFrameAnalyzer: analyze: result status=THROTTLED, code=null, source=null
09-02 11:20:46.711 26625 26923 D DpmFrameAnalyzer: analyze: frame received, format=35, size=1440x1080, rotation=90
09-02 11:20:46.780 26625 26923 D DpmFrameAnalyzer: analyze: bitmap converted, size=1080x1440, scanRoi=Rect(151, 331 - 928, 1108)
09-02 11:20:46.780 26625 26625 D DpmAnalyzer: analyze: frame=1080x1440, roi=Rect(151, 331 - 928, 1108), focus=FOCUSED, mode=SCAN
09-02 11:20:46.780 26625 26625 D DpmAnalyzer: analyze: starting performMultiStrategyDecode
09-02 11:20:46.780 26625 26625 D DpmAnalyzer: performMultiStrategyDecode: frame=1080x1440, roi=Rect(151, 331 - 928, 1108), strategies=1
09-02 11:20:46.780 26625 26923 D DpmFrameAnalyzer: analyze: frame received, format=35, size=1440x1080, rotation=90
09-02 11:20:46.802 26625 26625 D DpmAnalyzer: Stage1: ROI 777x777 → scaled 400x399
09-02 11:20:46.854 26625 26923 D DpmFrameAnalyzer: analyze: bitmap converted, size=1080x1440, scanRoi=Rect(151, 331 - 928, 1108)
09-02 11:20:46.854 26625 26625 D DpmAnalyzer: Stage1: MISS
09-02 11:20:46.855 26625 26625 D DpmAnalyzer: scanRoi present, skipping full-image stages
09-02 11:20:46.855 26625 26625 D DpmAnalyzer: analyze: decodedCode=null
09-02 11:20:46.855 26625 26625 D DpmFrameAnalyzer: analyze: result status=NO_CODE, code=null, source=null
09-02 11:20:46.855 26625 26923 D DpmFrameAnalyzer: analyze: frame received, format=35, size=1440x1080, rotation=90
09-02 11:20:46.858 26625 26625 D DpmAnalyzer: analyze: frame=1080x1440, roi=Rect(151, 331 - 928, 1108), focus=FOCUSED, mode=SCAN
09-02 11:20:46.858 26625 26625 D DpmAnalyzer: analyze: THROTTLED by timing gate
09-02 11:20:46.858 26625 26625 D DpmFrameAnalyzer: analyze: result status=THROTTLED, code=null, source=null
09-02 11:20:46.952 26625 26923 D DpmFrameAnalyzer: analyze: bitmap converted, size=1080x1440, scanRoi=Rect(151, 331 - 928, 1108)
09-02 11:20:46.953 26625 26923 D DpmFrameAnalyzer: analyze: frame received, format=35, size=1440x1080, rotation=90
09-02 11:20:46.954 26625 26625 D DpmAnalyzer: analyze: frame=1080x1440, roi=Rect(151, 331 - 928, 1108), focus=FOCUSED, mode=SCAN
09-02 11:20:46.954 26625 26625 D DpmAnalyzer: analyze: THROTTLED by timing gate
09-02 11:20:46.954 26625 26625 D DpmFrameAnalyzer: analyze: result status=THROTTLED, code=null, source=null
09-02 11:20:47.044 26625 26923 D DpmFrameAnalyzer: analyze: bitmap converted, size=1080x1440, scanRoi=Rect(151, 331 - 928, 1108)
09-02 11:20:47.044 26625 26625 D DpmAnalyzer: analyze: frame=1080x1440, roi=Rect(151, 331 - 928, 1108), focus=FOCUSED, mode=SCAN
09-02 11:20:47.044 26625 26625 D DpmAnalyzer: analyze: THROTTLED by timing gate
09-02 11:20:47.044 26625 26625 D DpmFrameAnalyzer: analyze: result status=THROTTLED, code=null, source=null
09-02 11:20:47.044 26625 26923 D DpmFrameAnalyzer: analyze: frame received, format=35, size=1440x1080, rotation=90
09-02 11:20:47.116 26625 26923 D DpmFrameAnalyzer: analyze: bitmap converted, size=1080x1440, scanRoi=Rect(151, 331 - 928, 1108)
09-02 11:20:47.117 26625 26625 D DpmAnalyzer: analyze: frame=1080x1440, roi=Rect(151, 331 - 928, 1108), focus=FOCUSED, mode=SCAN
09-02 11:20:47.117 26625 26625 D DpmAnalyzer: analyze: starting performMultiStrategyDecode
09-02 11:20:47.117 26625 26625 D DpmAnalyzer: performMultiStrategyDecode: frame=1080x1440, roi=Rect(151, 331 - 928, 1108), strategies=1
09-02 11:20:47.117 26625 26923 D DpmFrameAnalyzer: analyze: frame received, format=35, size=1440x1080, rotation=90
09-02 11:20:47.139 26625 26625 D DpmAnalyzer: Stage1: ROI 777x777 → scaled 400x399
09-02 11:20:47.193 26625 26923 D DpmFrameAnalyzer: analyze: bitmap converted, size=1080x1440, scanRoi=Rect(151, 331 - 928, 1108)
09-02 11:20:47.193 26625 26625 D DpmAnalyzer: analyze: frame=1080x1440, roi=Rect(151, 331 - 928, 1108), focus=FOCUSED, mode=SCAN
09-02 11:20:47.193 26625 26625 D DpmAnalyzer: analyze: THROTTLED (already running)
09-02 11:20:47.193 26625 26625 D DpmFrameAnalyzer: analyze: result status=THROTTLED, code=null, source=null
09-02 11:20:47.195 26625 26923 D DpmFrameAnalyzer: analyze: frame received, format=35, size=1440x1080, rotation=90
09-02 11:20:47.214 26625 26625 D DpmAnalyzer: Stage1: MISS
09-02 11:20:47.214 26625 26625 D DpmAnalyzer: scanRoi present, skipping full-image stages
09-02 11:20:47.214 26625 26625 D DpmAnalyzer: analyze: decodedCode=null
09-02 11:20:47.214 26625 26625 D DpmFrameAnalyzer: analyze: result status=NO_CODE, code=null, source=null
09-02 11:20:47.293 26625 26923 D DpmFrameAnalyzer: analyze: bitmap converted, size=1080x1440, scanRoi=Rect(151, 331 - 928, 1108)
09-02 11:20:47.293 26625 26625 D DpmAnalyzer: analyze: frame=1080x1440, roi=Rect(151, 331 - 928, 1108), focus=FOCUSED, mode=SCAN
09-02 11:20:47.293 26625 26625 D DpmAnalyzer: analyze: THROTTLED by timing gate
09-02 11:20:47.293 26625 26625 D DpmFrameAnalyzer: analyze: result status=THROTTLED, code=null, source=null
09-02 11:20:47.294 26625 26923 D DpmFrameAnalyzer: analyze: frame received, format=35, size=1440x1080, rotation=90
09-02 11:20:47.391 26625 26923 D DpmFrameAnalyzer: analyze: bitmap converted, size=1080x1440, scanRoi=Rect(151, 331 - 928, 1108)
09-02 11:20:47.391 26625 26923 D DpmFrameAnalyzer: analyze: frame received, format=35, size=1440x1080, rotation=90
09-02 11:20:47.392 26625 26625 D DpmAnalyzer: analyze: frame=1080x1440, roi=Rect(151, 331 - 928, 1108), focus=FOCUSED, mode=SCAN
09-02 11:20:47.392 26625 26625 D DpmAnalyzer: analyze: THROTTLED by timing gate
09-02 11:20:47.392 26625 26625 D DpmFrameAnalyzer: analyze: result status=THROTTLED, code=null, source=null
09-02 11:20:47.486 26625 26923 D DpmFrameAnalyzer: analyze: bitmap converted, size=1080x1440, scanRoi=Rect(151, 331 - 928, 1108)
09-02 11:20:47.487 26625 26923 D DpmFrameAnalyzer: analyze: frame received, format=35, size=1440x1080, rotation=90
09-02 11:20:47.488 26625 26625 D DpmAnalyzer: analyze: frame=1080x1440, roi=Rect(151, 331 - 928, 1108), focus=FOCUSED, mode=SCAN
09-02 11:20:47.488 26625 26625 D DpmAnalyzer: analyze: starting performMultiStrategyDecode
09-02 11:20:47.488 26625 26625 D DpmAnalyzer: performMultiStrategyDecode: frame=1080x1440, roi=Rect(151, 331 - 928, 1108), strategies=1
09-02 11:20:47.501 26625 26625 D DpmAnalyzer: Stage1: ROI 777x777 → scaled 400x399
09-02 11:20:47.581 26625 26923 D DpmFrameAnalyzer: analyze: bitmap converted, size=1080x1440, scanRoi=Rect(151, 331 - 928, 1108)
09-02 11:20:47.582 26625 26923 D DpmFrameAnalyzer: analyze: frame received, format=35, size=1440x1080, rotation=90
09-02 11:20:47.582 26625 26625 D DpmAnalyzer: Stage1: MISS
09-02 11:20:47.582 26625 26625 D DpmAnalyzer: scanRoi present, skipping full-image stages
09-02 11:20:47.583 26625 26625 D DpmAnalyzer: analyze: decodedCode=null
09-02 11:20:47.583 26625 26625 D DpmFrameAnalyzer: analyze: result status=NO_CODE, code=null, source=null
09-02 11:20:47.584 26625 26625 D DpmAnalyzer: analyze: frame=1080x1440, roi=Rect(151, 331 - 928, 1108), focus=FOCUSED, mode=SCAN
09-02 11:20:47.584 26625 26625 D DpmAnalyzer: analyze: THROTTLED by timing gate
09-02 11:20:47.584 26625 26625 D DpmFrameAnalyzer: analyze: result status=THROTTLED, code=null, source=null
09-02 11:20:47.678 26625 26923 D DpmFrameAnalyzer: analyze: bitmap converted, size=1080x1440, scanRoi=Rect(151, 331 - 928, 1108)
09-02 11:20:47.679 26625 26625 D DpmAnalyzer: analyze: frame=1080x1440, roi=Rect(151, 331 - 928, 1108), focus=FOCUSED, mode=SCAN
09-02 11:20:47.679 26625 26625 D DpmAnalyzer: analyze: THROTTLED by timing gate
09-02 11:20:47.679 26625 26625 D DpmFrameAnalyzer: analyze: result status=THROTTLED, code=null, source=null
09-02 11:20:47.679 26625 26923 D DpmFrameAnalyzer: analyze: frame received, format=35, size=1440x1080, rotation=90
09-02 11:20:47.763 26625 26923 D DpmFrameAnalyzer: analyze: bitmap converted, size=1080x1440, scanRoi=Rect(151, 331 - 928, 1108)
09-02 11:20:47.763 26625 26625 D DpmAnalyzer: analyze: frame=1080x1440, roi=Rect(151, 331 - 928, 1108), focus=FOCUSED, mode=SCAN
09-02 11:20:47.763 26625 26625 D DpmAnalyzer: analyze: THROTTLED by timing gate
09-02 11:20:47.763 26625 26625 D DpmFrameAnalyzer: analyze: result status=THROTTLED, code=null, source=null
09-02 11:20:47.764 26625 26923 D DpmFrameAnalyzer: analyze: frame received, format=35, size=1440x1080, rotation=90
09-02 11:20:47.860 26625 26923 D DpmFrameAnalyzer: analyze: bitmap converted, size=1080x1440, scanRoi=Rect(151, 331 - 928, 1108)
09-02 11:20:47.860 26625 26625 D DpmAnalyzer: analyze: frame=1080x1440, roi=Rect(151, 331 - 928, 1108), focus=FOCUSED, mode=SCAN
09-02 11:20:47.860 26625 26625 D DpmAnalyzer: analyze: starting performMultiStrategyDecode
09-02 11:20:47.860 26625 26625 D DpmAnalyzer: performMultiStrategyDecode: frame=1080x1440, roi=Rect(151, 331 - 928, 1108), strategies=1
09-02 11:20:47.860 26625 26923 D DpmFrameAnalyzer: analyze: frame received, format=35, size=1440x1080, rotation=90
09-02 11:20:47.872 26625 26625 D DpmAnalyzer: Stage1: ROI 777x777 → scaled 400x399
09-02 11:20:47.943 26625 26625 D DpmAnalyzer: Stage1: MISS
09-02 11:20:47.943 26625 26625 D DpmAnalyzer: scanRoi present, skipping full-image stages
09-02 11:20:47.943 26625 26625 D DpmAnalyzer: analyze: decodedCode=null
09-02 11:20:47.943 26625 26625 D DpmFrameAnalyzer: analyze: result status=NO_CODE, code=null, source=null
09-02 11:20:47.956 26625 26923 D DpmFrameAnalyzer: analyze: bitmap converted, size=1080x1440, scanRoi=Rect(151, 331 - 928, 1108)
09-02 11:20:47.956 26625 26625 D DpmAnalyzer: analyze: frame=1080x1440, roi=Rect(151, 331 - 928, 1108), focus=FOCUSED, mode=SCAN
09-02 11:20:47.956 26625 26625 D DpmAnalyzer: analyze: THROTTLED by timing gate
09-02 11:20:47.956 26625 26625 D DpmFrameAnalyzer: analyze: result status=THROTTLED, code=null, source=null
09-02 11:20:47.957 26625 26923 D DpmFrameAnalyzer: analyze: frame received, format=35, size=1440x1080, rotation=90
09-02 11:20:48.055 26625 26923 D DpmFrameAnalyzer: analyze: bitmap converted, size=1080x1440, scanRoi=Rect(151, 331 - 928, 1108)
09-02 11:20:48.056 26625 26625 D DpmAnalyzer: analyze: frame=1080x1440, roi=Rect(151, 331 - 928, 1108), focus=FOCUSED, mode=SCAN
09-02 11:20:48.056 26625 26625 D DpmAnalyzer: analyze: THROTTLED by timing gate
09-02 11:20:48.056 26625 26625 D DpmFrameAnalyzer: analyze: result status=THROTTLED, code=null, source=null
09-02 11:20:48.058 26625 26923 D DpmFrameAnalyzer: analyze: frame received, format=35, size=1440x1080, rotation=90
09-02 11:20:48.154 26625 26923 D DpmFrameAnalyzer: analyze: bitmap converted, size=1080x1440, scanRoi=Rect(151, 331 - 928, 1108)
09-02 11:20:48.155 26625 26625 D DpmAnalyzer: analyze: frame=1080x1440, roi=Rect(151, 331 - 928, 1108), focus=FOCUSED, mode=SCAN
09-02 11:20:48.155 26625 26923 D DpmFrameAnalyzer: analyze: frame received, format=35, size=1440x1080, rotation=90
09-02 11:20:48.155 26625 26625 D DpmAnalyzer: analyze: starting performMultiStrategyDecode
09-02 11:20:48.155 26625 26625 D DpmAnalyzer: performMultiStrategyDecode: frame=1080x1440, roi=Rect(151, 331 - 928, 1108), strategies=1
09-02 11:20:48.181 26625 26625 D DpmAnalyzer: Stage1: ROI 777x777 → scaled 400x399
09-02 11:20:48.233 26625 26625 D DpmAnalyzer: Stage1: MISS
09-02 11:20:48.233 26625 26625 D DpmAnalyzer: scanRoi present, skipping full-image stages
09-02 11:20:48.233 26625 26625 D DpmAnalyzer: analyze: decodedCode=null
09-02 11:20:48.233 26625 26625 D DpmFrameAnalyzer: analyze: result status=NO_CODE, code=null, source=null
09-02 11:20:48.236 26625 26923 D DpmFrameAnalyzer: analyze: bitmap converted, size=1080x1440, scanRoi=Rect(151, 331 - 928, 1108)
09-02 11:20:48.237 26625 26625 D DpmAnalyzer: analyze: frame=1080x1440, roi=Rect(151, 331 - 928, 1108), focus=FOCUSED, mode=SCAN
09-02 11:20:48.237 26625 26625 D DpmAnalyzer: analyze: THROTTLED by timing gate
09-02 11:20:48.237 26625 26625 D DpmFrameAnalyzer: analyze: result status=THROTTLED, code=null, source=null
09-02 11:20:48.237 26625 26923 D DpmFrameAnalyzer: analyze: frame received, format=35, size=1440x1080, rotation=90
09-02 11:20:48.330 26625 26923 D DpmFrameAnalyzer: analyze: bitmap converted, size=1080x1440, scanRoi=Rect(151, 331 - 928, 1108)
09-02 11:20:48.330 26625 26625 D DpmAnalyzer: analyze: frame=1080x1440, roi=Rect(151, 331 - 928, 1108), focus=FOCUSED, mode=SCAN
09-02 11:20:48.330 26625 26625 D DpmAnalyzer: analyze: THROTTLED by timing gate
09-02 11:20:48.331 26625 26625 D DpmFrameAnalyzer: analyze: result status=THROTTLED, code=null, source=null
09-02 11:20:48.331 26625 26923 D DpmFrameAnalyzer: analyze: frame received, format=35, size=1440x1080, rotation=90
09-02 11:20:48.412 26625 26923 D DpmFrameAnalyzer: analyze: bitmap converted, size=1080x1440, scanRoi=Rect(151, 331 - 928, 1108)
09-02 11:20:48.412 26625 26625 D DpmAnalyzer: analyze: frame=1080x1440, roi=Rect(151, 331 - 928, 1108), focus=FOCUSED, mode=SCAN
09-02 11:20:48.413 26625 26625 D DpmAnalyzer: analyze: THROTTLED by timing gate
09-02 11:20:48.413 26625 26625 D DpmFrameAnalyzer: analyze: result status=THROTTLED, code=null, source=null
09-02 11:20:48.413 26625 26923 D DpmFrameAnalyzer: analyze: frame received, format=35, size=1440x1080, rotation=90
09-02 11:20:48.504 26625 26923 D DpmFrameAnalyzer: analyze: bitmap converted, size=1080x1440, scanRoi=Rect(151, 331 - 928, 1108)
09-02 11:20:48.505 26625 26625 D DpmAnalyzer: analyze: frame=1080x1440, roi=Rect(151, 331 - 928, 1108), focus=FOCUSED, mode=SCAN
09-02 11:20:48.505 26625 26625 D DpmAnalyzer: analyze: starting performMultiStrategyDecode
09-02 11:20:48.505 26625 26923 D DpmFrameAnalyzer: analyze: frame received, format=35, size=1440x1080, rotation=90
09-02 11:20:48.505 26625 26625 D DpmAnalyzer: performMultiStrategyDecode: frame=1080x1440, roi=Rect(151, 331 - 928, 1108), strategies=1
09-02 11:20:48.518 26625 26625 D DpmAnalyzer: Stage1: ROI 777x777 → scaled 400x399
09-02 11:20:48.592 26625 26923 D DpmFrameAnalyzer: analyze: bitmap converted, size=1080x1440, scanRoi=Rect(151, 331 - 928, 1108)
09-02 11:20:48.592 26625 26625 D DpmAnalyzer: analyze: frame=1080x1440, roi=Rect(151, 331 - 928, 1108), focus=FOCUSED, mode=SCAN
09-02 11:20:48.592 26625 26625 D DpmAnalyzer: analyze: THROTTLED (already running)
09-02 11:20:48.592 26625 26625 D DpmFrameAnalyzer: analyze: result status=THROTTLED, code=null, source=null
09-02 11:20:48.594 26625 26923 D DpmFrameAnalyzer: analyze: frame received, format=35, size=1440x1080, rotation=90
09-02 11:20:48.604 26625 26625 D DpmAnalyzer: Stage1: MISS
09-02 11:20:48.604 26625 26625 D DpmAnalyzer: scanRoi present, skipping full-image stages
09-02 11:20:48.604 26625 26625 D DpmAnalyzer: analyze: decodedCode=null
09-02 11:20:48.604 26625 26625 D DpmFrameAnalyzer: analyze: result status=NO_CODE, code=null, source=null
09-02 11:20:48.691 26625 26923 D DpmFrameAnalyzer: analyze: bitmap converted, size=1080x1440, scanRoi=Rect(151, 331 - 928, 1108)
09-02 11:20:48.692 26625 26625 D DpmAnalyzer: analyze: frame=1080x1440, roi=Rect(151, 331 - 928, 1108), focus=FOCUSED, mode=SCAN
09-02 11:20:48.692 26625 26625 D DpmAnalyzer: analyze: THROTTLED by timing gate
09-02 11:20:48.692 26625 26625 D DpmFrameAnalyzer: analyze: result status=THROTTLED, code=null, source=null
09-02 11:20:48.692 26625 26923 D DpmFrameAnalyzer: analyze: frame received, format=35, size=1440x1080, rotation=90
09-02 11:20:48.776 26625 26923 D DpmFrameAnalyzer: analyze: bitmap converted, size=1080x1440, scanRoi=Rect(151, 331 - 928, 1108)
09-02 11:20:48.777 26625 26625 D DpmAnalyzer: analyze: frame=1080x1440, roi=Rect(151, 331 - 928, 1108), focus=FOCUSED, mode=SCAN
09-02 11:20:48.777 26625 26625 D DpmAnalyzer: analyze: THROTTLED by timing gate
09-02 11:20:48.777 26625 26625 D DpmFrameAnalyzer: analyze: result status=THROTTLED, code=null, source=null
09-02 11:20:48.777 26625 26923 D DpmFrameAnalyzer: analyze: frame received, format=35, size=1440x1080, rotation=90
09-02 11:20:48.851 26625 26923 D DpmFrameAnalyzer: analyze: bitmap converted, size=1080x1440, scanRoi=Rect(151, 331 - 928, 1108)
09-02 11:20:48.851 26625 26625 D DpmAnalyzer: analyze: frame=1080x1440, roi=Rect(151, 331 - 928, 1108), focus=FOCUSED, mode=SCAN
09-02 11:20:48.851 26625 26625 D DpmAnalyzer: analyze: starting performMultiStrategyDecode
09-02 11:20:48.851 26625 26625 D DpmAnalyzer: performMultiStrategyDecode: frame=1080x1440, roi=Rect(151, 331 - 928, 1108), strategies=1
09-02 11:20:48.851 26625 26923 D DpmFrameAnalyzer: analyze: frame received, format=35, size=1440x1080, rotation=90
09-02 11:20:48.862 26625 26625 D DpmAnalyzer: Stage1: ROI 777x777 → scaled 400x399
09-02 11:20:48.925 26625 26923 D DpmFrameAnalyzer: analyze: bitmap converted, size=1080x1440, scanRoi=Rect(151, 331 - 928, 1108)
09-02 11:20:48.926 26625 26625 D DpmAnalyzer: analyze: frame=1080x1440, roi=Rect(151, 331 - 928, 1108), focus=FOCUSED, mode=SCAN
09-02 11:20:48.926 26625 26625 D DpmAnalyzer: analyze: THROTTLED (already running)
09-02 11:20:48.926 26625 26625 D DpmFrameAnalyzer: analyze: result status=THROTTLED, code=null, source=null
09-02 11:20:48.926 26625 26923 D DpmFrameAnalyzer: analyze: frame received, format=35, size=1440x1080, rotation=90
09-02 11:20:48.933 26625 26625 D DpmAnalyzer: Stage1: MISS
09-02 11:20:48.933 26625 26625 D DpmAnalyzer: scanRoi present, skipping full-image stages
09-02 11:20:48.933 26625 26625 D DpmAnalyzer: analyze: decodedCode=null
09-02 11:20:48.933 26625 26625 D DpmFrameAnalyzer: analyze: result status=NO_CODE, code=null, source=null
09-02 11:20:49.022 26625 26923 D DpmFrameAnalyzer: analyze: bitmap converted, size=1080x1440, scanRoi=Rect(151, 331 - 928, 1108)
09-02 11:20:49.022 26625 26625 D DpmAnalyzer: analyze: frame=1080x1440, roi=Rect(151, 331 - 928, 1108), focus=FOCUSED, mode=SCAN
09-02 11:20:49.022 26625 26625 D DpmAnalyzer: analyze: THROTTLED by timing gate
09-02 11:20:49.022 26625 26625 D DpmFrameAnalyzer: analyze: result status=THROTTLED, code=null, source=null
09-02 11:20:49.023 26625 26923 D DpmFrameAnalyzer: analyze: frame received, format=35, size=1440x1080, rotation=90
09-02 11:20:49.103 26625 26923 D DpmFrameAnalyzer: analyze: bitmap converted, size=1080x1440, scanRoi=Rect(151, 331 - 928, 1108)
09-02 11:20:49.104 26625 26923 D DpmFrameAnalyzer: analyze: frame received, format=35, size=1440x1080, rotation=90
09-02 11:20:49.105 26625 26625 D DpmAnalyzer: analyze: frame=1080x1440, roi=Rect(151, 331 - 928, 1108), focus=FOCUSED, mode=SCAN
09-02 11:20:49.105 26625 26625 D DpmAnalyzer: analyze: THROTTLED by timing gate
09-02 11:20:49.105 26625 26625 D DpmFrameAnalyzer: analyze: result status=THROTTLED, code=null, source=null
09-02 11:20:49.195 26625 26923 D DpmFrameAnalyzer: analyze: bitmap converted, size=1080x1440, scanRoi=Rect(151, 331 - 928, 1108)
09-02 11:20:49.195 26625 26625 D DpmAnalyzer: analyze: frame=1080x1440, roi=Rect(151, 331 - 928, 1108), focus=FOCUSED, mode=SCAN
09-02 11:20:49.195 26625 26625 D DpmAnalyzer: analyze: starting performMultiStrategyDecode
09-02 11:20:49.196 26625 26625 D DpmAnalyzer: performMultiStrategyDecode: frame=1080x1440, roi=Rect(151, 331 - 928, 1108), strategies=1
09-02 11:20:49.196 26625 26923 D DpmFrameAnalyzer: analyze: frame received, format=35, size=1440x1080, rotation=90
09-02 11:20:49.209 26625 26625 D DpmAnalyzer: Stage1: ROI 777x777 → scaled 400x399
09-02 11:20:49.268 26625 26625 D DpmAnalyzer: Stage1: MISS
09-02 11:20:49.268 26625 26625 D DpmAnalyzer: scanRoi present, skipping full-image stages
09-02 11:20:49.268 26625 26625 D DpmAnalyzer: analyze: decodedCode=null
09-02 11:20:49.268 26625 26625 D DpmFrameAnalyzer: analyze: result status=NO_CODE, code=null, source=null
09-02 11:20:49.290 26625 26923 D DpmFrameAnalyzer: analyze: bitmap converted, size=1080x1440, scanRoi=Rect(151, 331 - 928, 1108)
09-02 11:20:49.291 26625 26625 D DpmAnalyzer: analyze: frame=1080x1440, roi=Rect(151, 331 - 928, 1108), focus=FOCUSED, mode=SCAN
09-02 11:20:49.292 26625 26625 D DpmAnalyzer: analyze: THROTTLED by timing gate
09-02 11:20:49.292 26625 26625 D DpmFrameAnalyzer: analyze: result status=THROTTLED, code=null, source=null
09-02 11:20:49.292 26625 26923 D DpmFrameAnalyzer: analyze: frame received, format=35, size=1440x1080, rotation=90
09-02 11:20:49.389 26625 26923 D DpmFrameAnalyzer: analyze: bitmap converted, size=1080x1440, scanRoi=Rect(151, 331 - 928, 1108)
09-02 11:20:49.390 26625 26625 D DpmAnalyzer: analyze: frame=1080x1440, roi=Rect(151, 331 - 928, 1108), focus=FOCUSED, mode=SCAN
09-02 11:20:49.390 26625 26625 D DpmAnalyzer: analyze: THROTTLED by timing gate
09-02 11:20:49.390 26625 26625 D DpmFrameAnalyzer: analyze: result status=THROTTLED, code=null, source=null
09-02 11:20:49.391 26625 26923 D DpmFrameAnalyzer: analyze: frame received, format=35, size=1440x1080, rotation=90
09-02 11:20:49.477 26625 26923 D DpmFrameAnalyzer: analyze: bitmap converted, size=1080x1440, scanRoi=Rect(151, 331 - 928, 1108)
09-02 11:20:49.477 26625 26625 D DpmAnalyzer: analyze: frame=1080x1440, roi=Rect(151, 331 - 928, 1108), focus=FOCUSED, mode=SCAN
09-02 11:20:49.477 26625 26625 D DpmAnalyzer: analyze: starting performMultiStrategyDecode
09-02 11:20:49.477 26625 26625 D DpmAnalyzer: performMultiStrategyDecode: frame=1080x1440, roi=Rect(151, 331 - 928, 1108), strategies=1
09-02 11:20:49.477 26625 26923 D DpmFrameAnalyzer: analyze: frame received, format=35, size=1440x1080, rotation=90
09-02 11:20:49.497 26625 26625 D DpmAnalyzer: Stage1: ROI 777x777 → scaled 400x399
09-02 11:20:49.559 26625 26625 D DpmAnalyzer: Stage1: MISS
09-02 11:20:49.559 26625 26625 D DpmAnalyzer: scanRoi present, skipping full-image stages
09-02 11:20:49.559 26625 26625 D DpmAnalyzer: analyze: decodedCode=null
09-02 11:20:49.559 26625 26625 D DpmFrameAnalyzer: analyze: result status=NO_CODE, code=null, source=null
09-02 11:20:49.567 26625 26923 D DpmFrameAnalyzer: analyze: bitmap converted, size=1080x1440, scanRoi=Rect(151, 331 - 928, 1108)
09-02 11:20:49.568 26625 26625 D DpmAnalyzer: analyze: frame=1080x1440, roi=Rect(151, 331 - 928, 1108), focus=FOCUSED, mode=SCAN
09-02 11:20:49.568 26625 26625 D DpmAnalyzer: analyze: THROTTLED by timing gate
09-02 11:20:49.568 26625 26625 D DpmFrameAnalyzer: analyze: result status=THROTTLED, code=null, source=null
09-02 11:20:49.569 26625 26923 D DpmFrameAnalyzer: analyze: frame received, format=35, size=1440x1080, rotation=90
09-02 11:20:49.666 26625 26923 D DpmFrameAnalyzer: analyze: bitmap converted, size=1080x1440, scanRoi=Rect(151, 331 - 928, 1108)
09-02 11:20:49.667 26625 26625 D DpmAnalyzer: analyze: frame=1080x1440, roi=Rect(151, 331 - 928, 1108), focus=FOCUSED, mode=SCAN
09-02 11:20:49.667 26625 26625 D DpmAnalyzer: analyze: THROTTLED by timing gate
09-02 11:20:49.667 26625 26625 D DpmFrameAnalyzer: analyze: result status=THROTTLED, code=null, source=null
09-02 11:20:49.667 26625 26923 D DpmFrameAnalyzer: analyze: frame received, format=35, size=1440x1080, rotation=90
09-02 11:20:49.763 26625 26923 D DpmFrameAnalyzer: analyze: bitmap converted, size=1080x1440, scanRoi=Rect(151, 331 - 928, 1108)
09-02 11:20:49.764 26625 26625 D DpmAnalyzer: analyze: frame=1080x1440, roi=Rect(151, 331 - 928, 1108), focus=FOCUSED, mode=SCAN
09-02 11:20:49.764 26625 26625 D DpmAnalyzer: analyze: starting performMultiStrategyDecode
09-02 11:20:49.764 26625 26625 D DpmAnalyzer: performMultiStrategyDecode: frame=1080x1440, roi=Rect(151, 331 - 928, 1108), strategies=1
09-02 11:20:49.764 26625 26923 D DpmFrameAnalyzer: analyze: frame received, format=35, size=1440x1080, rotation=90
09-02 11:20:49.782 26625 26625 D DpmAnalyzer: Stage1: ROI 777x777 → scaled 400x399
09-02 11:20:49.850 26625 26625 D DpmAnalyzer: Stage1: MISS
09-02 11:20:49.850 26625 26625 D DpmAnalyzer: scanRoi present, skipping full-image stages
09-02 11:20:49.850 26625 26625 D DpmAnalyzer: analyze: decodedCode=null
09-02 11:20:49.850 26625 26625 D DpmFrameAnalyzer: analyze: result status=NO_CODE, code=null, source=null
09-02 11:20:49.854 26625 26923 D DpmFrameAnalyzer: analyze: bitmap converted, size=1080x1440, scanRoi=Rect(151, 331 - 928, 1108)
09-02 11:20:49.855 26625 26625 D DpmAnalyzer: analyze: frame=1080x1440, roi=Rect(151, 331 - 928, 1108), focus=FOCUSED, mode=SCAN
09-02 11:20:49.855 26625 26625 D DpmAnalyzer: analyze: THROTTLED by timing gate
09-02 11:20:49.855 26625 26625 D DpmFrameAnalyzer: analyze: result status=THROTTLED, code=null, source=null
09-02 11:20:49.856 26625 26923 D DpmFrameAnalyzer: analyze: frame received, format=35, size=1440x1080, rotation=90
09-02 11:20:49.954 26625 26923 D DpmFrameAnalyzer: analyze: bitmap converted, size=1080x1440, scanRoi=Rect(151, 331 - 928, 1108)
09-02 11:20:49.955 26625 26625 D DpmAnalyzer: analyze: frame=1080x1440, roi=Rect(151, 331 - 928, 1108), focus=FOCUSED, mode=SCAN
09-02 11:20:49.955 26625 26625 D DpmAnalyzer: analyze: THROTTLED by timing gate
09-02 11:20:49.955 26625 26625 D DpmFrameAnalyzer: analyze: result status=THROTTLED, code=null, source=null
09-02 11:20:49.955 26625 26923 D DpmFrameAnalyzer: analyze: frame received, format=35, size=1440x1080, rotation=90
09-02 11:20:50.037 26625 26923 D DpmFrameAnalyzer: analyze: bitmap converted, size=1080x1440, scanRoi=Rect(151, 331 - 928, 1108)
09-02 11:20:50.037 26625 26625 D DpmAnalyzer: analyze: frame=1080x1440, roi=Rect(151, 331 - 928, 1108), focus=FOCUSED, mode=SCAN
09-02 11:20:50.037 26625 26625 D DpmAnalyzer: analyze: THROTTLED by timing gate
09-02 11:20:50.037 26625 26625 D DpmFrameAnalyzer: analyze: result status=THROTTLED, code=null, source=null
09-02 11:20:50.037 26625 26923 D DpmFrameAnalyzer: analyze: frame received, format=35, size=1440x1080, rotation=90
09-02 11:20:50.112 26625 26923 D DpmFrameAnalyzer: analyze: bitmap converted, size=1080x1440, scanRoi=Rect(151, 331 - 928, 1108)
09-02 11:20:50.112 26625 26625 D DpmAnalyzer: analyze: frame=1080x1440, roi=Rect(151, 331 - 928, 1108), focus=FOCUSED, mode=SCAN
09-02 11:20:50.112 26625 26625 D DpmAnalyzer: analyze: starting performMultiStrategyDecode
09-02 11:20:50.112 26625 26625 D DpmAnalyzer: performMultiStrategyDecode: frame=1080x1440, roi=Rect(151, 331 - 928, 1108), strategies=1
09-02 11:20:50.112 26625 26923 D DpmFrameAnalyzer: analyze: frame received, format=35, size=1440x1080, rotation=90
09-02 11:20:50.125 26625 26625 D DpmAnalyzer: Stage1: ROI 777x777 → scaled 400x399
09-02 11:20:50.187 26625 26923 D DpmFrameAnalyzer: analyze: bitmap converted, size=1080x1440, scanRoi=Rect(151, 331 - 928, 1108)
09-02 11:20:50.187 26625 26625 D DpmAnalyzer: analyze: frame=1080x1440, roi=Rect(151, 331 - 928, 1108), focus=FOCUSED, mode=SCAN
09-02 11:20:50.188 26625 26625 D DpmAnalyzer: analyze: THROTTLED (already running)
09-02 11:20:50.188 26625 26625 D DpmFrameAnalyzer: analyze: result status=THROTTLED, code=null, source=null
09-02 11:20:50.188 26625 26923 D DpmFrameAnalyzer: analyze: frame received, format=35, size=1440x1080, rotation=90
09-02 11:20:50.197 26625 26625 D DpmAnalyzer: Stage1: MISS
09-02 11:20:50.197 26625 26625 D DpmAnalyzer: scanRoi present, skipping full-image stages
09-02 11:20:50.197 26625 26625 D DpmAnalyzer: analyze: decodedCode=null
09-02 11:20:50.198 26625 26625 D DpmFrameAnalyzer: analyze: result status=NO_CODE, code=null, source=null
09-02 11:20:50.283 26625 26923 D DpmFrameAnalyzer: analyze: bitmap converted, size=1080x1440, scanRoi=Rect(151, 331 - 928, 1108)
09-02 11:20:50.283 26625 26625 D DpmAnalyzer: analyze: frame=1080x1440, roi=Rect(151, 331 - 928, 1108), focus=FOCUSED, mode=SCAN
09-02 11:20:50.283 26625 26625 D DpmAnalyzer: analyze: THROTTLED by timing gate
09-02 11:20:50.284 26625 26625 D DpmFrameAnalyzer: analyze: result status=THROTTLED, code=null, source=null
09-02 11:20:50.284 26625 26923 D DpmFrameAnalyzer: analyze: frame received, format=35, size=1440x1080, rotation=90
09-02 11:20:50.366 26625 26923 D DpmFrameAnalyzer: analyze: bitmap converted, size=1080x1440, scanRoi=Rect(151, 331 - 928, 1108)
09-02 11:20:50.367 26625 26625 D DpmAnalyzer: analyze: frame=1080x1440, roi=Rect(151, 331 - 928, 1108), focus=FOCUSED, mode=SCAN
09-02 11:20:50.367 26625 26625 D DpmAnalyzer: analyze: THROTTLED by timing gate
09-02 11:20:50.367 26625 26625 D DpmFrameAnalyzer: analyze: result status=THROTTLED, code=null, source=null
09-02 11:20:50.367 26625 26923 D DpmFrameAnalyzer: analyze: frame received, format=35, size=1440x1080, rotation=90
09-02 11:20:50.436 26625 26923 D DpmFrameAnalyzer: analyze: bitmap converted, size=1080x1440, scanRoi=Rect(151, 331 - 928, 1108)
09-02 11:20:50.437 26625 26923 D DpmFrameAnalyzer: analyze: frame received, format=35, size=1440x1080, rotation=90
09-02 11:20:50.437 26625 26625 D DpmAnalyzer: analyze: frame=1080x1440, roi=Rect(151, 331 - 928, 1108), focus=FOCUSED, mode=SCAN
09-02 11:20:50.437 26625 26625 D DpmAnalyzer: analyze: starting performMultiStrategyDecode
09-02 11:20:50.437 26625 26625 D DpmAnalyzer: performMultiStrategyDecode: frame=1080x1440, roi=Rect(151, 331 - 928, 1108), strategies=1
09-02 11:20:50.449 26625 26625 D DpmAnalyzer: Stage1: ROI 777x777 → scaled 400x399
09-02 11:20:50.505 26625 26625 D DpmAnalyzer: Stage1: MISS
09-02 11:20:50.505 26625 26625 D DpmAnalyzer: scanRoi present, skipping full-image stages
09-02 11:20:50.505 26625 26625 D DpmAnalyzer: analyze: decodedCode=null
09-02 11:20:50.505 26625 26625 D DpmFrameAnalyzer: analyze: result status=NO_CODE, code=null, source=null
09-02 11:20:50.517 26625 26923 D DpmFrameAnalyzer: analyze: bitmap converted, size=1080x1440, scanRoi=Rect(151, 331 - 928, 1108)
09-02 11:20:50.517 26625 26625 D DpmAnalyzer: analyze: frame=1080x1440, roi=Rect(151, 331 - 928, 1108), focus=FOCUSED, mode=SCAN
09-02 11:20:50.517 26625 26625 D DpmAnalyzer: analyze: THROTTLED by timing gate
09-02 11:20:50.518 26625 26625 D DpmFrameAnalyzer: analyze: result status=THROTTLED, code=null, source=null
09-02 11:20:50.518 26625 26923 D DpmFrameAnalyzer: analyze: frame received, format=35, size=1440x1080, rotation=90
09-02 11:20:50.610 26625 26923 D DpmFrameAnalyzer: analyze: bitmap converted, size=1080x1440, scanRoi=Rect(151, 331 - 928, 1108)
09-02 11:20:50.610 26625 26625 D DpmAnalyzer: analyze: frame=1080x1440, roi=Rect(151, 331 - 928, 1108), focus=FOCUSED, mode=SCAN
09-02 11:20:50.610 26625 26625 D DpmAnalyzer: analyze: THROTTLED by timing gate
09-02 11:20:50.610 26625 26923 D DpmFrameAnalyzer: analyze: frame received, format=35, size=1440x1080, rotation=90
09-02 11:20:50.610 26625 26625 D DpmFrameAnalyzer: analyze: result status=THROTTLED, code=null, source=null
09-02 11:20:50.686 26625 26923 D DpmFrameAnalyzer: analyze: bitmap converted, size=1080x1440, scanRoi=Rect(151, 331 - 928, 1108)
09-02 11:20:50.687 26625 26625 D DpmAnalyzer: analyze: frame=1080x1440, roi=Rect(151, 331 - 928, 1108), focus=FOCUSED, mode=SCAN
09-02 11:20:50.687 26625 26625 D DpmAnalyzer: analyze: THROTTLED by timing gate
09-02 11:20:50.687 26625 26625 D DpmFrameAnalyzer: analyze: result status=THROTTLED, code=null, source=null
09-02 11:20:50.688 26625 26923 D DpmFrameAnalyzer: analyze: frame received, format=35, size=1440x1080, rotation=90
09-02 11:20:50.759 26625 26923 D DpmFrameAnalyzer: analyze: bitmap converted, size=1080x1440, scanRoi=Rect(151, 331 - 928, 1108)
09-02 11:20:50.760 26625 26625 D DpmAnalyzer: analyze: frame=1080x1440, roi=Rect(151, 331 - 928, 1108), focus=FOCUSED, mode=SCAN
09-02 11:20:50.760 26625 26625 D DpmAnalyzer: analyze: starting performMultiStrategyDecode
09-02 11:20:50.760 26625 26625 D DpmAnalyzer: performMultiStrategyDecode: frame=1080x1440, roi=Rect(151, 331 - 928, 1108), strategies=1
09-02 11:20:50.760 26625 26923 D DpmFrameAnalyzer: analyze: frame received, format=35, size=1440x1080, rotation=90
09-02 11:20:50.768 26625 26625 D DpmAnalyzer: Stage1: ROI 777x777 → scaled 400x399
09-02 11:20:50.822 26625 26625 D DpmAnalyzer: Stage1: MISS
09-02 11:20:50.822 26625 26625 D DpmAnalyzer: scanRoi present, skipping full-image stages
09-02 11:20:50.822 26625 26625 D DpmAnalyzer: analyze: decodedCode=null
09-02 11:20:50.822 26625 26625 D DpmFrameAnalyzer: analyze: result status=NO_CODE, code=null, source=null
09-02 11:20:50.846 26625 26923 D DpmFrameAnalyzer: analyze: bitmap converted, size=1080x1440, scanRoi=Rect(151, 331 - 928, 1108)
09-02 11:20:50.847 26625 26625 D DpmAnalyzer: analyze: frame=1080x1440, roi=Rect(151, 331 - 928, 1108), focus=FOCUSED, mode=SCAN
09-02 11:20:50.847 26625 26625 D DpmAnalyzer: analyze: THROTTLED by timing gate
09-02 11:20:50.847 26625 26625 D DpmFrameAnalyzer: analyze: result status=THROTTLED, code=null, source=null
09-02 11:20:50.847 26625 26923 D DpmFrameAnalyzer: analyze: frame received, format=35, size=1440x1080, rotation=90
09-02 11:20:50.935 26625 26923 D DpmFrameAnalyzer: analyze: bitmap converted, size=1080x1440, scanRoi=Rect(151, 331 - 928, 1108)
09-02 11:20:50.936 26625 26923 D DpmFrameAnalyzer: analyze: frame received, format=35, size=1440x1080, rotation=90
09-02 11:20:50.937 26625 26625 D DpmAnalyzer: analyze: frame=1080x1440, roi=Rect(151, 331 - 928, 1108), focus=FOCUSED, mode=SCAN
09-02 11:20:50.937 26625 26625 D DpmAnalyzer: analyze: THROTTLED by timing gate
09-02 11:20:50.938 26625 26625 D DpmFrameAnalyzer: analyze: result status=THROTTLED, code=null, source=null
09-02 11:20:51.017 26625 26923 D DpmFrameAnalyzer: analyze: bitmap converted, size=1080x1440, scanRoi=Rect(151, 331 - 928, 1108)
09-02 11:20:51.018 26625 26625 D DpmAnalyzer: analyze: frame=1080x1440, roi=Rect(151, 331 - 928, 1108), focus=FOCUSED, mode=SCAN
09-02 11:20:51.018 26625 26625 D DpmAnalyzer: analyze: THROTTLED by timing gate
09-02 11:20:51.018 26625 26625 D DpmFrameAnalyzer: analyze: result status=THROTTLED, code=null, source=null
09-02 11:20:51.018 26625 26923 D DpmFrameAnalyzer: analyze: frame received, format=35, size=1440x1080, rotation=90
09-02 11:20:51.096 26625 26923 D DpmFrameAnalyzer: analyze: bitmap converted, size=1080x1440, scanRoi=Rect(151, 331 - 928, 1108)
09-02 11:20:51.096 26625 26625 D DpmAnalyzer: analyze: frame=1080x1440, roi=Rect(151, 331 - 928, 1108), focus=FOCUSED, mode=SCAN
09-02 11:20:51.097 26625 26625 D DpmAnalyzer: analyze: starting performMultiStrategyDecode
09-02 11:20:51.097 26625 26625 D DpmAnalyzer: performMultiStrategyDecode: frame=1080x1440, roi=Rect(151, 331 - 928, 1108), strategies=1
09-02 11:20:51.097 26625 26923 D DpmFrameAnalyzer: analyze: frame received, format=35, size=1440x1080, rotation=90
09-02 11:20:51.108 26625 26625 D DpmAnalyzer: Stage1: ROI 777x777 → scaled 400x399
09-02 11:20:51.166 26625 26923 D DpmFrameAnalyzer: analyze: bitmap converted, size=1080x1440, scanRoi=Rect(151, 331 - 928, 1108)
09-02 11:20:51.166 26625 26625 D DpmAnalyzer: analyze: frame=1080x1440, roi=Rect(151, 331 - 928, 1108), focus=FOCUSED, mode=SCAN
09-02 11:20:51.166 26625 26625 D DpmAnalyzer: analyze: THROTTLED (already running)
09-02 11:20:51.166 26625 26625 D DpmFrameAnalyzer: analyze: result status=THROTTLED, code=null, source=null
09-02 11:20:51.167 26625 26923 D DpmFrameAnalyzer: analyze: frame received, format=35, size=1440x1080, rotation=90
09-02 11:20:51.175 26625 26625 D DpmAnalyzer: Stage1: MISS
09-02 11:20:51.176 26625 26625 D DpmAnalyzer: scanRoi present, skipping full-image stages
09-02 11:20:51.176 26625 26625 D DpmAnalyzer: analyze: decodedCode=null
09-02 11:20:51.176 26625 26625 D DpmFrameAnalyzer: analyze: result status=NO_CODE, code=null, source=null
09-02 11:20:51.265 26625 26923 D DpmFrameAnalyzer: analyze: bitmap converted, size=1080x1440, scanRoi=Rect(151, 331 - 928, 1108)
09-02 11:20:51.266 26625 26625 D DpmAnalyzer: analyze: frame=1080x1440, roi=Rect(151, 331 - 928, 1108), focus=FOCUSED, mode=SCAN
09-02 11:20:51.266 26625 26625 D DpmAnalyzer: analyze: THROTTLED by timing gate
09-02 11:20:51.266 26625 26923 D DpmFrameAnalyzer: analyze: frame received, format=35, size=1440x1080, rotation=90
09-02 11:20:51.266 26625 26625 D DpmFrameAnalyzer: analyze: result status=THROTTLED, code=null, source=null
09-02 11:20:51.339 26625 26923 D DpmFrameAnalyzer: analyze: bitmap converted, size=1080x1440, scanRoi=Rect(151, 331 - 928, 1108)
09-02 11:20:51.339 26625 26625 D DpmAnalyzer: analyze: frame=1080x1440, roi=Rect(151, 331 - 928, 1108), focus=FOCUSED, mode=SCAN
09-02 11:20:51.339 26625 26625 D DpmAnalyzer: analyze: THROTTLED by timing gate
09-02 11:20:51.339 26625 26625 D DpmFrameAnalyzer: analyze: result status=THROTTLED, code=null, source=null
09-02 11:20:51.339 26625 26923 D DpmFrameAnalyzer: analyze: frame received, format=35, size=1440x1080, rotation=90
09-02 11:20:51.408 26625 26923 D DpmFrameAnalyzer: analyze: bitmap converted, size=1080x1440, scanRoi=Rect(151, 331 - 928, 1108)
09-02 11:20:51.409 26625 26625 D DpmAnalyzer: analyze: frame=1080x1440, roi=Rect(151, 331 - 928, 1108), focus=FOCUSED, mode=SCAN
09-02 11:20:51.409 26625 26625 D DpmAnalyzer: analyze: starting performMultiStrategyDecode
09-02 11:20:51.409 26625 26625 D DpmAnalyzer: performMultiStrategyDecode: frame=1080x1440, roi=Rect(151, 331 - 928, 1108), strategies=1
09-02 11:20:51.409 26625 26923 D DpmFrameAnalyzer: analyze: frame received, format=35, size=1440x1080, rotation=90
09-02 11:20:51.423 26625 26625 D DpmAnalyzer: Stage1: ROI 777x777 → scaled 400x399
09-02 11:20:51.478 26625 26923 D DpmFrameAnalyzer: analyze: bitmap converted, size=1080x1440, scanRoi=Rect(151, 331 - 928, 1108)
09-02 11:20:51.478 26625 26625 D DpmAnalyzer: analyze: frame=1080x1440, roi=Rect(151, 331 - 928, 1108), focus=FOCUSED, mode=SCAN
09-02 11:20:51.478 26625 26625 D DpmAnalyzer: analyze: THROTTLED (already running)
09-02 11:20:51.478 26625 26625 D DpmFrameAnalyzer: analyze: result status=THROTTLED, code=null, source=null
09-02 11:20:51.479 26625 26923 D DpmFrameAnalyzer: analyze: frame received, format=35, size=1440x1080, rotation=90
09-02 11:20:51.488 26625 26625 D DpmAnalyzer: Stage1: MISS
09-02 11:20:51.488 26625 26625 D DpmAnalyzer: scanRoi present, skipping full-image stages
09-02 11:20:51.488 26625 26625 D DpmAnalyzer: analyze: decodedCode=null
09-02 11:20:51.488 26625 26625 D DpmFrameAnalyzer: analyze: result status=NO_CODE, code=null, source=null
09-02 11:20:51.570 26625 26923 D DpmFrameAnalyzer: analyze: bitmap converted, size=1080x1440, scanRoi=Rect(151, 331 - 928, 1108)
09-02 11:20:51.570 26625 26625 D DpmAnalyzer: analyze: frame=1080x1440, roi=Rect(151, 331 - 928, 1108), focus=FOCUSED, mode=SCAN
09-02 11:20:51.570 26625 26625 D DpmAnalyzer: analyze: THROTTLED by timing gate
09-02 11:20:51.570 26625 26625 D DpmFrameAnalyzer: analyze: result status=THROTTLED, code=null, source=null
09-02 11:20:51.571 26625 26923 D DpmFrameAnalyzer: analyze: frame received, format=35, size=1440x1080, rotation=90
09-02 11:20:51.643 26625 26923 D DpmFrameAnalyzer: analyze: bitmap converted, size=1080x1440, scanRoi=Rect(151, 331 - 928, 1108)
09-02 11:20:51.643 26625 26625 D DpmAnalyzer: analyze: frame=1080x1440, roi=Rect(151, 331 - 928, 1108), focus=FOCUSED, mode=SCAN
09-02 11:20:51.643 26625 26625 D DpmAnalyzer: analyze: THROTTLED by timing gate
09-02 11:20:51.644 26625 26625 D DpmFrameAnalyzer: analyze: result status=THROTTLED, code=null, source=null
09-02 11:20:51.644 26625 26923 D DpmFrameAnalyzer: analyze: frame received, format=35, size=1440x1080, rotation=90
09-02 11:20:51.717 26625 26923 D DpmFrameAnalyzer: analyze: bitmap converted, size=1080x1440, scanRoi=Rect(151, 331 - 928, 1108)
09-02 11:20:51.718 26625 26625 D DpmAnalyzer: analyze: frame=1080x1440, roi=Rect(151, 331 - 928, 1108), focus=FOCUSED, mode=SCAN
09-02 11:20:51.718 26625 26923 D DpmFrameAnalyzer: analyze: frame received, format=35, size=1440x1080, rotation=90
09-02 11:20:51.719 26625 26625 D DpmAnalyzer: analyze: starting performMultiStrategyDecode
09-02 11:20:51.719 26625 26625 D DpmAnalyzer: performMultiStrategyDecode: frame=1080x1440, roi=Rect(151, 331 - 928, 1108), strategies=1
09-02 11:20:51.742 26625 26625 D DpmAnalyzer: Stage1: ROI 777x777 → scaled 400x399
09-02 11:20:51.796 26625 26923 D DpmFrameAnalyzer: analyze: bitmap converted, size=1080x1440, scanRoi=Rect(151, 331 - 928, 1108)
09-02 11:20:51.796 26625 26625 D DpmAnalyzer: analyze: frame=1080x1440, roi=Rect(151, 331 - 928, 1108), focus=FOCUSED, mode=SCAN
09-02 11:20:51.796 26625 26625 D DpmAnalyzer: analyze: THROTTLED (already running)
09-02 11:20:51.796 26625 26625 D DpmFrameAnalyzer: analyze: result status=THROTTLED, code=null, source=null
09-02 11:20:51.797 26625 26923 D DpmFrameAnalyzer: analyze: frame received, format=35, size=1440x1080, rotation=90
09-02 11:20:51.804 26625 26625 D DpmAnalyzer: Stage1: MISS
09-02 11:20:51.804 26625 26625 D DpmAnalyzer: scanRoi present, skipping full-image stages
09-02 11:20:51.804 26625 26625 D DpmAnalyzer: analyze: decodedCode=null
09-02 11:20:51.804 26625 26625 D DpmFrameAnalyzer: analyze: result status=NO_CODE, code=null, source=null
09-02 11:20:51.889 26625 26923 D DpmFrameAnalyzer: analyze: bitmap converted, size=1080x1440, scanRoi=Rect(151, 331 - 928, 1108)
09-02 11:20:51.890 26625 26625 D DpmAnalyzer: analyze: frame=1080x1440, roi=Rect(151, 331 - 928, 1108), focus=FOCUSED, mode=SCAN
09-02 11:20:51.890 26625 26625 D DpmAnalyzer: analyze: THROTTLED by timing gate
09-02 11:20:51.890 26625 26923 D DpmFrameAnalyzer: analyze: frame received, format=35, size=1440x1080, rotation=90
09-02 11:20:51.890 26625 26625 D DpmFrameAnalyzer: analyze: result status=THROTTLED, code=null, source=null
09-02 11:20:51.977 26625 26923 D DpmFrameAnalyzer: analyze: bitmap converted, size=1080x1440, scanRoi=Rect(151, 331 - 928, 1108)
09-02 11:20:51.977 26625 26625 D DpmAnalyzer: analyze: frame=1080x1440, roi=Rect(151, 331 - 928, 1108), focus=FOCUSED, mode=SCAN
09-02 11:20:51.977 26625 26625 D DpmAnalyzer: analyze: THROTTLED by timing gate
09-02 11:20:51.977 26625 26625 D DpmFrameAnalyzer: analyze: result status=THROTTLED, code=null, source=null
09-02 11:20:51.977 26625 26923 D DpmFrameAnalyzer: analyze: frame received, format=35, size=1440x1080, rotation=90
09-02 11:20:52.049 26625 26923 D DpmFrameAnalyzer: analyze: bitmap converted, size=1080x1440, scanRoi=Rect(151, 331 - 928, 1108)
09-02 11:20:52.049 26625 26625 D DpmAnalyzer: analyze: frame=1080x1440, roi=Rect(151, 331 - 928, 1108), focus=FOCUSED, mode=SCAN
09-02 11:20:52.049 26625 26625 D DpmAnalyzer: analyze: starting performMultiStrategyDecode
09-02 11:20:52.049 26625 26625 D DpmAnalyzer: performMultiStrategyDecode: frame=1080x1440, roi=Rect(151, 331 - 928, 1108), strategies=1
09-02 11:20:52.049 26625 26923 D DpmFrameAnalyzer: analyze: frame received, format=35, size=1440x1080, rotation=90
09-02 11:20:52.064 26625 26625 D DpmAnalyzer: Stage1: ROI 777x777 → scaled 400x399
09-02 11:20:52.124 26625 26625 D DpmAnalyzer: Stage1: MISS
09-02 11:20:52.124 26625 26625 D DpmAnalyzer: scanRoi present, skipping full-image stages
09-02 11:20:52.124 26625 26625 D DpmAnalyzer: analyze: decodedCode=null
09-02 11:20:52.124 26625 26625 D DpmFrameAnalyzer: analyze: result status=NO_CODE, code=null, source=null
09-02 11:20:52.126 26625 26923 D DpmFrameAnalyzer: analyze: bitmap converted, size=1080x1440, scanRoi=Rect(151, 331 - 928, 1108)
09-02 11:20:52.127 26625 26625 D DpmAnalyzer: analyze: frame=1080x1440, roi=Rect(151, 331 - 928, 1108), focus=FOCUSED, mode=SCAN
09-02 11:20:52.127 26625 26625 D DpmAnalyzer: analyze: THROTTLED by timing gate
09-02 11:20:52.127 26625 26625 D DpmFrameAnalyzer: analyze: result status=THROTTLED, code=null, source=null
09-02 11:20:52.127 26625 26923 D DpmFrameAnalyzer: analyze: frame received, format=35, size=1440x1080, rotation=90
09-02 11:20:52.226 26625 26923 D DpmFrameAnalyzer: analyze: bitmap converted, size=1080x1440, scanRoi=Rect(151, 331 - 928, 1108)
09-02 11:20:52.226 26625 26625 D DpmAnalyzer: analyze: frame=1080x1440, roi=Rect(151, 331 - 928, 1108), focus=FOCUSED, mode=SCAN
09-02 11:20:52.226 26625 26625 D DpmAnalyzer: analyze: THROTTLED by timing gate
09-02 11:20:52.226 26625 26625 D DpmFrameAnalyzer: analyze: result status=THROTTLED, code=null, source=null
09-02 11:20:52.227 26625 26923 D DpmFrameAnalyzer: analyze: frame received, format=35, size=1440x1080, rotation=90
09-02 11:20:52.307 26625 26923 D DpmFrameAnalyzer: analyze: bitmap converted, size=1080x1440, scanRoi=Rect(151, 331 - 928, 1108)
09-02 11:20:52.308 26625 26625 D DpmAnalyzer: analyze: frame=1080x1440, roi=Rect(151, 331 - 928, 1108), focus=FOCUSED, mode=SCAN
09-02 11:20:52.308 26625 26625 D DpmAnalyzer: analyze: THROTTLED by timing gate
09-02 11:20:52.308 26625 26625 D DpmFrameAnalyzer: analyze: result status=THROTTLED, code=null, source=null
09-02 11:20:52.308 26625 26923 D DpmFrameAnalyzer: analyze: frame received, format=35, size=1440x1080, rotation=90
09-02 11:20:52.379 26625 26923 D DpmFrameAnalyzer: analyze: bitmap converted, size=1080x1440, scanRoi=Rect(151, 331 - 928, 1108)
09-02 11:20:52.379 26625 26625 D DpmAnalyzer: analyze: frame=1080x1440, roi=Rect(151, 331 - 928, 1108), focus=FOCUSED, mode=SCAN
09-02 11:20:52.379 26625 26625 D DpmAnalyzer: analyze: starting performMultiStrategyDecode
09-02 11:20:52.379 26625 26625 D DpmAnalyzer: performMultiStrategyDecode: frame=1080x1440, roi=Rect(151, 331 - 928, 1108), strategies=1
09-02 11:20:52.380 26625 26923 D DpmFrameAnalyzer: analyze: frame received, format=35, size=1440x1080, rotation=90
09-02 11:20:52.396 26625 26625 D DpmAnalyzer: Stage1: ROI 777x777 → scaled 400x399
09-02 11:20:52.458 26625 26923 D DpmFrameAnalyzer: analyze: bitmap converted, size=1080x1440, scanRoi=Rect(151, 331 - 928, 1108)
09-02 11:20:52.459 26625 26625 D DpmAnalyzer: analyze: frame=1080x1440, roi=Rect(151, 331 - 928, 1108), focus=FOCUSED, mode=SCAN
09-02 11:20:52.459 26625 26625 D DpmAnalyzer: analyze: THROTTLED (already running)
09-02 11:20:52.459 26625 26625 D DpmFrameAnalyzer: analyze: result status=THROTTLED, code=null, source=null
09-02 11:20:52.459 26625 26923 D DpmFrameAnalyzer: analyze: frame received, format=35, size=1440x1080, rotation=90
09-02 11:20:52.470 26625 26625 D DpmAnalyzer: Stage1: MISS
09-02 11:20:52.470 26625 26625 D DpmAnalyzer: scanRoi present, skipping full-image stages
09-02 11:20:52.470 26625 26625 D DpmAnalyzer: analyze: decodedCode=null
09-02 11:20:52.470 26625 26625 D DpmFrameAnalyzer: analyze: result status=NO_CODE, code=null, source=null
09-02 11:20:52.555 26625 26923 D DpmFrameAnalyzer: analyze: bitmap converted, size=1080x1440, scanRoi=Rect(151, 331 - 928, 1108)
09-02 11:20:52.556 26625 26625 D DpmAnalyzer: analyze: frame=1080x1440, roi=Rect(151, 331 - 928, 1108), focus=FOCUSED, mode=SCAN
09-02 11:20:52.556 26625 26625 D DpmAnalyzer: analyze: THROTTLED by timing gate
09-02 11:20:52.556 26625 26625 D DpmFrameAnalyzer: analyze: result status=THROTTLED, code=null, source=null
09-02 11:20:52.556 26625 26923 D DpmFrameAnalyzer: analyze: frame received, format=35, size=1440x1080, rotation=90
09-02 11:20:52.643 26625 26923 D DpmFrameAnalyzer: analyze: bitmap converted, size=1080x1440, scanRoi=Rect(151, 331 - 928, 1108)
09-02 11:20:52.643 26625 26625 D DpmAnalyzer: analyze: frame=1080x1440, roi=Rect(151, 331 - 928, 1108), focus=FOCUSED, mode=SCAN
09-02 11:20:52.643 26625 26625 D DpmAnalyzer: analyze: THROTTLED by timing gate
09-02 11:20:52.643 26625 26625 D DpmFrameAnalyzer: analyze: result status=THROTTLED, code=null, source=null
09-02 11:20:52.643 26625 26923 D DpmFrameAnalyzer: analyze: frame received, format=35, size=1440x1080, rotation=90
09-02 11:20:52.717 26625 26923 D DpmFrameAnalyzer: analyze: bitmap converted, size=1080x1440, scanRoi=Rect(151, 331 - 928, 1108)
09-02 11:20:52.718 26625 26923 D DpmFrameAnalyzer: analyze: frame received, format=35, size=1440x1080, rotation=90
09-02 11:20:52.719 26625 26625 D DpmAnalyzer: analyze: frame=1080x1440, roi=Rect(151, 331 - 928, 1108), focus=FOCUSED, mode=SCAN
09-02 11:20:52.719 26625 26625 D DpmAnalyzer: analyze: starting performMultiStrategyDecode
09-02 11:20:52.719 26625 26625 D DpmAnalyzer: performMultiStrategyDecode: frame=1080x1440, roi=Rect(151, 331 - 928, 1108), strategies=1
09-02 11:20:52.725 26625 26625 D DpmAnalyzer: Stage1: ROI 777x777 → scaled 400x399
09-02 11:20:52.803 26625 26625 D DpmAnalyzer: Stage1: MISS
09-02 11:20:52.803 26625 26625 D DpmAnalyzer: scanRoi present, skipping full-image stages
09-02 11:20:52.803 26625 26625 D DpmAnalyzer: analyze: decodedCode=null
09-02 11:20:52.803 26625 26625 D DpmFrameAnalyzer: analyze: result status=NO_CODE, code=null, source=null
09-02 11:20:52.808 26625 26923 D DpmFrameAnalyzer: analyze: bitmap converted, size=1080x1440, scanRoi=Rect(151, 331 - 928, 1108)
09-02 11:20:52.808 26625 26625 D DpmAnalyzer: analyze: frame=1080x1440, roi=Rect(151, 331 - 928, 1108), focus=FOCUSED, mode=SCAN
09-02 11:20:52.809 26625 26625 D DpmAnalyzer: analyze: THROTTLED by timing gate
09-02 11:20:52.809 26625 26625 D DpmFrameAnalyzer: analyze: result status=THROTTLED, code=null, source=null
09-02 11:20:52.809 26625 26923 D DpmFrameAnalyzer: analyze: frame received, format=35, size=1440x1080, rotation=90
09-02 11:20:52.899 26625 26923 D DpmFrameAnalyzer: analyze: bitmap converted, size=1080x1440, scanRoi=Rect(151, 331 - 928, 1108)
09-02 11:20:52.900 26625 26625 D DpmAnalyzer: analyze: frame=1080x1440, roi=Rect(151, 331 - 928, 1108), focus=FOCUSED, mode=SCAN
09-02 11:20:52.900 26625 26625 D DpmAnalyzer: analyze: THROTTLED by timing gate
09-02 11:20:52.900 26625 26625 D DpmFrameAnalyzer: analyze: result status=THROTTLED, code=null, source=null
09-02 11:20:52.900 26625 26923 D DpmFrameAnalyzer: analyze: frame received, format=35, size=1440x1080, rotation=90
09-02 11:20:52.972 26625 26923 D DpmFrameAnalyzer: analyze: bitmap converted, size=1080x1440, scanRoi=Rect(151, 331 - 928, 1108)
09-02 11:20:52.973 26625 26923 D DpmFrameAnalyzer: analyze: frame received, format=35, size=1440x1080, rotation=90
09-02 11:20:52.974 26625 26625 D DpmAnalyzer: analyze: frame=1080x1440, roi=Rect(151, 331 - 928, 1108), focus=FOCUSED, mode=SCAN
09-02 11:20:52.974 26625 26625 D DpmAnalyzer: analyze: THROTTLED by timing gate
09-02 11:20:52.974 26625 26625 D DpmFrameAnalyzer: analyze: result status=THROTTLED, code=null, source=null
09-02 11:20:53.042 26625 26923 D DpmFrameAnalyzer: analyze: bitmap converted, size=1080x1440, scanRoi=Rect(151, 331 - 928, 1108)
09-02 11:20:53.042 26625 26625 D DpmAnalyzer: analyze: frame=1080x1440, roi=Rect(151, 331 - 928, 1108), focus=FOCUSED, mode=SCAN
09-02 11:20:53.042 26625 26625 D DpmAnalyzer: analyze: starting performMultiStrategyDecode
09-02 11:20:53.042 26625 26625 D DpmAnalyzer: performMultiStrategyDecode: frame=1080x1440, roi=Rect(151, 331 - 928, 1108), strategies=1
09-02 11:20:53.042 26625 26923 D DpmFrameAnalyzer: analyze: frame received, format=35, size=1440x1080, rotation=90
09-02 11:20:53.052 26625 26625 D DpmAnalyzer: Stage1: ROI 777x777 → scaled 400x399
09-02 11:20:53.108 26625 26625 D DpmAnalyzer: Stage1: MISS
09-02 11:20:53.108 26625 26625 D DpmAnalyzer: scanRoi present, skipping full-image stages
09-02 11:20:53.108 26625 26625 D DpmAnalyzer: analyze: decodedCode=null
09-02 11:20:53.108 26625 26625 D DpmFrameAnalyzer: analyze: result status=NO_CODE, code=null, source=null
09-02 11:20:53.112 26625 26923 D DpmFrameAnalyzer: analyze: bitmap converted, size=1080x1440, scanRoi=Rect(151, 331 - 928, 1108)
09-02 11:20:53.112 26625 26625 D DpmAnalyzer: analyze: frame=1080x1440, roi=Rect(151, 331 - 928, 1108), focus=FOCUSED, mode=SCAN
09-02 11:20:53.112 26625 26625 D DpmAnalyzer: analyze: THROTTLED by timing gate
09-02 11:20:53.112 26625 26625 D DpmFrameAnalyzer: analyze: result status=THROTTLED, code=null, source=null
09-02 11:20:53.113 26625 26923 D DpmFrameAnalyzer: analyze: frame received, format=35, size=1440x1080, rotation=90
09-02 11:20:53.204 26625 26923 D DpmFrameAnalyzer: analyze: bitmap converted, size=1080x1440, scanRoi=Rect(151, 331 - 928, 1108)
09-02 11:20:53.204 26625 26625 D DpmAnalyzer: analyze: frame=1080x1440, roi=Rect(151, 331 - 928, 1108), focus=FOCUSED, mode=SCAN
09-02 11:20:53.205 26625 26625 D DpmAnalyzer: analyze: THROTTLED by timing gate
09-02 11:20:53.205 26625 26625 D DpmFrameAnalyzer: analyze: result status=THROTTLED, code=null, source=null
09-02 11:20:53.205 26625 26923 D DpmFrameAnalyzer: analyze: frame received, format=35, size=1440x1080, rotation=90
09-02 11:20:53.282 26625 26923 D DpmFrameAnalyzer: analyze: bitmap converted, size=1080x1440, scanRoi=Rect(151, 331 - 928, 1108)
09-02 11:20:53.282 26625 26625 D DpmAnalyzer: analyze: frame=1080x1440, roi=Rect(151, 331 - 928, 1108), focus=FOCUSED, mode=SCAN
09-02 11:20:53.282 26625 26625 D DpmAnalyzer: analyze: THROTTLED by timing gate
09-02 11:20:53.282 26625 26625 D DpmFrameAnalyzer: analyze: result status=THROTTLED, code=null, source=null
09-02 11:20:53.282 26625 26923 D DpmFrameAnalyzer: analyze: frame received, format=35, size=1440x1080, rotation=90
09-02 11:20:53.355 26625 26923 D DpmFrameAnalyzer: analyze: bitmap converted, size=1080x1440, scanRoi=Rect(151, 331 - 928, 1108)
09-02 11:20:53.357 26625 26625 D DpmAnalyzer: analyze: frame=1080x1440, roi=Rect(151, 331 - 928, 1108), focus=FOCUSED, mode=SCAN
09-02 11:20:53.357 26625 26625 D DpmAnalyzer: analyze: starting performMultiStrategyDecode
09-02 11:20:53.357 26625 26625 D DpmAnalyzer: performMultiStrategyDecode: frame=1080x1440, roi=Rect(151, 331 - 928, 1108), strategies=1
09-02 11:20:53.357 26625 26923 D DpmFrameAnalyzer: analyze: frame received, format=35, size=1440x1080, rotation=90
09-02 11:20:53.368 26625 26625 D DpmAnalyzer: Stage1: ROI 777x777 → scaled 400x399
09-02 11:20:53.428 26625 26625 D DpmAnalyzer: Stage1: MISS
09-02 11:20:53.428 26625 26625 D DpmAnalyzer: scanRoi present, skipping full-image stages
09-02 11:20:53.428 26625 26625 D DpmAnalyzer: analyze: decodedCode=null
09-02 11:20:53.429 26625 26625 D DpmFrameAnalyzer: analyze: result status=NO_CODE, code=null, source=null
09-02 11:20:53.432 26625 26923 D DpmFrameAnalyzer: analyze: bitmap converted, size=1080x1440, scanRoi=Rect(151, 331 - 928, 1108)
09-02 11:20:53.433 26625 26625 D DpmAnalyzer: analyze: frame=1080x1440, roi=Rect(151, 331 - 928, 1108), focus=FOCUSED, mode=SCAN
09-02 11:20:53.433 26625 26625 D DpmAnalyzer: analyze: THROTTLED by timing gate
09-02 11:20:53.433 26625 26625 D DpmFrameAnalyzer: analyze: result status=THROTTLED, code=null, source=null
09-02 11:20:53.434 26625 26923 D DpmFrameAnalyzer: analyze: frame received, format=35, size=1440x1080, rotation=90
09-02 11:20:53.527 26625 26923 D DpmFrameAnalyzer: analyze: bitmap converted, size=1080x1440, scanRoi=Rect(151, 331 - 928, 1108)
09-02 11:20:53.528 26625 26625 D DpmAnalyzer: analyze: frame=1080x1440, roi=Rect(151, 331 - 928, 1108), focus=FOCUSED, mode=SCAN
09-02 11:20:53.528 26625 26625 D DpmAnalyzer: analyze: THROTTLED by timing gate
09-02 11:20:53.528 26625 26625 D DpmFrameAnalyzer: analyze: result status=THROTTLED, code=null, source=null
09-02 11:20:53.528 26625 26923 D DpmFrameAnalyzer: analyze: frame received, format=35, size=1440x1080, rotation=90
09-02 11:20:53.616 26625 26923 D DpmFrameAnalyzer: analyze: bitmap converted, size=1080x1440, scanRoi=Rect(151, 331 - 928, 1108)
09-02 11:20:53.617 26625 26625 D DpmAnalyzer: analyze: frame=1080x1440, roi=Rect(151, 331 - 928, 1108), focus=FOCUSED, mode=SCAN
09-02 11:20:53.617 26625 26625 D DpmAnalyzer: analyze: THROTTLED by timing gate
09-02 11:20:53.617 26625 26625 D DpmFrameAnalyzer: analyze: result status=THROTTLED, code=null, source=null
09-02 11:20:53.618 26625 26923 D DpmFrameAnalyzer: analyze: frame received, format=35, size=1440x1080, rotation=90
09-02 11:20:53.687 26625 26923 D DpmFrameAnalyzer: analyze: bitmap converted, size=1080x1440, scanRoi=Rect(151, 331 - 928, 1108)
09-02 11:20:53.687 26625 26625 D DpmAnalyzer: analyze: frame=1080x1440, roi=Rect(151, 331 - 928, 1108), focus=FOCUSED, mode=SCAN
09-02 11:20:53.687 26625 26625 D DpmAnalyzer: analyze: starting performMultiStrategyDecode
09-02 11:20:53.687 26625 26625 D DpmAnalyzer: performMultiStrategyDecode: frame=1080x1440, roi=Rect(151, 331 - 928, 1108), strategies=1
09-02 11:20:53.688 26625 26923 D DpmFrameAnalyzer: analyze: frame received, format=35, size=1440x1080, rotation=90
09-02 11:20:53.702 26625 26625 D DpmAnalyzer: Stage1: ROI 777x777 → scaled 400x399
09-02 11:20:53.767 26625 26923 D DpmFrameAnalyzer: analyze: bitmap converted, size=1080x1440, scanRoi=Rect(151, 331 - 928, 1108)
09-02 11:20:53.767 26625 26625 D DpmAnalyzer: Stage1: MISS
09-02 11:20:53.767 26625 26625 D DpmAnalyzer: scanRoi present, skipping full-image stages
09-02 11:20:53.767 26625 26625 D DpmAnalyzer: analyze: decodedCode=null
09-02 11:20:53.767 26625 26625 D DpmFrameAnalyzer: analyze: result status=NO_CODE, code=null, source=null
09-02 11:20:53.768 26625 26923 D DpmFrameAnalyzer: analyze: frame received, format=35, size=1440x1080, rotation=90
09-02 11:20:53.771 26625 26625 D DpmAnalyzer: analyze: frame=1080x1440, roi=Rect(151, 331 - 928, 1108), focus=FOCUSED, mode=SCAN
09-02 11:20:53.771 26625 26625 D DpmAnalyzer: analyze: THROTTLED by timing gate
09-02 11:20:53.771 26625 26625 D DpmFrameAnalyzer: analyze: result status=THROTTLED, code=null, source=null
09-02 11:20:53.867 26625 26923 D DpmFrameAnalyzer: analyze: bitmap converted, size=1080x1440, scanRoi=Rect(151, 331 - 928, 1108)
09-02 11:20:53.868 26625 26923 D DpmFrameAnalyzer: analyze: frame received, format=35, size=1440x1080, rotation=90
09-02 11:20:53.868 26625 26625 D DpmAnalyzer: analyze: frame=1080x1440, roi=Rect(151, 331 - 928, 1108), focus=FOCUSED, mode=SCAN
09-02 11:20:53.868 26625 26625 D DpmAnalyzer: analyze: THROTTLED by timing gate
09-02 11:20:53.868 26625 26625 D DpmFrameAnalyzer: analyze: result status=THROTTLED, code=null, source=null
09-02 11:20:53.953 26625 26923 D DpmFrameAnalyzer: analyze: bitmap converted, size=1080x1440, scanRoi=Rect(151, 331 - 928, 1108)
09-02 11:20:53.953 26625 26625 D DpmAnalyzer: analyze: frame=1080x1440, roi=Rect(151, 331 - 928, 1108), focus=FOCUSED, mode=SCAN
09-02 11:20:53.953 26625 26625 D DpmAnalyzer: analyze: THROTTLED by timing gate
09-02 11:20:53.953 26625 26625 D DpmFrameAnalyzer: analyze: result status=THROTTLED, code=null, source=null
09-02 11:20:53.953 26625 26923 D DpmFrameAnalyzer: analyze: frame received, format=35, size=1440x1080, rotation=90
09-02 11:20:54.025 26625 26923 D DpmFrameAnalyzer: analyze: bitmap converted, size=1080x1440, scanRoi=Rect(151, 331 - 928, 1108)
09-02 11:20:54.025 26625 26625 D DpmAnalyzer: analyze: frame=1080x1440, roi=Rect(151, 331 - 928, 1108), focus=FOCUSED, mode=SCAN
09-02 11:20:54.025 26625 26625 D DpmAnalyzer: analyze: starting performMultiStrategyDecode
09-02 11:20:54.025 26625 26625 D DpmAnalyzer: performMultiStrategyDecode: frame=1080x1440, roi=Rect(151, 331 - 928, 1108), strategies=1
09-02 11:20:54.025 26625 26923 D DpmFrameAnalyzer: analyze: frame received, format=35, size=1440x1080, rotation=90
09-02 11:20:54.035 26625 26625 D DpmAnalyzer: Stage1: ROI 777x777 → scaled 400x399
09-02 11:20:54.098 26625 26923 D DpmFrameAnalyzer: analyze: bitmap converted, size=1080x1440, scanRoi=Rect(151, 331 - 928, 1108)
09-02 11:20:54.099 26625 26625 D DpmAnalyzer: analyze: frame=1080x1440, roi=Rect(151, 331 - 928, 1108), focus=FOCUSED, mode=SCAN
09-02 11:20:54.099 26625 26625 D DpmAnalyzer: analyze: THROTTLED (already running)
09-02 11:20:54.099 26625 26625 D DpmFrameAnalyzer: analyze: result status=THROTTLED, code=null, source=null
09-02 11:20:54.101 26625 26923 D DpmFrameAnalyzer: analyze: frame received, format=35, size=1440x1080, rotation=90
09-02 11:20:54.105 26625 26625 D DpmAnalyzer: Stage1: MISS
09-02 11:20:54.105 26625 26625 D DpmAnalyzer: scanRoi present, skipping full-image stages
09-02 11:20:54.105 26625 26625 D DpmAnalyzer: analyze: decodedCode=null
09-02 11:20:54.105 26625 26625 D DpmFrameAnalyzer: analyze: result status=NO_CODE, code=null, source=null
09-02 11:20:54.193 26625 26923 D DpmFrameAnalyzer: analyze: bitmap converted, size=1080x1440, scanRoi=Rect(151, 331 - 928, 1108)
09-02 11:20:54.194 26625 26625 D DpmAnalyzer: analyze: frame=1080x1440, roi=Rect(151, 331 - 928, 1108), focus=FOCUSED, mode=SCAN
09-02 11:20:54.194 26625 26625 D DpmAnalyzer: analyze: THROTTLED by timing gate
09-02 11:20:54.194 26625 26625 D DpmFrameAnalyzer: analyze: result status=THROTTLED, code=null, source=null
09-02 11:20:54.194 26625 26923 D DpmFrameAnalyzer: analyze: frame received, format=35, size=1440x1080, rotation=90
09-02 11:20:54.272 26625 26923 D DpmFrameAnalyzer: analyze: bitmap converted, size=1080x1440, scanRoi=Rect(151, 331 - 928, 1108)
09-02 11:20:54.272 26625 26625 D DpmAnalyzer: analyze: frame=1080x1440, roi=Rect(151, 331 - 928, 1108), focus=FOCUSED, mode=SCAN
09-02 11:20:54.273 26625 26625 D DpmAnalyzer: analyze: THROTTLED by timing gate
09-02 11:20:54.273 26625 26625 D DpmFrameAnalyzer: analyze: result status=THROTTLED, code=null, source=null
09-02 11:20:54.273 26625 26923 D DpmFrameAnalyzer: analyze: frame received, format=35, size=1440x1080, rotation=90
09-02 11:20:54.354 26625 26923 D DpmFrameAnalyzer: analyze: bitmap converted, size=1080x1440, scanRoi=Rect(151, 331 - 928, 1108)
09-02 11:20:54.355 26625 26625 D DpmAnalyzer: analyze: frame=1080x1440, roi=Rect(151, 331 - 928, 1108), focus=FOCUSED, mode=SCAN
09-02 11:20:54.355 26625 26625 D DpmAnalyzer: analyze: starting performMultiStrategyDecode
09-02 11:20:54.355 26625 26625 D DpmAnalyzer: performMultiStrategyDecode: frame=1080x1440, roi=Rect(151, 331 - 928, 1108), strategies=1
09-02 11:20:54.355 26625 26923 D DpmFrameAnalyzer: analyze: frame received, format=35, size=1440x1080, rotation=90
09-02 11:20:54.380 26625 26625 D DpmAnalyzer: Stage1: ROI 777x777 → scaled 400x399
09-02 11:20:54.429 26625 26923 D DpmFrameAnalyzer: analyze: bitmap converted, size=1080x1440, scanRoi=Rect(151, 331 - 928, 1108)
09-02 11:20:54.429 26625 26625 D DpmAnalyzer: analyze: frame=1080x1440, roi=Rect(151, 331 - 928, 1108), focus=FOCUSED, mode=SCAN
09-02 11:20:54.429 26625 26625 D DpmAnalyzer: analyze: THROTTLED (already running)
09-02 11:20:54.429 26625 26625 D DpmFrameAnalyzer: analyze: result status=THROTTLED, code=null, source=null
09-02 11:20:54.430 26625 26923 D DpmFrameAnalyzer: analyze: frame received, format=35, size=1440x1080, rotation=90
09-02 11:20:54.453 26625 26625 D DpmAnalyzer: Stage1: MISS
09-02 11:20:54.453 26625 26625 D DpmAnalyzer: scanRoi present, skipping full-image stages
09-02 11:20:54.454 26625 26625 D DpmAnalyzer: analyze: decodedCode=null
09-02 11:20:54.454 26625 26625 D DpmFrameAnalyzer: analyze: result status=NO_CODE, code=null, source=null
09-02 11:20:54.527 26625 26923 D DpmFrameAnalyzer: analyze: bitmap converted, size=1080x1440, scanRoi=Rect(151, 331 - 928, 1108)
09-02 11:20:54.527 26625 26625 D DpmAnalyzer: analyze: frame=1080x1440, roi=Rect(151, 331 - 928, 1108), focus=FOCUSED, mode=SCAN
09-02 11:20:54.527 26625 26625 D DpmAnalyzer: analyze: THROTTLED by timing gate
09-02 11:20:54.527 26625 26625 D DpmFrameAnalyzer: analyze: result status=THROTTLED, code=null, source=null
09-02 11:20:54.527 26625 26923 D DpmFrameAnalyzer: analyze: frame received, format=35, size=1440x1080, rotation=90
09-02 11:20:54.607 26625 26923 D DpmFrameAnalyzer: analyze: bitmap converted, size=1080x1440, scanRoi=Rect(151, 331 - 928, 1108)
09-02 11:20:54.608 26625 26625 D DpmAnalyzer: analyze: frame=1080x1440, roi=Rect(151, 331 - 928, 1108), focus=FOCUSED, mode=SCAN
09-02 11:20:54.608 26625 26625 D DpmAnalyzer: analyze: THROTTLED by timing gate
09-02 11:20:54.608 26625 26923 D DpmFrameAnalyzer: analyze: frame received, format=35, size=1440x1080, rotation=90
09-02 11:20:54.608 26625 26625 D DpmFrameAnalyzer: analyze: result status=THROTTLED, code=null, source=null
09-02 11:20:54.677 26625 26923 D DpmFrameAnalyzer: analyze: bitmap converted, size=1080x1440, scanRoi=Rect(151, 331 - 928, 1108)
09-02 11:20:54.678 26625 26625 D DpmAnalyzer: analyze: frame=1080x1440, roi=Rect(151, 331 - 928, 1108), focus=FOCUSED, mode=SCAN
09-02 11:20:54.678 26625 26625 D DpmAnalyzer: analyze: starting performMultiStrategyDecode
09-02 11:20:54.678 26625 26625 D DpmAnalyzer: performMultiStrategyDecode: frame=1080x1440, roi=Rect(151, 331 - 928, 1108), strategies=1
09-02 11:20:54.678 26625 26923 D DpmFrameAnalyzer: analyze: frame received, format=35, size=1440x1080, rotation=90
09-02 11:20:54.696 26625 26625 D DpmAnalyzer: Stage1: ROI 777x777 → scaled 400x399
09-02 11:20:54.750 26625 26923 D DpmFrameAnalyzer: analyze: bitmap converted, size=1080x1440, scanRoi=Rect(151, 331 - 928, 1108)
09-02 11:20:54.751 26625 26923 D DpmFrameAnalyzer: analyze: frame received, format=35, size=1440x1080, rotation=90
09-02 11:20:54.751 26625 26625 D DpmAnalyzer: Stage1: MISS
09-02 11:20:54.751 26625 26625 D DpmAnalyzer: scanRoi present, skipping full-image stages
09-02 11:20:54.751 26625 26625 D DpmAnalyzer: analyze: decodedCode=null
09-02 11:20:54.751 26625 26625 D DpmFrameAnalyzer: analyze: result status=NO_CODE, code=null, source=null
09-02 11:20:54.754 26625 26625 D DpmAnalyzer: analyze: frame=1080x1440, roi=Rect(151, 331 - 928, 1108), focus=FOCUSED, mode=SCAN
09-02 11:20:54.754 26625 26625 D DpmAnalyzer: analyze: THROTTLED by timing gate
09-02 11:20:54.754 26625 26625 D DpmFrameAnalyzer: analyze: result status=THROTTLED, code=null, source=null
09-02 11:20:54.842 26625 26923 D DpmFrameAnalyzer: analyze: bitmap converted, size=1080x1440, scanRoi=Rect(151, 331 - 928, 1108)
09-02 11:20:54.843 26625 26625 D DpmAnalyzer: analyze: frame=1080x1440, roi=Rect(151, 331 - 928, 1108), focus=FOCUSED, mode=SCAN
09-02 11:20:54.843 26625 26625 D DpmAnalyzer: analyze: THROTTLED by timing gate
09-02 11:20:54.843 26625 26625 D DpmFrameAnalyzer: analyze: result status=THROTTLED, code=null, source=null
09-02 11:20:54.843 26625 26923 D DpmFrameAnalyzer: analyze: frame received, format=35, size=1440x1080, rotation=90
09-02 11:20:54.919 26625 26923 D DpmFrameAnalyzer: analyze: bitmap converted, size=1080x1440, scanRoi=Rect(151, 331 - 928, 1108)
09-02 11:20:54.919 26625 26625 D DpmAnalyzer: analyze: frame=1080x1440, roi=Rect(151, 331 - 928, 1108), focus=FOCUSED, mode=SCAN
09-02 11:20:54.919 26625 26625 D DpmAnalyzer: analyze: THROTTLED by timing gate
09-02 11:20:54.919 26625 26625 D DpmFrameAnalyzer: analyze: result status=THROTTLED, code=null, source=null
09-02 11:20:54.920 26625 26923 D DpmFrameAnalyzer: analyze: frame received, format=35, size=1440x1080, rotation=90
09-02 11:20:55.007 26625 26923 D DpmFrameAnalyzer: analyze: bitmap converted, size=1080x1440, scanRoi=Rect(151, 331 - 928, 1108)
09-02 11:20:55.007 26625 26625 D DpmAnalyzer: analyze: frame=1080x1440, roi=Rect(151, 331 - 928, 1108), focus=FOCUSED, mode=SCAN
09-02 11:20:55.008 26625 26625 D DpmAnalyzer: analyze: starting performMultiStrategyDecode
09-02 11:20:55.008 26625 26625 D DpmAnalyzer: performMultiStrategyDecode: frame=1080x1440, roi=Rect(151, 331 - 928, 1108), strategies=1
09-02 11:20:55.008 26625 26923 D DpmFrameAnalyzer: analyze: frame received, format=35, size=1440x1080, rotation=90
09-02 11:20:55.018 26625 26625 D DpmAnalyzer: Stage1: ROI 777x777 → scaled 400x399
09-02 11:20:55.097 26625 26625 D DpmAnalyzer: Stage1: MISS
09-02 11:20:55.097 26625 26625 D DpmAnalyzer: scanRoi present, skipping full-image stages
09-02 11:20:55.097 26625 26625 D DpmAnalyzer: analyze: decodedCode=null
09-02 11:20:55.097 26625 26625 D DpmFrameAnalyzer: analyze: result status=NO_CODE, code=null, source=null
09-02 11:20:55.102 26625 26923 D DpmFrameAnalyzer: analyze: bitmap converted, size=1080x1440, scanRoi=Rect(151, 331 - 928, 1108)
09-02 11:20:55.103 26625 26625 D DpmAnalyzer: analyze: frame=1080x1440, roi=Rect(151, 331 - 928, 1108), focus=FOCUSED, mode=SCAN
09-02 11:20:55.103 26625 26625 D DpmAnalyzer: analyze: THROTTLED by timing gate
09-02 11:20:55.103 26625 26625 D DpmFrameAnalyzer: analyze: result status=THROTTLED, code=null, source=null
09-02 11:20:55.104 26625 26923 D DpmFrameAnalyzer: analyze: frame received, format=35, size=1440x1080, rotation=90
09-02 11:20:55.204 26625 26923 D DpmFrameAnalyzer: analyze: bitmap converted, size=1080x1440, scanRoi=Rect(151, 331 - 928, 1108)
09-02 11:20:55.205 26625 26923 D DpmFrameAnalyzer: analyze: frame received, format=35, size=1440x1080, rotation=90
09-02 11:20:55.206 26625 26625 D DpmAnalyzer: analyze: frame=1080x1440, roi=Rect(151, 331 - 928, 1108), focus=FOCUSED, mode=SCAN
09-02 11:20:55.206 26625 26625 D DpmAnalyzer: analyze: THROTTLED by timing gate
09-02 11:20:55.206 26625 26625 D DpmFrameAnalyzer: analyze: result status=THROTTLED, code=null, source=null
09-02 11:20:55.281 26625 26923 D DpmFrameAnalyzer: analyze: bitmap converted, size=1080x1440, scanRoi=Rect(151, 331 - 928, 1108)
09-02 11:20:55.281 26625 26625 D DpmAnalyzer: analyze: frame=1080x1440, roi=Rect(151, 331 - 928, 1108), focus=FOCUSED, mode=SCAN
09-02 11:20:55.281 26625 26625 D DpmAnalyzer: analyze: THROTTLED by timing gate
09-02 11:20:55.281 26625 26923 D DpmFrameAnalyzer: analyze: frame received, format=35, size=1440x1080, rotation=90
09-02 11:20:55.281 26625 26625 D DpmFrameAnalyzer: analyze: result status=THROTTLED, code=null, source=null
09-02 11:20:55.349 26625 26923 D DpmFrameAnalyzer: analyze: bitmap converted, size=1080x1440, scanRoi=Rect(151, 331 - 928, 1108)
09-02 11:20:55.350 26625 26625 D DpmAnalyzer: analyze: frame=1080x1440, roi=Rect(151, 331 - 928, 1108), focus=FOCUSED, mode=SCAN
09-02 11:20:55.350 26625 26625 D DpmAnalyzer: analyze: starting performMultiStrategyDecode
09-02 11:20:55.350 26625 26625 D DpmAnalyzer: performMultiStrategyDecode: frame=1080x1440, roi=Rect(151, 331 - 928, 1108), strategies=1
09-02 11:20:55.350 26625 26923 D DpmFrameAnalyzer: analyze: frame received, format=35, size=1440x1080, rotation=90
09-02 11:20:55.360 26625 26625 D DpmAnalyzer: Stage1: ROI 777x777 → scaled 400x399
09-02 11:20:55.437 26625 26923 D DpmFrameAnalyzer: analyze: bitmap converted, size=1080x1440, scanRoi=Rect(151, 331 - 928, 1108)
09-02 11:20:55.438 26625 26625 D DpmAnalyzer: Stage1: MISS
09-02 11:20:55.438 26625 26625 D DpmAnalyzer: scanRoi present, skipping full-image stages
09-02 11:20:55.438 26625 26625 D DpmAnalyzer: analyze: decodedCode=null
09-02 11:20:55.438 26625 26923 D DpmFrameAnalyzer: analyze: frame received, format=35, size=1440x1080, rotation=90
09-02 11:20:55.438 26625 26625 D DpmFrameAnalyzer: analyze: result status=NO_CODE, code=null, source=null
09-02 11:20:55.440 26625 26625 D DpmAnalyzer: analyze: frame=1080x1440, roi=Rect(151, 331 - 928, 1108), focus=FOCUSED, mode=SCAN
09-02 11:20:55.440 26625 26625 D DpmAnalyzer: analyze: THROTTLED by timing gate
09-02 11:20:55.440 26625 26625 D DpmFrameAnalyzer: analyze: result status=THROTTLED, code=null, source=null
09-02 11:20:55.534 26625 26923 D DpmFrameAnalyzer: analyze: bitmap converted, size=1080x1440, scanRoi=Rect(151, 331 - 928, 1108)
09-02 11:20:55.535 26625 26625 D DpmAnalyzer: analyze: frame=1080x1440, roi=Rect(151, 331 - 928, 1108), focus=FOCUSED, mode=SCAN
09-02 11:20:55.535 26625 26923 D DpmFrameAnalyzer: analyze: frame received, format=35, size=1440x1080, rotation=90
09-02 11:20:55.535 26625 26625 D DpmAnalyzer: analyze: THROTTLED by timing gate
09-02 11:20:55.535 26625 26625 D DpmFrameAnalyzer: analyze: result status=THROTTLED, code=null, source=null
09-02 11:20:55.628 26625 26923 D DpmFrameAnalyzer: analyze: bitmap converted, size=1080x1440, scanRoi=Rect(151, 331 - 928, 1108)
09-02 11:20:55.629 26625 26625 D DpmAnalyzer: analyze: frame=1080x1440, roi=Rect(151, 331 - 928, 1108), focus=FOCUSED, mode=SCAN
09-02 11:20:55.629 26625 26625 D DpmAnalyzer: analyze: THROTTLED by timing gate
09-02 11:20:55.629 26625 26625 D DpmFrameAnalyzer: analyze: result status=THROTTLED, code=null, source=null
09-02 11:20:55.629 26625 26923 D DpmFrameAnalyzer: analyze: frame received, format=35, size=1440x1080, rotation=90
09-02 11:20:55.713 26625 26923 D DpmFrameAnalyzer: analyze: bitmap converted, size=1080x1440, scanRoi=Rect(151, 331 - 928, 1108)
09-02 11:20:55.713 26625 26625 D DpmAnalyzer: analyze: frame=1080x1440, roi=Rect(151, 331 - 928, 1108), focus=FOCUSED, mode=SCAN
09-02 11:20:55.713 26625 26923 D DpmFrameAnalyzer: analyze: frame received, format=35, size=1440x1080, rotation=90
09-02 11:20:55.713 26625 26625 D DpmAnalyzer: analyze: starting performMultiStrategyDecode
09-02 11:20:55.713 26625 26625 D DpmAnalyzer: performMultiStrategyDecode: frame=1080x1440, roi=Rect(151, 331 - 928, 1108), strategies=1
09-02 11:20:55.724 26625 26625 D DpmAnalyzer: Stage1: ROI 777x777 → scaled 400x399
09-02 11:20:55.784 26625 26625 D DpmAnalyzer: Stage1: MISS
09-02 11:20:55.784 26625 26625 D DpmAnalyzer: scanRoi present, skipping full-image stages
09-02 11:20:55.784 26625 26625 D DpmAnalyzer: analyze: decodedCode=null
09-02 11:20:55.784 26625 26625 D DpmFrameAnalyzer: analyze: result status=NO_CODE, code=null, source=null
09-02 11:20:55.811 26625 26923 D DpmFrameAnalyzer: analyze: bitmap converted, size=1080x1440, scanRoi=Rect(151, 331 - 928, 1108)
09-02 11:20:55.812 26625 26625 D DpmAnalyzer: analyze: frame=1080x1440, roi=Rect(151, 331 - 928, 1108), focus=FOCUSED, mode=SCAN
09-02 11:20:55.812 26625 26625 D DpmAnalyzer: analyze: THROTTLED by timing gate
09-02 11:20:55.812 26625 26625 D DpmFrameAnalyzer: analyze: result status=THROTTLED, code=null, source=null
09-02 11:20:55.812 26625 26923 D DpmFrameAnalyzer: analyze: frame received, format=35, size=1440x1080, rotation=90
09-02 11:20:55.903 26625 26923 D DpmFrameAnalyzer: analyze: bitmap converted, size=1080x1440, scanRoi=Rect(151, 331 - 928, 1108)
09-02 11:20:55.904 26625 26625 D DpmAnalyzer: analyze: frame=1080x1440, roi=Rect(151, 331 - 928, 1108), focus=FOCUSED, mode=SCAN
09-02 11:20:55.904 26625 26625 D DpmAnalyzer: analyze: THROTTLED by timing gate
09-02 11:20:55.904 26625 26625 D DpmFrameAnalyzer: analyze: result status=THROTTLED, code=null, source=null
09-02 11:20:55.905 26625 26923 D DpmFrameAnalyzer: analyze: frame received, format=35, size=1440x1080, rotation=90
09-02 11:20:55.983 26625 26923 D DpmFrameAnalyzer: analyze: bitmap converted, size=1080x1440, scanRoi=Rect(151, 331 - 928, 1108)
09-02 11:20:55.984 26625 26923 D DpmFrameAnalyzer: analyze: frame received, format=35, size=1440x1080, rotation=90
09-02 11:20:55.984 26625 26625 D DpmAnalyzer: analyze: frame=1080x1440, roi=Rect(151, 331 - 928, 1108), focus=FOCUSED, mode=SCAN
09-02 11:20:55.985 26625 26625 D DpmAnalyzer: analyze: starting performMultiStrategyDecode
09-02 11:20:55.985 26625 26625 D DpmAnalyzer: performMultiStrategyDecode: frame=1080x1440, roi=Rect(151, 331 - 928, 1108), strategies=1
09-02 11:20:55.995 26625 26625 D DpmAnalyzer: Stage1: ROI 777x777 → scaled 400x399
09-02 11:20:56.052 26625 26625 D DpmAnalyzer: Stage1: MISS
09-02 11:20:56.052 26625 26625 D DpmAnalyzer: scanRoi present, skipping full-image stages
09-02 11:20:56.052 26625 26625 D DpmAnalyzer: analyze: decodedCode=null
09-02 11:20:56.052 26625 26625 D DpmFrameAnalyzer: analyze: result status=NO_CODE, code=null, source=null
09-02 11:20:56.062 26625 26923 D DpmFrameAnalyzer: analyze: bitmap converted, size=1080x1440, scanRoi=Rect(151, 331 - 928, 1108)
09-02 11:20:56.062 26625 26625 D DpmAnalyzer: analyze: frame=1080x1440, roi=Rect(151, 331 - 928, 1108), focus=FOCUSED, mode=SCAN
09-02 11:20:56.062 26625 26625 D DpmAnalyzer: analyze: THROTTLED by timing gate
09-02 11:20:56.062 26625 26625 D DpmFrameAnalyzer: analyze: result status=THROTTLED, code=null, source=null
09-02 11:20:56.063 26625 26923 D DpmFrameAnalyzer: analyze: frame received, format=35, size=1440x1080, rotation=90
09-02 11:20:56.159 26625 26923 D DpmFrameAnalyzer: analyze: bitmap converted, size=1080x1440, scanRoi=Rect(151, 331 - 928, 1108)
09-02 11:20:56.160 26625 26625 D DpmAnalyzer: analyze: frame=1080x1440, roi=Rect(151, 331 - 928, 1108), focus=FOCUSED, mode=SCAN
09-02 11:20:56.160 26625 26625 D DpmAnalyzer: analyze: THROTTLED by timing gate
09-02 11:20:56.160 26625 26625 D DpmFrameAnalyzer: analyze: result status=THROTTLED, code=null, source=null
09-02 11:20:56.160 26625 26923 D DpmFrameAnalyzer: analyze: frame received, format=35, size=1440x1080, rotation=90
09-02 11:20:56.250 26625 26923 D DpmFrameAnalyzer: analyze: bitmap converted, size=1080x1440, scanRoi=Rect(151, 331 - 928, 1108)
09-02 11:20:56.251 26625 26923 D DpmFrameAnalyzer: analyze: frame received, format=35, size=1440x1080, rotation=90
09-02 11:20:56.251 26625 26625 D DpmAnalyzer: analyze: frame=1080x1440, roi=Rect(151, 331 - 928, 1108), focus=FOCUSED, mode=SCAN
09-02 11:20:56.251 26625 26625 D DpmAnalyzer: analyze: THROTTLED by timing gate
09-02 11:20:56.251 26625 26625 D DpmFrameAnalyzer: analyze: result status=THROTTLED, code=null, source=null
09-02 11:20:56.335 26625 26923 D DpmFrameAnalyzer: analyze: bitmap converted, size=1080x1440, scanRoi=Rect(151, 331 - 928, 1108)
09-02 11:20:56.335 26625 26625 D DpmAnalyzer: analyze: frame=1080x1440, roi=Rect(151, 331 - 928, 1108), focus=FOCUSED, mode=SCAN
09-02 11:20:56.335 26625 26625 D DpmAnalyzer: analyze: starting performMultiStrategyDecode
09-02 11:20:56.335 26625 26625 D DpmAnalyzer: performMultiStrategyDecode: frame=1080x1440, roi=Rect(151, 331 - 928, 1108), strategies=1
09-02 11:20:56.336 26625 26923 D DpmFrameAnalyzer: analyze: frame received, format=35, size=1440x1080, rotation=90
09-02 11:20:56.362 26625 26625 D DpmAnalyzer: Stage1: ROI 777x777 → scaled 400x399
09-02 11:20:56.425 26625 26923 D DpmFrameAnalyzer: analyze: bitmap converted, size=1080x1440, scanRoi=Rect(151, 331 - 928, 1108)
09-02 11:20:56.425 26625 26923 D DpmFrameAnalyzer: analyze: frame received, format=35, size=1440x1080, rotation=90
09-02 11:20:56.427 26625 26625 D DpmAnalyzer: analyze: frame=1080x1440, roi=Rect(151, 331 - 928, 1108), focus=FOCUSED, mode=SCAN
09-02 11:20:56.427 26625 26625 D DpmAnalyzer: analyze: THROTTLED (already running)
09-02 11:20:56.427 26625 26625 D DpmFrameAnalyzer: analyze: result status=THROTTLED, code=null, source=null
09-02 11:20:56.441 26625 26625 D DpmAnalyzer: Stage1: MISS
09-02 11:20:56.441 26625 26625 D DpmAnalyzer: scanRoi present, skipping full-image stages
09-02 11:20:56.441 26625 26625 D DpmAnalyzer: analyze: decodedCode=null
09-02 11:20:56.442 26625 26625 D DpmFrameAnalyzer: analyze: result status=NO_CODE, code=null, source=null
09-02 11:20:56.529 26625 26923 D DpmFrameAnalyzer: analyze: bitmap converted, size=1080x1440, scanRoi=Rect(151, 331 - 928, 1108)
09-02 11:20:56.530 26625 26625 D DpmAnalyzer: analyze: frame=1080x1440, roi=Rect(151, 331 - 928, 1108), focus=FOCUSED, mode=SCAN
09-02 11:20:56.530 26625 26625 D DpmAnalyzer: analyze: THROTTLED by timing gate
09-02 11:20:56.530 26625 26625 D DpmFrameAnalyzer: analyze: result status=THROTTLED, code=null, source=null
09-02 11:20:56.530 26625 26923 D DpmFrameAnalyzer: analyze: frame received, format=35, size=1440x1080, rotation=90
09-02 11:20:56.616 26625 26923 D DpmFrameAnalyzer: analyze: bitmap converted, size=1080x1440, scanRoi=Rect(151, 331 - 928, 1108)
09-02 11:20:56.616 26625 26625 D DpmAnalyzer: analyze: frame=1080x1440, roi=Rect(151, 331 - 928, 1108), focus=FOCUSED, mode=SCAN
09-02 11:20:56.616 26625 26625 D DpmAnalyzer: analyze: THROTTLED by timing gate
09-02 11:20:56.617 26625 26625 D DpmFrameAnalyzer: analyze: result status=THROTTLED, code=null, source=null
09-02 11:20:56.617 26625 26923 D DpmFrameAnalyzer: analyze: frame received, format=35, size=1440x1080, rotation=90
09-02 11:20:56.706 26625 26923 D DpmFrameAnalyzer: analyze: bitmap converted, size=1080x1440, scanRoi=Rect(151, 331 - 928, 1108)
09-02 11:20:56.706 26625 26625 D DpmAnalyzer: analyze: frame=1080x1440, roi=Rect(151, 331 - 928, 1108), focus=FOCUSED, mode=SCAN
09-02 11:20:56.706 26625 26625 D DpmAnalyzer: analyze: starting performMultiStrategyDecode
09-02 11:20:56.706 26625 26625 D DpmAnalyzer: performMultiStrategyDecode: frame=1080x1440, roi=Rect(151, 331 - 928, 1108), strategies=1
09-02 11:20:56.707 26625 26923 D DpmFrameAnalyzer: analyze: frame received, format=35, size=1440x1080, rotation=90
09-02 11:20:56.718 26625 26625 D DpmAnalyzer: Stage1: ROI 777x777 → scaled 400x399
09-02 11:20:56.788 26625 26923 D DpmFrameAnalyzer: analyze: bitmap converted, size=1080x1440, scanRoi=Rect(151, 331 - 928, 1108)
09-02 11:20:56.789 26625 26625 D DpmAnalyzer: analyze: frame=1080x1440, roi=Rect(151, 331 - 928, 1108), focus=FOCUSED, mode=SCAN
09-02 11:20:56.789 26625 26625 D DpmAnalyzer: analyze: THROTTLED (already running)
09-02 11:20:56.789 26625 26625 D DpmFrameAnalyzer: analyze: result status=THROTTLED, code=null, source=null
09-02 11:20:56.789 26625 26923 D DpmFrameAnalyzer: analyze: frame received, format=35, size=1440x1080, rotation=90
09-02 11:20:56.794 26625 26625 D DpmAnalyzer: Stage1: MISS
09-02 11:20:56.794 26625 26625 D DpmAnalyzer: scanRoi present, skipping full-image stages
09-02 11:20:56.794 26625 26625 D DpmAnalyzer: analyze: decodedCode=null
09-02 11:20:56.794 26625 26625 D DpmFrameAnalyzer: analyze: result status=NO_CODE, code=null, source=null
09-02 11:20:56.882 26625 26923 D DpmFrameAnalyzer: analyze: bitmap converted, size=1080x1440, scanRoi=Rect(151, 331 - 928, 1108)
09-02 11:20:56.882 26625 26625 D DpmAnalyzer: analyze: frame=1080x1440, roi=Rect(151, 331 - 928, 1108), focus=FOCUSED, mode=SCAN
09-02 11:20:56.882 26625 26625 D DpmAnalyzer: analyze: THROTTLED by timing gate
09-02 11:20:56.882 26625 26625 D DpmFrameAnalyzer: analyze: result status=THROTTLED, code=null, source=null
09-02 11:20:56.883 26625 26923 D DpmFrameAnalyzer: analyze: frame received, format=35, size=1440x1080, rotation=90
09-02 11:20:56.979 26625 26923 D DpmFrameAnalyzer: analyze: bitmap converted, size=1080x1440, scanRoi=Rect(151, 331 - 928, 1108)
09-02 11:20:56.979 26625 26625 D DpmAnalyzer: analyze: frame=1080x1440, roi=Rect(151, 331 - 928, 1108), focus=FOCUSED, mode=SCAN
09-02 11:20:56.979 26625 26625 D DpmAnalyzer: analyze: THROTTLED by timing gate
09-02 11:20:56.979 26625 26625 D DpmFrameAnalyzer: analyze: result status=THROTTLED, code=null, source=null
09-02 11:20:56.979 26625 26923 D DpmFrameAnalyzer: analyze: frame received, format=35, size=1440x1080, rotation=90
09-02 11:20:57.058 26625 26923 D DpmFrameAnalyzer: analyze: bitmap converted, size=1080x1440, scanRoi=Rect(151, 331 - 928, 1108)
09-02 11:20:57.058 26625 26625 D DpmAnalyzer: analyze: frame=1080x1440, roi=Rect(151, 331 - 928, 1108), focus=FOCUSED, mode=SCAN
09-02 11:20:57.058 26625 26625 D DpmAnalyzer: analyze: starting performMultiStrategyDecode
09-02 11:20:57.058 26625 26625 D DpmAnalyzer: performMultiStrategyDecode: frame=1080x1440, roi=Rect(151, 331 - 928, 1108), strategies=1
09-02 11:20:57.058 26625 26923 D DpmFrameAnalyzer: analyze: frame received, format=35, size=1440x1080, rotation=90
09-02 11:20:57.064 26625 26625 D DpmAnalyzer: Stage1: ROI 777x777 → scaled 400x399
09-02 11:20:57.112 26625 26625 D DpmAnalyzer: Stage1: MISS
09-02 11:20:57.112 26625 26625 D DpmAnalyzer: scanRoi present, skipping full-image stages
09-02 11:20:57.112 26625 26625 D DpmAnalyzer: analyze: decodedCode=null
09-02 11:20:57.112 26625 26625 D DpmFrameAnalyzer: analyze: result status=NO_CODE, code=null, source=null
09-02 11:20:57.143 26625 26923 D DpmFrameAnalyzer: analyze: bitmap converted, size=1080x1440, scanRoi=Rect(151, 331 - 928, 1108)
09-02 11:20:57.143 26625 26625 D DpmAnalyzer: analyze: frame=1080x1440, roi=Rect(151, 331 - 928, 1108), focus=FOCUSED, mode=SCAN
09-02 11:20:57.144 26625 26625 D DpmAnalyzer: analyze: THROTTLED by timing gate
09-02 11:20:57.144 26625 26625 D DpmFrameAnalyzer: analyze: result status=THROTTLED, code=null, source=null
09-02 11:20:57.144 26625 26923 D DpmFrameAnalyzer: analyze: frame received, format=35, size=1440x1080, rotation=90
09-02 11:20:57.234 26625 26923 D DpmFrameAnalyzer: analyze: bitmap converted, size=1080x1440, scanRoi=Rect(151, 331 - 928, 1108)
09-02 11:20:57.234 26625 26625 D DpmAnalyzer: analyze: frame=1080x1440, roi=Rect(151, 331 - 928, 1108), focus=FOCUSED, mode=SCAN
09-02 11:20:57.234 26625 26625 D DpmAnalyzer: analyze: THROTTLED by timing gate
09-02 11:20:57.234 26625 26625 D DpmFrameAnalyzer: analyze: result status=THROTTLED, code=null, source=null
09-02 11:20:57.235 26625 26923 D DpmFrameAnalyzer: analyze: frame received, format=35, size=1440x1080, rotation=90
09-02 11:20:57.315 26625 26923 D DpmFrameAnalyzer: analyze: bitmap converted, size=1080x1440, scanRoi=Rect(151, 331 - 928, 1108)
09-02 11:20:57.315 26625 26625 D DpmAnalyzer: analyze: frame=1080x1440, roi=Rect(151, 331 - 928, 1108), focus=FOCUSED, mode=SCAN
09-02 11:20:57.315 26625 26625 D DpmAnalyzer: analyze: starting performMultiStrategyDecode
09-02 11:20:57.315 26625 26625 D DpmAnalyzer: performMultiStrategyDecode: frame=1080x1440, roi=Rect(151, 331 - 928, 1108), strategies=1
09-02 11:20:57.315 26625 26923 D DpmFrameAnalyzer: analyze: frame received, format=35, size=1440x1080, rotation=90
09-02 11:20:57.323 26625 26625 D DpmAnalyzer: Stage1: ROI 777x777 → scaled 400x399
09-02 11:20:57.390 26625 26625 D DpmAnalyzer: Stage1: MISS
09-02 11:20:57.390 26625 26625 D DpmAnalyzer: scanRoi present, skipping full-image stages
09-02 11:20:57.390 26625 26625 D DpmAnalyzer: analyze: decodedCode=null
09-02 11:20:57.390 26625 26625 D DpmFrameAnalyzer: analyze: result status=NO_CODE, code=null, source=null
09-02 11:20:57.397 26625 26923 D DpmFrameAnalyzer: analyze: bitmap converted, size=1080x1440, scanRoi=Rect(151, 331 - 928, 1108)
09-02 11:20:57.398 26625 26625 D DpmAnalyzer: analyze: frame=1080x1440, roi=Rect(151, 331 - 928, 1108), focus=FOCUSED, mode=SCAN
09-02 11:20:57.398 26625 26625 D DpmAnalyzer: analyze: THROTTLED by timing gate
09-02 11:20:57.398 26625 26625 D DpmFrameAnalyzer: analyze: result status=THROTTLED, code=null, source=null
09-02 11:20:57.398 26625 26923 D DpmFrameAnalyzer: analyze: frame received, format=35, size=1440x1080, rotation=90
09-02 11:20:57.486 26625 26923 D DpmFrameAnalyzer: analyze: bitmap converted, size=1080x1440, scanRoi=Rect(151, 331 - 928, 1108)
09-02 11:20:57.486 26625 26625 D DpmAnalyzer: analyze: frame=1080x1440, roi=Rect(151, 331 - 928, 1108), focus=FOCUSED, mode=SCAN
09-02 11:20:57.487 26625 26625 D DpmAnalyzer: analyze: THROTTLED by timing gate
09-02 11:20:57.487 26625 26625 D DpmFrameAnalyzer: analyze: result status=THROTTLED, code=null, source=null
09-02 11:20:57.487 26625 26923 D DpmFrameAnalyzer: analyze: frame received, format=35, size=1440x1080, rotation=90
09-02 11:20:57.557 26625 26923 D DpmFrameAnalyzer: analyze: bitmap converted, size=1080x1440, scanRoi=Rect(151, 331 - 928, 1108)
09-02 11:20:57.558 26625 26625 D DpmAnalyzer: analyze: frame=1080x1440, roi=Rect(151, 331 - 928, 1108), focus=FOCUSED, mode=SCAN
09-02 11:20:57.558 26625 26625 D DpmAnalyzer: analyze: THROTTLED by timing gate
09-02 11:20:57.558 26625 26625 D DpmFrameAnalyzer: analyze: result status=THROTTLED, code=null, source=null
09-02 11:20:57.558 26625 26923 D DpmFrameAnalyzer: analyze: frame received, format=35, size=1440x1080, rotation=90
09-02 11:20:57.628 26625 26923 D DpmFrameAnalyzer: analyze: bitmap converted, size=1080x1440, scanRoi=Rect(151, 331 - 928, 1108)
09-02 11:20:57.628 26625 26625 D DpmAnalyzer: analyze: frame=1080x1440, roi=Rect(151, 331 - 928, 1108), focus=FOCUSED, mode=SCAN
09-02 11:20:57.628 26625 26625 D DpmAnalyzer: analyze: starting performMultiStrategyDecode
09-02 11:20:57.628 26625 26625 D DpmAnalyzer: performMultiStrategyDecode: frame=1080x1440, roi=Rect(151, 331 - 928, 1108), strategies=1
09-02 11:20:57.628 26625 26923 D DpmFrameAnalyzer: analyze: frame received, format=35, size=1440x1080, rotation=90
09-02 11:20:57.643 26625 26625 D DpmAnalyzer: Stage1: ROI 777x777 → scaled 400x399
09-02 11:20:57.708 26625 26923 D DpmFrameAnalyzer: analyze: bitmap converted, size=1080x1440, scanRoi=Rect(151, 331 - 928, 1108)
09-02 11:20:57.709 26625 26923 D DpmFrameAnalyzer: analyze: frame received, format=35, size=1440x1080, rotation=90
09-02 11:20:57.709 26625 26625 D DpmAnalyzer: Stage1: MISS
09-02 11:20:57.709 26625 26625 D DpmAnalyzer: scanRoi present, skipping full-image stages
09-02 11:20:57.709 26625 26625 D DpmAnalyzer: analyze: decodedCode=null
09-02 11:20:57.709 26625 26625 D DpmFrameAnalyzer: analyze: result status=NO_CODE, code=null, source=null
09-02 11:20:57.710 26625 26625 D DpmAnalyzer: analyze: frame=1080x1440, roi=Rect(151, 331 - 928, 1108), focus=FOCUSED, mode=SCAN
09-02 11:20:57.710 26625 26625 D DpmAnalyzer: analyze: THROTTLED by timing gate
09-02 11:20:57.710 26625 26625 D DpmFrameAnalyzer: analyze: result status=THROTTLED, code=null, source=null
09-02 11:20:57.805 26625 26923 D DpmFrameAnalyzer: analyze: bitmap converted, size=1080x1440, scanRoi=Rect(151, 331 - 928, 1108)
09-02 11:20:57.806 26625 26923 D DpmFrameAnalyzer: analyze: frame received, format=35, size=1440x1080, rotation=90
09-02 11:20:57.806 26625 26625 D DpmAnalyzer: analyze: frame=1080x1440, roi=Rect(151, 331 - 928, 1108), focus=FOCUSED, mode=SCAN
09-02 11:20:57.806 26625 26625 D DpmAnalyzer: analyze: THROTTLED by timing gate
09-02 11:20:57.806 26625 26625 D DpmFrameAnalyzer: analyze: result status=THROTTLED, code=null, source=null
09-02 11:20:57.891 26625 26923 D DpmFrameAnalyzer: analyze: bitmap converted, size=1080x1440, scanRoi=Rect(151, 331 - 928, 1108)
09-02 11:20:57.891 26625 26625 D DpmAnalyzer: analyze: frame=1080x1440, roi=Rect(151, 331 - 928, 1108), focus=FOCUSED, mode=SCAN
09-02 11:20:57.891 26625 26625 D DpmAnalyzer: analyze: THROTTLED by timing gate
09-02 11:20:57.891 26625 26625 D DpmFrameAnalyzer: analyze: result status=THROTTLED, code=null, source=null
09-02 11:20:57.891 26625 26923 D DpmFrameAnalyzer: analyze: frame received, format=35, size=1440x1080, rotation=90
09-02 11:20:57.960 26625 26923 D DpmFrameAnalyzer: analyze: bitmap converted, size=1080x1440, scanRoi=Rect(151, 331 - 928, 1108)
09-02 11:20:57.960 26625 26625 D DpmAnalyzer: analyze: frame=1080x1440, roi=Rect(151, 331 - 928, 1108), focus=FOCUSED, mode=SCAN
09-02 11:20:57.961 26625 26625 D DpmAnalyzer: analyze: starting performMultiStrategyDecode
09-02 11:20:57.961 26625 26625 D DpmAnalyzer: performMultiStrategyDecode: frame=1080x1440, roi=Rect(151, 331 - 928, 1108), strategies=1
09-02 11:20:57.961 26625 26923 D DpmFrameAnalyzer: analyze: frame received, format=35, size=1440x1080, rotation=90
09-02 11:20:57.977 26625 26625 D DpmAnalyzer: Stage1: ROI 777x777 → scaled 400x399
09-02 11:20:58.038 26625 26923 D DpmFrameAnalyzer: analyze: bitmap converted, size=1080x1440, scanRoi=Rect(151, 331 - 928, 1108)
09-02 11:20:58.039 26625 26625 D DpmAnalyzer: analyze: frame=1080x1440, roi=Rect(151, 331 - 928, 1108), focus=FOCUSED, mode=SCAN
09-02 11:20:58.039 26625 26625 D DpmAnalyzer: analyze: THROTTLED (already running)
09-02 11:20:58.039 26625 26625 D DpmFrameAnalyzer: analyze: result status=THROTTLED, code=null, source=null
09-02 11:20:58.042 26625 26923 D DpmFrameAnalyzer: analyze: frame received, format=35, size=1440x1080, rotation=90
09-02 11:20:58.054 26625 26625 D DpmAnalyzer: Stage1: MISS
09-02 11:20:58.054 26625 26625 D DpmAnalyzer: scanRoi present, skipping full-image stages
09-02 11:20:58.054 26625 26625 D DpmAnalyzer: analyze: decodedCode=null
09-02 11:20:58.054 26625 26625 D DpmFrameAnalyzer: analyze: result status=NO_CODE, code=null, source=null
09-02 11:20:58.139 26625 26923 D DpmFrameAnalyzer: analyze: bitmap converted, size=1080x1440, scanRoi=Rect(151, 331 - 928, 1108)
09-02 11:20:58.139 26625 26625 D DpmAnalyzer: analyze: frame=1080x1440, roi=Rect(151, 331 - 928, 1108), focus=FOCUSED, mode=SCAN
09-02 11:20:58.139 26625 26625 D DpmAnalyzer: analyze: THROTTLED by timing gate
09-02 11:20:58.139 26625 26625 D DpmFrameAnalyzer: analyze: result status=THROTTLED, code=null, source=null
09-02 11:20:58.140 26625 26923 D DpmFrameAnalyzer: analyze: frame received, format=35, size=1440x1080, rotation=90
09-02 11:20:58.228 26625 26923 D DpmFrameAnalyzer: analyze: bitmap converted, size=1080x1440, scanRoi=Rect(151, 331 - 928, 1108)
09-02 11:20:58.228 26625 26625 D DpmAnalyzer: analyze: frame=1080x1440, roi=Rect(151, 331 - 928, 1108), focus=FOCUSED, mode=SCAN
09-02 11:20:58.228 26625 26625 D DpmAnalyzer: analyze: THROTTLED by timing gate
09-02 11:20:58.229 26625 26625 D DpmFrameAnalyzer: analyze: result status=THROTTLED, code=null, source=null
09-02 11:20:58.229 26625 26923 D DpmFrameAnalyzer: analyze: frame received, format=35, size=1440x1080, rotation=90
09-02 11:20:58.307 26625 26923 D DpmFrameAnalyzer: analyze: bitmap converted, size=1080x1440, scanRoi=Rect(151, 331 - 928, 1108)
09-02 11:20:58.307 26625 26625 D DpmAnalyzer: analyze: frame=1080x1440, roi=Rect(151, 331 - 928, 1108), focus=FOCUSED, mode=SCAN
09-02 11:20:58.308 26625 26625 D DpmAnalyzer: analyze: starting performMultiStrategyDecode
09-02 11:20:58.308 26625 26625 D DpmAnalyzer: performMultiStrategyDecode: frame=1080x1440, roi=Rect(151, 331 - 928, 1108), strategies=1
09-02 11:20:58.308 26625 26923 D DpmFrameAnalyzer: analyze: frame received, format=35, size=1440x1080, rotation=90
09-02 11:20:58.323 26625 26625 D DpmAnalyzer: Stage1: ROI 777x777 → scaled 400x399
09-02 11:20:58.377 26625 26625 D DpmAnalyzer: Stage1: MISS
09-02 11:20:58.377 26625 26625 D DpmAnalyzer: scanRoi present, skipping full-image stages
09-02 11:20:58.377 26625 26625 D DpmAnalyzer: analyze: decodedCode=null
09-02 11:20:58.377 26625 26625 D DpmFrameAnalyzer: analyze: result status=NO_CODE, code=null, source=null
09-02 11:20:58.384 26625 26923 D DpmFrameAnalyzer: analyze: bitmap converted, size=1080x1440, scanRoi=Rect(151, 331 - 928, 1108)
09-02 11:20:58.384 26625 26625 D DpmAnalyzer: analyze: frame=1080x1440, roi=Rect(151, 331 - 928, 1108), focus=FOCUSED, mode=SCAN
09-02 11:20:58.384 26625 26625 D DpmAnalyzer: analyze: THROTTLED by timing gate
09-02 11:20:58.385 26625 26625 D DpmFrameAnalyzer: analyze: result status=THROTTLED, code=null, source=null
09-02 11:20:58.385 26625 26923 D DpmFrameAnalyzer: analyze: frame received, format=35, size=1440x1080, rotation=90
09-02 11:20:58.481 26625 26923 D DpmFrameAnalyzer: analyze: bitmap converted, size=1080x1440, scanRoi=Rect(151, 331 - 928, 1108)
09-02 11:20:58.482 26625 26625 D DpmAnalyzer: analyze: frame=1080x1440, roi=Rect(151, 331 - 928, 1108), focus=FOCUSED, mode=SCAN
09-02 11:20:58.482 26625 26625 D DpmAnalyzer: analyze: THROTTLED by timing gate
09-02 11:20:58.482 26625 26625 D DpmFrameAnalyzer: analyze: result status=THROTTLED, code=null, source=null
09-02 11:20:58.482 26625 26923 D DpmFrameAnalyzer: analyze: frame received, format=35, size=1440x1080, rotation=90
09-02 11:20:58.566 26625 26923 D DpmFrameAnalyzer: analyze: bitmap converted, size=1080x1440, scanRoi=Rect(151, 331 - 928, 1108)
09-02 11:20:58.567 26625 26923 D DpmFrameAnalyzer: analyze: frame received, format=35, size=1440x1080, rotation=90
09-02 11:20:58.568 26625 26625 D DpmAnalyzer: analyze: frame=1080x1440, roi=Rect(151, 331 - 928, 1108), focus=FOCUSED, mode=SCAN
09-02 11:20:58.568 26625 26625 D DpmAnalyzer: analyze: THROTTLED by timing gate
09-02 11:20:58.568 26625 26625 D DpmFrameAnalyzer: analyze: result status=THROTTLED, code=null, source=null
09-02 11:20:58.637 26625 26923 D DpmFrameAnalyzer: analyze: bitmap converted, size=1080x1440, scanRoi=Rect(151, 331 - 928, 1108)
09-02 11:20:58.638 26625 26923 D DpmFrameAnalyzer: analyze: frame received, format=35, size=1440x1080, rotation=90
09-02 11:20:58.638 26625 26625 D DpmAnalyzer: analyze: frame=1080x1440, roi=Rect(151, 331 - 928, 1108), focus=FOCUSED, mode=SCAN
09-02 11:20:58.639 26625 26625 D DpmAnalyzer: analyze: starting performMultiStrategyDecode
09-02 11:20:58.639 26625 26625 D DpmAnalyzer: performMultiStrategyDecode: frame=1080x1440, roi=Rect(151, 331 - 928, 1108), strategies=1
09-02 11:20:58.657 26625 26625 D DpmAnalyzer: Stage1: ROI 777x777 → scaled 400x399
09-02 11:20:58.714 26625 26923 D DpmFrameAnalyzer: analyze: bitmap converted, size=1080x1440, scanRoi=Rect(151, 331 - 928, 1108)
09-02 11:20:58.715 26625 26625 D DpmAnalyzer: analyze: frame=1080x1440, roi=Rect(151, 331 - 928, 1108), focus=FOCUSED, mode=SCAN
09-02 11:20:58.715 26625 26625 D DpmAnalyzer: analyze: THROTTLED (already running)
09-02 11:20:58.715 26625 26625 D DpmFrameAnalyzer: analyze: result status=THROTTLED, code=null, source=null
09-02 11:20:58.717 26625 26923 D DpmFrameAnalyzer: analyze: frame received, format=35, size=1440x1080, rotation=90
09-02 11:20:58.724 26625 26625 D DpmAnalyzer: Stage1: MISS
09-02 11:20:58.724 26625 26625 D DpmAnalyzer: scanRoi present, skipping full-image stages
09-02 11:20:58.724 26625 26625 D DpmAnalyzer: analyze: decodedCode=null
09-02 11:20:58.724 26625 26625 D DpmFrameAnalyzer: analyze: result status=NO_CODE, code=null, source=null
09-02 11:20:58.810 26625 26923 D DpmFrameAnalyzer: analyze: bitmap converted, size=1080x1440, scanRoi=Rect(151, 331 - 928, 1108)
09-02 11:20:58.811 26625 26625 D DpmAnalyzer: analyze: frame=1080x1440, roi=Rect(151, 331 - 928, 1108), focus=FOCUSED, mode=SCAN
09-02 11:20:58.811 26625 26625 D DpmAnalyzer: analyze: THROTTLED by timing gate
09-02 11:20:58.811 26625 26625 D DpmFrameAnalyzer: analyze: result status=THROTTLED, code=null, source=null
09-02 11:20:58.811 26625 26923 D DpmFrameAnalyzer: analyze: frame received, format=35, size=1440x1080, rotation=90
09-02 11:20:58.891 26625 26923 D DpmFrameAnalyzer: analyze: bitmap converted, size=1080x1440, scanRoi=Rect(151, 331 - 928, 1108)
09-02 11:20:58.891 26625 26625 D DpmAnalyzer: analyze: frame=1080x1440, roi=Rect(151, 331 - 928, 1108), focus=FOCUSED, mode=SCAN
09-02 11:20:58.891 26625 26625 D DpmAnalyzer: analyze: THROTTLED by timing gate
09-02 11:20:58.891 26625 26625 D DpmFrameAnalyzer: analyze: result status=THROTTLED, code=null, source=null
09-02 11:20:58.892 26625 26923 D DpmFrameAnalyzer: analyze: frame received, format=35, size=1440x1080, rotation=90
09-02 11:20:58.970 26625 26923 D DpmFrameAnalyzer: analyze: bitmap converted, size=1080x1440, scanRoi=Rect(151, 331 - 928, 1108)
09-02 11:20:58.971 26625 26923 D DpmFrameAnalyzer: analyze: frame received, format=35, size=1440x1080, rotation=90
09-02 11:20:58.972 26625 26625 D DpmAnalyzer: analyze: frame=1080x1440, roi=Rect(151, 331 - 928, 1108), focus=FOCUSED, mode=SCAN
09-02 11:20:58.972 26625 26625 D DpmAnalyzer: analyze: starting performMultiStrategyDecode
09-02 11:20:58.972 26625 26625 D DpmAnalyzer: performMultiStrategyDecode: frame=1080x1440, roi=Rect(151, 331 - 928, 1108), strategies=1
09-02 11:20:58.984 26625 26625 D DpmAnalyzer: Stage1: ROI 777x777 → scaled 400x399
09-02 11:20:59.047 26625 26923 D DpmFrameAnalyzer: analyze: bitmap converted, size=1080x1440, scanRoi=Rect(151, 331 - 928, 1108)
09-02 11:20:59.047 26625 26625 D DpmAnalyzer: analyze: frame=1080x1440, roi=Rect(151, 331 - 928, 1108), focus=FOCUSED, mode=SCAN
09-02 11:20:59.047 26625 26625 D DpmAnalyzer: analyze: THROTTLED (already running)
09-02 11:20:59.047 26625 26625 D DpmFrameAnalyzer: analyze: result status=THROTTLED, code=null, source=null
09-02 11:20:59.048 26625 26923 D DpmFrameAnalyzer: analyze: frame received, format=35, size=1440x1080, rotation=90
09-02 11:20:59.054 26625 26625 D DpmAnalyzer: Stage1: MISS
09-02 11:20:59.054 26625 26625 D DpmAnalyzer: scanRoi present, skipping full-image stages
09-02 11:20:59.055 26625 26625 D DpmAnalyzer: analyze: decodedCode=null
09-02 11:20:59.055 26625 26625 D DpmFrameAnalyzer: analyze: result status=NO_CODE, code=null, source=null
09-02 11:20:59.140 26625 26923 D DpmFrameAnalyzer: analyze: bitmap converted, size=1080x1440, scanRoi=Rect(151, 331 - 928, 1108)
09-02 11:20:59.140 26625 26625 D DpmAnalyzer: analyze: frame=1080x1440, roi=Rect(151, 331 - 928, 1108), focus=FOCUSED, mode=SCAN
09-02 11:20:59.140 26625 26625 D DpmAnalyzer: analyze: THROTTLED by timing gate
09-02 11:20:59.140 26625 26625 D DpmFrameAnalyzer: analyze: result status=THROTTLED, code=null, source=null
09-02 11:20:59.141 26625 26923 D DpmFrameAnalyzer: analyze: frame received, format=35, size=1440x1080, rotation=90
09-02 11:20:59.221 26625 26923 D DpmFrameAnalyzer: analyze: bitmap converted, size=1080x1440, scanRoi=Rect(151, 331 - 928, 1108)
09-02 11:20:59.222 26625 26625 D DpmAnalyzer: analyze: frame=1080x1440, roi=Rect(151, 331 - 928, 1108), focus=FOCUSED, mode=SCAN
09-02 11:20:59.222 26625 26625 D DpmAnalyzer: analyze: THROTTLED by timing gate
09-02 11:20:59.222 26625 26625 D DpmFrameAnalyzer: analyze: result status=THROTTLED, code=null, source=null
09-02 11:20:59.222 26625 26923 D DpmFrameAnalyzer: analyze: frame received, format=35, size=1440x1080, rotation=90
09-02 11:20:59.314 26625 26923 D DpmFrameAnalyzer: analyze: bitmap converted, size=1080x1440, scanRoi=Rect(151, 331 - 928, 1108)
09-02 11:20:59.315 26625 26625 D DpmAnalyzer: analyze: frame=1080x1440, roi=Rect(151, 331 - 928, 1108), focus=FOCUSED, mode=SCAN
09-02 11:20:59.315 26625 26923 D DpmFrameAnalyzer: analyze: frame received, format=35, size=1440x1080, rotation=90
09-02 11:20:59.316 26625 26625 D DpmAnalyzer: analyze: starting performMultiStrategyDecode
09-02 11:20:59.316 26625 26625 D DpmAnalyzer: performMultiStrategyDecode: frame=1080x1440, roi=Rect(151, 331 - 928, 1108), strategies=1
09-02 11:20:59.330 26625 26625 D DpmAnalyzer: Stage1: ROI 777x777 → scaled 400x399
09-02 11:20:59.401 26625 26625 D DpmAnalyzer: Stage1: MISS
09-02 11:20:59.401 26625 26625 D DpmAnalyzer: scanRoi present, skipping full-image stages
09-02 11:20:59.401 26625 26625 D DpmAnalyzer: analyze: decodedCode=null
09-02 11:20:59.401 26625 26625 D DpmFrameAnalyzer: analyze: result status=NO_CODE, code=null, source=null
09-02 11:20:59.410 26625 26923 D DpmFrameAnalyzer: analyze: bitmap converted, size=1080x1440, scanRoi=Rect(151, 331 - 928, 1108)
09-02 11:20:59.410 26625 26625 D DpmAnalyzer: analyze: frame=1080x1440, roi=Rect(151, 331 - 928, 1108), focus=FOCUSED, mode=SCAN
09-02 11:20:59.410 26625 26625 D DpmAnalyzer: analyze: THROTTLED by timing gate
09-02 11:20:59.410 26625 26625 D DpmFrameAnalyzer: analyze: result status=THROTTLED, code=null, source=null
09-02 11:20:59.411 26625 26923 D DpmFrameAnalyzer: analyze: frame received, format=35, size=1440x1080, rotation=90
09-02 11:20:59.506 26625 26923 D DpmFrameAnalyzer: analyze: bitmap converted, size=1080x1440, scanRoi=Rect(151, 331 - 928, 1108)
09-02 11:20:59.506 26625 26625 D DpmAnalyzer: analyze: frame=1080x1440, roi=Rect(151, 331 - 928, 1108), focus=FOCUSED, mode=SCAN
09-02 11:20:59.506 26625 26625 D DpmAnalyzer: analyze: THROTTLED by timing gate
09-02 11:20:59.506 26625 26625 D DpmFrameAnalyzer: analyze: result status=THROTTLED, code=null, source=null
09-02 11:20:59.507 26625 26923 D DpmFrameAnalyzer: analyze: frame received, format=35, size=1440x1080, rotation=90
09-02 11:20:59.581 26625 26923 D DpmFrameAnalyzer: analyze: bitmap converted, size=1080x1440, scanRoi=Rect(151, 331 - 928, 1108)
09-02 11:20:59.582 26625 26625 D DpmAnalyzer: analyze: frame=1080x1440, roi=Rect(151, 331 - 928, 1108), focus=FOCUSED, mode=SCAN
09-02 11:20:59.582 26625 26625 D DpmAnalyzer: analyze: THROTTLED by timing gate
09-02 11:20:59.582 26625 26625 D DpmFrameAnalyzer: analyze: result status=THROTTLED, code=null, source=null
09-02 11:20:59.582 26625 26923 D DpmFrameAnalyzer: analyze: frame received, format=35, size=1440x1080, rotation=90
09-02 11:20:59.650 26625 26923 D DpmFrameAnalyzer: analyze: bitmap converted, size=1080x1440, scanRoi=Rect(151, 331 - 928, 1108)
09-02 11:20:59.650 26625 26625 D DpmAnalyzer: analyze: frame=1080x1440, roi=Rect(151, 331 - 928, 1108), focus=FOCUSED, mode=SCAN
09-02 11:20:59.650 26625 26625 D DpmAnalyzer: analyze: starting performMultiStrategyDecode
09-02 11:20:59.651 26625 26625 D DpmAnalyzer: performMultiStrategyDecode: frame=1080x1440, roi=Rect(151, 331 - 928, 1108), strategies=1
09-02 11:20:59.651 26625 26923 D DpmFrameAnalyzer: analyze: frame received, format=35, size=1440x1080, rotation=90
09-02 11:20:59.673 26625 26625 D DpmAnalyzer: Stage1: ROI 777x777 → scaled 400x399
09-02 11:20:59.733 26625 26923 D DpmFrameAnalyzer: analyze: bitmap converted, size=1080x1440, scanRoi=Rect(151, 331 - 928, 1108)
09-02 11:20:59.734 26625 26923 D DpmFrameAnalyzer: analyze: frame received, format=35, size=1440x1080, rotation=90
09-02 11:20:59.735 26625 26625 D DpmAnalyzer: Stage1: MISS
09-02 11:20:59.736 26625 26625 D DpmAnalyzer: scanRoi present, skipping full-image stages
09-02 11:20:59.736 26625 26625 D DpmAnalyzer: analyze: decodedCode=null
09-02 11:20:59.736 26625 26625 D DpmFrameAnalyzer: analyze: result status=NO_CODE, code=null, source=null
09-02 11:20:59.737 26625 26625 D DpmAnalyzer: analyze: frame=1080x1440, roi=Rect(151, 331 - 928, 1108), focus=FOCUSED, mode=SCAN
09-02 11:20:59.737 26625 26625 D DpmAnalyzer: analyze: THROTTLED by timing gate
09-02 11:20:59.737 26625 26625 D DpmFrameAnalyzer: analyze: result status=THROTTLED, code=null, source=null
09-02 11:20:59.835 26625 26923 D DpmFrameAnalyzer: analyze: bitmap converted, size=1080x1440, scanRoi=Rect(151, 331 - 928, 1108)
09-02 11:20:59.836 26625 26625 D DpmAnalyzer: analyze: frame=1080x1440, roi=Rect(151, 331 - 928, 1108), focus=FOCUSED, mode=SCAN
09-02 11:20:59.836 26625 26625 D DpmAnalyzer: analyze: THROTTLED by timing gate
09-02 11:20:59.836 26625 26625 D DpmFrameAnalyzer: analyze: result status=THROTTLED, code=null, source=null
09-02 11:20:59.836 26625 26923 D DpmFrameAnalyzer: analyze: frame received, format=35, size=1440x1080, rotation=90
09-02 11:20:59.916 26625 26923 D DpmFrameAnalyzer: analyze: bitmap converted, size=1080x1440, scanRoi=Rect(151, 331 - 928, 1108)
09-02 11:20:59.917 26625 26923 D DpmFrameAnalyzer: analyze: frame received, format=35, size=1440x1080, rotation=90
09-02 11:20:59.917 26625 26625 D DpmAnalyzer: analyze: frame=1080x1440, roi=Rect(151, 331 - 928, 1108), focus=FOCUSED, mode=SCAN
09-02 11:20:59.917 26625 26625 D DpmAnalyzer: analyze: THROTTLED by timing gate
09-02 11:20:59.917 26625 26625 D DpmFrameAnalyzer: analyze: result status=THROTTLED, code=null, source=null
09-02 11:20:59.984 26625 26923 D DpmFrameAnalyzer: analyze: bitmap converted, size=1080x1440, scanRoi=Rect(151, 331 - 928, 1108)
09-02 11:20:59.984 26625 26625 D DpmAnalyzer: analyze: frame=1080x1440, roi=Rect(151, 331 - 928, 1108), focus=FOCUSED, mode=SCAN
09-02 11:20:59.984 26625 26625 D DpmAnalyzer: analyze: starting performMultiStrategyDecode
09-02 11:20:59.985 26625 26625 D DpmAnalyzer: performMultiStrategyDecode: frame=1080x1440, roi=Rect(151, 331 - 928, 1108), strategies=1
09-02 11:20:59.985 26625 26923 D DpmFrameAnalyzer: analyze: frame received, format=35, size=1440x1080, rotation=90
09-02 11:20:59.998 26625 26625 D DpmAnalyzer: Stage1: ROI 777x777 → scaled 400x399
09-02 11:21:00.047 26625 26625 D DpmAnalyzer: Stage1: MISS
09-02 11:21:00.047 26625 26625 D DpmAnalyzer: scanRoi present, skipping full-image stages
09-02 11:21:00.047 26625 26625 D DpmAnalyzer: analyze: decodedCode=null
09-02 11:21:00.047 26625 26625 D DpmFrameAnalyzer: analyze: result status=NO_CODE, code=null, source=null
09-02 11:21:00.053 26625 26923 D DpmFrameAnalyzer: analyze: bitmap converted, size=1080x1440, scanRoi=Rect(151, 331 - 928, 1108)
09-02 11:21:00.053 26625 26625 D DpmAnalyzer: analyze: frame=1080x1440, roi=Rect(151, 331 - 928, 1108), focus=FOCUSED, mode=SCAN
09-02 11:21:00.053 26625 26625 D DpmAnalyzer: analyze: THROTTLED by timing gate
09-02 11:21:00.053 26625 26625 D DpmFrameAnalyzer: analyze: result status=THROTTLED, code=null, source=null
09-02 11:21:00.054 26625 26923 D DpmFrameAnalyzer: analyze: frame received, format=35, size=1440x1080, rotation=90
09-02 11:21:00.128 26625 26923 D DpmFrameAnalyzer: analyze: bitmap converted, size=1080x1440, scanRoi=Rect(151, 331 - 928, 1108)
09-02 11:21:00.128 26625 26625 D DpmAnalyzer: analyze: frame=1080x1440, roi=Rect(151, 331 - 928, 1108), focus=FOCUSED, mode=SCAN
09-02 11:21:00.129 26625 26625 D DpmAnalyzer: analyze: THROTTLED by timing gate
09-02 11:21:00.129 26625 26625 D DpmFrameAnalyzer: analyze: result status=THROTTLED, code=null, source=null
09-02 11:21:00.129 26625 26923 D DpmFrameAnalyzer: analyze: frame received, format=35, size=1440x1080, rotation=90
09-02 11:21:00.224 26625 26923 D DpmFrameAnalyzer: analyze: bitmap converted, size=1080x1440, scanRoi=Rect(151, 331 - 928, 1108)
09-02 11:21:00.225 26625 26923 D DpmFrameAnalyzer: analyze: frame received, format=35, size=1440x1080, rotation=90
09-02 11:21:00.225 26625 26625 D DpmAnalyzer: analyze: frame=1080x1440, roi=Rect(151, 331 - 928, 1108), focus=FOCUSED, mode=SCAN
09-02 11:21:00.225 26625 26625 D DpmAnalyzer: analyze: THROTTLED by timing gate
09-02 11:21:00.225 26625 26625 D DpmFrameAnalyzer: analyze: result status=THROTTLED, code=null, source=null
09-02 11:21:00.301 26625 26923 D DpmFrameAnalyzer: analyze: bitmap converted, size=1080x1440, scanRoi=Rect(151, 331 - 928, 1108)
09-02 11:21:00.302 26625 26625 D DpmAnalyzer: analyze: frame=1080x1440, roi=Rect(151, 331 - 928, 1108), focus=FOCUSED, mode=SCAN
09-02 11:21:00.302 26625 26625 D DpmAnalyzer: analyze: starting performMultiStrategyDecode
09-02 11:21:00.302 26625 26625 D DpmAnalyzer: performMultiStrategyDecode: frame=1080x1440, roi=Rect(151, 331 - 928, 1108), strategies=1
09-02 11:21:00.302 26625 26923 D DpmFrameAnalyzer: analyze: frame received, format=35, size=1440x1080, rotation=90
09-02 11:21:00.320 26625 26625 D DpmAnalyzer: Stage1: ROI 777x777 → scaled 400x399
09-02 11:21:00.396 26625 26923 D DpmFrameAnalyzer: analyze: bitmap converted, size=1080x1440, scanRoi=Rect(151, 331 - 928, 1108)
09-02 11:21:00.396 26625 26625 D DpmAnalyzer: analyze: frame=1080x1440, roi=Rect(151, 331 - 928, 1108), focus=FOCUSED, mode=SCAN
09-02 11:21:00.396 26625 26625 D DpmAnalyzer: analyze: THROTTLED (already running)
09-02 11:21:00.396 26625 26625 D DpmFrameAnalyzer: analyze: result status=THROTTLED, code=null, source=null
09-02 11:21:00.397 26625 26923 D DpmFrameAnalyzer: analyze: frame received, format=35, size=1440x1080, rotation=90
09-02 11:21:00.405 26625 26625 D DpmAnalyzer: Stage1: MISS
09-02 11:21:00.405 26625 26625 D DpmAnalyzer: scanRoi present, skipping full-image stages
09-02 11:21:00.405 26625 26625 D DpmAnalyzer: analyze: decodedCode=null
09-02 11:21:00.405 26625 26625 D DpmFrameAnalyzer: analyze: result status=NO_CODE, code=null, source=null
09-02 11:21:00.492 26625 26923 D DpmFrameAnalyzer: analyze: bitmap converted, size=1080x1440, scanRoi=Rect(151, 331 - 928, 1108)
09-02 11:21:00.493 26625 26625 D DpmAnalyzer: analyze: frame=1080x1440, roi=Rect(151, 331 - 928, 1108), focus=FOCUSED, mode=SCAN
09-02 11:21:00.493 26625 26625 D DpmAnalyzer: analyze: THROTTLED by timing gate
09-02 11:21:00.493 26625 26625 D DpmFrameAnalyzer: analyze: result status=THROTTLED, code=null, source=null
09-02 11:21:00.493 26625 26923 D DpmFrameAnalyzer: analyze: frame received, format=35, size=1440x1080, rotation=90
09-02 11:21:00.588 26625 26923 D DpmFrameAnalyzer: analyze: bitmap converted, size=1080x1440, scanRoi=Rect(151, 331 - 928, 1108)
09-02 11:21:00.588 26625 26625 D DpmAnalyzer: analyze: frame=1080x1440, roi=Rect(151, 331 - 928, 1108), focus=FOCUSED, mode=SCAN
09-02 11:21:00.588 26625 26625 D DpmAnalyzer: analyze: THROTTLED by timing gate
09-02 11:21:00.588 26625 26625 D DpmFrameAnalyzer: analyze: result status=THROTTLED, code=null, source=null
09-02 11:21:00.589 26625 26923 D DpmFrameAnalyzer: analyze: frame received, format=35, size=1440x1080, rotation=90
09-02 11:21:00.665 26625 26923 D DpmFrameAnalyzer: analyze: bitmap converted, size=1080x1440, scanRoi=Rect(151, 331 - 928, 1108)
09-02 11:21:00.665 26625 26923 D DpmFrameAnalyzer: analyze: frame received, format=35, size=1440x1080, rotation=90
09-02 11:21:00.667 26625 26625 D DpmAnalyzer: analyze: frame=1080x1440, roi=Rect(151, 331 - 928, 1108), focus=FOCUSED, mode=SCAN
09-02 11:21:00.667 26625 26625 D DpmAnalyzer: analyze: starting performMultiStrategyDecode
09-02 11:21:00.667 26625 26625 D DpmAnalyzer: performMultiStrategyDecode: frame=1080x1440, roi=Rect(151, 331 - 928, 1108), strategies=1
09-02 11:21:00.677 26625 26625 D DpmAnalyzer: Stage1: ROI 777x777 → scaled 400x399
09-02 11:21:00.733 26625 26923 D DpmFrameAnalyzer: analyze: bitmap converted, size=1080x1440, scanRoi=Rect(151, 331 - 928, 1108)
09-02 11:21:00.734 26625 26625 D DpmAnalyzer: analyze: frame=1080x1440, roi=Rect(151, 331 - 928, 1108), focus=FOCUSED, mode=SCAN
09-02 11:21:00.734 26625 26625 D DpmAnalyzer: analyze: THROTTLED (already running)
09-02 11:21:00.734 26625 26625 D DpmFrameAnalyzer: analyze: result status=THROTTLED, code=null, source=null
09-02 11:21:00.734 26625 26923 D DpmFrameAnalyzer: analyze: frame received, format=35, size=1440x1080, rotation=90
09-02 11:21:00.748 26625 26625 D DpmAnalyzer: Stage1: MISS
09-02 11:21:00.748 26625 26625 D DpmAnalyzer: scanRoi present, skipping full-image stages
09-02 11:21:00.748 26625 26625 D DpmAnalyzer: analyze: decodedCode=null
09-02 11:21:00.748 26625 26625 D DpmFrameAnalyzer: analyze: result status=NO_CODE, code=null, source=null
09-02 11:21:00.825 26625 26923 D DpmFrameAnalyzer: analyze: bitmap converted, size=1080x1440, scanRoi=Rect(151, 331 - 928, 1108)
09-02 11:21:00.825 26625 26625 D DpmAnalyzer: analyze: frame=1080x1440, roi=Rect(151, 331 - 928, 1108), focus=FOCUSED, mode=SCAN
09-02 11:21:00.825 26625 26625 D DpmAnalyzer: analyze: THROTTLED by timing gate
09-02 11:21:00.825 26625 26625 D DpmFrameAnalyzer: analyze: result status=THROTTLED, code=null, source=null
09-02 11:21:00.826 26625 26923 D DpmFrameAnalyzer: analyze: frame received, format=35, size=1440x1080, rotation=90
09-02 11:21:00.908 26625 26923 D DpmFrameAnalyzer: analyze: bitmap converted, size=1080x1440, scanRoi=Rect(151, 331 - 928, 1108)
09-02 11:21:00.908 26625 26625 D DpmAnalyzer: analyze: frame=1080x1440, roi=Rect(151, 331 - 928, 1108), focus=FOCUSED, mode=SCAN
09-02 11:21:00.908 26625 26625 D DpmAnalyzer: analyze: THROTTLED by timing gate
09-02 11:21:00.908 26625 26625 D DpmFrameAnalyzer: analyze: result status=THROTTLED, code=null, source=null
09-02 11:21:00.909 26625 26923 D DpmFrameAnalyzer: analyze: frame received, format=35, size=1440x1080, rotation=90
09-02 11:21:00.976 26625 26923 D DpmFrameAnalyzer: analyze: bitmap converted, size=1080x1440, scanRoi=Rect(151, 331 - 928, 1108)
09-02 11:21:00.977 26625 26625 D DpmAnalyzer: analyze: frame=1080x1440, roi=Rect(151, 331 - 928, 1108), focus=FOCUSED, mode=SCAN
09-02 11:21:00.977 26625 26625 D DpmAnalyzer: analyze: starting performMultiStrategyDecode
09-02 11:21:00.977 26625 26625 D DpmAnalyzer: performMultiStrategyDecode: frame=1080x1440, roi=Rect(151, 331 - 928, 1108), strategies=1
09-02 11:21:00.977 26625 26923 D DpmFrameAnalyzer: analyze: frame received, format=35, size=1440x1080, rotation=90
09-02 11:21:00.996 26625 26625 D DpmAnalyzer: Stage1: ROI 777x777 → scaled 400x399
09-02 11:21:01.063 26625 26923 D DpmFrameAnalyzer: analyze: bitmap converted, size=1080x1440, scanRoi=Rect(151, 331 - 928, 1108)
09-02 11:21:01.064 26625 26923 D DpmFrameAnalyzer: analyze: frame received, format=35, size=1440x1080, rotation=90
09-02 11:21:01.064 26625 26625 D DpmAnalyzer: analyze: frame=1080x1440, roi=Rect(151, 331 - 928, 1108), focus=FOCUSED, mode=SCAN
09-02 11:21:01.064 26625 26625 D DpmAnalyzer: analyze: THROTTLED (already running)
09-02 11:21:01.064 26625 26625 D DpmFrameAnalyzer: analyze: result status=THROTTLED, code=null, source=null
09-02 11:21:01.085 26625 26625 D DpmAnalyzer: Stage1: MISS
09-02 11:21:01.085 26625 26625 D DpmAnalyzer: scanRoi present, skipping full-image stages
09-02 11:21:01.085 26625 26625 D DpmAnalyzer: analyze: decodedCode=null
09-02 11:21:01.085 26625 26625 D DpmFrameAnalyzer: analyze: result status=NO_CODE, code=null, source=null
09-02 11:21:01.159 26625 26923 D DpmFrameAnalyzer: analyze: bitmap converted, size=1080x1440, scanRoi=Rect(151, 331 - 928, 1108)
09-02 11:21:01.159 26625 26625 D DpmAnalyzer: analyze: frame=1080x1440, roi=Rect(151, 331 - 928, 1108), focus=FOCUSED, mode=SCAN
09-02 11:21:01.159 26625 26625 D DpmAnalyzer: analyze: THROTTLED by timing gate
09-02 11:21:01.160 26625 26625 D DpmFrameAnalyzer: analyze: result status=THROTTLED, code=null, source=null
09-02 11:21:01.160 26625 26923 D DpmFrameAnalyzer: analyze: frame received, format=35, size=1440x1080, rotation=90
09-02 11:21:01.243 26625 26923 D DpmFrameAnalyzer: analyze: bitmap converted, size=1080x1440, scanRoi=Rect(151, 331 - 928, 1108)
09-02 11:21:01.244 26625 26625 D DpmAnalyzer: analyze: frame=1080x1440, roi=Rect(151, 331 - 928, 1108), focus=FOCUSED, mode=SCAN
09-02 11:21:01.244 26625 26923 D DpmFrameAnalyzer: analyze: frame received, format=35, size=1440x1080, rotation=90
09-02 11:21:01.244 26625 26625 D DpmAnalyzer: analyze: THROTTLED by timing gate
09-02 11:21:01.244 26625 26625 D DpmFrameAnalyzer: analyze: result status=THROTTLED, code=null, source=null
09-02 11:21:01.324 26625 26923 D DpmFrameAnalyzer: analyze: bitmap converted, size=1080x1440, scanRoi=Rect(151, 331 - 928, 1108)
09-02 11:21:01.325 26625 26625 D DpmAnalyzer: analyze: frame=1080x1440, roi=Rect(151, 331 - 928, 1108), focus=FOCUSED, mode=SCAN
09-02 11:21:01.325 26625 26625 D DpmAnalyzer: analyze: starting performMultiStrategyDecode
09-02 11:21:01.325 26625 26625 D DpmAnalyzer: performMultiStrategyDecode: frame=1080x1440, roi=Rect(151, 331 - 928, 1108), strategies=1
09-02 11:21:01.325 26625 26923 D DpmFrameAnalyzer: analyze: frame received, format=35, size=1440x1080, rotation=90
09-02 11:21:01.342 26625 26625 D DpmAnalyzer: Stage1: ROI 777x777 → scaled 400x399
09-02 11:21:01.405 26625 26923 D DpmFrameAnalyzer: analyze: bitmap converted, size=1080x1440, scanRoi=Rect(151, 331 - 928, 1108)
09-02 11:21:01.406 26625 26923 D DpmFrameAnalyzer: analyze: frame received, format=35, size=1440x1080, rotation=90
09-02 11:21:01.407 26625 26625 D DpmAnalyzer: analyze: frame=1080x1440, roi=Rect(151, 331 - 928, 1108), focus=FOCUSED, mode=SCAN
09-02 11:21:01.407 26625 26625 D DpmAnalyzer: analyze: THROTTLED (already running)
09-02 11:21:01.407 26625 26625 D DpmFrameAnalyzer: analyze: result status=THROTTLED, code=null, source=null
09-02 11:21:01.421 26625 26625 D DpmAnalyzer: Stage1: MISS
09-02 11:21:01.421 26625 26625 D DpmAnalyzer: scanRoi present, skipping full-image stages
09-02 11:21:01.421 26625 26625 D DpmAnalyzer: analyze: decodedCode=null
09-02 11:21:01.421 26625 26625 D DpmFrameAnalyzer: analyze: result status=NO_CODE, code=null, source=null
09-02 11:21:01.493 26625 26923 D DpmFrameAnalyzer: analyze: bitmap converted, size=1080x1440, scanRoi=Rect(151, 331 - 928, 1108)
09-02 11:21:01.493 26625 26625 D DpmAnalyzer: analyze: frame=1080x1440, roi=Rect(151, 331 - 928, 1108), focus=FOCUSED, mode=SCAN
09-02 11:21:01.493 26625 26625 D DpmAnalyzer: analyze: THROTTLED by timing gate
09-02 11:21:01.494 26625 26625 D DpmFrameAnalyzer: analyze: result status=THROTTLED, code=null, source=null
09-02 11:21:01.494 26625 26923 D DpmFrameAnalyzer: analyze: frame received, format=35, size=1440x1080, rotation=90
09-02 11:21:01.584 26625 26923 D DpmFrameAnalyzer: analyze: bitmap converted, size=1080x1440, scanRoi=Rect(151, 331 - 928, 1108)
09-02 11:21:01.584 26625 26625 D DpmAnalyzer: analyze: frame=1080x1440, roi=Rect(151, 331 - 928, 1108), focus=FOCUSED, mode=SCAN
09-02 11:21:01.584 26625 26625 D DpmAnalyzer: analyze: THROTTLED by timing gate
09-02 11:21:01.584 26625 26625 D DpmFrameAnalyzer: analyze: result status=THROTTLED, code=null, source=null
09-02 11:21:01.585 26625 26923 D DpmFrameAnalyzer: analyze: frame received, format=35, size=1440x1080, rotation=90
09-02 11:21:01.659 26625 26923 D DpmFrameAnalyzer: analyze: bitmap converted, size=1080x1440, scanRoi=Rect(151, 331 - 928, 1108)
09-02 11:21:01.659 26625 26625 D DpmAnalyzer: analyze: frame=1080x1440, roi=Rect(151, 331 - 928, 1108), focus=FOCUSED, mode=SCAN
09-02 11:21:01.659 26625 26625 D DpmAnalyzer: analyze: starting performMultiStrategyDecode
09-02 11:21:01.659 26625 26625 D DpmAnalyzer: performMultiStrategyDecode: frame=1080x1440, roi=Rect(151, 331 - 928, 1108), strategies=1
09-02 11:21:01.659 26625 26923 D DpmFrameAnalyzer: analyze: frame received, format=35, size=1440x1080, rotation=90
09-02 11:21:01.676 26625 26625 D DpmAnalyzer: Stage1: ROI 777x777 → scaled 400x399
09-02 11:21:01.728 26625 26923 D DpmFrameAnalyzer: analyze: bitmap converted, size=1080x1440, scanRoi=Rect(151, 331 - 928, 1108)
09-02 11:21:01.729 26625 26625 D DpmAnalyzer: analyze: frame=1080x1440, roi=Rect(151, 331 - 928, 1108), focus=FOCUSED, mode=SCAN
09-02 11:21:01.729 26625 26625 D DpmAnalyzer: analyze: THROTTLED (already running)
09-02 11:21:01.729 26625 26625 D DpmFrameAnalyzer: analyze: result status=THROTTLED, code=null, source=null
09-02 11:21:01.729 26625 26923 D DpmFrameAnalyzer: analyze: frame received, format=35, size=1440x1080, rotation=90
09-02 11:21:01.745 26625 26625 D DpmAnalyzer: Stage1: MISS
09-02 11:21:01.745 26625 26625 D DpmAnalyzer: scanRoi present, skipping full-image stages
09-02 11:21:01.745 26625 26625 D DpmAnalyzer: analyze: decodedCode=null
09-02 11:21:01.745 26625 26625 D DpmFrameAnalyzer: analyze: result status=NO_CODE, code=null, source=null
09-02 11:21:01.820 26625 26923 D DpmFrameAnalyzer: analyze: bitmap converted, size=1080x1440, scanRoi=Rect(151, 331 - 928, 1108)
09-02 11:21:01.821 26625 26625 D DpmAnalyzer: analyze: frame=1080x1440, roi=Rect(151, 331 - 928, 1108), focus=FOCUSED, mode=SCAN
09-02 11:21:01.821 26625 26625 D DpmAnalyzer: analyze: THROTTLED by timing gate
09-02 11:21:01.821 26625 26625 D DpmFrameAnalyzer: analyze: result status=THROTTLED, code=null, source=null
09-02 11:21:01.821 26625 26923 D DpmFrameAnalyzer: analyze: frame received, format=35, size=1440x1080, rotation=90
09-02 11:21:01.916 26625 26923 D DpmFrameAnalyzer: analyze: bitmap converted, size=1080x1440, scanRoi=Rect(151, 331 - 928, 1108)
09-02 11:21:01.917 26625 26625 D DpmAnalyzer: analyze: frame=1080x1440, roi=Rect(151, 331 - 928, 1108), focus=FOCUSED, mode=SCAN
09-02 11:21:01.917 26625 26625 D DpmAnalyzer: analyze: THROTTLED by timing gate
09-02 11:21:01.917 26625 26625 D DpmFrameAnalyzer: analyze: result status=THROTTLED, code=null, source=null
09-02 11:21:01.917 26625 26923 D DpmFrameAnalyzer: analyze: frame received, format=35, size=1440x1080, rotation=90
09-02 11:21:02.001 26625 26923 D DpmFrameAnalyzer: analyze: bitmap converted, size=1080x1440, scanRoi=Rect(151, 331 - 928, 1108)
09-02 11:21:02.002 26625 26625 D DpmAnalyzer: analyze: frame=1080x1440, roi=Rect(151, 331 - 928, 1108), focus=FOCUSED, mode=SCAN
09-02 11:21:02.002 26625 26625 D DpmAnalyzer: analyze: starting performMultiStrategyDecode
09-02 11:21:02.002 26625 26625 D DpmAnalyzer: performMultiStrategyDecode: frame=1080x1440, roi=Rect(151, 331 - 928, 1108), strategies=1
09-02 11:21:02.002 26625 26923 D DpmFrameAnalyzer: analyze: frame received, format=35, size=1440x1080, rotation=90
09-02 11:21:02.018 26625 26625 D DpmAnalyzer: Stage1: ROI 777x777 → scaled 400x399
09-02 11:21:02.082 26625 26923 D DpmFrameAnalyzer: analyze: bitmap converted, size=1080x1440, scanRoi=Rect(151, 331 - 928, 1108)
09-02 11:21:02.082 26625 26625 D DpmAnalyzer: analyze: frame=1080x1440, roi=Rect(151, 331 - 928, 1108), focus=FOCUSED, mode=SCAN
09-02 11:21:02.082 26625 26625 D DpmAnalyzer: analyze: THROTTLED (already running)
09-02 11:21:02.083 26625 26625 D DpmFrameAnalyzer: analyze: result status=THROTTLED, code=null, source=null
09-02 11:21:02.083 26625 26923 D DpmFrameAnalyzer: analyze: frame received, format=35, size=1440x1080, rotation=90
09-02 11:21:02.090 26625 26625 D DpmAnalyzer: Stage1: MISS
09-02 11:21:02.091 26625 26625 D DpmAnalyzer: scanRoi present, skipping full-image stages
09-02 11:21:02.091 26625 26625 D DpmAnalyzer: analyze: decodedCode=null
09-02 11:21:02.091 26625 26625 D DpmFrameAnalyzer: analyze: result status=NO_CODE, code=null, source=null
09-02 11:21:02.181 26625 26923 D DpmFrameAnalyzer: analyze: bitmap converted, size=1080x1440, scanRoi=Rect(151, 331 - 928, 1108)
09-02 11:21:02.182 26625 26923 D DpmFrameAnalyzer: analyze: frame received, format=35, size=1440x1080, rotation=90
09-02 11:21:02.182 26625 26625 D DpmAnalyzer: analyze: frame=1080x1440, roi=Rect(151, 331 - 928, 1108), focus=FOCUSED, mode=SCAN
09-02 11:21:02.182 26625 26625 D DpmAnalyzer: analyze: THROTTLED by timing gate
09-02 11:21:02.182 26625 26625 D DpmFrameAnalyzer: analyze: result status=THROTTLED, code=null, source=null
09-02 11:21:02.280 26625 26923 D DpmFrameAnalyzer: analyze: bitmap converted, size=1080x1440, scanRoi=Rect(151, 331 - 928, 1108)
09-02 11:21:02.280 26625 26625 D DpmAnalyzer: analyze: frame=1080x1440, roi=Rect(151, 331 - 928, 1108), focus=FOCUSED, mode=SCAN
09-02 11:21:02.280 26625 26625 D DpmAnalyzer: analyze: THROTTLED by timing gate
09-02 11:21:02.280 26625 26625 D DpmFrameAnalyzer: analyze: result status=THROTTLED, code=null, source=null
09-02 11:21:02.281 26625 26923 D DpmFrameAnalyzer: analyze: frame received, format=35, size=1440x1080, rotation=90
09-02 11:21:02.354 26625 26923 D DpmFrameAnalyzer: analyze: bitmap converted, size=1080x1440, scanRoi=Rect(151, 331 - 928, 1108)
09-02 11:21:02.354 26625 26625 D DpmAnalyzer: analyze: frame=1080x1440, roi=Rect(151, 331 - 928, 1108), focus=FOCUSED, mode=SCAN
09-02 11:21:02.354 26625 26625 D DpmAnalyzer: analyze: starting performMultiStrategyDecode
09-02 11:21:02.354 26625 26625 D DpmAnalyzer: performMultiStrategyDecode: frame=1080x1440, roi=Rect(151, 331 - 928, 1108), strategies=1
09-02 11:21:02.354 26625 26923 D DpmFrameAnalyzer: analyze: frame received, format=35, size=1440x1080, rotation=90
09-02 11:21:02.372 26625 26625 D DpmAnalyzer: Stage1: ROI 777x777 → scaled 400x399
09-02 11:21:02.435 26625 26625 D DpmAnalyzer: Stage1: MISS
09-02 11:21:02.435 26625 26625 D DpmAnalyzer: scanRoi present, skipping full-image stages
09-02 11:21:02.435 26625 26625 D DpmAnalyzer: analyze: decodedCode=null
09-02 11:21:02.435 26625 26625 D DpmFrameAnalyzer: analyze: result status=NO_CODE, code=null, source=null
09-02 11:21:02.445 26625 26923 D DpmFrameAnalyzer: analyze: bitmap converted, size=1080x1440, scanRoi=Rect(151, 331 - 928, 1108)
09-02 11:21:02.445 26625 26625 D DpmAnalyzer: analyze: frame=1080x1440, roi=Rect(151, 331 - 928, 1108), focus=FOCUSED, mode=SCAN
09-02 11:21:02.445 26625 26625 D DpmAnalyzer: analyze: THROTTLED by timing gate
09-02 11:21:02.445 26625 26625 D DpmFrameAnalyzer: analyze: result status=THROTTLED, code=null, source=null
09-02 11:21:02.446 26625 26923 D DpmFrameAnalyzer: analyze: frame received, format=35, size=1440x1080, rotation=90
09-02 11:21:02.541 26625 26923 D DpmFrameAnalyzer: analyze: bitmap converted, size=1080x1440, scanRoi=Rect(151, 331 - 928, 1108)
09-02 11:21:02.542 26625 26625 D DpmAnalyzer: analyze: frame=1080x1440, roi=Rect(151, 331 - 928, 1108), focus=FOCUSED, mode=SCAN
09-02 11:21:02.542 26625 26625 D DpmAnalyzer: analyze: THROTTLED by timing gate
09-02 11:21:02.542 26625 26625 D DpmFrameAnalyzer: analyze: result status=THROTTLED, code=null, source=null
09-02 11:21:02.543 26625 26923 D DpmFrameAnalyzer: analyze: frame received, format=35, size=1440x1080, rotation=90
09-02 11:21:02.623 26625 26923 D DpmFrameAnalyzer: analyze: bitmap converted, size=1080x1440, scanRoi=Rect(151, 331 - 928, 1108)
09-02 11:21:02.624 26625 26625 D DpmAnalyzer: analyze: frame=1080x1440, roi=Rect(151, 331 - 928, 1108), focus=FOCUSED, mode=SCAN
09-02 11:21:02.624 26625 26625 D DpmAnalyzer: analyze: THROTTLED by timing gate
09-02 11:21:02.624 26625 26625 D DpmFrameAnalyzer: analyze: result status=THROTTLED, code=null, source=null
09-02 11:21:02.624 26625 26923 D DpmFrameAnalyzer: analyze: frame received, format=35, size=1440x1080, rotation=90
09-02 11:21:02.696 26625 26923 D DpmFrameAnalyzer: analyze: bitmap converted, size=1080x1440, scanRoi=Rect(151, 331 - 928, 1108)
09-02 11:21:02.696 26625 26625 D DpmAnalyzer: analyze: frame=1080x1440, roi=Rect(151, 331 - 928, 1108), focus=FOCUSED, mode=SCAN
09-02 11:21:02.696 26625 26625 D DpmAnalyzer: analyze: starting performMultiStrategyDecode
09-02 11:21:02.696 26625 26625 D DpmAnalyzer: performMultiStrategyDecode: frame=1080x1440, roi=Rect(151, 331 - 928, 1108), strategies=1
09-02 11:21:02.696 26625 26923 D DpmFrameAnalyzer: analyze: frame received, format=35, size=1440x1080, rotation=90
09-02 11:21:02.719 26625 26625 D DpmAnalyzer: Stage1: ROI 777x777 → scaled 400x399
09-02 11:21:02.779 26625 26923 D DpmFrameAnalyzer: analyze: bitmap converted, size=1080x1440, scanRoi=Rect(151, 331 - 928, 1108)
09-02 11:21:02.779 26625 26625 D DpmAnalyzer: analyze: frame=1080x1440, roi=Rect(151, 331 - 928, 1108), focus=FOCUSED, mode=SCAN
09-02 11:21:02.780 26625 26625 D DpmAnalyzer: analyze: THROTTLED (already running)
09-02 11:21:02.780 26625 26625 D DpmFrameAnalyzer: analyze: result status=THROTTLED, code=null, source=null
09-02 11:21:02.780 26625 26923 D DpmFrameAnalyzer: analyze: frame received, format=35, size=1440x1080, rotation=90
09-02 11:21:02.790 26625 26625 D DpmAnalyzer: Stage1: MISS
09-02 11:21:02.790 26625 26625 D DpmAnalyzer: scanRoi present, skipping full-image stages
09-02 11:21:02.790 26625 26625 D DpmAnalyzer: analyze: decodedCode=null
09-02 11:21:02.790 26625 26625 D DpmFrameAnalyzer: analyze: result status=NO_CODE, code=null, source=null
09-02 11:21:02.877 26625 26923 D DpmFrameAnalyzer: analyze: bitmap converted, size=1080x1440, scanRoi=Rect(151, 331 - 928, 1108)
09-02 11:21:02.877 26625 26625 D DpmAnalyzer: analyze: frame=1080x1440, roi=Rect(151, 331 - 928, 1108), focus=FOCUSED, mode=SCAN
09-02 11:21:02.877 26625 26625 D DpmAnalyzer: analyze: THROTTLED by timing gate
09-02 11:21:02.877 26625 26625 D DpmFrameAnalyzer: analyze: result status=THROTTLED, code=null, source=null
09-02 11:21:02.877 26625 26923 D DpmFrameAnalyzer: analyze: frame received, format=35, size=1440x1080, rotation=90
09-02 11:21:02.974 26625 26923 D DpmFrameAnalyzer: analyze: bitmap converted, size=1080x1440, scanRoi=Rect(151, 331 - 928, 1108)
09-02 11:21:02.975 26625 26625 D DpmAnalyzer: analyze: frame=1080x1440, roi=Rect(151, 331 - 928, 1108), focus=FOCUSED, mode=SCAN
09-02 11:21:02.975 26625 26625 D DpmAnalyzer: analyze: THROTTLED by timing gate
09-02 11:21:02.975 26625 26625 D DpmFrameAnalyzer: analyze: result status=THROTTLED, code=null, source=null
09-02 11:21:02.975 26625 26923 D DpmFrameAnalyzer: analyze: frame received, format=35, size=1440x1080, rotation=90
09-02 11:21:03.056 26625 26923 D DpmFrameAnalyzer: analyze: bitmap converted, size=1080x1440, scanRoi=Rect(151, 331 - 928, 1108)
09-02 11:21:03.056 26625 26625 D DpmAnalyzer: analyze: frame=1080x1440, roi=Rect(151, 331 - 928, 1108), focus=FOCUSED, mode=SCAN
09-02 11:21:03.057 26625 26625 D DpmAnalyzer: analyze: starting performMultiStrategyDecode
09-02 11:21:03.057 26625 26625 D DpmAnalyzer: performMultiStrategyDecode: frame=1080x1440, roi=Rect(151, 331 - 928, 1108), strategies=1
09-02 11:21:03.057 26625 26923 D DpmFrameAnalyzer: analyze: frame received, format=35, size=1440x1080, rotation=90
09-02 11:21:03.068 26625 26625 D DpmAnalyzer: Stage1: ROI 777x777 → scaled 400x399
09-02 11:21:03.129 26625 26923 D DpmFrameAnalyzer: analyze: bitmap converted, size=1080x1440, scanRoi=Rect(151, 331 - 928, 1108)
09-02 11:21:03.129 26625 26625 D DpmAnalyzer: analyze: frame=1080x1440, roi=Rect(151, 331 - 928, 1108), focus=FOCUSED, mode=SCAN
09-02 11:21:03.129 26625 26625 D DpmAnalyzer: analyze: THROTTLED (already running)
09-02 11:21:03.129 26625 26625 D DpmFrameAnalyzer: analyze: result status=THROTTLED, code=null, source=null
09-02 11:21:03.130 26625 26923 D DpmFrameAnalyzer: analyze: frame received, format=35, size=1440x1080, rotation=90
09-02 11:21:03.133 26625 26625 D DpmAnalyzer: Stage1: MISS
09-02 11:21:03.133 26625 26625 D DpmAnalyzer: scanRoi present, skipping full-image stages
09-02 11:21:03.133 26625 26625 D DpmAnalyzer: analyze: decodedCode=null
09-02 11:21:03.133 26625 26625 D DpmFrameAnalyzer: analyze: result status=NO_CODE, code=null, source=null
09-02 11:21:03.225 26625 26923 D DpmFrameAnalyzer: analyze: bitmap converted, size=1080x1440, scanRoi=Rect(151, 331 - 928, 1108)
09-02 11:21:03.226 26625 26625 D DpmAnalyzer: analyze: frame=1080x1440, roi=Rect(151, 331 - 928, 1108), focus=FOCUSED, mode=SCAN
09-02 11:21:03.226 26625 26625 D DpmAnalyzer: analyze: THROTTLED by timing gate
09-02 11:21:03.226 26625 26625 D DpmFrameAnalyzer: analyze: result status=THROTTLED, code=null, source=null
09-02 11:21:03.226 26625 26923 D DpmFrameAnalyzer: analyze: frame received, format=35, size=1440x1080, rotation=90
09-02 11:21:03.306 26625 26923 D DpmFrameAnalyzer: analyze: bitmap converted, size=1080x1440, scanRoi=Rect(151, 331 - 928, 1108)
09-02 11:21:03.307 26625 26625 D DpmAnalyzer: analyze: frame=1080x1440, roi=Rect(151, 331 - 928, 1108), focus=FOCUSED, mode=SCAN
09-02 11:21:03.307 26625 26625 D DpmAnalyzer: analyze: THROTTLED by timing gate
09-02 11:21:03.307 26625 26625 D DpmFrameAnalyzer: analyze: result status=THROTTLED, code=null, source=null
09-02 11:21:03.307 26625 26923 D DpmFrameAnalyzer: analyze: frame received, format=35, size=1440x1080, rotation=90
09-02 11:21:03.383 26625 26923 D DpmFrameAnalyzer: analyze: bitmap converted, size=1080x1440, scanRoi=Rect(151, 331 - 928, 1108)
09-02 11:21:03.384 26625 26625 D DpmAnalyzer: analyze: frame=1080x1440, roi=Rect(151, 331 - 928, 1108), focus=FOCUSED, mode=SCAN
09-02 11:21:03.384 26625 26625 D DpmAnalyzer: analyze: starting performMultiStrategyDecode
09-02 11:21:03.384 26625 26625 D DpmAnalyzer: performMultiStrategyDecode: frame=1080x1440, roi=Rect(151, 331 - 928, 1108), strategies=1
09-02 11:21:03.384 26625 26923 D DpmFrameAnalyzer: analyze: frame received, format=35, size=1440x1080, rotation=90
09-02 11:21:03.402 26625 26625 D DpmAnalyzer: Stage1: ROI 777x777 → scaled 400x399
09-02 11:21:03.467 26625 26923 D DpmFrameAnalyzer: analyze: bitmap converted, size=1080x1440, scanRoi=Rect(151, 331 - 928, 1108)
09-02 11:21:03.468 26625 26625 D DpmAnalyzer: analyze: frame=1080x1440, roi=Rect(151, 331 - 928, 1108), focus=FOCUSED, mode=SCAN
09-02 11:21:03.468 26625 26625 D DpmAnalyzer: analyze: THROTTLED (already running)
09-02 11:21:03.468 26625 26625 D DpmFrameAnalyzer: analyze: result status=THROTTLED, code=null, source=null
09-02 11:21:03.468 26625 26923 D DpmFrameAnalyzer: analyze: frame received, format=35, size=1440x1080, rotation=90
09-02 11:21:03.486 26625 26625 D DpmAnalyzer: Stage1: MISS
09-02 11:21:03.486 26625 26625 D DpmAnalyzer: scanRoi present, skipping full-image stages
09-02 11:21:03.486 26625 26625 D DpmAnalyzer: analyze: decodedCode=null
09-02 11:21:03.486 26625 26625 D DpmFrameAnalyzer: analyze: result status=NO_CODE, code=null, source=null
09-02 11:21:03.568 26625 26923 D DpmFrameAnalyzer: analyze: bitmap converted, size=1080x1440, scanRoi=Rect(151, 331 - 928, 1108)
09-02 11:21:03.569 26625 26923 D DpmFrameAnalyzer: analyze: frame received, format=35, size=1440x1080, rotation=90
09-02 11:21:03.570 26625 26625 D DpmAnalyzer: analyze: frame=1080x1440, roi=Rect(151, 331 - 928, 1108), focus=FOCUSED, mode=SCAN
09-02 11:21:03.570 26625 26625 D DpmAnalyzer: analyze: THROTTLED by timing gate
09-02 11:21:03.570 26625 26625 D DpmFrameAnalyzer: analyze: result status=THROTTLED, code=null, source=null
09-02 11:21:03.649 26625 26923 D DpmFrameAnalyzer: analyze: bitmap converted, size=1080x1440, scanRoi=Rect(151, 331 - 928, 1108)
09-02 11:21:03.649 26625 26625 D DpmAnalyzer: analyze: frame=1080x1440, roi=Rect(151, 331 - 928, 1108), focus=FOCUSED, mode=SCAN
09-02 11:21:03.649 26625 26625 D DpmAnalyzer: analyze: THROTTLED by timing gate
09-02 11:21:03.649 26625 26625 D DpmFrameAnalyzer: analyze: result status=THROTTLED, code=null, source=null
09-02 11:21:03.649 26625 26923 D DpmFrameAnalyzer: analyze: frame received, format=35, size=1440x1080, rotation=90
09-02 11:21:03.720 26625 26923 D DpmFrameAnalyzer: analyze: bitmap converted, size=1080x1440, scanRoi=Rect(151, 331 - 928, 1108)
09-02 11:21:03.720 26625 26625 D DpmAnalyzer: analyze: frame=1080x1440, roi=Rect(151, 331 - 928, 1108), focus=FOCUSED, mode=SCAN
09-02 11:21:03.721 26625 26625 D DpmAnalyzer: analyze: starting performMultiStrategyDecode
09-02 11:21:03.721 26625 26625 D DpmAnalyzer: performMultiStrategyDecode: frame=1080x1440, roi=Rect(151, 331 - 928, 1108), strategies=1
09-02 11:21:03.722 26625 26923 D DpmFrameAnalyzer: analyze: frame received, format=35, size=1440x1080, rotation=90
09-02 11:21:03.742 26625 26625 D DpmAnalyzer: Stage1: ROI 777x777 → scaled 400x399
09-02 11:21:03.798 26625 26923 D DpmFrameAnalyzer: analyze: bitmap converted, size=1080x1440, scanRoi=Rect(151, 331 - 928, 1108)
09-02 11:21:03.799 26625 26625 D DpmAnalyzer: analyze: frame=1080x1440, roi=Rect(151, 331 - 928, 1108), focus=FOCUSED, mode=SCAN
09-02 11:21:03.799 26625 26625 D DpmAnalyzer: analyze: THROTTLED (already running)
09-02 11:21:03.799 26625 26625 D DpmFrameAnalyzer: analyze: result status=THROTTLED, code=null, source=null
09-02 11:21:03.800 26625 26923 D DpmFrameAnalyzer: analyze: frame received, format=35, size=1440x1080, rotation=90
09-02 11:21:03.804 26625 26625 D DpmAnalyzer: Stage1: MISS
09-02 11:21:03.804 26625 26625 D DpmAnalyzer: scanRoi present, skipping full-image stages
09-02 11:21:03.805 26625 26625 D DpmAnalyzer: analyze: decodedCode=null
09-02 11:21:03.805 26625 26625 D DpmFrameAnalyzer: analyze: result status=NO_CODE, code=null, source=null
09-02 11:21:03.900 26625 26923 D DpmFrameAnalyzer: analyze: bitmap converted, size=1080x1440, scanRoi=Rect(151, 331 - 928, 1108)
09-02 11:21:03.900 26625 26625 D DpmAnalyzer: analyze: frame=1080x1440, roi=Rect(151, 331 - 928, 1108), focus=FOCUSED, mode=SCAN
09-02 11:21:03.901 26625 26625 D DpmAnalyzer: analyze: THROTTLED by timing gate
09-02 11:21:03.901 26625 26625 D DpmFrameAnalyzer: analyze: result status=THROTTLED, code=null, source=null
09-02 11:21:03.901 26625 26923 D DpmFrameAnalyzer: analyze: frame received, format=35, size=1440x1080, rotation=90
09-02 11:21:03.981 26625 26923 D DpmFrameAnalyzer: analyze: bitmap converted, size=1080x1440, scanRoi=Rect(151, 331 - 928, 1108)
09-02 11:21:03.982 26625 26923 D DpmFrameAnalyzer: analyze: frame received, format=35, size=1440x1080, rotation=90
09-02 11:21:03.983 26625 26625 D DpmAnalyzer: analyze: frame=1080x1440, roi=Rect(151, 331 - 928, 1108), focus=FOCUSED, mode=SCAN
09-02 11:21:03.983 26625 26625 D DpmAnalyzer: analyze: THROTTLED by timing gate
09-02 11:21:03.983 26625 26625 D DpmFrameAnalyzer: analyze: result status=THROTTLED, code=null, source=null
09-02 11:21:04.052 26625 26923 D DpmFrameAnalyzer: analyze: bitmap converted, size=1080x1440, scanRoi=Rect(151, 331 - 928, 1108)
09-02 11:21:04.053 26625 26923 D DpmFrameAnalyzer: analyze: frame received, format=35, size=1440x1080, rotation=90
09-02 11:21:04.053 26625 26625 D DpmAnalyzer: analyze: frame=1080x1440, roi=Rect(151, 331 - 928, 1108), focus=FOCUSED, mode=SCAN
09-02 11:21:04.053 26625 26625 D DpmAnalyzer: analyze: starting performMultiStrategyDecode
09-02 11:21:04.053 26625 26625 D DpmAnalyzer: performMultiStrategyDecode: frame=1080x1440, roi=Rect(151, 331 - 928, 1108), strategies=1
09-02 11:21:04.063 26625 26625 D DpmAnalyzer: Stage1: ROI 777x777 → scaled 400x399
09-02 11:21:04.120 26625 26625 D DpmAnalyzer: Stage1: MISS
09-02 11:21:04.120 26625 26625 D DpmAnalyzer: scanRoi present, skipping full-image stages
09-02 11:21:04.120 26625 26625 D DpmAnalyzer: analyze: decodedCode=null
09-02 11:21:04.120 26625 26625 D DpmFrameAnalyzer: analyze: result status=NO_CODE, code=null, source=null
09-02 11:21:04.135 26625 26923 D DpmFrameAnalyzer: analyze: bitmap converted, size=1080x1440, scanRoi=Rect(151, 331 - 928, 1108)
09-02 11:21:04.136 26625 26625 D DpmAnalyzer: analyze: frame=1080x1440, roi=Rect(151, 331 - 928, 1108), focus=FOCUSED, mode=SCAN
09-02 11:21:04.136 26625 26625 D DpmAnalyzer: analyze: THROTTLED by timing gate
09-02 11:21:04.136 26625 26625 D DpmFrameAnalyzer: analyze: result status=THROTTLED, code=null, source=null
09-02 11:21:04.137 26625 26923 D DpmFrameAnalyzer: analyze: frame received, format=35, size=1440x1080, rotation=90
09-02 11:21:04.231 26625 26923 D DpmFrameAnalyzer: analyze: bitmap converted, size=1080x1440, scanRoi=Rect(151, 331 - 928, 1108)
09-02 11:21:04.231 26625 26923 D DpmFrameAnalyzer: analyze: frame received, format=35, size=1440x1080, rotation=90
09-02 11:21:04.232 26625 26625 D DpmAnalyzer: analyze: frame=1080x1440, roi=Rect(151, 331 - 928, 1108), focus=FOCUSED, mode=SCAN
09-02 11:21:04.232 26625 26625 D DpmAnalyzer: analyze: THROTTLED by timing gate
09-02 11:21:04.232 26625 26625 D DpmFrameAnalyzer: analyze: result status=THROTTLED, code=null, source=null
09-02 11:21:04.308 26625 26923 D DpmFrameAnalyzer: analyze: bitmap converted, size=1080x1440, scanRoi=Rect(151, 331 - 928, 1108)
09-02 11:21:04.309 26625 26625 D DpmAnalyzer: analyze: frame=1080x1440, roi=Rect(151, 331 - 928, 1108), focus=FOCUSED, mode=SCAN
09-02 11:21:04.309 26625 26625 D DpmAnalyzer: analyze: THROTTLED by timing gate
09-02 11:21:04.309 26625 26625 D DpmFrameAnalyzer: analyze: result status=THROTTLED, code=null, source=null
09-02 11:21:04.309 26625 26923 D DpmFrameAnalyzer: analyze: frame received, format=35, size=1440x1080, rotation=90
09-02 11:21:04.392 26625 26923 D DpmFrameAnalyzer: analyze: bitmap converted, size=1080x1440, scanRoi=Rect(151, 331 - 928, 1108)
09-02 11:21:04.393 26625 26625 D DpmAnalyzer: analyze: frame=1080x1440, roi=Rect(151, 331 - 928, 1108), focus=FOCUSED, mode=SCAN
09-02 11:21:04.393 26625 26625 D DpmAnalyzer: analyze: starting performMultiStrategyDecode
09-02 11:21:04.393 26625 26625 D DpmAnalyzer: performMultiStrategyDecode: frame=1080x1440, roi=Rect(151, 331 - 928, 1108), strategies=1
09-02 11:21:04.393 26625 26923 D DpmFrameAnalyzer: analyze: frame received, format=35, size=1440x1080, rotation=90
09-02 11:21:04.402 26625 26625 D DpmAnalyzer: Stage1: ROI 777x777 → scaled 400x399
09-02 11:21:04.471 26625 26923 D DpmFrameAnalyzer: analyze: bitmap converted, size=1080x1440, scanRoi=Rect(151, 331 - 928, 1108)
09-02 11:21:04.472 26625 26923 D DpmFrameAnalyzer: analyze: frame received, format=35, size=1440x1080, rotation=90
09-02 11:21:04.472 26625 26625 D DpmAnalyzer: Stage1: MISS
09-02 11:21:04.472 26625 26625 D DpmAnalyzer: scanRoi present, skipping full-image stages
09-02 11:21:04.472 26625 26625 D DpmAnalyzer: analyze: decodedCode=null
09-02 11:21:04.472 26625 26625 D DpmFrameAnalyzer: analyze: result status=NO_CODE, code=null, source=null
09-02 11:21:04.474 26625 26625 D DpmAnalyzer: analyze: frame=1080x1440, roi=Rect(151, 331 - 928, 1108), focus=FOCUSED, mode=SCAN
09-02 11:21:04.474 26625 26625 D DpmAnalyzer: analyze: THROTTLED by timing gate
09-02 11:21:04.474 26625 26625 D DpmFrameAnalyzer: analyze: result status=THROTTLED, code=null, source=null
09-02 11:21:04.570 26625 26923 D DpmFrameAnalyzer: analyze: bitmap converted, size=1080x1440, scanRoi=Rect(151, 331 - 928, 1108)
09-02 11:21:04.570 26625 26625 D DpmAnalyzer: analyze: frame=1080x1440, roi=Rect(151, 331 - 928, 1108), focus=FOCUSED, mode=SCAN
09-02 11:21:04.570 26625 26625 D DpmAnalyzer: analyze: THROTTLED by timing gate
09-02 11:21:04.570 26625 26625 D DpmFrameAnalyzer: analyze: result status=THROTTLED, code=null, source=null
09-02 11:21:04.571 26625 26923 D DpmFrameAnalyzer: analyze: frame received, format=35, size=1440x1080, rotation=90
09-02 11:21:04.667 26625 26923 D DpmFrameAnalyzer: analyze: bitmap converted, size=1080x1440, scanRoi=Rect(151, 331 - 928, 1108)
09-02 11:21:04.667 26625 26625 D DpmAnalyzer: analyze: frame=1080x1440, roi=Rect(151, 331 - 928, 1108), focus=FOCUSED, mode=SCAN
09-02 11:21:04.667 26625 26625 D DpmAnalyzer: analyze: THROTTLED by timing gate
09-02 11:21:04.668 26625 26625 D DpmFrameAnalyzer: analyze: result status=THROTTLED, code=null, source=null
09-02 11:21:04.668 26625 26923 D DpmFrameAnalyzer: analyze: frame received, format=35, size=1440x1080, rotation=90
09-02 11:21:04.744 26625 26923 D DpmFrameAnalyzer: analyze: bitmap converted, size=1080x1440, scanRoi=Rect(151, 331 - 928, 1108)
09-02 11:21:04.745 26625 26625 D DpmAnalyzer: analyze: frame=1080x1440, roi=Rect(151, 331 - 928, 1108), focus=FOCUSED, mode=SCAN
09-02 11:21:04.745 26625 26625 D DpmAnalyzer: analyze: starting performMultiStrategyDecode
09-02 11:21:04.745 26625 26625 D DpmAnalyzer: performMultiStrategyDecode: frame=1080x1440, roi=Rect(151, 331 - 928, 1108), strategies=1
09-02 11:21:04.745 26625 26923 D DpmFrameAnalyzer: analyze: frame received, format=35, size=1440x1080, rotation=90
09-02 11:21:04.755 26625 26625 D DpmAnalyzer: Stage1: ROI 777x777 → scaled 400x399
09-02 11:21:04.811 26625 26625 D DpmAnalyzer: Stage1: MISS
09-02 11:21:04.811 26625 26625 D DpmAnalyzer: scanRoi present, skipping full-image stages
09-02 11:21:04.811 26625 26625 D DpmAnalyzer: analyze: decodedCode=null
09-02 11:21:04.811 26625 26625 D DpmFrameAnalyzer: analyze: result status=NO_CODE, code=null, source=null
09-02 11:21:04.832 26625 26923 D DpmFrameAnalyzer: analyze: bitmap converted, size=1080x1440, scanRoi=Rect(151, 331 - 928, 1108)
09-02 11:21:04.832 26625 26625 D DpmAnalyzer: analyze: frame=1080x1440, roi=Rect(151, 331 - 928, 1108), focus=FOCUSED, mode=SCAN
09-02 11:21:04.832 26625 26625 D DpmAnalyzer: analyze: THROTTLED by timing gate
09-02 11:21:04.832 26625 26625 D DpmFrameAnalyzer: analyze: result status=THROTTLED, code=null, source=null
09-02 11:21:04.832 26625 26923 D DpmFrameAnalyzer: analyze: frame received, format=35, size=1440x1080, rotation=90
09-02 11:21:04.924 26625 26923 D DpmFrameAnalyzer: analyze: bitmap converted, size=1080x1440, scanRoi=Rect(151, 331 - 928, 1108)
09-02 11:21:04.924 26625 26625 D DpmAnalyzer: analyze: frame=1080x1440, roi=Rect(151, 331 - 928, 1108), focus=FOCUSED, mode=SCAN
09-02 11:21:04.924 26625 26625 D DpmAnalyzer: analyze: THROTTLED by timing gate
09-02 11:21:04.924 26625 26625 D DpmFrameAnalyzer: analyze: result status=THROTTLED, code=null, source=null
09-02 11:21:04.925 26625 26923 D DpmFrameAnalyzer: analyze: frame received, format=35, size=1440x1080, rotation=90
09-02 11:21:05.004 26625 26923 D DpmFrameAnalyzer: analyze: bitmap converted, size=1080x1440, scanRoi=Rect(151, 331 - 928, 1108)
09-02 11:21:05.005 26625 26625 D DpmAnalyzer: analyze: frame=1080x1440, roi=Rect(151, 331 - 928, 1108), focus=FOCUSED, mode=SCAN
09-02 11:21:05.005 26625 26625 D DpmAnalyzer: analyze: THROTTLED by timing gate
09-02 11:21:05.005 26625 26625 D DpmFrameAnalyzer: analyze: result status=THROTTLED, code=null, source=null
09-02 11:21:05.005 26625 26923 D DpmFrameAnalyzer: analyze: frame received, format=35, size=1440x1080, rotation=90
09-02 11:21:05.090 26625 26923 D DpmFrameAnalyzer: analyze: bitmap converted, size=1080x1440, scanRoi=Rect(151, 331 - 928, 1108)
09-02 11:21:05.090 26625 26625 D DpmAnalyzer: analyze: frame=1080x1440, roi=Rect(151, 331 - 928, 1108), focus=FOCUSED, mode=SCAN
09-02 11:21:05.090 26625 26625 D DpmAnalyzer: analyze: starting performMultiStrategyDecode
09-02 11:21:05.090 26625 26625 D DpmAnalyzer: performMultiStrategyDecode: frame=1080x1440, roi=Rect(151, 331 - 928, 1108), strategies=1
09-02 11:21:05.091 26625 26923 D DpmFrameAnalyzer: analyze: frame received, format=35, size=1440x1080, rotation=90
09-02 11:21:05.101 26625 26625 D DpmAnalyzer: Stage1: ROI 777x777 → scaled 400x399
09-02 11:21:05.172 26625 26923 D DpmFrameAnalyzer: analyze: bitmap converted, size=1080x1440, scanRoi=Rect(151, 331 - 928, 1108)
09-02 11:21:05.173 26625 26625 D DpmAnalyzer: analyze: frame=1080x1440, roi=Rect(151, 331 - 928, 1108), focus=FOCUSED, mode=SCAN
09-02 11:21:05.173 26625 26625 D DpmAnalyzer: analyze: THROTTLED (already running)
09-02 11:21:05.173 26625 26625 D DpmFrameAnalyzer: analyze: result status=THROTTLED, code=null, source=null
09-02 11:21:05.174 26625 26923 D DpmFrameAnalyzer: analyze: frame received, format=35, size=1440x1080, rotation=90
09-02 11:21:05.176 26625 26625 D DpmAnalyzer: Stage1: MISS
09-02 11:21:05.176 26625 26625 D DpmAnalyzer: scanRoi present, skipping full-image stages
09-02 11:21:05.176 26625 26625 D DpmAnalyzer: analyze: decodedCode=null
09-02 11:21:05.176 26625 26625 D DpmFrameAnalyzer: analyze: result status=NO_CODE, code=null, source=null
09-02 11:21:05.269 26625 26923 D DpmFrameAnalyzer: analyze: bitmap converted, size=1080x1440, scanRoi=Rect(151, 331 - 928, 1108)
09-02 11:21:05.269 26625 26625 D DpmAnalyzer: analyze: frame=1080x1440, roi=Rect(151, 331 - 928, 1108), focus=FOCUSED, mode=SCAN
09-02 11:21:05.270 26625 26625 D DpmAnalyzer: analyze: THROTTLED by timing gate
09-02 11:21:05.270 26625 26625 D DpmFrameAnalyzer: analyze: result status=THROTTLED, code=null, source=null
09-02 11:21:05.270 26625 26923 D DpmFrameAnalyzer: analyze: frame received, format=35, size=1440x1080, rotation=90
09-02 11:21:05.346 26625 26923 D DpmFrameAnalyzer: analyze: bitmap converted, size=1080x1440, scanRoi=Rect(151, 331 - 928, 1108)
09-02 11:21:05.347 26625 26923 D DpmFrameAnalyzer: analyze: frame received, format=35, size=1440x1080, rotation=90
09-02 11:21:05.348 26625 26625 D DpmAnalyzer: analyze: frame=1080x1440, roi=Rect(151, 331 - 928, 1108), focus=FOCUSED, mode=SCAN
09-02 11:21:05.348 26625 26625 D DpmAnalyzer: analyze: THROTTLED by timing gate
09-02 11:21:05.348 26625 26625 D DpmFrameAnalyzer: analyze: result status=THROTTLED, code=null, source=null
09-02 11:21:05.418 26625 26923 D DpmFrameAnalyzer: analyze: bitmap converted, size=1080x1440, scanRoi=Rect(151, 331 - 928, 1108)
09-02 11:21:05.419 26625 26923 D DpmFrameAnalyzer: analyze: frame received, format=35, size=1440x1080, rotation=90
09-02 11:21:05.419 26625 26625 D DpmAnalyzer: analyze: frame=1080x1440, roi=Rect(151, 331 - 928, 1108), focus=FOCUSED, mode=SCAN
09-02 11:21:05.419 26625 26625 D DpmAnalyzer: analyze: starting performMultiStrategyDecode
09-02 11:21:05.419 26625 26625 D DpmAnalyzer: performMultiStrategyDecode: frame=1080x1440, roi=Rect(151, 331 - 928, 1108), strategies=1
09-02 11:21:05.438 26625 26625 D DpmAnalyzer: Stage1: ROI 777x777 → scaled 400x399
09-02 11:21:05.492 26625 26923 D DpmFrameAnalyzer: analyze: bitmap converted, size=1080x1440, scanRoi=Rect(151, 331 - 928, 1108)
09-02 11:21:05.492 26625 26625 D DpmAnalyzer: analyze: frame=1080x1440, roi=Rect(151, 331 - 928, 1108), focus=FOCUSED, mode=SCAN
09-02 11:21:05.492 26625 26625 D DpmAnalyzer: analyze: THROTTLED (already running)
09-02 11:21:05.492 26625 26625 D DpmFrameAnalyzer: analyze: result status=THROTTLED, code=null, source=null
09-02 11:21:05.493 26625 26923 D DpmFrameAnalyzer: analyze: frame received, format=35, size=1440x1080, rotation=90
09-02 11:21:05.495 26625 26625 D DpmAnalyzer: Stage1: MISS
09-02 11:21:05.495 26625 26625 D DpmAnalyzer: scanRoi present, skipping full-image stages
09-02 11:21:05.495 26625 26625 D DpmAnalyzer: analyze: decodedCode=null
09-02 11:21:05.495 26625 26625 D DpmFrameAnalyzer: analyze: result status=NO_CODE, code=null, source=null
09-02 11:21:05.583 26625 26923 D DpmFrameAnalyzer: analyze: bitmap converted, size=1080x1440, scanRoi=Rect(151, 331 - 928, 1108)
09-02 11:21:05.583 26625 26625 D DpmAnalyzer: analyze: frame=1080x1440, roi=Rect(151, 331 - 928, 1108), focus=FOCUSED, mode=SCAN
09-02 11:21:05.583 26625 26625 D DpmAnalyzer: analyze: THROTTLED by timing gate
09-02 11:21:05.583 26625 26625 D DpmFrameAnalyzer: analyze: result status=THROTTLED, code=null, source=null
09-02 11:21:05.584 26625 26923 D DpmFrameAnalyzer: analyze: frame received, format=35, size=1440x1080, rotation=90
09-02 11:21:05.673 26625 26923 D DpmFrameAnalyzer: analyze: bitmap converted, size=1080x1440, scanRoi=Rect(151, 331 - 928, 1108)
09-02 11:21:05.674 26625 26625 D DpmAnalyzer: analyze: frame=1080x1440, roi=Rect(151, 331 - 928, 1108), focus=FOCUSED, mode=SCAN
09-02 11:21:05.674 26625 26625 D DpmAnalyzer: analyze: THROTTLED by timing gate
09-02 11:21:05.674 26625 26625 D DpmFrameAnalyzer: analyze: result status=THROTTLED, code=null, source=null
09-02 11:21:05.674 26625 26923 D DpmFrameAnalyzer: analyze: frame received, format=35, size=1440x1080, rotation=90
09-02 11:21:05.752 26625 26923 D DpmFrameAnalyzer: analyze: bitmap converted, size=1080x1440, scanRoi=Rect(151, 331 - 928, 1108)
09-02 11:21:05.752 26625 26625 D DpmAnalyzer: analyze: frame=1080x1440, roi=Rect(151, 331 - 928, 1108), focus=FOCUSED, mode=SCAN
09-02 11:21:05.752 26625 26625 D DpmAnalyzer: analyze: starting performMultiStrategyDecode
09-02 11:21:05.752 26625 26625 D DpmAnalyzer: performMultiStrategyDecode: frame=1080x1440, roi=Rect(151, 331 - 928, 1108), strategies=1
09-02 11:21:05.752 26625 26923 D DpmFrameAnalyzer: analyze: frame received, format=35, size=1440x1080, rotation=90
09-02 11:21:05.762 26625 26625 D DpmAnalyzer: Stage1: ROI 777x777 → scaled 400x399
09-02 11:21:05.822 26625 26923 D DpmFrameAnalyzer: analyze: bitmap converted, size=1080x1440, scanRoi=Rect(151, 331 - 928, 1108)
09-02 11:21:05.822 26625 26625 D DpmAnalyzer: analyze: frame=1080x1440, roi=Rect(151, 331 - 928, 1108), focus=FOCUSED, mode=SCAN
09-02 11:21:05.822 26625 26625 D DpmAnalyzer: analyze: THROTTLED (already running)
09-02 11:21:05.822 26625 26625 D DpmFrameAnalyzer: analyze: result status=THROTTLED, code=null, source=null
09-02 11:21:05.823 26625 26923 D DpmFrameAnalyzer: analyze: frame received, format=35, size=1440x1080, rotation=90
09-02 11:21:05.834 26625 26625 D DpmAnalyzer: Stage1: MISS
09-02 11:21:05.834 26625 26625 D DpmAnalyzer: scanRoi present, skipping full-image stages
09-02 11:21:05.834 26625 26625 D DpmAnalyzer: analyze: decodedCode=null
09-02 11:21:05.834 26625 26625 D DpmFrameAnalyzer: analyze: result status=NO_CODE, code=null, source=null
09-02 11:21:05.924 26625 26923 D DpmFrameAnalyzer: analyze: bitmap converted, size=1080x1440, scanRoi=Rect(151, 331 - 928, 1108)
09-02 11:21:05.924 26625 26625 D DpmAnalyzer: analyze: frame=1080x1440, roi=Rect(151, 331 - 928, 1108), focus=FOCUSED, mode=SCAN
09-02 11:21:05.924 26625 26625 D DpmAnalyzer: analyze: THROTTLED by timing gate
09-02 11:21:05.924 26625 26625 D DpmFrameAnalyzer: analyze: result status=THROTTLED, code=null, source=null
09-02 11:21:05.924 26625 26923 D DpmFrameAnalyzer: analyze: frame received, format=35, size=1440x1080, rotation=90
09-02 11:21:06.000 26625 26923 D DpmFrameAnalyzer: analyze: bitmap converted, size=1080x1440, scanRoi=Rect(151, 331 - 928, 1108)
09-02 11:21:06.001 26625 26625 D DpmAnalyzer: analyze: frame=1080x1440, roi=Rect(151, 331 - 928, 1108), focus=FOCUSED, mode=SCAN
09-02 11:21:06.001 26625 26625 D DpmAnalyzer: analyze: THROTTLED by timing gate
09-02 11:21:06.001 26625 26625 D DpmFrameAnalyzer: analyze: result status=THROTTLED, code=null, source=null
09-02 11:21:06.001 26625 26923 D DpmFrameAnalyzer: analyze: frame received, format=35, size=1440x1080, rotation=90
09-02 11:21:06.070 26625 26923 D DpmFrameAnalyzer: analyze: bitmap converted, size=1080x1440, scanRoi=Rect(151, 331 - 928, 1108)
09-02 11:21:06.070 26625 26625 D DpmAnalyzer: analyze: frame=1080x1440, roi=Rect(151, 331 - 928, 1108), focus=FOCUSED, mode=SCAN
09-02 11:21:06.070 26625 26625 D DpmAnalyzer: analyze: starting performMultiStrategyDecode
09-02 11:21:06.071 26625 26625 D DpmAnalyzer: performMultiStrategyDecode: frame=1080x1440, roi=Rect(151, 331 - 928, 1108), strategies=1
09-02 11:21:06.071 26625 26923 D DpmFrameAnalyzer: analyze: frame received, format=35, size=1440x1080, rotation=90
09-02 11:21:06.081 26625 26625 D DpmAnalyzer: Stage1: ROI 777x777 → scaled 400x399
09-02 11:21:06.144 26625 26923 D DpmFrameAnalyzer: analyze: bitmap converted, size=1080x1440, scanRoi=Rect(151, 331 - 928, 1108)
09-02 11:21:06.144 26625 26625 D DpmAnalyzer: analyze: frame=1080x1440, roi=Rect(151, 331 - 928, 1108), focus=FOCUSED, mode=SCAN
09-02 11:21:06.144 26625 26625 D DpmAnalyzer: analyze: THROTTLED (already running)
09-02 11:21:06.144 26625 26625 D DpmFrameAnalyzer: analyze: result status=THROTTLED, code=null, source=null
09-02 11:21:06.145 26625 26923 D DpmFrameAnalyzer: analyze: frame received, format=35, size=1440x1080, rotation=90
09-02 11:21:06.148 26625 26625 D DpmAnalyzer: Stage1: MISS
09-02 11:21:06.148 26625 26625 D DpmAnalyzer: scanRoi present, skipping full-image stages
09-02 11:21:06.148 26625 26625 D DpmAnalyzer: analyze: decodedCode=null
09-02 11:21:06.148 26625 26625 D DpmFrameAnalyzer: analyze: result status=NO_CODE, code=null, source=null
09-02 11:21:06.235 26625 26923 D DpmFrameAnalyzer: analyze: bitmap converted, size=1080x1440, scanRoi=Rect(151, 331 - 928, 1108)
09-02 11:21:06.236 26625 26923 D DpmFrameAnalyzer: analyze: frame received, format=35, size=1440x1080, rotation=90
09-02 11:21:06.236 26625 26625 D DpmAnalyzer: analyze: frame=1080x1440, roi=Rect(151, 331 - 928, 1108), focus=FOCUSED, mode=SCAN
09-02 11:21:06.236 26625 26625 D DpmAnalyzer: analyze: THROTTLED by timing gate
09-02 11:21:06.236 26625 26625 D DpmFrameAnalyzer: analyze: result status=THROTTLED, code=null, source=null
09-02 11:21:06.319 26625 26923 D DpmFrameAnalyzer: analyze: bitmap converted, size=1080x1440, scanRoi=Rect(151, 331 - 928, 1108)
09-02 11:21:06.319 26625 26625 D DpmAnalyzer: analyze: frame=1080x1440, roi=Rect(151, 331 - 928, 1108), focus=FOCUSED, mode=SCAN
09-02 11:21:06.319 26625 26625 D DpmAnalyzer: analyze: THROTTLED by timing gate
09-02 11:21:06.320 26625 26625 D DpmFrameAnalyzer: analyze: result status=THROTTLED, code=null, source=null
09-02 11:21:06.320 26625 26923 D DpmFrameAnalyzer: analyze: frame received, format=35, size=1440x1080, rotation=90
09-02 11:21:06.391 26625 26923 D DpmFrameAnalyzer: analyze: bitmap converted, size=1080x1440, scanRoi=Rect(151, 331 - 928, 1108)
09-02 11:21:06.391 26625 26625 D DpmAnalyzer: analyze: frame=1080x1440, roi=Rect(151, 331 - 928, 1108), focus=FOCUSED, mode=SCAN
09-02 11:21:06.391 26625 26625 D DpmAnalyzer: analyze: starting performMultiStrategyDecode
09-02 11:21:06.391 26625 26625 D DpmAnalyzer: performMultiStrategyDecode: frame=1080x1440, roi=Rect(151, 331 - 928, 1108), strategies=1
09-02 11:21:06.392 26625 26923 D DpmFrameAnalyzer: analyze: frame received, format=35, size=1440x1080, rotation=90
09-02 11:21:06.417 26625 26625 D DpmAnalyzer: Stage1: ROI 777x777 → scaled 400x399
09-02 11:21:06.465 26625 26923 D DpmFrameAnalyzer: analyze: bitmap converted, size=1080x1440, scanRoi=Rect(151, 331 - 928, 1108)
09-02 11:21:06.465 26625 26625 D DpmAnalyzer: analyze: frame=1080x1440, roi=Rect(151, 331 - 928, 1108), focus=FOCUSED, mode=SCAN
09-02 11:21:06.465 26625 26625 D DpmAnalyzer: analyze: THROTTLED (already running)
09-02 11:21:06.465 26625 26625 D DpmFrameAnalyzer: analyze: result status=THROTTLED, code=null, source=null
09-02 11:21:06.466 26625 26923 D DpmFrameAnalyzer: analyze: frame received, format=35, size=1440x1080, rotation=90
09-02 11:21:06.474 26625 26625 D DpmAnalyzer: Stage1: MISS
09-02 11:21:06.474 26625 26625 D DpmAnalyzer: scanRoi present, skipping full-image stages
09-02 11:21:06.474 26625 26625 D DpmAnalyzer: analyze: decodedCode=null
09-02 11:21:06.474 26625 26625 D DpmFrameAnalyzer: analyze: result status=NO_CODE, code=null, source=null
09-02 11:21:06.562 26625 26923 D DpmFrameAnalyzer: analyze: bitmap converted, size=1080x1440, scanRoi=Rect(151, 331 - 928, 1108)
09-02 11:21:06.563 26625 26923 D DpmFrameAnalyzer: analyze: frame received, format=35, size=1440x1080, rotation=90
09-02 11:21:06.564 26625 26625 D DpmAnalyzer: analyze: frame=1080x1440, roi=Rect(151, 331 - 928, 1108), focus=FOCUSED, mode=SCAN
09-02 11:21:06.564 26625 26625 D DpmAnalyzer: analyze: THROTTLED by timing gate
09-02 11:21:06.564 26625 26625 D DpmFrameAnalyzer: analyze: result status=THROTTLED, code=null, source=null
09-02 11:21:06.644 26625 26923 D DpmFrameAnalyzer: analyze: bitmap converted, size=1080x1440, scanRoi=Rect(151, 331 - 928, 1108)
09-02 11:21:06.644 26625 26625 D DpmAnalyzer: analyze: frame=1080x1440, roi=Rect(151, 331 - 928, 1108), focus=FOCUSED, mode=SCAN
09-02 11:21:06.644 26625 26625 D DpmAnalyzer: analyze: THROTTLED by timing gate
09-02 11:21:06.644 26625 26625 D DpmFrameAnalyzer: analyze: result status=THROTTLED, code=null, source=null
09-02 11:21:06.645 26625 26923 D DpmFrameAnalyzer: analyze: frame received, format=35, size=1440x1080, rotation=90
09-02 11:21:06.716 26625 26923 D DpmFrameAnalyzer: analyze: bitmap converted, size=1080x1440, scanRoi=Rect(151, 331 - 928, 1108)
09-02 11:21:06.716 26625 26625 D DpmAnalyzer: analyze: frame=1080x1440, roi=Rect(151, 331 - 928, 1108), focus=FOCUSED, mode=SCAN
09-02 11:21:06.716 26625 26625 D DpmAnalyzer: analyze: starting performMultiStrategyDecode
09-02 11:21:06.716 26625 26625 D DpmAnalyzer: performMultiStrategyDecode: frame=1080x1440, roi=Rect(151, 331 - 928, 1108), strategies=1
09-02 11:21:06.716 26625 26923 D DpmFrameAnalyzer: analyze: frame received, format=35, size=1440x1080, rotation=90
09-02 11:21:06.727 26625 26625 D DpmAnalyzer: Stage1: ROI 777x777 → scaled 400x399
09-02 11:21:06.786 26625 26625 D DpmAnalyzer: Stage1: MISS
09-02 11:21:06.786 26625 26625 D DpmAnalyzer: scanRoi present, skipping full-image stages
09-02 11:21:06.786 26625 26625 D DpmAnalyzer: analyze: decodedCode=null
09-02 11:21:06.787 26625 26625 D DpmFrameAnalyzer: analyze: result status=NO_CODE, code=null, source=null
09-02 11:21:06.792 26625 26923 D DpmFrameAnalyzer: analyze: bitmap converted, size=1080x1440, scanRoi=Rect(151, 331 - 928, 1108)
09-02 11:21:06.793 26625 26625 D DpmAnalyzer: analyze: frame=1080x1440, roi=Rect(151, 331 - 928, 1108), focus=FOCUSED, mode=SCAN
09-02 11:21:06.793 26625 26625 D DpmAnalyzer: analyze: THROTTLED by timing gate
09-02 11:21:06.793 26625 26625 D DpmFrameAnalyzer: analyze: result status=THROTTLED, code=null, source=null
09-02 11:21:06.793 26625 26923 D DpmFrameAnalyzer: analyze: frame received, format=35, size=1440x1080, rotation=90
09-02 11:21:06.890 26625 26923 D DpmFrameAnalyzer: analyze: bitmap converted, size=1080x1440, scanRoi=Rect(151, 331 - 928, 1108)
09-02 11:21:06.890 26625 26625 D DpmAnalyzer: analyze: frame=1080x1440, roi=Rect(151, 331 - 928, 1108), focus=FOCUSED, mode=SCAN
09-02 11:21:06.891 26625 26625 D DpmAnalyzer: analyze: THROTTLED by timing gate
09-02 11:21:06.891 26625 26625 D DpmFrameAnalyzer: analyze: result status=THROTTLED, code=null, source=null
09-02 11:21:06.891 26625 26923 D DpmFrameAnalyzer: analyze: frame received, format=35, size=1440x1080, rotation=90
09-02 11:21:06.981 26625 26923 D DpmFrameAnalyzer: analyze: bitmap converted, size=1080x1440, scanRoi=Rect(151, 331 - 928, 1108)
09-02 11:21:06.981 26625 26625 D DpmAnalyzer: analyze: frame=1080x1440, roi=Rect(151, 331 - 928, 1108), focus=FOCUSED, mode=SCAN
09-02 11:21:06.981 26625 26625 D DpmAnalyzer: analyze: THROTTLED by timing gate
09-02 11:21:06.981 26625 26625 D DpmFrameAnalyzer: analyze: result status=THROTTLED, code=null, source=null
09-02 11:21:06.981 26625 26923 D DpmFrameAnalyzer: analyze: frame received, format=35, size=1440x1080, rotation=90
09-02 11:21:07.062 26625 26923 D DpmFrameAnalyzer: analyze: bitmap converted, size=1080x1440, scanRoi=Rect(151, 331 - 928, 1108)
09-02 11:21:07.063 26625 26923 D DpmFrameAnalyzer: analyze: frame received, format=35, size=1440x1080, rotation=90
09-02 11:21:07.064 26625 26625 D DpmAnalyzer: analyze: frame=1080x1440, roi=Rect(151, 331 - 928, 1108), focus=FOCUSED, mode=SCAN
09-02 11:21:07.064 26625 26625 D DpmAnalyzer: analyze: starting performMultiStrategyDecode
09-02 11:21:07.064 26625 26625 D DpmAnalyzer: performMultiStrategyDecode: frame=1080x1440, roi=Rect(151, 331 - 928, 1108), strategies=1
09-02 11:21:07.078 26625 26625 D DpmAnalyzer: Stage1: ROI 777x777 → scaled 400x399
09-02 11:21:07.145 26625 26923 D DpmFrameAnalyzer: analyze: bitmap converted, size=1080x1440, scanRoi=Rect(151, 331 - 928, 1108)
09-02 11:21:07.145 26625 26625 D DpmAnalyzer: analyze: frame=1080x1440, roi=Rect(151, 331 - 928, 1108), focus=FOCUSED, mode=SCAN
09-02 11:21:07.145 26625 26625 D DpmAnalyzer: analyze: THROTTLED (already running)
09-02 11:21:07.145 26625 26625 D DpmFrameAnalyzer: analyze: result status=THROTTLED, code=null, source=null
09-02 11:21:07.146 26625 26923 D DpmFrameAnalyzer: analyze: frame received, format=35, size=1440x1080, rotation=90
09-02 11:21:07.148 26625 26625 D DpmAnalyzer: Stage1: MISS
09-02 11:21:07.148 26625 26625 D DpmAnalyzer: scanRoi present, skipping full-image stages
09-02 11:21:07.148 26625 26625 D DpmAnalyzer: analyze: decodedCode=null
09-02 11:21:07.148 26625 26625 D DpmFrameAnalyzer: analyze: result status=NO_CODE, code=null, source=null
09-02 11:21:07.243 26625 26923 D DpmFrameAnalyzer: analyze: bitmap converted, size=1080x1440, scanRoi=Rect(151, 331 - 928, 1108)
09-02 11:21:07.243 26625 26625 D DpmAnalyzer: analyze: frame=1080x1440, roi=Rect(151, 331 - 928, 1108), focus=FOCUSED, mode=SCAN
09-02 11:21:07.243 26625 26625 D DpmAnalyzer: analyze: THROTTLED by timing gate
09-02 11:21:07.243 26625 26625 D DpmFrameAnalyzer: analyze: result status=THROTTLED, code=null, source=null
09-02 11:21:07.243 26625 26923 D DpmFrameAnalyzer: analyze: frame received, format=35, size=1440x1080, rotation=90
09-02 11:21:07.321 26625 26923 D DpmFrameAnalyzer: analyze: bitmap converted, size=1080x1440, scanRoi=Rect(151, 331 - 928, 1108)
09-02 11:21:07.321 26625 26625 D DpmAnalyzer: analyze: frame=1080x1440, roi=Rect(151, 331 - 928, 1108), focus=FOCUSED, mode=SCAN
09-02 11:21:07.321 26625 26625 D DpmAnalyzer: analyze: THROTTLED by timing gate
09-02 11:21:07.321 26625 26625 D DpmFrameAnalyzer: analyze: result status=THROTTLED, code=null, source=null
09-02 11:21:07.322 26625 26923 D DpmFrameAnalyzer: analyze: frame received, format=35, size=1440x1080, rotation=90
09-02 11:21:07.391 26625 26923 D DpmFrameAnalyzer: analyze: bitmap converted, size=1080x1440, scanRoi=Rect(151, 331 - 928, 1108)
09-02 11:21:07.391 26625 26625 D DpmAnalyzer: analyze: frame=1080x1440, roi=Rect(151, 331 - 928, 1108), focus=FOCUSED, mode=SCAN
09-02 11:21:07.392 26625 26625 D DpmAnalyzer: analyze: starting performMultiStrategyDecode
09-02 11:21:07.392 26625 26625 D DpmAnalyzer: performMultiStrategyDecode: frame=1080x1440, roi=Rect(151, 331 - 928, 1108), strategies=1
09-02 11:21:07.392 26625 26923 D DpmFrameAnalyzer: analyze: frame received, format=35, size=1440x1080, rotation=90
09-02 11:21:07.416 26625 26625 D DpmAnalyzer: Stage1: ROI 777x777 → scaled 400x399
09-02 11:21:07.464 26625 26923 D DpmFrameAnalyzer: analyze: bitmap converted, size=1080x1440, scanRoi=Rect(151, 331 - 928, 1108)
09-02 11:21:07.464 26625 26625 D DpmAnalyzer: analyze: frame=1080x1440, roi=Rect(151, 331 - 928, 1108), focus=FOCUSED, mode=SCAN
09-02 11:21:07.465 26625 26625 D DpmAnalyzer: analyze: THROTTLED (already running)
09-02 11:21:07.465 26625 26625 D DpmFrameAnalyzer: analyze: result status=THROTTLED, code=null, source=null
09-02 11:21:07.465 26625 26923 D DpmFrameAnalyzer: analyze: frame received, format=35, size=1440x1080, rotation=90
09-02 11:21:07.478 26625 26625 D DpmAnalyzer: Stage1: MISS
09-02 11:21:07.478 26625 26625 D DpmAnalyzer: scanRoi present, skipping full-image stages
09-02 11:21:07.478 26625 26625 D DpmAnalyzer: analyze: decodedCode=null
09-02 11:21:07.478 26625 26625 D DpmFrameAnalyzer: analyze: result status=NO_CODE, code=null, source=null
09-02 11:21:07.560 26625 26923 D DpmFrameAnalyzer: analyze: bitmap converted, size=1080x1440, scanRoi=Rect(151, 331 - 928, 1108)
09-02 11:21:07.561 26625 26625 D DpmAnalyzer: analyze: frame=1080x1440, roi=Rect(151, 331 - 928, 1108), focus=FOCUSED, mode=SCAN
09-02 11:21:07.561 26625 26625 D DpmAnalyzer: analyze: THROTTLED by timing gate
09-02 11:21:07.561 26625 26625 D DpmFrameAnalyzer: analyze: result status=THROTTLED, code=null, source=null
09-02 11:21:07.561 26625 26923 D DpmFrameAnalyzer: analyze: frame received, format=35, size=1440x1080, rotation=90
09-02 11:21:07.645 26625 26923 D DpmFrameAnalyzer: analyze: bitmap converted, size=1080x1440, scanRoi=Rect(151, 331 - 928, 1108)
09-02 11:21:07.646 26625 26923 D DpmFrameAnalyzer: analyze: frame received, format=35, size=1440x1080, rotation=90
09-02 11:21:07.648 26625 26625 D DpmAnalyzer: analyze: frame=1080x1440, roi=Rect(151, 331 - 928, 1108), focus=FOCUSED, mode=SCAN
09-02 11:21:07.648 26625 26625 D DpmAnalyzer: analyze: THROTTLED by timing gate
09-02 11:21:07.648 26625 26625 D DpmFrameAnalyzer: analyze: result status=THROTTLED, code=null, source=null
09-02 11:21:07.739 26625 26923 D DpmFrameAnalyzer: analyze: bitmap converted, size=1080x1440, scanRoi=Rect(151, 331 - 928, 1108)
09-02 11:21:07.739 26625 26625 D DpmAnalyzer: analyze: frame=1080x1440, roi=Rect(151, 331 - 928, 1108), focus=FOCUSED, mode=SCAN
09-02 11:21:07.739 26625 26625 D DpmAnalyzer: analyze: starting performMultiStrategyDecode
09-02 11:21:07.739 26625 26625 D DpmAnalyzer: performMultiStrategyDecode: frame=1080x1440, roi=Rect(151, 331 - 928, 1108), strategies=1
09-02 11:21:07.739 26625 26923 D DpmFrameAnalyzer: analyze: frame received, format=35, size=1440x1080, rotation=90
09-02 11:21:07.759 26625 26625 D DpmAnalyzer: Stage1: ROI 777x777 → scaled 400x399
09-02 11:21:07.827 26625 26923 D DpmFrameAnalyzer: analyze: bitmap converted, size=1080x1440, scanRoi=Rect(151, 331 - 928, 1108)
09-02 11:21:07.827 26625 26625 D DpmAnalyzer: analyze: frame=1080x1440, roi=Rect(151, 331 - 928, 1108), focus=FOCUSED, mode=SCAN
09-02 11:21:07.827 26625 26625 D DpmAnalyzer: analyze: THROTTLED (already running)
09-02 11:21:07.827 26625 26625 D DpmFrameAnalyzer: analyze: result status=THROTTLED, code=null, source=null
09-02 11:21:07.828 26625 26923 D DpmFrameAnalyzer: analyze: frame received, format=35, size=1440x1080, rotation=90
09-02 11:21:07.836 26625 26625 D DpmAnalyzer: Stage1: MISS
09-02 11:21:07.836 26625 26625 D DpmAnalyzer: scanRoi present, skipping full-image stages
09-02 11:21:07.836 26625 26625 D DpmAnalyzer: analyze: decodedCode=null
09-02 11:21:07.836 26625 26625 D DpmFrameAnalyzer: analyze: result status=NO_CODE, code=null, source=null
09-02 11:21:07.923 26625 26923 D DpmFrameAnalyzer: analyze: bitmap converted, size=1080x1440, scanRoi=Rect(151, 331 - 928, 1108)
09-02 11:21:07.924 26625 26625 D DpmAnalyzer: analyze: frame=1080x1440, roi=Rect(151, 331 - 928, 1108), focus=FOCUSED, mode=SCAN
09-02 11:21:07.924 26625 26625 D DpmAnalyzer: analyze: THROTTLED by timing gate
09-02 11:21:07.924 26625 26625 D DpmFrameAnalyzer: analyze: result status=THROTTLED, code=null, source=null
09-02 11:21:07.924 26625 26923 D DpmFrameAnalyzer: analyze: frame received, format=35, size=1440x1080, rotation=90
09-02 11:21:08.002 26625 26923 D DpmFrameAnalyzer: analyze: bitmap converted, size=1080x1440, scanRoi=Rect(151, 331 - 928, 1108)
09-02 11:21:08.003 26625 26625 D DpmAnalyzer: analyze: frame=1080x1440, roi=Rect(151, 331 - 928, 1108), focus=FOCUSED, mode=SCAN
09-02 11:21:08.003 26625 26625 D DpmAnalyzer: analyze: THROTTLED by timing gate
09-02 11:21:08.003 26625 26625 D DpmFrameAnalyzer: analyze: result status=THROTTLED, code=null, source=null
09-02 11:21:08.003 26625 26923 D DpmFrameAnalyzer: analyze: frame received, format=35, size=1440x1080, rotation=90
09-02 11:21:08.077 26625 26923 D DpmFrameAnalyzer: analyze: bitmap converted, size=1080x1440, scanRoi=Rect(151, 331 - 928, 1108)
09-02 11:21:08.077 26625 26625 D DpmAnalyzer: analyze: frame=1080x1440, roi=Rect(151, 331 - 928, 1108), focus=FOCUSED, mode=SCAN
09-02 11:21:08.077 26625 26625 D DpmAnalyzer: analyze: starting performMultiStrategyDecode
09-02 11:21:08.078 26625 26625 D DpmAnalyzer: performMultiStrategyDecode: frame=1080x1440, roi=Rect(151, 331 - 928, 1108), strategies=1
09-02 11:21:08.078 26625 26923 D DpmFrameAnalyzer: analyze: frame received, format=35, size=1440x1080, rotation=90
09-02 11:21:08.101 26625 26625 D DpmAnalyzer: Stage1: ROI 777x777 → scaled 400x399
09-02 11:21:08.158 26625 26923 D DpmFrameAnalyzer: analyze: bitmap converted, size=1080x1440, scanRoi=Rect(151, 331 - 928, 1108)
09-02 11:21:08.158 26625 26625 D DpmAnalyzer: analyze: frame=1080x1440, roi=Rect(151, 331 - 928, 1108), focus=FOCUSED, mode=SCAN
09-02 11:21:08.158 26625 26625 D DpmAnalyzer: analyze: THROTTLED (already running)
09-02 11:21:08.158 26625 26625 D DpmFrameAnalyzer: analyze: result status=THROTTLED, code=null, source=null
09-02 11:21:08.159 26625 26923 D DpmFrameAnalyzer: analyze: frame received, format=35, size=1440x1080, rotation=90
09-02 11:21:08.161 26625 26625 D DpmAnalyzer: Stage1: MISS
09-02 11:21:08.161 26625 26625 D DpmAnalyzer: scanRoi present, skipping full-image stages
09-02 11:21:08.161 26625 26625 D DpmAnalyzer: analyze: decodedCode=null
09-02 11:21:08.161 26625 26625 D DpmFrameAnalyzer: analyze: result status=NO_CODE, code=null, source=null
09-02 11:21:08.252 26625 26923 D DpmFrameAnalyzer: analyze: bitmap converted, size=1080x1440, scanRoi=Rect(151, 331 - 928, 1108)
09-02 11:21:08.252 26625 26625 D DpmAnalyzer: analyze: frame=1080x1440, roi=Rect(151, 331 - 928, 1108), focus=FOCUSED, mode=SCAN
09-02 11:21:08.252 26625 26625 D DpmAnalyzer: analyze: THROTTLED by timing gate
09-02 11:21:08.252 26625 26625 D DpmFrameAnalyzer: analyze: result status=THROTTLED, code=null, source=null
09-02 11:21:08.253 26625 26923 D DpmFrameAnalyzer: analyze: frame received, format=35, size=1440x1080, rotation=90
09-02 11:21:08.335 26625 26923 D DpmFrameAnalyzer: analyze: bitmap converted, size=1080x1440, scanRoi=Rect(151, 331 - 928, 1108)
09-02 11:21:08.335 26625 26625 D DpmAnalyzer: analyze: frame=1080x1440, roi=Rect(151, 331 - 928, 1108), focus=FOCUSED, mode=SCAN
09-02 11:21:08.335 26625 26625 D DpmAnalyzer: analyze: THROTTLED by timing gate
09-02 11:21:08.335 26625 26625 D DpmFrameAnalyzer: analyze: result status=THROTTLED, code=null, source=null
09-02 11:21:08.336 26625 26923 D DpmFrameAnalyzer: analyze: frame received, format=35, size=1440x1080, rotation=90
09-02 11:21:08.420 26625 26923 D DpmFrameAnalyzer: analyze: bitmap converted, size=1080x1440, scanRoi=Rect(151, 331 - 928, 1108)
09-02 11:21:08.420 26625 26625 D DpmAnalyzer: analyze: frame=1080x1440, roi=Rect(151, 331 - 928, 1108), focus=FOCUSED, mode=SCAN
09-02 11:21:08.420 26625 26625 D DpmAnalyzer: analyze: starting performMultiStrategyDecode
09-02 11:21:08.421 26625 26625 D DpmAnalyzer: performMultiStrategyDecode: frame=1080x1440, roi=Rect(151, 331 - 928, 1108), strategies=1
09-02 11:21:08.421 26625 26923 D DpmFrameAnalyzer: analyze: frame received, format=35, size=1440x1080, rotation=90
09-02 11:21:08.436 26625 26625 D DpmAnalyzer: Stage1: ROI 777x777 → scaled 400x399
09-02 11:21:08.502 26625 26923 D DpmFrameAnalyzer: analyze: bitmap converted, size=1080x1440, scanRoi=Rect(151, 331 - 928, 1108)
09-02 11:21:08.503 26625 26625 D DpmAnalyzer: Stage1: MISS
09-02 11:21:08.503 26625 26625 D DpmAnalyzer: scanRoi present, skipping full-image stages
09-02 11:21:08.503 26625 26625 D DpmAnalyzer: analyze: decodedCode=null
09-02 11:21:08.503 26625 26625 D DpmFrameAnalyzer: analyze: result status=NO_CODE, code=null, source=null
09-02 11:21:08.504 26625 26625 D DpmAnalyzer: analyze: frame=1080x1440, roi=Rect(151, 331 - 928, 1108), focus=FOCUSED, mode=SCAN
09-02 11:21:08.504 26625 26625 D DpmAnalyzer: analyze: THROTTLED by timing gate
09-02 11:21:08.504 26625 26625 D DpmFrameAnalyzer: analyze: result status=THROTTLED, code=null, source=null
09-02 11:21:08.505 26625 26923 D DpmFrameAnalyzer: analyze: frame received, format=35, size=1440x1080, rotation=90
09-02 11:21:08.600 26625 26923 D DpmFrameAnalyzer: analyze: bitmap converted, size=1080x1440, scanRoi=Rect(151, 331 - 928, 1108)
09-02 11:21:08.601 26625 26923 D DpmFrameAnalyzer: analyze: frame received, format=35, size=1440x1080, rotation=90
09-02 11:21:08.602 26625 26625 D DpmAnalyzer: analyze: frame=1080x1440, roi=Rect(151, 331 - 928, 1108), focus=FOCUSED, mode=SCAN
09-02 11:21:08.602 26625 26625 D DpmAnalyzer: analyze: THROTTLED by timing gate
09-02 11:21:08.602 26625 26625 D DpmFrameAnalyzer: analyze: result status=THROTTLED, code=null, source=null
09-02 11:21:08.682 26625 26923 D DpmFrameAnalyzer: analyze: bitmap converted, size=1080x1440, scanRoi=Rect(151, 331 - 928, 1108)
09-02 11:21:08.683 26625 26625 D DpmAnalyzer: analyze: frame=1080x1440, roi=Rect(151, 331 - 928, 1108), focus=FOCUSED, mode=SCAN
09-02 11:21:08.683 26625 26625 D DpmAnalyzer: analyze: THROTTLED by timing gate
09-02 11:21:08.683 26625 26625 D DpmFrameAnalyzer: analyze: result status=THROTTLED, code=null, source=null
09-02 11:21:08.683 26625 26923 D DpmFrameAnalyzer: analyze: frame received, format=35, size=1440x1080, rotation=90
09-02 11:21:08.759 26625 26923 D DpmFrameAnalyzer: analyze: bitmap converted, size=1080x1440, scanRoi=Rect(151, 331 - 928, 1108)
09-02 11:21:08.759 26625 26625 D DpmAnalyzer: analyze: frame=1080x1440, roi=Rect(151, 331 - 928, 1108), focus=FOCUSED, mode=SCAN
09-02 11:21:08.759 26625 26625 D DpmAnalyzer: analyze: starting performMultiStrategyDecode
09-02 11:21:08.760 26625 26625 D DpmAnalyzer: performMultiStrategyDecode: frame=1080x1440, roi=Rect(151, 331 - 928, 1108), strategies=1
09-02 11:21:08.760 26625 26923 D DpmFrameAnalyzer: analyze: frame received, format=35, size=1440x1080, rotation=90
09-02 11:21:08.775 26625 26625 D DpmAnalyzer: Stage1: ROI 777x777 → scaled 400x399
09-02 11:21:08.856 26625 26923 D DpmFrameAnalyzer: analyze: bitmap converted, size=1080x1440, scanRoi=Rect(151, 331 - 928, 1108)
09-02 11:21:08.856 26625 26625 D DpmAnalyzer: analyze: frame=1080x1440, roi=Rect(151, 331 - 928, 1108), focus=FOCUSED, mode=SCAN
09-02 11:21:08.856 26625 26625 D DpmAnalyzer: analyze: THROTTLED (already running)
09-02 11:21:08.856 26625 26625 D DpmFrameAnalyzer: analyze: result status=THROTTLED, code=null, source=null
09-02 11:21:08.858 26625 26923 D DpmFrameAnalyzer: analyze: frame received, format=35, size=1440x1080, rotation=90
09-02 11:21:08.860 26625 26625 D DpmAnalyzer: Stage1: MISS
09-02 11:21:08.860 26625 26625 D DpmAnalyzer: scanRoi present, skipping full-image stages
09-02 11:21:08.860 26625 26625 D DpmAnalyzer: analyze: decodedCode=null
09-02 11:21:08.861 26625 26625 D DpmFrameAnalyzer: analyze: result status=NO_CODE, code=null, source=null
09-02 11:21:08.955 26625 26923 D DpmFrameAnalyzer: analyze: bitmap converted, size=1080x1440, scanRoi=Rect(151, 331 - 928, 1108)
09-02 11:21:08.955 26625 26625 D DpmAnalyzer: analyze: frame=1080x1440, roi=Rect(151, 331 - 928, 1108), focus=FOCUSED, mode=SCAN
09-02 11:21:08.956 26625 26625 D DpmAnalyzer: analyze: THROTTLED by timing gate
09-02 11:21:08.956 26625 26625 D DpmFrameAnalyzer: analyze: result status=THROTTLED, code=null, source=null
09-02 11:21:08.956 26625 26923 D DpmFrameAnalyzer: analyze: frame received, format=35, size=1440x1080, rotation=90
09-02 11:21:09.043 26625 26923 D DpmFrameAnalyzer: analyze: bitmap converted, size=1080x1440, scanRoi=Rect(151, 331 - 928, 1108)
09-02 11:21:09.044 26625 26625 D DpmAnalyzer: analyze: frame=1080x1440, roi=Rect(151, 331 - 928, 1108), focus=FOCUSED, mode=SCAN
09-02 11:21:09.044 26625 26625 D DpmAnalyzer: analyze: THROTTLED by timing gate
09-02 11:21:09.044 26625 26625 D DpmFrameAnalyzer: analyze: result status=THROTTLED, code=null, source=null
09-02 11:21:09.044 26625 26923 D DpmFrameAnalyzer: analyze: frame received, format=35, size=1440x1080, rotation=90
09-02 11:21:09.123 26625 26923 D DpmFrameAnalyzer: analyze: bitmap converted, size=1080x1440, scanRoi=Rect(151, 331 - 928, 1108)
09-02 11:21:09.123 26625 26625 D DpmAnalyzer: analyze: frame=1080x1440, roi=Rect(151, 331 - 928, 1108), focus=FOCUSED, mode=SCAN
09-02 11:21:09.123 26625 26625 D DpmAnalyzer: analyze: starting performMultiStrategyDecode
09-02 11:21:09.123 26625 26625 D DpmAnalyzer: performMultiStrategyDecode: frame=1080x1440, roi=Rect(151, 331 - 928, 1108), strategies=1
09-02 11:21:09.124 26625 26923 D DpmFrameAnalyzer: analyze: frame received, format=35, size=1440x1080, rotation=90
09-02 11:21:09.133 26625 26625 D DpmAnalyzer: Stage1: ROI 777x777 → scaled 400x399
09-02 11:21:09.202 26625 26625 D DpmAnalyzer: Stage1: MISS
09-02 11:21:09.202 26625 26625 D DpmAnalyzer: scanRoi present, skipping full-image stages
09-02 11:21:09.202 26625 26625 D DpmAnalyzer: analyze: decodedCode=null
09-02 11:21:09.202 26625 26625 D DpmFrameAnalyzer: analyze: result status=NO_CODE, code=null, source=null
09-02 11:21:09.220 26625 26923 D DpmFrameAnalyzer: analyze: bitmap converted, size=1080x1440, scanRoi=Rect(151, 331 - 928, 1108)
09-02 11:21:09.220 26625 26625 D DpmAnalyzer: analyze: frame=1080x1440, roi=Rect(151, 331 - 928, 1108), focus=FOCUSED, mode=SCAN
09-02 11:21:09.220 26625 26625 D DpmAnalyzer: analyze: THROTTLED by timing gate
09-02 11:21:09.220 26625 26625 D DpmFrameAnalyzer: analyze: result status=THROTTLED, code=null, source=null
09-02 11:21:09.221 26625 26923 D DpmFrameAnalyzer: analyze: frame received, format=35, size=1440x1080, rotation=90
09-02 11:21:09.318 26625 26923 D DpmFrameAnalyzer: analyze: bitmap converted, size=1080x1440, scanRoi=Rect(151, 331 - 928, 1108)
09-02 11:21:09.319 26625 26625 D DpmAnalyzer: analyze: frame=1080x1440, roi=Rect(151, 331 - 928, 1108), focus=FOCUSED, mode=SCAN
09-02 11:21:09.319 26625 26625 D DpmAnalyzer: analyze: THROTTLED by timing gate
09-02 11:21:09.319 26625 26625 D DpmFrameAnalyzer: analyze: result status=THROTTLED, code=null, source=null
09-02 11:21:09.319 26625 26923 D DpmFrameAnalyzer: analyze: frame received, format=35, size=1440x1080, rotation=90
09-02 11:21:09.412 26625 26923 D DpmFrameAnalyzer: analyze: bitmap converted, size=1080x1440, scanRoi=Rect(151, 331 - 928, 1108)
09-02 11:21:09.412 26625 26923 D DpmFrameAnalyzer: analyze: frame received, format=35, size=1440x1080, rotation=90
09-02 11:21:09.415 26625 26625 D DpmAnalyzer: analyze: frame=1080x1440, roi=Rect(151, 331 - 928, 1108), focus=FOCUSED, mode=SCAN
09-02 11:21:09.415 26625 26625 D DpmAnalyzer: analyze: starting performMultiStrategyDecode
09-02 11:21:09.415 26625 26625 D DpmAnalyzer: performMultiStrategyDecode: frame=1080x1440, roi=Rect(151, 331 - 928, 1108), strategies=1
09-02 11:21:09.440 26625 26625 D DpmAnalyzer: Stage1: ROI 777x777 → scaled 400x399
09-02 11:21:09.494 26625 26923 D DpmFrameAnalyzer: analyze: bitmap converted, size=1080x1440, scanRoi=Rect(151, 331 - 928, 1108)
09-02 11:21:09.495 26625 26625 D DpmAnalyzer: analyze: frame=1080x1440, roi=Rect(151, 331 - 928, 1108), focus=FOCUSED, mode=SCAN
09-02 11:21:09.495 26625 26625 D DpmAnalyzer: analyze: THROTTLED (already running)
09-02 11:21:09.495 26625 26625 D DpmFrameAnalyzer: analyze: result status=THROTTLED, code=null, source=null
09-02 11:21:09.498 26625 26923 D DpmFrameAnalyzer: analyze: frame received, format=35, size=1440x1080, rotation=90
09-02 11:21:09.511 26625 26625 D DpmAnalyzer: Stage1: MISS
09-02 11:21:09.511 26625 26625 D DpmAnalyzer: scanRoi present, skipping full-image stages
09-02 11:21:09.511 26625 26625 D DpmAnalyzer: analyze: decodedCode=null
09-02 11:21:09.511 26625 26625 D DpmFrameAnalyzer: analyze: result status=NO_CODE, code=null, source=null
09-02 11:21:09.599 26625 26923 D DpmFrameAnalyzer: analyze: bitmap converted, size=1080x1440, scanRoi=Rect(151, 331 - 928, 1108)
09-02 11:21:09.600 26625 26923 D DpmFrameAnalyzer: analyze: frame received, format=35, size=1440x1080, rotation=90
09-02 11:21:09.601 26625 26625 D DpmAnalyzer: analyze: frame=1080x1440, roi=Rect(151, 331 - 928, 1108), focus=FOCUSED, mode=SCAN
09-02 11:21:09.601 26625 26625 D DpmAnalyzer: analyze: THROTTLED by timing gate
09-02 11:21:09.601 26625 26625 D DpmFrameAnalyzer: analyze: result status=THROTTLED, code=null, source=null
09-02 11:21:09.682 26625 26923 D DpmFrameAnalyzer: analyze: bitmap converted, size=1080x1440, scanRoi=Rect(151, 331 - 928, 1108)
09-02 11:21:09.682 26625 26625 D DpmAnalyzer: analyze: frame=1080x1440, roi=Rect(151, 331 - 928, 1108), focus=FOCUSED, mode=SCAN
09-02 11:21:09.683 26625 26625 D DpmAnalyzer: analyze: THROTTLED by timing gate
09-02 11:21:09.683 26625 26625 D DpmFrameAnalyzer: analyze: result status=THROTTLED, code=null, source=null
09-02 11:21:09.683 26625 26923 D DpmFrameAnalyzer: analyze: frame received, format=35, size=1440x1080, rotation=90
09-02 11:21:09.757 26625 26923 D DpmFrameAnalyzer: analyze: bitmap converted, size=1080x1440, scanRoi=Rect(151, 331 - 928, 1108)
09-02 11:21:09.757 26625 26625 D DpmAnalyzer: analyze: frame=1080x1440, roi=Rect(151, 331 - 928, 1108), focus=FOCUSED, mode=SCAN
09-02 11:21:09.757 26625 26625 D DpmAnalyzer: analyze: starting performMultiStrategyDecode
09-02 11:21:09.757 26625 26625 D DpmAnalyzer: performMultiStrategyDecode: frame=1080x1440, roi=Rect(151, 331 - 928, 1108), strategies=1
09-02 11:21:09.758 26625 26923 D DpmFrameAnalyzer: analyze: frame received, format=35, size=1440x1080, rotation=90
09-02 11:21:09.779 26625 26625 D DpmAnalyzer: Stage1: ROI 777x777 → scaled 400x399
09-02 11:21:09.826 26625 26923 D DpmFrameAnalyzer: analyze: bitmap converted, size=1080x1440, scanRoi=Rect(151, 331 - 928, 1108)
09-02 11:21:09.827 26625 26923 D DpmFrameAnalyzer: analyze: frame received, format=35, size=1440x1080, rotation=90
09-02 11:21:09.827 26625 26625 D DpmAnalyzer: analyze: frame=1080x1440, roi=Rect(151, 331 - 928, 1108), focus=FOCUSED, mode=SCAN
09-02 11:21:09.827 26625 26625 D DpmAnalyzer: analyze: THROTTLED (already running)
09-02 11:21:09.827 26625 26625 D DpmFrameAnalyzer: analyze: result status=THROTTLED, code=null, source=null
09-02 11:21:09.832 26625 26625 D DpmAnalyzer: Stage1: MISS
09-02 11:21:09.832 26625 26625 D DpmAnalyzer: scanRoi present, skipping full-image stages
09-02 11:21:09.832 26625 26625 D DpmAnalyzer: analyze: decodedCode=null
09-02 11:21:09.832 26625 26625 D DpmFrameAnalyzer: analyze: result status=NO_CODE, code=null, source=null
09-02 11:21:09.922 26625 26923 D DpmFrameAnalyzer: analyze: bitmap converted, size=1080x1440, scanRoi=Rect(151, 331 - 928, 1108)
09-02 11:21:09.922 26625 26625 D DpmAnalyzer: analyze: frame=1080x1440, roi=Rect(151, 331 - 928, 1108), focus=FOCUSED, mode=SCAN
09-02 11:21:09.922 26625 26625 D DpmAnalyzer: analyze: THROTTLED by timing gate
09-02 11:21:09.922 26625 26625 D DpmFrameAnalyzer: analyze: result status=THROTTLED, code=null, source=null
09-02 11:21:09.923 26625 26923 D DpmFrameAnalyzer: analyze: frame received, format=35, size=1440x1080, rotation=90
09-02 11:21:10.019 26625 26923 D DpmFrameAnalyzer: analyze: bitmap converted, size=1080x1440, scanRoi=Rect(151, 331 - 928, 1108)
09-02 11:21:10.020 26625 26625 D DpmAnalyzer: analyze: frame=1080x1440, roi=Rect(151, 331 - 928, 1108), focus=FOCUSED, mode=SCAN
09-02 11:21:10.020 26625 26625 D DpmAnalyzer: analyze: THROTTLED by timing gate
09-02 11:21:10.020 26625 26625 D DpmFrameAnalyzer: analyze: result status=THROTTLED, code=null, source=null
09-02 11:21:10.020 26625 26923 D DpmFrameAnalyzer: analyze: frame received, format=35, size=1440x1080, rotation=90
09-02 11:21:10.101 26625 26923 D DpmFrameAnalyzer: analyze: bitmap converted, size=1080x1440, scanRoi=Rect(151, 331 - 928, 1108)
09-02 11:21:10.102 26625 26625 D DpmAnalyzer: analyze: frame=1080x1440, roi=Rect(151, 331 - 928, 1108), focus=FOCUSED, mode=SCAN
09-02 11:21:10.102 26625 26923 D DpmFrameAnalyzer: analyze: frame received, format=35, size=1440x1080, rotation=90
09-02 11:21:10.102 26625 26625 D DpmAnalyzer: analyze: starting performMultiStrategyDecode
09-02 11:21:10.102 26625 26625 D DpmAnalyzer: performMultiStrategyDecode: frame=1080x1440, roi=Rect(151, 331 - 928, 1108), strategies=1
09-02 11:21:10.112 26625 26625 D DpmAnalyzer: Stage1: ROI 777x777 → scaled 400x399
09-02 11:21:10.194 26625 26625 D DpmAnalyzer: Stage1: MISS
09-02 11:21:10.194 26625 26625 D DpmAnalyzer: scanRoi present, skipping full-image stages
09-02 11:21:10.194 26625 26625 D DpmAnalyzer: analyze: decodedCode=null
09-02 11:21:10.195 26625 26923 D DpmFrameAnalyzer: analyze: bitmap converted, size=1080x1440, scanRoi=Rect(151, 331 - 928, 1108)
09-02 11:21:10.195 26625 26625 D DpmFrameAnalyzer: analyze: result status=NO_CODE, code=null, source=null
09-02 11:21:10.196 26625 26625 D DpmAnalyzer: analyze: frame=1080x1440, roi=Rect(151, 331 - 928, 1108), focus=FOCUSED, mode=SCAN
09-02 11:21:10.196 26625 26625 D DpmAnalyzer: analyze: THROTTLED by timing gate
09-02 11:21:10.196 26625 26625 D DpmFrameAnalyzer: analyze: result status=THROTTLED, code=null, source=null
09-02 11:21:10.199 26625 26923 D DpmFrameAnalyzer: analyze: frame received, format=35, size=1440x1080, rotation=90
09-02 11:21:10.296 26625 26923 D DpmFrameAnalyzer: analyze: bitmap converted, size=1080x1440, scanRoi=Rect(151, 331 - 928, 1108)
09-02 11:21:10.296 26625 26923 D DpmFrameAnalyzer: analyze: frame received, format=35, size=1440x1080, rotation=90
09-02 11:21:10.297 26625 26625 D DpmAnalyzer: analyze: frame=1080x1440, roi=Rect(151, 331 - 928, 1108), focus=FOCUSED, mode=SCAN
09-02 11:21:10.297 26625 26625 D DpmAnalyzer: analyze: THROTTLED by timing gate
09-02 11:21:10.298 26625 26625 D DpmFrameAnalyzer: analyze: result status=THROTTLED, code=null, source=null
09-02 11:21:10.374 26625 26923 D DpmFrameAnalyzer: analyze: bitmap converted, size=1080x1440, scanRoi=Rect(151, 331 - 928, 1108)
09-02 11:21:10.374 26625 26625 D DpmAnalyzer: analyze: frame=1080x1440, roi=Rect(151, 331 - 928, 1108), focus=FOCUSED, mode=SCAN
09-02 11:21:10.374 26625 26625 D DpmAnalyzer: analyze: THROTTLED by timing gate
09-02 11:21:10.374 26625 26625 D DpmFrameAnalyzer: analyze: result status=THROTTLED, code=null, source=null
09-02 11:21:10.374 26625 26923 D DpmFrameAnalyzer: analyze: frame received, format=35, size=1440x1080, rotation=90
09-02 11:21:10.445 26625 26923 D DpmFrameAnalyzer: analyze: bitmap converted, size=1080x1440, scanRoi=Rect(151, 331 - 928, 1108)
09-02 11:21:10.445 26625 26923 D DpmFrameAnalyzer: analyze: frame received, format=35, size=1440x1080, rotation=90
09-02 11:21:10.447 26625 26625 D DpmAnalyzer: analyze: frame=1080x1440, roi=Rect(151, 331 - 928, 1108), focus=FOCUSED, mode=SCAN
09-02 11:21:10.447 26625 26625 D DpmAnalyzer: analyze: starting performMultiStrategyDecode
09-02 11:21:10.447 26625 26625 D DpmAnalyzer: performMultiStrategyDecode: frame=1080x1440, roi=Rect(151, 331 - 928, 1108), strategies=1
09-02 11:21:10.462 26625 26625 D DpmAnalyzer: Stage1: ROI 777x777 → scaled 400x399
09-02 11:21:10.515 26625 26625 D DpmAnalyzer: Stage1: MISS
09-02 11:21:10.515 26625 26625 D DpmAnalyzer: scanRoi present, skipping full-image stages
09-02 11:21:10.515 26625 26625 D DpmAnalyzer: analyze: decodedCode=null
09-02 11:21:10.515 26625 26625 D DpmFrameAnalyzer: analyze: result status=NO_CODE, code=null, source=null
09-02 11:21:10.519 26625 26923 D DpmFrameAnalyzer: analyze: bitmap converted, size=1080x1440, scanRoi=Rect(151, 331 - 928, 1108)
09-02 11:21:10.519 26625 26625 D DpmAnalyzer: analyze: frame=1080x1440, roi=Rect(151, 331 - 928, 1108), focus=FOCUSED, mode=SCAN
09-02 11:21:10.519 26625 26625 D DpmAnalyzer: analyze: THROTTLED by timing gate
09-02 11:21:10.519 26625 26625 D DpmFrameAnalyzer: analyze: result status=THROTTLED, code=null, source=null
09-02 11:21:10.519 26625 26923 D DpmFrameAnalyzer: analyze: frame received, format=35, size=1440x1080, rotation=90
09-02 11:21:10.614 26625 26923 D DpmFrameAnalyzer: analyze: bitmap converted, size=1080x1440, scanRoi=Rect(151, 331 - 928, 1108)
09-02 11:21:10.616 26625 26923 D DpmFrameAnalyzer: analyze: frame received, format=35, size=1440x1080, rotation=90
09-02 11:21:10.617 26625 26625 D DpmAnalyzer: analyze: frame=1080x1440, roi=Rect(151, 331 - 928, 1108), focus=FOCUSED, mode=SCAN
09-02 11:21:10.617 26625 26625 D DpmAnalyzer: analyze: THROTTLED by timing gate
09-02 11:21:10.617 26625 26625 D DpmFrameAnalyzer: analyze: result status=THROTTLED, code=null, source=null
09-02 11:21:10.694 26625 26923 D DpmFrameAnalyzer: analyze: bitmap converted, size=1080x1440, scanRoi=Rect(151, 331 - 928, 1108)
09-02 11:21:10.695 26625 26923 D DpmFrameAnalyzer: analyze: frame received, format=35, size=1440x1080, rotation=90
09-02 11:21:10.698 26625 26625 D DpmAnalyzer: analyze: frame=1080x1440, roi=Rect(151, 331 - 928, 1108), focus=FOCUSED, mode=SCAN
09-02 11:21:10.698 26625 26625 D DpmAnalyzer: analyze: THROTTLED by timing gate
09-02 11:21:10.698 26625 26625 D DpmFrameAnalyzer: analyze: result status=THROTTLED, code=null, source=null
09-02 11:21:10.774 26625 26923 D DpmFrameAnalyzer: analyze: bitmap converted, size=1080x1440, scanRoi=Rect(151, 331 - 928, 1108)
09-02 11:21:10.774 26625 26625 D DpmAnalyzer: analyze: frame=1080x1440, roi=Rect(151, 331 - 928, 1108), focus=FOCUSED, mode=SCAN
09-02 11:21:10.774 26625 26625 D DpmAnalyzer: analyze: starting performMultiStrategyDecode
09-02 11:21:10.774 26625 26625 D DpmAnalyzer: performMultiStrategyDecode: frame=1080x1440, roi=Rect(151, 331 - 928, 1108), strategies=1
09-02 11:21:10.774 26625 26923 D DpmFrameAnalyzer: analyze: frame received, format=35, size=1440x1080, rotation=90
09-02 11:21:10.799 26625 26625 D DpmAnalyzer: Stage1: ROI 777x777 → scaled 400x399
09-02 11:21:10.850 26625 26923 D DpmFrameAnalyzer: analyze: bitmap converted, size=1080x1440, scanRoi=Rect(151, 331 - 928, 1108)
09-02 11:21:10.850 26625 26923 D DpmFrameAnalyzer: analyze: frame received, format=35, size=1440x1080, rotation=90
09-02 11:21:10.851 26625 26625 D DpmAnalyzer: analyze: frame=1080x1440, roi=Rect(151, 331 - 928, 1108), focus=FOCUSED, mode=SCAN
09-02 11:21:10.851 26625 26625 D DpmAnalyzer: analyze: THROTTLED (already running)
09-02 11:21:10.851 26625 26625 D DpmFrameAnalyzer: analyze: result status=THROTTLED, code=null, source=null
09-02 11:21:10.868 26625 26625 D DpmAnalyzer: Stage1: MISS
09-02 11:21:10.868 26625 26625 D DpmAnalyzer: scanRoi present, skipping full-image stages
09-02 11:21:10.868 26625 26625 D DpmAnalyzer: analyze: decodedCode=null
09-02 11:21:10.868 26625 26625 D DpmFrameAnalyzer: analyze: result status=NO_CODE, code=null, source=null
09-02 11:21:10.947 26625 26923 D DpmFrameAnalyzer: analyze: bitmap converted, size=1080x1440, scanRoi=Rect(151, 331 - 928, 1108)
09-02 11:21:10.947 26625 26923 D DpmFrameAnalyzer: analyze: frame received, format=35, size=1440x1080, rotation=90
09-02 11:21:10.948 26625 26625 D DpmAnalyzer: analyze: frame=1080x1440, roi=Rect(151, 331 - 928, 1108), focus=FOCUSED, mode=SCAN
09-02 11:21:10.949 26625 26625 D DpmAnalyzer: analyze: THROTTLED by timing gate
09-02 11:21:10.949 26625 26625 D DpmFrameAnalyzer: analyze: result status=THROTTLED, code=null, source=null
09-02 11:21:11.031 26625 26923 D DpmFrameAnalyzer: analyze: bitmap converted, size=1080x1440, scanRoi=Rect(151, 331 - 928, 1108)
09-02 11:21:11.031 26625 26625 D DpmAnalyzer: analyze: frame=1080x1440, roi=Rect(151, 331 - 928, 1108), focus=FOCUSED, mode=SCAN
09-02 11:21:11.031 26625 26625 D DpmAnalyzer: analyze: THROTTLED by timing gate
09-02 11:21:11.032 26625 26625 D DpmFrameAnalyzer: analyze: result status=THROTTLED, code=null, source=null
09-02 11:21:11.032 26625 26923 D DpmFrameAnalyzer: analyze: frame received, format=35, size=1440x1080, rotation=90
09-02 11:21:11.125 26625 26923 D DpmFrameAnalyzer: analyze: bitmap converted, size=1080x1440, scanRoi=Rect(151, 331 - 928, 1108)
09-02 11:21:11.126 26625 26625 D DpmAnalyzer: analyze: frame=1080x1440, roi=Rect(151, 331 - 928, 1108), focus=FOCUSED, mode=SCAN
09-02 11:21:11.126 26625 26625 D DpmAnalyzer: analyze: starting performMultiStrategyDecode
09-02 11:21:11.126 26625 26625 D DpmAnalyzer: performMultiStrategyDecode: frame=1080x1440, roi=Rect(151, 331 - 928, 1108), strategies=1
09-02 11:21:11.126 26625 26923 D DpmFrameAnalyzer: analyze: frame received, format=35, size=1440x1080, rotation=90
09-02 11:21:11.136 26625 26625 D DpmAnalyzer: Stage1: ROI 777x777 → scaled 400x399
09-02 11:21:11.214 26625 26923 D DpmFrameAnalyzer: analyze: bitmap converted, size=1080x1440, scanRoi=Rect(151, 331 - 928, 1108)
09-02 11:21:11.215 26625 26625 D DpmAnalyzer: Stage1: MISS
09-02 11:21:11.215 26625 26625 D DpmAnalyzer: scanRoi present, skipping full-image stages
09-02 11:21:11.215 26625 26625 D DpmAnalyzer: analyze: decodedCode=null
09-02 11:21:11.215 26625 26625 D DpmFrameAnalyzer: analyze: result status=NO_CODE, code=null, source=null
09-02 11:21:11.215 26625 26923 D DpmFrameAnalyzer: analyze: frame received, format=35, size=1440x1080, rotation=90
09-02 11:21:11.217 26625 26625 D DpmAnalyzer: analyze: frame=1080x1440, roi=Rect(151, 331 - 928, 1108), focus=FOCUSED, mode=SCAN
09-02 11:21:11.217 26625 26625 D DpmAnalyzer: analyze: THROTTLED by timing gate
09-02 11:21:11.217 26625 26625 D DpmFrameAnalyzer: analyze: result status=THROTTLED, code=null, source=null
09-02 11:21:11.311 26625 26923 D DpmFrameAnalyzer: analyze: bitmap converted, size=1080x1440, scanRoi=Rect(151, 331 - 928, 1108)
09-02 11:21:11.312 26625 26923 D DpmFrameAnalyzer: analyze: frame received, format=35, size=1440x1080, rotation=90
09-02 11:21:11.312 26625 26625 D DpmAnalyzer: analyze: frame=1080x1440, roi=Rect(151, 331 - 928, 1108), focus=FOCUSED, mode=SCAN
09-02 11:21:11.313 26625 26625 D DpmAnalyzer: analyze: THROTTLED by timing gate
09-02 11:21:11.313 26625 26625 D DpmFrameAnalyzer: analyze: result status=THROTTLED, code=null, source=null
09-02 11:21:11.396 26625 26923 D DpmFrameAnalyzer: analyze: bitmap converted, size=1080x1440, scanRoi=Rect(151, 331 - 928, 1108)
09-02 11:21:11.397 26625 26923 D DpmFrameAnalyzer: analyze: frame received, format=35, size=1440x1080, rotation=90
09-02 11:21:11.400 26625 26625 D DpmAnalyzer: analyze: frame=1080x1440, roi=Rect(151, 331 - 928, 1108), focus=FOCUSED, mode=SCAN
09-02 11:21:11.400 26625 26625 D DpmAnalyzer: analyze: THROTTLED by timing gate
09-02 11:21:11.400 26625 26625 D DpmFrameAnalyzer: analyze: result status=THROTTLED, code=null, source=null
09-02 11:21:11.484 26625 26923 D DpmFrameAnalyzer: analyze: bitmap converted, size=1080x1440, scanRoi=Rect(151, 331 - 928, 1108)
09-02 11:21:11.485 26625 26625 D DpmAnalyzer: analyze: frame=1080x1440, roi=Rect(151, 331 - 928, 1108), focus=FOCUSED, mode=SCAN
09-02 11:21:11.485 26625 26625 D DpmAnalyzer: analyze: starting performMultiStrategyDecode
09-02 11:21:11.485 26625 26625 D DpmAnalyzer: performMultiStrategyDecode: frame=1080x1440, roi=Rect(151, 331 - 928, 1108), strategies=1
09-02 11:21:11.486 26625 26923 D DpmFrameAnalyzer: analyze: frame received, format=35, size=1440x1080, rotation=90
09-02 11:21:11.497 26625 26625 D DpmAnalyzer: Stage1: ROI 777x777 → scaled 400x399
09-02 11:21:11.569 26625 26923 D DpmFrameAnalyzer: analyze: bitmap converted, size=1080x1440, scanRoi=Rect(151, 331 - 928, 1108)
09-02 11:21:11.569 26625 26625 D DpmAnalyzer: analyze: frame=1080x1440, roi=Rect(151, 331 - 928, 1108), focus=FOCUSED, mode=SCAN
09-02 11:21:11.569 26625 26625 D DpmAnalyzer: analyze: THROTTLED (already running)
09-02 11:21:11.569 26625 26625 D DpmFrameAnalyzer: analyze: result status=THROTTLED, code=null, source=null
09-02 11:21:11.570 26625 26923 D DpmFrameAnalyzer: analyze: frame received, format=35, size=1440x1080, rotation=90
09-02 11:21:11.577 26625 26625 D DpmAnalyzer: Stage1: MISS
09-02 11:21:11.577 26625 26625 D DpmAnalyzer: scanRoi present, skipping full-image stages
09-02 11:21:11.577 26625 26625 D DpmAnalyzer: analyze: decodedCode=null
09-02 11:21:11.577 26625 26625 D DpmFrameAnalyzer: analyze: result status=NO_CODE, code=null, source=null
09-02 11:21:11.665 26625 26923 D DpmFrameAnalyzer: analyze: bitmap converted, size=1080x1440, scanRoi=Rect(151, 331 - 928, 1108)
09-02 11:21:11.666 26625 26923 D DpmFrameAnalyzer: analyze: frame received, format=35, size=1440x1080, rotation=90
09-02 11:21:11.667 26625 26625 D DpmAnalyzer: analyze: frame=1080x1440, roi=Rect(151, 331 - 928, 1108), focus=FOCUSED, mode=SCAN
09-02 11:21:11.667 26625 26625 D DpmAnalyzer: analyze: THROTTLED by timing gate
09-02 11:21:11.667 26625 26625 D DpmFrameAnalyzer: analyze: result status=THROTTLED, code=null, source=null
09-02 11:21:11.754 26625 26923 D DpmFrameAnalyzer: analyze: bitmap converted, size=1080x1440, scanRoi=Rect(151, 331 - 928, 1108)
09-02 11:21:11.754 26625 26625 D DpmAnalyzer: analyze: frame=1080x1440, roi=Rect(151, 331 - 928, 1108), focus=FOCUSED, mode=SCAN
09-02 11:21:11.754 26625 26625 D DpmAnalyzer: analyze: THROTTLED by timing gate
09-02 11:21:11.754 26625 26625 D DpmFrameAnalyzer: analyze: result status=THROTTLED, code=null, source=null
09-02 11:21:11.754 26625 26923 D DpmFrameAnalyzer: analyze: frame received, format=35, size=1440x1080, rotation=90
09-02 11:21:11.825 26625 26923 D DpmFrameAnalyzer: analyze: bitmap converted, size=1080x1440, scanRoi=Rect(151, 331 - 928, 1108)
09-02 11:21:11.825 26625 26625 D DpmAnalyzer: analyze: frame=1080x1440, roi=Rect(151, 331 - 928, 1108), focus=FOCUSED, mode=SCAN
09-02 11:21:11.825 26625 26625 D DpmAnalyzer: analyze: starting performMultiStrategyDecode
09-02 11:21:11.825 26625 26625 D DpmAnalyzer: performMultiStrategyDecode: frame=1080x1440, roi=Rect(151, 331 - 928, 1108), strategies=1
09-02 11:21:11.826 26625 26923 D DpmFrameAnalyzer: analyze: frame received, format=35, size=1440x1080, rotation=90
09-02 11:21:11.843 26625 26625 D DpmAnalyzer: Stage1: ROI 777x777 → scaled 400x399
09-02 11:21:11.898 26625 26625 D DpmAnalyzer: Stage1: MISS
09-02 11:21:11.898 26625 26625 D DpmAnalyzer: scanRoi present, skipping full-image stages
09-02 11:21:11.898 26625 26625 D DpmAnalyzer: analyze: decodedCode=null
09-02 11:21:11.898 26625 26625 D DpmFrameAnalyzer: analyze: result status=NO_CODE, code=null, source=null
09-02 11:21:11.903 26625 26923 D DpmFrameAnalyzer: analyze: bitmap converted, size=1080x1440, scanRoi=Rect(151, 331 - 928, 1108)
09-02 11:21:11.904 26625 26625 D DpmAnalyzer: analyze: frame=1080x1440, roi=Rect(151, 331 - 928, 1108), focus=FOCUSED, mode=SCAN
09-02 11:21:11.904 26625 26625 D DpmAnalyzer: analyze: THROTTLED by timing gate
09-02 11:21:11.904 26625 26625 D DpmFrameAnalyzer: analyze: result status=THROTTLED, code=null, source=null
09-02 11:21:11.908 26625 26923 D DpmFrameAnalyzer: analyze: frame received, format=35, size=1440x1080, rotation=90
09-02 11:21:12.001 26625 26923 D DpmFrameAnalyzer: analyze: bitmap converted, size=1080x1440, scanRoi=Rect(151, 331 - 928, 1108)
09-02 11:21:12.002 26625 26625 D DpmAnalyzer: analyze: frame=1080x1440, roi=Rect(151, 331 - 928, 1108), focus=FOCUSED, mode=SCAN
09-02 11:21:12.002 26625 26625 D DpmAnalyzer: analyze: THROTTLED by timing gate
09-02 11:21:12.002 26625 26625 D DpmFrameAnalyzer: analyze: result status=THROTTLED, code=null, source=null
09-02 11:21:12.002 26625 26923 D DpmFrameAnalyzer: analyze: frame received, format=35, size=1440x1080, rotation=90
09-02 11:21:12.098 26625 26923 D DpmFrameAnalyzer: analyze: bitmap converted, size=1080x1440, scanRoi=Rect(151, 331 - 928, 1108)
09-02 11:21:12.099 26625 26923 D DpmFrameAnalyzer: analyze: frame received, format=35, size=1440x1080, rotation=90
09-02 11:21:12.100 26625 26625 D DpmAnalyzer: analyze: frame=1080x1440, roi=Rect(151, 331 - 928, 1108), focus=FOCUSED, mode=SCAN
09-02 11:21:12.100 26625 26625 D DpmAnalyzer: analyze: starting performMultiStrategyDecode
09-02 11:21:12.100 26625 26625 D DpmAnalyzer: performMultiStrategyDecode: frame=1080x1440, roi=Rect(151, 331 - 928, 1108), strategies=1
09-02 11:21:12.122 26625 26625 D DpmAnalyzer: Stage1: ROI 777x777 → scaled 400x399
09-02 11:21:12.209 26625 26923 D DpmFrameAnalyzer: analyze: bitmap converted, size=1080x1440, scanRoi=Rect(151, 331 - 928, 1108)
09-02 11:21:12.209 26625 26625 D DpmAnalyzer: analyze: frame=1080x1440, roi=Rect(151, 331 - 928, 1108), focus=FOCUSED, mode=SCAN
09-02 11:21:12.209 26625 26625 D DpmAnalyzer: analyze: THROTTLED (already running)
09-02 11:21:12.209 26625 26625 D DpmFrameAnalyzer: analyze: result status=THROTTLED, code=null, source=null
09-02 11:21:12.210 26625 26923 D DpmFrameAnalyzer: analyze: frame received, format=35, size=1440x1080, rotation=90
09-02 11:21:12.213 26625 26625 D DpmAnalyzer: Stage1: MISS
09-02 11:21:12.213 26625 26625 D DpmAnalyzer: scanRoi present, skipping full-image stages
09-02 11:21:12.213 26625 26625 D DpmAnalyzer: analyze: decodedCode=null
09-02 11:21:12.213 26625 26625 D DpmFrameAnalyzer: analyze: result status=NO_CODE, code=null, source=null
09-02 11:21:12.311 26625 26923 D DpmFrameAnalyzer: analyze: bitmap converted, size=1080x1440, scanRoi=Rect(151, 331 - 928, 1108)
09-02 11:21:12.312 26625 26625 D DpmAnalyzer: analyze: frame=1080x1440, roi=Rect(151, 331 - 928, 1108), focus=FOCUSED, mode=SCAN
09-02 11:21:12.312 26625 26625 D DpmAnalyzer: analyze: THROTTLED by timing gate
09-02 11:21:12.312 26625 26625 D DpmFrameAnalyzer: analyze: result status=THROTTLED, code=null, source=null
09-02 11:21:12.312 26625 26923 D DpmFrameAnalyzer: analyze: frame received, format=35, size=1440x1080, rotation=90
09-02 11:21:12.410 26625 26923 D DpmFrameAnalyzer: analyze: bitmap converted, size=1080x1440, scanRoi=Rect(151, 331 - 928, 1108)
09-02 11:21:12.410 26625 26625 D DpmAnalyzer: analyze: frame=1080x1440, roi=Rect(151, 331 - 928, 1108), focus=FOCUSED, mode=SCAN
09-02 11:21:12.410 26625 26625 D DpmAnalyzer: analyze: THROTTLED by timing gate
09-02 11:21:12.410 26625 26625 D DpmFrameAnalyzer: analyze: result status=THROTTLED, code=null, source=null
09-02 11:21:12.411 26625 26923 D DpmFrameAnalyzer: analyze: frame received, format=35, size=1440x1080, rotation=90
09-02 11:21:12.508 26625 26923 D DpmFrameAnalyzer: analyze: bitmap converted, size=1080x1440, scanRoi=Rect(151, 331 - 928, 1108)
09-02 11:21:12.508 26625 26625 D DpmAnalyzer: analyze: frame=1080x1440, roi=Rect(151, 331 - 928, 1108), focus=FOCUSED, mode=SCAN
09-02 11:21:12.508 26625 26625 D DpmAnalyzer: analyze: starting performMultiStrategyDecode
09-02 11:21:12.508 26625 26625 D DpmAnalyzer: performMultiStrategyDecode: frame=1080x1440, roi=Rect(151, 331 - 928, 1108), strategies=1
09-02 11:21:12.509 26625 26923 D DpmFrameAnalyzer: analyze: frame received, format=35, size=1440x1080, rotation=90
09-02 11:21:12.519 26625 26625 D DpmAnalyzer: Stage1: ROI 777x777 → scaled 400x399
09-02 11:21:12.605 26625 26923 D DpmFrameAnalyzer: analyze: bitmap converted, size=1080x1440, scanRoi=Rect(151, 331 - 928, 1108)
09-02 11:21:12.606 26625 26923 D DpmFrameAnalyzer: analyze: frame received, format=35, size=1440x1080, rotation=90
09-02 11:21:12.606 26625 26625 D DpmAnalyzer: analyze: frame=1080x1440, roi=Rect(151, 331 - 928, 1108), focus=FOCUSED, mode=SCAN
09-02 11:21:12.606 26625 26625 D DpmAnalyzer: analyze: THROTTLED (already running)
09-02 11:21:12.606 26625 26625 D DpmFrameAnalyzer: analyze: result status=THROTTLED, code=null, source=null
09-02 11:21:12.632 26625 26625 D DpmAnalyzer: Stage1: MISS
09-02 11:21:12.632 26625 26625 D DpmAnalyzer: scanRoi present, skipping full-image stages
09-02 11:21:12.632 26625 26625 D DpmAnalyzer: analyze: decodedCode=null
09-02 11:21:12.632 26625 26625 D DpmFrameAnalyzer: analyze: result status=NO_CODE, code=null, source=null
09-02 11:21:12.708 26625 26923 D DpmFrameAnalyzer: analyze: bitmap converted, size=1080x1440, scanRoi=Rect(151, 331 - 928, 1108)
09-02 11:21:12.709 26625 26625 D DpmAnalyzer: analyze: frame=1080x1440, roi=Rect(151, 331 - 928, 1108), focus=FOCUSED, mode=SCAN
09-02 11:21:12.709 26625 26625 D DpmAnalyzer: analyze: THROTTLED by timing gate
09-02 11:21:12.709 26625 26625 D DpmFrameAnalyzer: analyze: result status=THROTTLED, code=null, source=null
09-02 11:21:12.711 26625 26923 D DpmFrameAnalyzer: analyze: frame received, format=35, size=1440x1080, rotation=90
