09-02 11:28:32.490 28186 28186 D OpenCV/StaticHelper: First attempt to load libs
09-02 11:28:32.490 28186 28186 D OpenCV/StaticHelper: Trying to load library opencv_java4
09-02 11:28:32.499 28186 28186 D OpenCV/StaticHelper: Library opencv_java4 loaded
09-02 11:28:32.499 28186 28186 D OpenCV/StaticHelper: First attempt to load libs is OK
09-02 11:28:32.500 28186 28186 I OpenCV/StaticHelper: 
09-02 11:28:32.500 28186 28186 I OpenCV/StaticHelper: General configuration for OpenCV 4.10.0 =====================================
09-02 11:28:32.500 28186 28186 I OpenCV/StaticHelper:   Version control:               4.10.0-dirty
09-02 11:28:32.500 28186 28186 I OpenCV/StaticHelper: 
09-02 11:28:32.500 28186 28186 I OpenCV/StaticHelper:   Platform:
09-02 11:28:32.500 28186 28186 I OpenCV/StaticHelper:     Timestamp:                   2024-06-02T16:44:40Z
09-02 11:28:32.500 28186 28186 I OpenCV/StaticHelper:     Host:                        Linux 5.4.0-169-generic x86_64
09-02 11:28:32.500 28186 28186 I OpenCV/StaticHelper:     Target:                      Android 1 aarch64
09-02 11:28:32.500 28186 28186 I OpenCV/StaticHelper:     CMake:                       3.22.1-g37088a8
09-02 11:28:32.500 28186 28186 I OpenCV/StaticHelper:     CMake generator:             Ninja
09-02 11:28:32.500 28186 28186 I OpenCV/StaticHelper:     CMake build tool:            /opt/android-sdk/cmake/3.22.1/bin/ninja
09-02 11:28:32.500 28186 28186 I OpenCV/StaticHelper:     Configuration:               Release
09-02 11:28:32.500 28186 28186 I OpenCV/StaticHelper: 
09-02 11:28:32.500 28186 28186 I OpenCV/StaticHelper:   CPU/HW features:
09-02 11:28:32.500 28186 28186 I OpenCV/StaticHelper:     Baseline:                    NEON FP16
09-02 11:28:32.500 28186 28186 I OpenCV/StaticHelper:     Dispatched code generation:  NEON_DOTPROD NEON_FP16 NEON_BF16
09-02 11:28:32.500 28186 28186 I OpenCV/StaticHelper:       requested:                 NEON_FP16 NEON_BF16 NEON_DOTPROD
09-02 11:28:32.500 28186 28186 I OpenCV/StaticHelper:       NEON_DOTPROD (1 files):    + NEON_DOTPROD
09-02 11:28:32.500 28186 28186 I OpenCV/StaticHelper:       NEON_FP16 (2 files):       + NEON_FP16
09-02 11:28:32.500 28186 28186 I OpenCV/StaticHelper:       NEON_BF16 (0 files):       + NEON_BF16
09-02 11:28:32.500 28186 28186 I OpenCV/StaticHelper: 
09-02 11:28:32.500 28186 28186 I OpenCV/StaticHelper:   C/C++:
09-02 11:28:32.501 28186 28186 I OpenCV/StaticHelper:     Built as dynamic libs?:      NO
09-02 11:28:32.501 28186 28186 I OpenCV/StaticHelper:     C++ standard:                11
09-02 11:28:32.501 28186 28186 I OpenCV/StaticHelper:     C++ Compiler:                /opt/android-sdk/ndk/25.2.9519653/toolchains/llvm/prebuilt/linux-x86_64/bin/clang++  (ver 14.0.7)
09-02 11:28:32.501 28186 28186 I OpenCV/StaticHelper:     C++ flags (Release):         -DANDROID -fdata-sections -ffunction-sections -funwind-tables -fstack-protector-strong -no-canonical-prefixes -D_FORTIFY_SOURCE=2 -Wformat -Werror=format-security     -fsigned-char -W -Wall -Wreturn-type -Wnon-virtual-dtor -Waddress -Wsequence-point -Wformat -Wformat-security -Wmissing-declarations -Wmissing-prototypes -Wstrict-prototypes -Wundef -Winit-self -Wpointer-arith -Wshadow -Wsign-promo -Wuninitialized -Winconsistent-missing-override -Wno-delete-non-virtual-dtor -Wno-unnamed-type-template-args -Wno-comment -Wno-deprecated-enum-enum-conversion -Wno-deprecated-anon-enum-enum-conversion -fdiagnostics-show-option -Qunused-arguments    -fvisibility=hidden -fvisibility-inlines-hidden  -O3 -DNDEBUG   -DNDEBUG
09-02 11:28:32.501 28186 28186 I OpenCV/StaticHelper:     C++ flags (Debug):           -DANDROID -fdata-sections -ffunction-sections -funwind-tables -fstack-protector-strong -no-canonical-prefixes -D_FORTIFY_SOURCE=2 -Wformat -Werror=format-security     -fsigned-char -W -Wall -Wreturn-type -Wnon-virtual-dtor -Waddress -Wsequence-point -Wformat -Wformat-security -Wmissing-declarations -Wmissing-prototypes -Wstrict-prototypes -Wundef -Winit-self -Wpointer-arith -Wshadow -Wsign-promo -Wuninitialized -Winconsistent-missing-override -Wno-delete-non-virtual-dtor -Wno-unnamed-type-template-args -Wno-comment -Wno-deprecated-enum-enum-conversion -Wno-deprecated-anon-enum-enum-conversion -fdiagnostics-show-option -Qunused-arguments    -fvisibility=hidden -fvisibility-inlines-hidden  -fno-limit-debug-info   -O0 -DDEBUG -D_DEBUG -g
09-02 11:28:32.501 28186 28186 I OpenCV/StaticHelper:     C Compiler:                  /opt/android-sdk/ndk/25.2.9519653/toolchains/llvm/prebuilt/linux-x86_64/bin/clang
09-02 11:28:32.501 28186 28186 I OpenCV/StaticHelper:     C flags (Release):           -DANDROID -fdata-sections -ffunction-sections -funwind-tables -fstack-protector-strong -no-canonical-prefixes -D_FORTIFY_SOURCE=2 -Wformat -Werror=format-security    -fsigned-char -W -Wall -Wreturn-type -Wnon-virtual-dtor -Waddress -Wsequence-point -Wformat -Wformat-security -Wmissing-declarations -Wmissing-prototypes -Wstrict-prototypes -Wundef -Winit-self -Wpointer-arith -Wshadow -Wsign-promo -Wuninitialized -Winconsistent-missing-override -Wno-delete-non-virtual-dtor -Wno-unnamed-type-template-args -Wno-comment -Wno-deprecated-enum-enum-conversion -Wno-deprecated-anon-enum-enum-conversion -fdiagnostics-show-option -Qunused-arguments    -fvisibility=hidden -fvisibility-inlines-hidden  -O3 -DNDEBUG   -DNDEBUG
09-02 11:28:32.501 28186 28186 I OpenCV/StaticHelper:     C flags (Debug):             -DANDROID -fdata-sections -ffunction-sections -funwind-tables -fstack-protector-strong -no-canonical-prefixes -D_FORTIFY_SOURCE=2 -Wformat -Werror=format-security    -fsigned-char -W -Wall -Wreturn-type -Wnon-virtual-dtor -Waddress -Wsequence-point -Wformat -Wformat-security -Wmissing-declarations -Wmissing-prototypes -Wstrict-prototypes -Wundef -Winit-self -Wpointer-arith -Wshadow -Wsign-promo -Wuninitialized -Winconsistent-missing-override -Wno-delete-non-virtual-dtor -Wno-unnamed-type-template-args -Wno-comment -Wno-deprecated-enum-enum-conversion -Wno-deprecated-anon-enum-enum-conversion -fdiagnostics-show-option -Qunused-arguments    -fvisibility=hidden -fvisibility-inlines-hidden  -fno-limit-debug-info   -O0 -DDEBUG -D_DEBUG -g
09-02 11:28:32.501 28186 28186 I OpenCV/StaticHelper:     Linker flags (Release):      -Wl,--build-id=sha1 -Wl,--no-rosegment -Wl,--fatal-warnings -Wl,--no-undefined -Qunused-arguments   -Wl,--as-needed -Wl,--no-undefined -Wl,--gc-sections  
09-02 11:28:32.501 28186 28186 I OpenCV/StaticHelper:     Linker flags (Debug):        -Wl,--build-id=sha1 -Wl,--no-rosegment -Wl,--fatal-warnings -Wl,--no-undefined -Qunused-arguments   -Wl,--as-needed -Wl,--no-undefined  
09-02 11:28:32.501 28186 28186 I OpenCV/StaticHelper:     ccache:                      YES
09-02 11:28:32.501 28186 28186 I OpenCV/StaticHelper:     Precompiled headers:         NO
09-02 11:28:32.501 28186 28186 I OpenCV/StaticHelper:     Extra dependencies:          z dl m log
09-02 11:28:32.501 28186 28186 I OpenCV/StaticHelper:     3rdparty dependencies:       libcpufeatures libprotobuf ade tbb ittnotify libjpeg-turbo libwebp libpng libtiff libopenjp2 IlmImf tegra_hal
09-02 11:28:32.501 28186 28186 I OpenCV/StaticHelper: 
09-02 11:28:32.501 28186 28186 I OpenCV/StaticHelper:   OpenCV modules:
09-02 11:28:32.501 28186 28186 I OpenCV/StaticHelper:     To be built:                 calib3d core dnn features2d flann gapi highgui imgcodecs imgproc java ml objdetect photo stitching video videoio
09-02 11:28:32.501 28186 28186 I OpenCV/StaticHelper:     Disabled:                    world
09-02 11:28:32.501 28186 28186 I OpenCV/StaticHelper:     Disabled by dependency:      -
09-02 11:28:32.501 28186 28186 I OpenCV/StaticHelper:     Unavailable:                 python2 python3 ts
09-02 11:28:32.501 28186 28186 I OpenCV/StaticHelper:     Applications:                -
09-02 11:28:32.501 28186 28186 I OpenCV/StaticHelper:     Documentation:               NO
09-02 11:28:32.501 28186 28186 I OpenCV/StaticHelper:     Non-free algorithms:         NO
09-02 11:28:32.501 28186 28186 I OpenCV/StaticHelper: 
09-02 11:28:32.501 28186 28186 I OpenCV/StaticHelper:   Android NDK:                   /opt/android-sdk/ndk/25.2.9519653 (ver 25.2.9519653)
09-02 11:28:32.501 28186 28186 I OpenCV/StaticHelper:     Android ABI:                 arm64-v8a
09-02 11:28:32.501 28186 28186 I OpenCV/StaticHelper:     NDK toolchain:               aarch64-linux-android-clang
09-02 11:28:32.501 28186 28186 I OpenCV/StaticHelper:     STL type:                    c++_shared
09-02 11:28:32.501 28186 28186 I OpenCV/StaticHelper:     Native API level:            21
09-02 11:28:32.501 28186 28186 I OpenCV/StaticHelper:   Android SDK:                   /opt/android-sdk (tools:  build tools: 30.0.3)
09-02 11:28:32.501 28186 28186 I OpenCV/StaticHelper: 
09-02 11:28:32.501 28186 28186 I OpenCV/StaticHelper:   GUI:                           NONE
09-02 11:28:32.501 28186 28186 I OpenCV/StaticHelper: 
09-02 11:28:32.501 28186 28186 I OpenCV/StaticHelper:   Media I/O: 
09-02 11:28:32.501 28186 28186 I OpenCV/StaticHelper:     ZLib:                        z (ver 1.2.12)
09-02 11:28:32.501 28186 28186 I OpenCV/StaticHelper:     JPEG:                        build-libjpeg-turbo (ver 3.0.3-70)
09-02 11:28:32.501 28186 28186 I OpenCV/StaticHelper:       SIMD Support Request:      YES
09-02 11:28:32.501 28186 28186 I OpenCV/StaticHelper:       SIMD Support:              YES
09-02 11:28:32.501 28186 28186 I OpenCV/StaticHelper:     WEBP:                        build (ver encoder: 0x020f)
09-02 11:28:32.501 28186 28186 I OpenCV/StaticHelper:     PNG:                         build (ver 1.6.43)
09-02 11:28:32.501 28186 28186 I OpenCV/StaticHelper:       SIMD Support Request:      YES
09-02 11:28:32.501 28186 28186 I OpenCV/StaticHelper:       SIMD Support:              YES (Arm NEON)
09-02 11:28:32.501 28186 28186 I OpenCV/StaticHelper:     TIFF:                        build (ver 42 - 4.6.0)
09-02 11:28:32.501 28186 28186 I OpenCV/StaticHelper:     JPEG 2000:                   build (ver 2.5.0)
09-02 11:28:32.501 28186 28186 I OpenCV/StaticHelper:     OpenEXR:                     build (ver 2.3.0)
09-02 11:28:32.501 28186 28186 I OpenCV/StaticHelper:     HDR:                         YES
09-02 11:28:32.501 28186 28186 I OpenCV/StaticHelper:     SUNRASTER:                   YES
09-02 11:28:32.501 28186 28186 I OpenCV/StaticHelper:     PXM:                         YES
09-02 11:28:32.501 28186 28186 I OpenCV/StaticHelper:     PFM:                         YES
09-02 11:28:32.501 28186 28186 I OpenCV/StaticHelper: 
09-02 11:28:32.501 28186 28186 I OpenCV/StaticHelper:   Video I/O:
09-02 11:28:32.501 28186 28186 I OpenCV/StaticHelper:    MEDIANDK:                     YES
09-02 11:28:32.501 28186 28186 I OpenCV/StaticHelper:    NDK Camera:                   NO
09-02 11:28:32.501 28186 28186 I OpenCV/StaticHelper: 
09-02 11:28:32.501 28186 28186 I OpenCV/StaticHelper:   Parallel framework:            TBB (ver 2021.11 interface 12110)
09-02 11:28:32.501 28186 28186 I OpenCV/StaticHelper: 
09-02 11:28:32.501 28186 28186 I OpenCV/StaticHelper:   Trace:                         YES (with Intel ITT)
09-02 11:28:32.501 28186 28186 I OpenCV/StaticHelper: 
09-02 11:28:32.501 28186 28186 I OpenCV/StaticHelper:   Other third-party libraries:
09-02 11:28:32.501 28186 28186 I OpenCV/StaticHelper:     Custom HAL:                  YES (carotene (ver 0.0.1, Auto detected))
09-02 11:28:32.501 28186 28186 I OpenCV/StaticHelper:     Protobuf:                    build (3.19.1)
09-02 11:28:32.501 28186 28186 I OpenCV/StaticHelper:     Flatbuffers:                 builtin/3rdparty (23.5.9)
09-02 11:28:32.501 28186 28186 I OpenCV/StaticHelper: 
09-02 11:28:32.501 28186 28186 I OpenCV/StaticHelper:   Python (for build):            /usr/bin/python3
09-02 11:28:32.501 28186 28186 I OpenCV/StaticHelper: 
09-02 11:28:32.501 28186 28186 I OpenCV/StaticHelper:   Java:                          export all functions
09-02 11:28:32.501 28186 28186 I OpenCV/StaticHelper:     ant:                         NO
09-02 11:28:32.501 28186 28186 I OpenCV/StaticHelper:     Java wrappers:               YES ()
09-02 11:28:32.501 28186 28186 I OpenCV/StaticHelper:     Java tests:                  NO
09-02 11:28:32.501 28186 28186 I OpenCV/StaticHelper: 
09-02 11:28:32.501 28186 28186 I OpenCV/StaticHelper:   Install to:                    /home/ci/build/o4a/install
09-02 11:28:32.501 28186 28186 I OpenCV/StaticHelper: -----------------------------------------------------------------
09-02 11:28:32.501 28186 28186 I MobileInspectionApp: OpenCV initialized=true
09-02 11:28:36.817 28186 28186 D CameraPreview: 连接成功，mode=DPM_SCAN, sessionId: e81237b2-ac12-4bdc-b557-cbdaf4b308aa
09-02 11:28:36.892 28186 28186 D CameraPreview: 连接成功，mode=DPM_SCAN, sessionId: 95378e1f-8222-4260-ac82-182adecdc2eb
09-02 11:28:37.410 28186 28475 D DpmFrameAnalyzer: analyze: frame received, format=35, size=1440x1080, rotation=90
09-02 11:28:37.485 28186 28475 D DpmFrameAnalyzer: analyze: bitmap converted, size=1080x1440, scanRoi=Rect(189, 369 - 891, 1071)
09-02 11:28:37.485 28186 28186 D DpmAnalyzer: analyze: frame=1080x1440, roi=Rect(189, 369 - 891, 1071), focus=FOCUSED, mode=SCAN
09-02 11:28:37.485 28186 28186 D DpmAnalyzer: analyze: starting performMultiStrategyDecode
09-02 11:28:37.486 28186 28475 D DpmFrameAnalyzer: analyze: frame received, format=35, size=1440x1080, rotation=90
09-02 11:28:37.487 28186 28186 D DpmAnalyzer: performMultiStrategyDecode: frame=1080x1440, roi=Rect(189, 369 - 891, 1071), strategies=1
09-02 11:28:37.495 28186 28186 D DpmAnalyzer: Stage1: ROI 702x702 → scaled 400x400
09-02 11:28:37.538 28186 28475 D DpmFrameAnalyzer: analyze: bitmap converted, size=1080x1440, scanRoi=Rect(189, 369 - 891, 1071)
09-02 11:28:37.539 28186 28186 D DpmAnalyzer: analyze: frame=1080x1440, roi=Rect(189, 369 - 891, 1071), focus=FOCUSED, mode=SCAN
09-02 11:28:37.539 28186 28186 D DpmAnalyzer: analyze: THROTTLED (already running)
09-02 11:28:37.539 28186 28186 D DpmFrameAnalyzer: analyze: result status=THROTTLED, code=null, source=null
09-02 11:28:37.539 28186 28475 D DpmFrameAnalyzer: analyze: frame received, format=35, size=1440x1080, rotation=90
09-02 11:28:37.564 28186 28186 D DpmAnalyzer: Stage1: MISS
09-02 11:28:37.564 28186 28186 D DpmAnalyzer: scanRoi present, skipping full-image stages
09-02 11:28:37.564 28186 28186 D DpmAnalyzer: analyze: decodedCode=null
09-02 11:28:37.564 28186 28186 D DpmFrameAnalyzer: analyze: result status=NO_CODE, code=null, source=null
09-02 11:28:37.592 28186 28475 D DpmFrameAnalyzer: analyze: bitmap converted, size=1080x1440, scanRoi=Rect(189, 369 - 891, 1071)
09-02 11:28:37.593 28186 28186 D DpmAnalyzer: analyze: frame=1080x1440, roi=Rect(189, 369 - 891, 1071), focus=FOCUSED, mode=SCAN
09-02 11:28:37.593 28186 28186 D DpmAnalyzer: analyze: THROTTLED by timing gate
09-02 11:28:37.593 28186 28186 D DpmFrameAnalyzer: analyze: result status=THROTTLED, code=null, source=null
09-02 11:28:37.593 28186 28475 D DpmFrameAnalyzer: analyze: frame received, format=35, size=1440x1080, rotation=90
09-02 11:28:37.644 28186 28475 D DpmFrameAnalyzer: analyze: bitmap converted, size=1080x1440, scanRoi=Rect(189, 369 - 891, 1071)
09-02 11:28:37.645 28186 28186 D DpmAnalyzer: analyze: frame=1080x1440, roi=Rect(189, 369 - 891, 1071), focus=FOCUSED, mode=SCAN
09-02 11:28:37.645 28186 28186 D DpmAnalyzer: analyze: THROTTLED by timing gate
09-02 11:28:37.645 28186 28186 D DpmFrameAnalyzer: analyze: result status=THROTTLED, code=null, source=null
09-02 11:28:37.645 28186 28475 D DpmFrameAnalyzer: analyze: frame received, format=35, size=1440x1080, rotation=90
09-02 11:28:37.697 28186 28475 D DpmFrameAnalyzer: analyze: bitmap converted, size=1080x1440, scanRoi=Rect(189, 369 - 891, 1071)
09-02 11:28:37.698 28186 28186 D DpmAnalyzer: analyze: frame=1080x1440, roi=Rect(189, 369 - 891, 1071), focus=FOCUSED, mode=SCAN
09-02 11:28:37.698 28186 28186 D DpmAnalyzer: analyze: starting performMultiStrategyDecode
09-02 11:28:37.698 28186 28186 D DpmAnalyzer: performMultiStrategyDecode: frame=1080x1440, roi=Rect(189, 369 - 891, 1071), strategies=1
09-02 11:28:37.698 28186 28475 D DpmFrameAnalyzer: analyze: frame received, format=35, size=1440x1080, rotation=90
09-02 11:28:37.707 28186 28186 D DpmAnalyzer: Stage1: ROI 702x702 → scaled 400x400
09-02 11:28:37.747 28186 28186 D DpmAnalyzer: Stage1: MISS
09-02 11:28:37.747 28186 28186 D DpmAnalyzer: scanRoi present, skipping full-image stages
09-02 11:28:37.747 28186 28186 D DpmAnalyzer: analyze: decodedCode=null
09-02 11:28:37.747 28186 28186 D DpmFrameAnalyzer: analyze: result status=NO_CODE, code=null, source=null
09-02 11:28:37.761 28186 28475 D DpmFrameAnalyzer: analyze: bitmap converted, size=1080x1440, scanRoi=Rect(189, 369 - 891, 1071)
09-02 11:28:37.762 28186 28186 D DpmAnalyzer: analyze: frame=1080x1440, roi=Rect(189, 369 - 891, 1071), focus=FOCUSED, mode=SCAN
09-02 11:28:37.762 28186 28186 D DpmAnalyzer: analyze: THROTTLED by timing gate
09-02 11:28:37.762 28186 28186 D DpmFrameAnalyzer: analyze: result status=THROTTLED, code=null, source=null
09-02 11:28:37.762 28186 28475 D DpmFrameAnalyzer: analyze: frame received, format=35, size=1440x1080, rotation=90
09-02 11:28:37.832 28186 28475 D DpmFrameAnalyzer: analyze: bitmap converted, size=1080x1440, scanRoi=Rect(189, 369 - 891, 1071)
09-02 11:28:37.833 28186 28186 D DpmAnalyzer: analyze: frame=1080x1440, roi=Rect(189, 369 - 891, 1071), focus=FOCUSED, mode=SCAN
09-02 11:28:37.833 28186 28186 D DpmAnalyzer: analyze: THROTTLED by timing gate
09-02 11:28:37.833 28186 28186 D DpmFrameAnalyzer: analyze: result status=THROTTLED, code=null, source=null
09-02 11:28:37.834 28186 28475 D DpmFrameAnalyzer: analyze: frame received, format=35, size=1440x1080, rotation=90
09-02 11:28:37.904 28186 28475 D DpmFrameAnalyzer: analyze: bitmap converted, size=1080x1440, scanRoi=Rect(189, 369 - 891, 1071)
09-02 11:28:37.905 28186 28186 D DpmAnalyzer: analyze: frame=1080x1440, roi=Rect(189, 369 - 891, 1071), focus=FOCUSED, mode=SCAN
09-02 11:28:37.905 28186 28186 D DpmAnalyzer: analyze: starting performMultiStrategyDecode
09-02 11:28:37.905 28186 28186 D DpmAnalyzer: performMultiStrategyDecode: frame=1080x1440, roi=Rect(189, 369 - 891, 1071), strategies=1
09-02 11:28:37.905 28186 28475 D DpmFrameAnalyzer: analyze: frame received, format=35, size=1440x1080, rotation=90
09-02 11:28:37.913 28186 28186 D DpmAnalyzer: Stage1: ROI 702x702 → scaled 400x400
09-02 11:28:37.985 28186 28475 D DpmFrameAnalyzer: analyze: bitmap converted, size=1080x1440, scanRoi=Rect(189, 369 - 891, 1071)
09-02 11:28:37.985 28186 28186 D DpmAnalyzer: analyze: frame=1080x1440, roi=Rect(189, 369 - 891, 1071), focus=FOCUSED, mode=SCAN
09-02 11:28:37.985 28186 28186 D DpmAnalyzer: analyze: THROTTLED (already running)
09-02 11:28:37.985 28186 28186 D DpmFrameAnalyzer: analyze: result status=THROTTLED, code=null, source=null
09-02 11:28:37.990 28186 28475 D DpmFrameAnalyzer: analyze: frame received, format=35, size=1440x1080, rotation=90
09-02 11:28:38.022 28186 28186 D DpmAnalyzer: Stage1: MISS
09-02 11:28:38.022 28186 28186 D DpmAnalyzer: scanRoi present, skipping full-image stages
09-02 11:28:38.022 28186 28186 D DpmAnalyzer: analyze: decodedCode=null
09-02 11:28:38.023 28186 28186 D DpmFrameAnalyzer: analyze: result status=NO_CODE, code=null, source=null
09-02 11:28:38.079 28186 28475 D DpmFrameAnalyzer: analyze: bitmap converted, size=1080x1440, scanRoi=Rect(189, 369 - 891, 1071)
09-02 11:28:38.080 28186 28186 D DpmAnalyzer: analyze: frame=1080x1440, roi=Rect(189, 369 - 891, 1071), focus=FOCUSED, mode=SCAN
09-02 11:28:38.080 28186 28186 D DpmAnalyzer: analyze: THROTTLED by timing gate
09-02 11:28:38.080 28186 28186 D DpmFrameAnalyzer: analyze: result status=THROTTLED, code=null, source=null
09-02 11:28:38.081 28186 28475 D DpmFrameAnalyzer: analyze: frame received, format=35, size=1440x1080, rotation=90
09-02 11:28:38.163 28186 28475 D DpmFrameAnalyzer: analyze: bitmap converted, size=1080x1440, scanRoi=Rect(189, 369 - 891, 1071)
09-02 11:28:38.163 28186 28186 D DpmAnalyzer: analyze: frame=1080x1440, roi=Rect(189, 369 - 891, 1071), focus=FOCUSED, mode=SCAN
09-02 11:28:38.163 28186 28186 D DpmAnalyzer: analyze: starting performMultiStrategyDecode
09-02 11:28:38.164 28186 28186 D DpmAnalyzer: performMultiStrategyDecode: frame=1080x1440, roi=Rect(189, 369 - 891, 1071), strategies=1
09-02 11:28:38.164 28186 28475 D DpmFrameAnalyzer: analyze: frame received, format=35, size=1440x1080, rotation=90
09-02 11:28:38.173 28186 28186 D DpmAnalyzer: Stage1: ROI 702x702 → scaled 400x400
09-02 11:28:38.214 28186 28186 D DpmAnalyzer: Stage1: MISS
09-02 11:28:38.214 28186 28186 D DpmAnalyzer: scanRoi present, skipping full-image stages
09-02 11:28:38.214 28186 28186 D DpmAnalyzer: analyze: decodedCode=null
09-02 11:28:38.214 28186 28186 D DpmFrameAnalyzer: analyze: result status=NO_CODE, code=null, source=null
09-02 11:28:38.233 28186 28475 D DpmFrameAnalyzer: analyze: bitmap converted, size=1080x1440, scanRoi=Rect(189, 369 - 891, 1071)
09-02 11:28:38.234 28186 28186 D DpmAnalyzer: analyze: frame=1080x1440, roi=Rect(189, 369 - 891, 1071), focus=FOCUSED, mode=SCAN
09-02 11:28:38.234 28186 28186 D DpmAnalyzer: analyze: THROTTLED by timing gate
09-02 11:28:38.234 28186 28186 D DpmFrameAnalyzer: analyze: result status=THROTTLED, code=null, source=null
09-02 11:28:38.235 28186 28475 D DpmFrameAnalyzer: analyze: frame received, format=35, size=1440x1080, rotation=90
09-02 11:28:38.318 28186 28475 D DpmFrameAnalyzer: analyze: bitmap converted, size=1080x1440, scanRoi=Rect(189, 369 - 891, 1071)
09-02 11:28:38.319 28186 28186 D DpmAnalyzer: analyze: frame=1080x1440, roi=Rect(189, 369 - 891, 1071), focus=FOCUSED, mode=SCAN
09-02 11:28:38.319 28186 28186 D DpmAnalyzer: analyze: starting performMultiStrategyDecode
09-02 11:28:38.319 28186 28186 D DpmAnalyzer: performMultiStrategyDecode: frame=1080x1440, roi=Rect(189, 369 - 891, 1071), strategies=1
09-02 11:28:38.319 28186 28475 D DpmFrameAnalyzer: analyze: frame received, format=35, size=1440x1080, rotation=90
09-02 11:28:38.327 28186 28186 D DpmAnalyzer: Stage1: ROI 702x702 → scaled 400x400
09-02 11:28:38.382 28186 28186 D DpmAnalyzer: Stage1: MISS
09-02 11:28:38.382 28186 28186 D DpmAnalyzer: scanRoi present, skipping full-image stages
09-02 11:28:38.382 28186 28186 D DpmAnalyzer: analyze: decodedCode=null
09-02 11:28:38.382 28186 28186 D DpmFrameAnalyzer: analyze: result status=NO_CODE, code=null, source=null
09-02 11:28:38.394 28186 28475 D DpmFrameAnalyzer: analyze: bitmap converted, size=1080x1440, scanRoi=Rect(189, 369 - 891, 1071)
09-02 11:28:38.394 28186 28186 D DpmAnalyzer: analyze: frame=1080x1440, roi=Rect(189, 369 - 891, 1071), focus=FOCUSED, mode=SCAN
09-02 11:28:38.394 28186 28186 D DpmAnalyzer: analyze: THROTTLED by timing gate
09-02 11:28:38.394 28186 28186 D DpmFrameAnalyzer: analyze: result status=THROTTLED, code=null, source=null
09-02 11:28:38.400 28186 28475 D DpmFrameAnalyzer: analyze: frame received, format=35, size=1440x1080, rotation=90
09-02 11:28:38.489 28186 28475 D DpmFrameAnalyzer: analyze: bitmap converted, size=1080x1440, scanRoi=Rect(189, 369 - 891, 1071)
09-02 11:28:38.490 28186 28186 D DpmAnalyzer: analyze: frame=1080x1440, roi=Rect(189, 369 - 891, 1071), focus=FOCUSED, mode=SCAN
09-02 11:28:38.490 28186 28186 D DpmAnalyzer: analyze: starting performMultiStrategyDecode
09-02 11:28:38.491 28186 28475 D DpmFrameAnalyzer: analyze: frame received, format=35, size=1440x1080, rotation=90
09-02 11:28:38.491 28186 28186 D DpmAnalyzer: performMultiStrategyDecode: frame=1080x1440, roi=Rect(189, 369 - 891, 1071), strategies=1
09-02 11:28:38.502 28186 28186 D DpmAnalyzer: Stage1: ROI 702x702 → scaled 400x400
09-02 11:28:38.560 28186 28475 D DpmFrameAnalyzer: analyze: bitmap converted, size=1080x1440, scanRoi=Rect(189, 369 - 891, 1071)
09-02 11:28:38.560 28186 28186 D DpmAnalyzer: analyze: frame=1080x1440, roi=Rect(189, 369 - 891, 1071), focus=FOCUSED, mode=SCAN
09-02 11:28:38.560 28186 28186 D DpmAnalyzer: analyze: THROTTLED (already running)
09-02 11:28:38.560 28186 28186 D DpmFrameAnalyzer: analyze: result status=THROTTLED, code=null, source=null
09-02 11:28:38.561 28186 28475 D DpmFrameAnalyzer: analyze: frame received, format=35, size=1440x1080, rotation=90
09-02 11:28:38.562 28186 28186 D DpmAnalyzer: Stage1: MISS
09-02 11:28:38.562 28186 28186 D DpmAnalyzer: scanRoi present, skipping full-image stages
09-02 11:28:38.562 28186 28186 D DpmAnalyzer: analyze: decodedCode=null
09-02 11:28:38.562 28186 28186 D DpmFrameAnalyzer: analyze: result status=NO_CODE, code=null, source=null
09-02 11:28:38.641 28186 28475 D DpmFrameAnalyzer: analyze: bitmap converted, size=1080x1440, scanRoi=Rect(189, 369 - 891, 1071)
09-02 11:28:38.642 28186 28186 D DpmAnalyzer: analyze: frame=1080x1440, roi=Rect(189, 369 - 891, 1071), focus=FOCUSED, mode=SCAN
09-02 11:28:38.642 28186 28186 D DpmAnalyzer: analyze: THROTTLED by timing gate
09-02 11:28:38.642 28186 28186 D DpmFrameAnalyzer: analyze: result status=THROTTLED, code=null, source=null
09-02 11:28:38.642 28186 28475 D DpmFrameAnalyzer: analyze: frame received, format=35, size=1440x1080, rotation=90
09-02 11:28:38.710 28186 28475 D DpmFrameAnalyzer: analyze: bitmap converted, size=1080x1440, scanRoi=Rect(189, 369 - 891, 1071)
09-02 11:28:38.711 28186 28186 D DpmAnalyzer: analyze: frame=1080x1440, roi=Rect(189, 369 - 891, 1071), focus=FOCUSED, mode=SCAN
09-02 11:28:38.711 28186 28186 D DpmAnalyzer: analyze: starting performMultiStrategyDecode
09-02 11:28:38.711 28186 28186 D DpmAnalyzer: performMultiStrategyDecode: frame=1080x1440, roi=Rect(189, 369 - 891, 1071), strategies=1
09-02 11:28:38.712 28186 28475 D DpmFrameAnalyzer: analyze: frame received, format=35, size=1440x1080, rotation=90
09-02 11:28:38.731 28186 28186 D DpmAnalyzer: Stage1: ROI 702x702 → scaled 400x400
09-02 11:28:38.784 28186 28475 D DpmFrameAnalyzer: analyze: bitmap converted, size=1080x1440, scanRoi=Rect(189, 369 - 891, 1071)
09-02 11:28:38.784 28186 28186 D DpmAnalyzer: analyze: frame=1080x1440, roi=Rect(189, 369 - 891, 1071), focus=FOCUSED, mode=SCAN
09-02 11:28:38.784 28186 28186 D DpmAnalyzer: analyze: THROTTLED (already running)
09-02 11:28:38.785 28186 28186 D DpmFrameAnalyzer: analyze: result status=THROTTLED, code=null, source=null
09-02 11:28:38.785 28186 28475 D DpmFrameAnalyzer: analyze: frame received, format=35, size=1440x1080, rotation=90
09-02 11:28:38.803 28186 28186 D DpmAnalyzer: Stage1: MISS
09-02 11:28:38.803 28186 28186 D DpmAnalyzer: scanRoi present, skipping full-image stages
09-02 11:28:38.803 28186 28186 D DpmAnalyzer: analyze: decodedCode=null
09-02 11:28:38.803 28186 28186 D DpmFrameAnalyzer: analyze: result status=NO_CODE, code=null, source=null
09-02 11:28:38.871 28186 28475 D DpmFrameAnalyzer: analyze: bitmap converted, size=1080x1440, scanRoi=Rect(189, 369 - 891, 1071)
09-02 11:28:38.871 28186 28186 D DpmAnalyzer: analyze: frame=1080x1440, roi=Rect(189, 369 - 891, 1071), focus=FOCUSED, mode=SCAN
09-02 11:28:38.871 28186 28186 D DpmAnalyzer: analyze: THROTTLED by timing gate
09-02 11:28:38.871 28186 28186 D DpmFrameAnalyzer: analyze: result status=THROTTLED, code=null, source=null
09-02 11:28:38.872 28186 28475 D DpmFrameAnalyzer: analyze: frame received, format=35, size=1440x1080, rotation=90
09-02 11:28:38.942 28186 28475 D DpmFrameAnalyzer: analyze: bitmap converted, size=1080x1440, scanRoi=Rect(189, 369 - 891, 1071)
09-02 11:28:38.943 28186 28186 D DpmAnalyzer: analyze: frame=1080x1440, roi=Rect(189, 369 - 891, 1071), focus=FOCUSED, mode=SCAN
09-02 11:28:38.943 28186 28186 D DpmAnalyzer: analyze: starting performMultiStrategyDecode
09-02 11:28:38.943 28186 28186 D DpmAnalyzer: performMultiStrategyDecode: frame=1080x1440, roi=Rect(189, 369 - 891, 1071), strategies=1
09-02 11:28:38.944 28186 28475 D DpmFrameAnalyzer: analyze: frame received, format=35, size=1440x1080, rotation=90
09-02 11:28:38.959 28186 28186 D DpmAnalyzer: Stage1: ROI 702x702 → scaled 400x400
09-02 11:28:38.996 28186 28186 D DpmAnalyzer: Stage1: MISS
09-02 11:28:38.996 28186 28186 D DpmAnalyzer: scanRoi present, skipping full-image stages
09-02 11:28:38.996 28186 28186 D DpmAnalyzer: analyze: decodedCode=null
09-02 11:28:38.996 28186 28186 D DpmFrameAnalyzer: analyze: result status=NO_CODE, code=null, source=null
09-02 11:28:39.018 28186 28475 D DpmFrameAnalyzer: analyze: bitmap converted, size=1080x1440, scanRoi=Rect(189, 369 - 891, 1071)
09-02 11:28:39.018 28186 28186 D DpmAnalyzer: analyze: frame=1080x1440, roi=Rect(189, 369 - 891, 1071), focus=FOCUSED, mode=SCAN
09-02 11:28:39.018 28186 28186 D DpmAnalyzer: analyze: THROTTLED by timing gate
09-02 11:28:39.018 28186 28186 D DpmFrameAnalyzer: analyze: result status=THROTTLED, code=null, source=null
09-02 11:28:39.019 28186 28475 D DpmFrameAnalyzer: analyze: frame received, format=35, size=1440x1080, rotation=90
09-02 11:28:39.099 28186 28475 D DpmFrameAnalyzer: analyze: bitmap converted, size=1080x1440, scanRoi=Rect(189, 369 - 891, 1071)
09-02 11:28:39.100 28186 28186 D DpmAnalyzer: analyze: frame=1080x1440, roi=Rect(189, 369 - 891, 1071), focus=FOCUSED, mode=SCAN
09-02 11:28:39.100 28186 28186 D DpmAnalyzer: analyze: starting performMultiStrategyDecode
09-02 11:28:39.100 28186 28186 D DpmAnalyzer: performMultiStrategyDecode: frame=1080x1440, roi=Rect(189, 369 - 891, 1071), strategies=1
09-02 11:28:39.100 28186 28475 D DpmFrameAnalyzer: analyze: frame received, format=35, size=1440x1080, rotation=90
09-02 11:28:39.110 28186 28186 D DpmAnalyzer: Stage1: ROI 702x702 → scaled 400x400
09-02 11:28:39.173 28186 28186 D DpmAnalyzer: Stage1: MISS
09-02 11:28:39.174 28186 28186 D DpmAnalyzer: scanRoi present, skipping full-image stages
09-02 11:28:39.174 28186 28186 D DpmAnalyzer: analyze: decodedCode=null
09-02 11:28:39.174 28186 28186 D DpmFrameAnalyzer: analyze: result status=NO_CODE, code=null, source=null
09-02 11:28:39.183 28186 28475 D DpmFrameAnalyzer: analyze: bitmap converted, size=1080x1440, scanRoi=Rect(189, 369 - 891, 1071)
09-02 11:28:39.184 28186 28186 D DpmAnalyzer: analyze: frame=1080x1440, roi=Rect(189, 369 - 891, 1071), focus=FOCUSED, mode=SCAN
09-02 11:28:39.184 28186 28186 D DpmAnalyzer: analyze: THROTTLED by timing gate
09-02 11:28:39.184 28186 28186 D DpmFrameAnalyzer: analyze: result status=THROTTLED, code=null, source=null
09-02 11:28:39.186 28186 28475 D DpmFrameAnalyzer: analyze: frame received, format=35, size=1440x1080, rotation=90
09-02 11:28:39.276 28186 28475 D DpmFrameAnalyzer: analyze: bitmap converted, size=1080x1440, scanRoi=Rect(189, 369 - 891, 1071)
09-02 11:28:39.277 28186 28186 D DpmAnalyzer: analyze: frame=1080x1440, roi=Rect(189, 369 - 891, 1071), focus=FOCUSED, mode=SCAN
09-02 11:28:39.277 28186 28186 D DpmAnalyzer: analyze: starting performMultiStrategyDecode
09-02 11:28:39.277 28186 28186 D DpmAnalyzer: performMultiStrategyDecode: frame=1080x1440, roi=Rect(189, 369 - 891, 1071), strategies=1
09-02 11:28:39.278 28186 28475 D DpmFrameAnalyzer: analyze: frame received, format=35, size=1440x1080, rotation=90
09-02 11:28:39.300 28186 28186 D DpmAnalyzer: Stage1: ROI 702x702 → scaled 400x400
09-02 11:28:39.346 28186 28475 D DpmFrameAnalyzer: analyze: bitmap converted, size=1080x1440, scanRoi=Rect(189, 369 - 891, 1071)
09-02 11:28:39.347 28186 28186 D DpmAnalyzer: analyze: frame=1080x1440, roi=Rect(189, 369 - 891, 1071), focus=FOCUSED, mode=SCAN
09-02 11:28:39.347 28186 28186 D DpmAnalyzer: analyze: THROTTLED (already running)
09-02 11:28:39.347 28186 28186 D DpmFrameAnalyzer: analyze: result status=THROTTLED, code=null, source=null
09-02 11:28:39.347 28186 28475 D DpmFrameAnalyzer: analyze: frame received, format=35, size=1440x1080, rotation=90
09-02 11:28:39.351 28186 28186 D DpmAnalyzer: Stage1: MISS
09-02 11:28:39.351 28186 28186 D DpmAnalyzer: scanRoi present, skipping full-image stages
09-02 11:28:39.351 28186 28186 D DpmAnalyzer: analyze: decodedCode=null
09-02 11:28:39.351 28186 28186 D DpmFrameAnalyzer: analyze: result status=NO_CODE, code=null, source=null
09-02 11:28:39.432 28186 28475 D DpmFrameAnalyzer: analyze: bitmap converted, size=1080x1440, scanRoi=Rect(189, 369 - 891, 1071)
09-02 11:28:39.433 28186 28186 D DpmAnalyzer: analyze: frame=1080x1440, roi=Rect(189, 369 - 891, 1071), focus=FOCUSED, mode=SCAN
09-02 11:28:39.433 28186 28186 D DpmAnalyzer: analyze: THROTTLED by timing gate
09-02 11:28:39.433 28186 28186 D DpmFrameAnalyzer: analyze: result status=THROTTLED, code=null, source=null
09-02 11:28:39.434 28186 28475 D DpmFrameAnalyzer: analyze: frame received, format=35, size=1440x1080, rotation=90
09-02 11:28:39.502 28186 28475 D DpmFrameAnalyzer: analyze: bitmap converted, size=1080x1440, scanRoi=Rect(189, 369 - 891, 1071)
09-02 11:28:39.503 28186 28186 D DpmAnalyzer: analyze: frame=1080x1440, roi=Rect(189, 369 - 891, 1071), focus=FOCUSED, mode=SCAN
09-02 11:28:39.503 28186 28186 D DpmAnalyzer: analyze: starting performMultiStrategyDecode
09-02 11:28:39.503 28186 28186 D DpmAnalyzer: performMultiStrategyDecode: frame=1080x1440, roi=Rect(189, 369 - 891, 1071), strategies=1
09-02 11:28:39.503 28186 28475 D DpmFrameAnalyzer: analyze: frame received, format=35, size=1440x1080, rotation=90
09-02 11:28:39.512 28186 28186 D DpmAnalyzer: Stage1: ROI 702x702 → scaled 400x400
09-02 11:28:39.572 28186 28475 D DpmFrameAnalyzer: analyze: bitmap converted, size=1080x1440, scanRoi=Rect(189, 369 - 891, 1071)
09-02 11:28:39.573 28186 28475 D DpmFrameAnalyzer: analyze: frame received, format=35, size=1440x1080, rotation=90
09-02 11:28:39.581 28186 28186 D DpmAnalyzer: Stage1: MISS
09-02 11:28:39.581 28186 28186 D DpmAnalyzer: scanRoi present, skipping full-image stages
09-02 11:28:39.581 28186 28186 D DpmAnalyzer: analyze: decodedCode=null
09-02 11:28:39.581 28186 28186 D DpmFrameAnalyzer: analyze: result status=NO_CODE, code=null, source=null
09-02 11:28:39.583 28186 28186 D DpmAnalyzer: analyze: frame=1080x1440, roi=Rect(189, 369 - 891, 1071), focus=FOCUSED, mode=SCAN
09-02 11:28:39.583 28186 28186 D DpmAnalyzer: analyze: THROTTLED by timing gate
09-02 11:28:39.583 28186 28186 D DpmFrameAnalyzer: analyze: result status=THROTTLED, code=null, source=null
09-02 11:28:39.654 28186 28475 D DpmFrameAnalyzer: analyze: bitmap converted, size=1080x1440, scanRoi=Rect(189, 369 - 891, 1071)
09-02 11:28:39.655 28186 28186 D DpmAnalyzer: analyze: frame=1080x1440, roi=Rect(189, 369 - 891, 1071), focus=FOCUSED, mode=SCAN
09-02 11:28:39.655 28186 28186 D DpmAnalyzer: analyze: THROTTLED by timing gate
09-02 11:28:39.655 28186 28186 D DpmFrameAnalyzer: analyze: result status=THROTTLED, code=null, source=null
09-02 11:28:39.655 28186 28475 D DpmFrameAnalyzer: analyze: frame received, format=35, size=1440x1080, rotation=90
09-02 11:28:39.722 28186 28475 D DpmFrameAnalyzer: analyze: bitmap converted, size=1080x1440, scanRoi=Rect(189, 369 - 891, 1071)
09-02 11:28:39.723 28186 28186 D DpmAnalyzer: analyze: frame=1080x1440, roi=Rect(189, 369 - 891, 1071), focus=FOCUSED, mode=SCAN
09-02 11:28:39.723 28186 28186 D DpmAnalyzer: analyze: starting performMultiStrategyDecode
09-02 11:28:39.723 28186 28186 D DpmAnalyzer: performMultiStrategyDecode: frame=1080x1440, roi=Rect(189, 369 - 891, 1071), strategies=1
09-02 11:28:39.724 28186 28475 D DpmFrameAnalyzer: analyze: frame received, format=35, size=1440x1080, rotation=90
09-02 11:28:39.732 28186 28186 D DpmAnalyzer: Stage1: ROI 702x702 → scaled 400x400
09-02 11:28:39.770 28186 28186 D DpmAnalyzer: Stage1: MISS
09-02 11:28:39.770 28186 28186 D DpmAnalyzer: scanRoi present, skipping full-image stages
09-02 11:28:39.770 28186 28186 D DpmAnalyzer: analyze: decodedCode=null
09-02 11:28:39.771 28186 28186 D DpmFrameAnalyzer: analyze: result status=NO_CODE, code=null, source=null
09-02 11:28:39.794 28186 28475 D DpmFrameAnalyzer: analyze: bitmap converted, size=1080x1440, scanRoi=Rect(189, 369 - 891, 1071)
09-02 11:28:39.795 28186 28186 D DpmAnalyzer: analyze: frame=1080x1440, roi=Rect(189, 369 - 891, 1071), focus=FOCUSED, mode=SCAN
09-02 11:28:39.795 28186 28186 D DpmAnalyzer: analyze: THROTTLED by timing gate
09-02 11:28:39.795 28186 28186 D DpmFrameAnalyzer: analyze: result status=THROTTLED, code=null, source=null
09-02 11:28:39.795 28186 28475 D DpmFrameAnalyzer: analyze: frame received, format=35, size=1440x1080, rotation=90
09-02 11:28:39.875 28186 28475 D DpmFrameAnalyzer: analyze: bitmap converted, size=1080x1440, scanRoi=Rect(189, 369 - 891, 1071)
09-02 11:28:39.875 28186 28186 D DpmAnalyzer: analyze: frame=1080x1440, roi=Rect(189, 369 - 891, 1071), focus=FOCUSED, mode=SCAN
09-02 11:28:39.875 28186 28186 D DpmAnalyzer: analyze: starting performMultiStrategyDecode
09-02 11:28:39.875 28186 28186 D DpmAnalyzer: performMultiStrategyDecode: frame=1080x1440, roi=Rect(189, 369 - 891, 1071), strategies=1
09-02 11:28:39.877 28186 28475 D DpmFrameAnalyzer: analyze: frame received, format=35, size=1440x1080, rotation=90
09-02 11:28:39.899 28186 28186 D DpmAnalyzer: Stage1: ROI 702x702 → scaled 400x400
09-02 11:28:39.946 28186 28475 D DpmFrameAnalyzer: analyze: bitmap converted, size=1080x1440, scanRoi=Rect(189, 369 - 891, 1071)
09-02 11:28:39.947 28186 28475 D DpmFrameAnalyzer: analyze: frame received, format=35, size=1440x1080, rotation=90
09-02 11:28:39.949 28186 28186 D DpmAnalyzer: analyze: frame=1080x1440, roi=Rect(189, 369 - 891, 1071), focus=FOCUSED, mode=SCAN
09-02 11:28:39.949 28186 28186 D DpmAnalyzer: analyze: THROTTLED (already running)
09-02 11:28:39.949 28186 28186 D DpmFrameAnalyzer: analyze: result status=THROTTLED, code=null, source=null
09-02 11:28:39.964 28186 28186 D DpmAnalyzer: Stage1: MISS
09-02 11:28:39.964 28186 28186 D DpmAnalyzer: scanRoi present, skipping full-image stages
09-02 11:28:39.964 28186 28186 D DpmAnalyzer: analyze: decodedCode=null
09-02 11:28:39.964 28186 28186 D DpmFrameAnalyzer: analyze: result status=NO_CODE, code=null, source=null
09-02 11:28:40.041 28186 28475 D DpmFrameAnalyzer: analyze: bitmap converted, size=1080x1440, scanRoi=Rect(189, 369 - 891, 1071)
09-02 11:28:40.042 28186 28186 D DpmAnalyzer: analyze: frame=1080x1440, roi=Rect(189, 369 - 891, 1071), focus=FOCUSED, mode=SCAN
09-02 11:28:40.042 28186 28186 D DpmAnalyzer: analyze: THROTTLED by timing gate
09-02 11:28:40.042 28186 28186 D DpmFrameAnalyzer: analyze: result status=THROTTLED, code=null, source=null
09-02 11:28:40.043 28186 28475 D DpmFrameAnalyzer: analyze: frame received, format=35, size=1440x1080, rotation=90
09-02 11:28:40.124 28186 28475 D DpmFrameAnalyzer: analyze: bitmap converted, size=1080x1440, scanRoi=Rect(189, 369 - 891, 1071)
09-02 11:28:40.125 28186 28186 D DpmAnalyzer: analyze: frame=1080x1440, roi=Rect(189, 369 - 891, 1071), focus=FOCUSED, mode=SCAN
09-02 11:28:40.125 28186 28186 D DpmAnalyzer: analyze: starting performMultiStrategyDecode
09-02 11:28:40.125 28186 28186 D DpmAnalyzer: performMultiStrategyDecode: frame=1080x1440, roi=Rect(189, 369 - 891, 1071), strategies=1
09-02 11:28:40.126 28186 28475 D DpmFrameAnalyzer: analyze: frame received, format=35, size=1440x1080, rotation=90
09-02 11:28:40.139 28186 28186 D DpmAnalyzer: Stage1: ROI 702x702 → scaled 400x400
09-02 11:28:40.195 28186 28475 D DpmFrameAnalyzer: analyze: bitmap converted, size=1080x1440, scanRoi=Rect(189, 369 - 891, 1071)
09-02 11:28:40.196 28186 28186 D DpmAnalyzer: analyze: frame=1080x1440, roi=Rect(189, 369 - 891, 1071), focus=FOCUSED, mode=SCAN
09-02 11:28:40.196 28186 28186 D DpmAnalyzer: analyze: THROTTLED (already running)
09-02 11:28:40.196 28186 28186 D DpmFrameAnalyzer: analyze: result status=THROTTLED, code=null, source=null
09-02 11:28:40.196 28186 28475 D DpmFrameAnalyzer: analyze: frame received, format=35, size=1440x1080, rotation=90
09-02 11:28:40.198 28186 28186 D DpmAnalyzer: Stage1: MISS
09-02 11:28:40.198 28186 28186 D DpmAnalyzer: scanRoi present, skipping full-image stages
09-02 11:28:40.198 28186 28186 D DpmAnalyzer: analyze: decodedCode=null
09-02 11:28:40.198 28186 28186 D DpmFrameAnalyzer: analyze: result status=NO_CODE, code=null, source=null
09-02 11:28:40.281 28186 28475 D DpmFrameAnalyzer: analyze: bitmap converted, size=1080x1440, scanRoi=Rect(189, 369 - 891, 1071)
09-02 11:28:40.282 28186 28186 D DpmAnalyzer: analyze: frame=1080x1440, roi=Rect(189, 369 - 891, 1071), focus=FOCUSED, mode=SCAN
09-02 11:28:40.282 28186 28186 D DpmAnalyzer: analyze: THROTTLED by timing gate
09-02 11:28:40.282 28186 28186 D DpmFrameAnalyzer: analyze: result status=THROTTLED, code=null, source=null
09-02 11:28:40.282 28186 28475 D DpmFrameAnalyzer: analyze: frame received, format=35, size=1440x1080, rotation=90
09-02 11:28:40.351 28186 28475 D DpmFrameAnalyzer: analyze: bitmap converted, size=1080x1440, scanRoi=Rect(189, 369 - 891, 1071)
09-02 11:28:40.352 28186 28186 D DpmAnalyzer: analyze: frame=1080x1440, roi=Rect(189, 369 - 891, 1071), focus=FOCUSED, mode=SCAN
09-02 11:28:40.352 28186 28186 D DpmAnalyzer: analyze: starting performMultiStrategyDecode
09-02 11:28:40.352 28186 28186 D DpmAnalyzer: performMultiStrategyDecode: frame=1080x1440, roi=Rect(189, 369 - 891, 1071), strategies=1
09-02 11:28:40.352 28186 28475 D DpmFrameAnalyzer: analyze: frame received, format=35, size=1440x1080, rotation=90
09-02 11:28:40.374 28186 28186 D DpmAnalyzer: Stage1: ROI 702x702 → scaled 400x400
09-02 11:28:40.419 28186 28475 D DpmFrameAnalyzer: analyze: bitmap converted, size=1080x1440, scanRoi=Rect(189, 369 - 891, 1071)
09-02 11:28:40.420 28186 28186 D DpmAnalyzer: analyze: frame=1080x1440, roi=Rect(189, 369 - 891, 1071), focus=FOCUSED, mode=SCAN
09-02 11:28:40.420 28186 28186 D DpmAnalyzer: analyze: THROTTLED (already running)
09-02 11:28:40.420 28186 28186 D DpmFrameAnalyzer: analyze: result status=THROTTLED, code=null, source=null
09-02 11:28:40.422 28186 28475 D DpmFrameAnalyzer: analyze: frame received, format=35, size=1440x1080, rotation=90
09-02 11:28:40.444 28186 28186 D DpmAnalyzer: Stage1: MISS
09-02 11:28:40.444 28186 28186 D DpmAnalyzer: scanRoi present, skipping full-image stages
09-02 11:28:40.444 28186 28186 D DpmAnalyzer: analyze: decodedCode=null
09-02 11:28:40.444 28186 28186 D DpmFrameAnalyzer: analyze: result status=NO_CODE, code=null, source=null
09-02 11:28:40.511 28186 28475 D DpmFrameAnalyzer: analyze: bitmap converted, size=1080x1440, scanRoi=Rect(189, 369 - 891, 1071)
09-02 11:28:40.512 28186 28186 D DpmAnalyzer: analyze: frame=1080x1440, roi=Rect(189, 369 - 891, 1071), focus=FOCUSED, mode=SCAN
09-02 11:28:40.512 28186 28186 D DpmAnalyzer: analyze: THROTTLED by timing gate
09-02 11:28:40.512 28186 28186 D DpmFrameAnalyzer: analyze: result status=THROTTLED, code=null, source=null
09-02 11:28:40.513 28186 28475 D DpmFrameAnalyzer: analyze: frame received, format=35, size=1440x1080, rotation=90
09-02 11:28:40.584 28186 28475 D DpmFrameAnalyzer: analyze: bitmap converted, size=1080x1440, scanRoi=Rect(189, 369 - 891, 1071)
09-02 11:28:40.585 28186 28186 D DpmAnalyzer: analyze: frame=1080x1440, roi=Rect(189, 369 - 891, 1071), focus=FOCUSED, mode=SCAN
09-02 11:28:40.585 28186 28186 D DpmAnalyzer: analyze: starting performMultiStrategyDecode
09-02 11:28:40.585 28186 28186 D DpmAnalyzer: performMultiStrategyDecode: frame=1080x1440, roi=Rect(189, 369 - 891, 1071), strategies=1
09-02 11:28:40.586 28186 28475 D DpmFrameAnalyzer: analyze: frame received, format=35, size=1440x1080, rotation=90
09-02 11:28:40.595 28186 28186 D DpmAnalyzer: Stage1: ROI 702x702 → scaled 400x400
09-02 11:28:40.637 28186 28186 D DpmAnalyzer: Stage1: MISS
09-02 11:28:40.637 28186 28186 D DpmAnalyzer: scanRoi present, skipping full-image stages
09-02 11:28:40.637 28186 28186 D DpmAnalyzer: analyze: decodedCode=null
09-02 11:28:40.637 28186 28186 D DpmFrameAnalyzer: analyze: result status=NO_CODE, code=null, source=null
09-02 11:28:40.650 28186 28475 D DpmFrameAnalyzer: analyze: bitmap converted, size=1080x1440, scanRoi=Rect(189, 369 - 891, 1071)
09-02 11:28:40.651 28186 28186 D DpmAnalyzer: analyze: frame=1080x1440, roi=Rect(189, 369 - 891, 1071), focus=FOCUSED, mode=SCAN
09-02 11:28:40.651 28186 28186 D DpmAnalyzer: analyze: THROTTLED by timing gate
09-02 11:28:40.651 28186 28186 D DpmFrameAnalyzer: analyze: result status=THROTTLED, code=null, source=null
09-02 11:28:40.652 28186 28475 D DpmFrameAnalyzer: analyze: frame received, format=35, size=1440x1080, rotation=90
09-02 11:28:40.718 28186 28475 D DpmFrameAnalyzer: analyze: bitmap converted, size=1080x1440, scanRoi=Rect(189, 369 - 891, 1071)
09-02 11:28:40.719 28186 28186 D DpmAnalyzer: analyze: frame=1080x1440, roi=Rect(189, 369 - 891, 1071), focus=FOCUSED, mode=SCAN
09-02 11:28:40.719 28186 28186 D DpmAnalyzer: analyze: THROTTLED by timing gate
09-02 11:28:40.719 28186 28186 D DpmFrameAnalyzer: analyze: result status=THROTTLED, code=null, source=null
09-02 11:28:40.719 28186 28475 D DpmFrameAnalyzer: analyze: frame received, format=35, size=1440x1080, rotation=90
09-02 11:28:40.786 28186 28475 D DpmFrameAnalyzer: analyze: bitmap converted, size=1080x1440, scanRoi=Rect(189, 369 - 891, 1071)
09-02 11:28:40.786 28186 28186 D DpmAnalyzer: analyze: frame=1080x1440, roi=Rect(189, 369 - 891, 1071), focus=FOCUSED, mode=SCAN
09-02 11:28:40.786 28186 28186 D DpmAnalyzer: analyze: starting performMultiStrategyDecode
09-02 11:28:40.786 28186 28186 D DpmAnalyzer: performMultiStrategyDecode: frame=1080x1440, roi=Rect(189, 369 - 891, 1071), strategies=1
09-02 11:28:40.787 28186 28475 D DpmFrameAnalyzer: analyze: frame received, format=35, size=1440x1080, rotation=90
09-02 11:28:40.796 28186 28186 D DpmAnalyzer: Stage1: ROI 702x702 → scaled 400x400
09-02 11:28:40.865 28186 28475 D DpmFrameAnalyzer: analyze: bitmap converted, size=1080x1440, scanRoi=Rect(189, 369 - 891, 1071)
09-02 11:28:40.866 28186 28186 D DpmAnalyzer: Stage1: MISS
09-02 11:28:40.866 28186 28186 D DpmAnalyzer: scanRoi present, skipping full-image stages
09-02 11:28:40.866 28186 28186 D DpmAnalyzer: analyze: decodedCode=null
09-02 11:28:40.866 28186 28186 D DpmFrameAnalyzer: analyze: result status=NO_CODE, code=null, source=null
09-02 11:28:40.867 28186 28475 D DpmFrameAnalyzer: analyze: frame received, format=35, size=1440x1080, rotation=90
09-02 11:28:40.868 28186 28186 D DpmAnalyzer: analyze: frame=1080x1440, roi=Rect(189, 369 - 891, 1071), focus=FOCUSED, mode=SCAN
09-02 11:28:40.868 28186 28186 D DpmAnalyzer: analyze: THROTTLED by timing gate
09-02 11:28:40.868 28186 28186 D DpmFrameAnalyzer: analyze: result status=THROTTLED, code=null, source=null
09-02 11:28:40.955 28186 28475 D DpmFrameAnalyzer: analyze: bitmap converted, size=1080x1440, scanRoi=Rect(189, 369 - 891, 1071)
09-02 11:28:40.956 28186 28186 D DpmAnalyzer: analyze: frame=1080x1440, roi=Rect(189, 369 - 891, 1071), focus=FOCUSED, mode=SCAN
09-02 11:28:40.956 28186 28186 D DpmAnalyzer: analyze: THROTTLED by timing gate
09-02 11:28:40.956 28186 28186 D DpmFrameAnalyzer: analyze: result status=THROTTLED, code=null, source=null
09-02 11:28:40.956 28186 28475 D DpmFrameAnalyzer: analyze: frame received, format=35, size=1440x1080, rotation=90
09-02 11:28:41.049 28186 28475 D DpmFrameAnalyzer: analyze: bitmap converted, size=1080x1440, scanRoi=Rect(189, 369 - 891, 1071)
09-02 11:28:41.050 28186 28186 D DpmAnalyzer: analyze: frame=1080x1440, roi=Rect(189, 369 - 891, 1071), focus=FOCUSED, mode=SCAN
09-02 11:28:41.050 28186 28186 D DpmAnalyzer: analyze: starting performMultiStrategyDecode
09-02 11:28:41.050 28186 28186 D DpmAnalyzer: performMultiStrategyDecode: frame=1080x1440, roi=Rect(189, 369 - 891, 1071), strategies=1
09-02 11:28:41.050 28186 28475 D DpmFrameAnalyzer: analyze: frame received, format=35, size=1440x1080, rotation=90
09-02 11:28:41.059 28186 28186 D DpmAnalyzer: Stage1: ROI 702x702 → scaled 400x400
09-02 11:28:41.129 28186 28186 D DpmAnalyzer: Stage1: MISS
09-02 11:28:41.129 28186 28186 D DpmAnalyzer: scanRoi present, skipping full-image stages
09-02 11:28:41.129 28186 28186 D DpmAnalyzer: analyze: decodedCode=null
09-02 11:28:41.129 28186 28186 D DpmFrameAnalyzer: analyze: result status=NO_CODE, code=null, source=null
09-02 11:28:41.141 28186 28475 D DpmFrameAnalyzer: analyze: bitmap converted, size=1080x1440, scanRoi=Rect(189, 369 - 891, 1071)
09-02 11:28:41.142 28186 28186 D DpmAnalyzer: analyze: frame=1080x1440, roi=Rect(189, 369 - 891, 1071), focus=FOCUSED, mode=SCAN
09-02 11:28:41.142 28186 28186 D DpmAnalyzer: analyze: THROTTLED by timing gate
09-02 11:28:41.142 28186 28186 D DpmFrameAnalyzer: analyze: result status=THROTTLED, code=null, source=null
09-02 11:28:41.144 28186 28475 D DpmFrameAnalyzer: analyze: frame received, format=35, size=1440x1080, rotation=90
09-02 11:28:41.228 28186 28475 D DpmFrameAnalyzer: analyze: bitmap converted, size=1080x1440, scanRoi=Rect(189, 369 - 891, 1071)
09-02 11:28:41.229 28186 28186 D DpmAnalyzer: analyze: frame=1080x1440, roi=Rect(189, 369 - 891, 1071), focus=FOCUSED, mode=SCAN
09-02 11:28:41.229 28186 28186 D DpmAnalyzer: analyze: starting performMultiStrategyDecode
09-02 11:28:41.229 28186 28186 D DpmAnalyzer: performMultiStrategyDecode: frame=1080x1440, roi=Rect(189, 369 - 891, 1071), strategies=1
09-02 11:28:41.229 28186 28475 D DpmFrameAnalyzer: analyze: frame received, format=35, size=1440x1080, rotation=90
09-02 11:28:41.251 28186 28186 D DpmAnalyzer: Stage1: ROI 702x702 → scaled 400x400
09-02 11:28:41.296 28186 28475 D DpmFrameAnalyzer: analyze: bitmap converted, size=1080x1440, scanRoi=Rect(189, 369 - 891, 1071)
09-02 11:28:41.297 28186 28475 D DpmFrameAnalyzer: analyze: frame received, format=35, size=1440x1080, rotation=90
09-02 11:28:41.299 28186 28186 D DpmAnalyzer: analyze: frame=1080x1440, roi=Rect(189, 369 - 891, 1071), focus=FOCUSED, mode=SCAN
09-02 11:28:41.299 28186 28186 D DpmAnalyzer: analyze: THROTTLED (already running)
09-02 11:28:41.299 28186 28186 D DpmFrameAnalyzer: analyze: result status=THROTTLED, code=null, source=null
09-02 11:28:41.339 28186 28186 D DpmAnalyzer: Stage1: MISS
09-02 11:28:41.339 28186 28186 D DpmAnalyzer: scanRoi present, skipping full-image stages
09-02 11:28:41.339 28186 28186 D DpmAnalyzer: analyze: decodedCode=null
09-02 11:28:41.339 28186 28186 D DpmFrameAnalyzer: analyze: result status=NO_CODE, code=null, source=null
09-02 11:28:41.385 28186 28475 D DpmFrameAnalyzer: analyze: bitmap converted, size=1080x1440, scanRoi=Rect(189, 369 - 891, 1071)
09-02 11:28:41.385 28186 28186 D DpmAnalyzer: analyze: frame=1080x1440, roi=Rect(189, 369 - 891, 1071), focus=FOCUSED, mode=SCAN
09-02 11:28:41.385 28186 28186 D DpmAnalyzer: analyze: THROTTLED by timing gate
09-02 11:28:41.385 28186 28186 D DpmFrameAnalyzer: analyze: result status=THROTTLED, code=null, source=null
09-02 11:28:41.386 28186 28475 D DpmFrameAnalyzer: analyze: frame received, format=35, size=1440x1080, rotation=90
09-02 11:28:41.465 28186 28475 D DpmFrameAnalyzer: analyze: bitmap converted, size=1080x1440, scanRoi=Rect(189, 369 - 891, 1071)
09-02 11:28:41.465 28186 28186 D DpmAnalyzer: analyze: frame=1080x1440, roi=Rect(189, 369 - 891, 1071), focus=FOCUSED, mode=SCAN
09-02 11:28:41.465 28186 28186 D DpmAnalyzer: analyze: starting performMultiStrategyDecode
09-02 11:28:41.465 28186 28186 D DpmAnalyzer: performMultiStrategyDecode: frame=1080x1440, roi=Rect(189, 369 - 891, 1071), strategies=1
09-02 11:28:41.466 28186 28475 D DpmFrameAnalyzer: analyze: frame received, format=35, size=1440x1080, rotation=90
09-02 11:28:41.475 28186 28186 D DpmAnalyzer: Stage1: ROI 702x702 → scaled 400x400
09-02 11:28:41.513 28186 28186 D DpmAnalyzer: Stage1: MISS
09-02 11:28:41.513 28186 28186 D DpmAnalyzer: scanRoi present, skipping full-image stages
09-02 11:28:41.513 28186 28186 D DpmAnalyzer: analyze: decodedCode=null
09-02 11:28:41.513 28186 28186 D DpmFrameAnalyzer: analyze: result status=NO_CODE, code=null, source=null
09-02 11:28:41.534 28186 28475 D DpmFrameAnalyzer: analyze: bitmap converted, size=1080x1440, scanRoi=Rect(189, 369 - 891, 1071)
09-02 11:28:41.534 28186 28186 D DpmAnalyzer: analyze: frame=1080x1440, roi=Rect(189, 369 - 891, 1071), focus=FOCUSED, mode=SCAN
09-02 11:28:41.534 28186 28186 D DpmAnalyzer: analyze: THROTTLED by timing gate
09-02 11:28:41.534 28186 28186 D DpmFrameAnalyzer: analyze: result status=THROTTLED, code=null, source=null
09-02 11:28:41.535 28186 28475 D DpmFrameAnalyzer: analyze: frame received, format=35, size=1440x1080, rotation=90
09-02 11:28:41.614 28186 28475 D DpmFrameAnalyzer: analyze: bitmap converted, size=1080x1440, scanRoi=Rect(189, 369 - 891, 1071)
09-02 11:28:41.615 28186 28186 D DpmAnalyzer: analyze: frame=1080x1440, roi=Rect(189, 369 - 891, 1071), focus=FOCUSED, mode=SCAN
09-02 11:28:41.615 28186 28186 D DpmAnalyzer: analyze: starting performMultiStrategyDecode
09-02 11:28:41.615 28186 28186 D DpmAnalyzer: performMultiStrategyDecode: frame=1080x1440, roi=Rect(189, 369 - 891, 1071), strategies=1
09-02 11:28:41.616 28186 28475 D DpmFrameAnalyzer: analyze: frame received, format=35, size=1440x1080, rotation=90
09-02 11:28:41.625 28186 28186 D DpmAnalyzer: Stage1: ROI 702x702 → scaled 400x400
09-02 11:28:41.689 28186 28475 D DpmFrameAnalyzer: analyze: bitmap converted, size=1080x1440, scanRoi=Rect(189, 369 - 891, 1071)
09-02 11:28:41.690 28186 28186 D DpmAnalyzer: analyze: frame=1080x1440, roi=Rect(189, 369 - 891, 1071), focus=FOCUSED, mode=SCAN
09-02 11:28:41.690 28186 28186 D DpmAnalyzer: analyze: THROTTLED (already running)
09-02 11:28:41.690 28186 28186 D DpmFrameAnalyzer: analyze: result status=THROTTLED, code=null, source=null
09-02 11:28:41.690 28186 28475 D DpmFrameAnalyzer: analyze: frame received, format=35, size=1440x1080, rotation=90
09-02 11:28:41.692 28186 28186 D DpmAnalyzer: Stage1: MISS
09-02 11:28:41.692 28186 28186 D DpmAnalyzer: scanRoi present, skipping full-image stages
09-02 11:28:41.692 28186 28186 D DpmAnalyzer: analyze: decodedCode=null
09-02 11:28:41.692 28186 28186 D DpmFrameAnalyzer: analyze: result status=NO_CODE, code=null, source=null
09-02 11:28:41.779 28186 28475 D DpmFrameAnalyzer: analyze: bitmap converted, size=1080x1440, scanRoi=Rect(189, 369 - 891, 1071)
09-02 11:28:41.780 28186 28186 D DpmAnalyzer: analyze: frame=1080x1440, roi=Rect(189, 369 - 891, 1071), focus=FOCUSED, mode=SCAN
09-02 11:28:41.780 28186 28186 D DpmAnalyzer: analyze: THROTTLED by timing gate
09-02 11:28:41.780 28186 28186 D DpmFrameAnalyzer: analyze: result status=THROTTLED, code=null, source=null
09-02 11:28:41.780 28186 28475 D DpmFrameAnalyzer: analyze: frame received, format=35, size=1440x1080, rotation=90
09-02 11:28:41.854 28186 28475 D DpmFrameAnalyzer: analyze: bitmap converted, size=1080x1440, scanRoi=Rect(189, 369 - 891, 1071)
09-02 11:28:41.854 28186 28186 D DpmAnalyzer: analyze: frame=1080x1440, roi=Rect(189, 369 - 891, 1071), focus=FOCUSED, mode=SCAN
09-02 11:28:41.854 28186 28186 D DpmAnalyzer: analyze: starting performMultiStrategyDecode
09-02 11:28:41.854 28186 28186 D DpmAnalyzer: performMultiStrategyDecode: frame=1080x1440, roi=Rect(189, 369 - 891, 1071), strategies=1
09-02 11:28:41.855 28186 28475 D DpmFrameAnalyzer: analyze: frame received, format=35, size=1440x1080, rotation=90
09-02 11:28:41.875 28186 28186 D DpmAnalyzer: Stage1: ROI 702x702 → scaled 400x400
09-02 11:28:41.921 28186 28475 D DpmFrameAnalyzer: analyze: bitmap converted, size=1080x1440, scanRoi=Rect(189, 369 - 891, 1071)
09-02 11:28:41.922 28186 28475 D DpmFrameAnalyzer: analyze: frame received, format=35, size=1440x1080, rotation=90
09-02 11:28:41.922 28186 28186 D DpmAnalyzer: analyze: frame=1080x1440, roi=Rect(189, 369 - 891, 1071), focus=FOCUSED, mode=SCAN
09-02 11:28:41.922 28186 28186 D DpmAnalyzer: analyze: THROTTLED (already running)
09-02 11:28:41.922 28186 28186 D DpmFrameAnalyzer: analyze: result status=THROTTLED, code=null, source=null
09-02 11:28:41.933 28186 28186 D DpmAnalyzer: Stage1: MISS
09-02 11:28:41.933 28186 28186 D DpmAnalyzer: scanRoi present, skipping full-image stages
09-02 11:28:41.934 28186 28186 D DpmAnalyzer: analyze: decodedCode=null
09-02 11:28:41.934 28186 28186 D DpmFrameAnalyzer: analyze: result status=NO_CODE, code=null, source=null
09-02 11:28:42.004 28186 28475 D DpmFrameAnalyzer: analyze: bitmap converted, size=1080x1440, scanRoi=Rect(189, 369 - 891, 1071)
09-02 11:28:42.005 28186 28186 D DpmAnalyzer: analyze: frame=1080x1440, roi=Rect(189, 369 - 891, 1071), focus=FOCUSED, mode=SCAN
09-02 11:28:42.005 28186 28186 D DpmAnalyzer: analyze: THROTTLED by timing gate
09-02 11:28:42.005 28186 28186 D DpmFrameAnalyzer: analyze: result status=THROTTLED, code=null, source=null
09-02 11:28:42.005 28186 28475 D DpmFrameAnalyzer: analyze: frame received, format=35, size=1440x1080, rotation=90
09-02 11:28:42.072 28186 28475 D DpmFrameAnalyzer: analyze: bitmap converted, size=1080x1440, scanRoi=Rect(189, 369 - 891, 1071)
09-02 11:28:42.072 28186 28186 D DpmAnalyzer: analyze: frame=1080x1440, roi=Rect(189, 369 - 891, 1071), focus=FOCUSED, mode=SCAN
09-02 11:28:42.072 28186 28186 D DpmAnalyzer: analyze: starting performMultiStrategyDecode
09-02 11:28:42.072 28186 28186 D DpmAnalyzer: performMultiStrategyDecode: frame=1080x1440, roi=Rect(189, 369 - 891, 1071), strategies=1
09-02 11:28:42.073 28186 28475 D DpmFrameAnalyzer: analyze: frame received, format=35, size=1440x1080, rotation=90
09-02 11:28:42.082 28186 28186 D DpmAnalyzer: Stage1: ROI 702x702 → scaled 400x400
09-02 11:28:42.143 28186 28475 D DpmFrameAnalyzer: analyze: bitmap converted, size=1080x1440, scanRoi=Rect(189, 369 - 891, 1071)
09-02 11:28:42.144 28186 28475 D DpmFrameAnalyzer: analyze: frame received, format=35, size=1440x1080, rotation=90
09-02 11:28:42.151 28186 28186 D DpmAnalyzer: Stage1: MISS
09-02 11:28:42.151 28186 28186 D DpmAnalyzer: scanRoi present, skipping full-image stages
09-02 11:28:42.151 28186 28186 D DpmAnalyzer: analyze: decodedCode=null
09-02 11:28:42.152 28186 28186 D DpmFrameAnalyzer: analyze: result status=NO_CODE, code=null, source=null
09-02 11:28:42.153 28186 28186 D DpmAnalyzer: analyze: frame=1080x1440, roi=Rect(189, 369 - 891, 1071), focus=FOCUSED, mode=SCAN
09-02 11:28:42.153 28186 28186 D DpmAnalyzer: analyze: THROTTLED by timing gate
09-02 11:28:42.153 28186 28186 D DpmFrameAnalyzer: analyze: result status=THROTTLED, code=null, source=null
09-02 11:28:42.228 28186 28475 D DpmFrameAnalyzer: analyze: bitmap converted, size=1080x1440, scanRoi=Rect(189, 369 - 891, 1071)
09-02 11:28:42.228 28186 28186 D DpmAnalyzer: analyze: frame=1080x1440, roi=Rect(189, 369 - 891, 1071), focus=FOCUSED, mode=SCAN
09-02 11:28:42.228 28186 28186 D DpmAnalyzer: analyze: THROTTLED by timing gate
09-02 11:28:42.229 28186 28186 D DpmFrameAnalyzer: analyze: result status=THROTTLED, code=null, source=null
09-02 11:28:42.229 28186 28475 D DpmFrameAnalyzer: analyze: frame received, format=35, size=1440x1080, rotation=90
09-02 11:28:42.295 28186 28475 D DpmFrameAnalyzer: analyze: bitmap converted, size=1080x1440, scanRoi=Rect(189, 369 - 891, 1071)
09-02 11:28:42.296 28186 28186 D DpmAnalyzer: analyze: frame=1080x1440, roi=Rect(189, 369 - 891, 1071), focus=FOCUSED, mode=SCAN
09-02 11:28:42.296 28186 28186 D DpmAnalyzer: analyze: starting performMultiStrategyDecode
09-02 11:28:42.296 28186 28186 D DpmAnalyzer: performMultiStrategyDecode: frame=1080x1440, roi=Rect(189, 369 - 891, 1071), strategies=1
09-02 11:28:42.297 28186 28475 D DpmFrameAnalyzer: analyze: frame received, format=35, size=1440x1080, rotation=90
09-02 11:28:42.306 28186 28186 D DpmAnalyzer: Stage1: ROI 702x702 → scaled 400x400
09-02 11:28:42.340 28186 28186 D DpmAnalyzer: Stage1: MISS
09-02 11:28:42.340 28186 28186 D DpmAnalyzer: scanRoi present, skipping full-image stages
09-02 11:28:42.340 28186 28186 D DpmAnalyzer: analyze: decodedCode=null
09-02 11:28:42.341 28186 28186 D DpmFrameAnalyzer: analyze: result status=NO_CODE, code=null, source=null
09-02 11:28:42.375 28186 28475 D DpmFrameAnalyzer: analyze: bitmap converted, size=1080x1440, scanRoi=Rect(189, 369 - 891, 1071)
09-02 11:28:42.376 28186 28186 D DpmAnalyzer: analyze: frame=1080x1440, roi=Rect(189, 369 - 891, 1071), focus=FOCUSED, mode=SCAN
09-02 11:28:42.376 28186 28186 D DpmAnalyzer: analyze: THROTTLED by timing gate
09-02 11:28:42.376 28186 28186 D DpmFrameAnalyzer: analyze: result status=THROTTLED, code=null, source=null
09-02 11:28:42.376 28186 28475 D DpmFrameAnalyzer: analyze: frame received, format=35, size=1440x1080, rotation=90
09-02 11:28:42.459 28186 28475 D DpmFrameAnalyzer: analyze: bitmap converted, size=1080x1440, scanRoi=Rect(189, 369 - 891, 1071)
09-02 11:28:42.460 28186 28186 D DpmAnalyzer: analyze: frame=1080x1440, roi=Rect(189, 369 - 891, 1071), focus=FOCUSED, mode=SCAN
09-02 11:28:42.460 28186 28186 D DpmAnalyzer: analyze: starting performMultiStrategyDecode
09-02 11:28:42.460 28186 28186 D DpmAnalyzer: performMultiStrategyDecode: frame=1080x1440, roi=Rect(189, 369 - 891, 1071), strategies=1
09-02 11:28:42.460 28186 28475 D DpmFrameAnalyzer: analyze: frame received, format=35, size=1440x1080, rotation=90
09-02 11:28:42.472 28186 28186 D DpmAnalyzer: Stage1: ROI 702x702 → scaled 400x400
09-02 11:28:42.535 28186 28186 D DpmAnalyzer: Stage1: MISS
09-02 11:28:42.535 28186 28186 D DpmAnalyzer: scanRoi present, skipping full-image stages
09-02 11:28:42.535 28186 28186 D DpmAnalyzer: analyze: decodedCode=null
09-02 11:28:42.535 28186 28186 D DpmFrameAnalyzer: analyze: result status=NO_CODE, code=null, source=null
09-02 11:28:42.539 28186 28475 D DpmFrameAnalyzer: analyze: bitmap converted, size=1080x1440, scanRoi=Rect(189, 369 - 891, 1071)
09-02 11:28:42.539 28186 28186 D DpmAnalyzer: analyze: frame=1080x1440, roi=Rect(189, 369 - 891, 1071), focus=FOCUSED, mode=SCAN
09-02 11:28:42.539 28186 28186 D DpmAnalyzer: analyze: THROTTLED by timing gate
09-02 11:28:42.539 28186 28186 D DpmFrameAnalyzer: analyze: result status=THROTTLED, code=null, source=null
09-02 11:28:42.540 28186 28475 D DpmFrameAnalyzer: analyze: frame received, format=35, size=1440x1080, rotation=90
09-02 11:28:42.629 28186 28475 D DpmFrameAnalyzer: analyze: bitmap converted, size=1080x1440, scanRoi=Rect(189, 369 - 891, 1071)
09-02 11:28:42.630 28186 28186 D DpmAnalyzer: analyze: frame=1080x1440, roi=Rect(189, 369 - 891, 1071), focus=FOCUSED, mode=SCAN
09-02 11:28:42.630 28186 28186 D DpmAnalyzer: analyze: THROTTLED by timing gate
09-02 11:28:42.630 28186 28186 D DpmFrameAnalyzer: analyze: result status=THROTTLED, code=null, source=null
09-02 11:28:42.631 28186 28475 D DpmFrameAnalyzer: analyze: frame received, format=35, size=1440x1080, rotation=90
09-02 11:28:42.704 28186 28475 D DpmFrameAnalyzer: analyze: bitmap converted, size=1080x1440, scanRoi=Rect(189, 369 - 891, 1071)
09-02 11:28:42.705 28186 28186 D DpmAnalyzer: analyze: frame=1080x1440, roi=Rect(189, 369 - 891, 1071), focus=FOCUSED, mode=SCAN
09-02 11:28:42.705 28186 28186 D DpmAnalyzer: analyze: starting performMultiStrategyDecode
09-02 11:28:42.705 28186 28186 D DpmAnalyzer: performMultiStrategyDecode: frame=1080x1440, roi=Rect(189, 369 - 891, 1071), strategies=1
09-02 11:28:42.705 28186 28475 D DpmFrameAnalyzer: analyze: frame received, format=35, size=1440x1080, rotation=90
09-02 11:28:42.719 28186 28186 D DpmAnalyzer: Stage1: ROI 702x702 → scaled 400x400
09-02 11:28:42.773 28186 28475 D DpmFrameAnalyzer: analyze: bitmap converted, size=1080x1440, scanRoi=Rect(189, 369 - 891, 1071)
09-02 11:28:42.774 28186 28186 D DpmAnalyzer: analyze: frame=1080x1440, roi=Rect(189, 369 - 891, 1071), focus=FOCUSED, mode=SCAN
09-02 11:28:42.774 28186 28186 D DpmAnalyzer: analyze: THROTTLED (already running)
09-02 11:28:42.774 28186 28186 D DpmFrameAnalyzer: analyze: result status=THROTTLED, code=null, source=null
09-02 11:28:42.775 28186 28475 D DpmFrameAnalyzer: analyze: frame received, format=35, size=1440x1080, rotation=90
09-02 11:28:42.783 28186 28186 D DpmAnalyzer: Stage1: MISS
09-02 11:28:42.783 28186 28186 D DpmAnalyzer: scanRoi present, skipping full-image stages
09-02 11:28:42.783 28186 28186 D DpmAnalyzer: analyze: decodedCode=null
09-02 11:28:42.783 28186 28186 D DpmFrameAnalyzer: analyze: result status=NO_CODE, code=null, source=null
09-02 11:28:42.867 28186 28475 D DpmFrameAnalyzer: analyze: bitmap converted, size=1080x1440, scanRoi=Rect(189, 369 - 891, 1071)
09-02 11:28:42.868 28186 28186 D DpmAnalyzer: analyze: frame=1080x1440, roi=Rect(189, 369 - 891, 1071), focus=FOCUSED, mode=SCAN
09-02 11:28:42.868 28186 28186 D DpmAnalyzer: analyze: THROTTLED by timing gate
09-02 11:28:42.868 28186 28186 D DpmFrameAnalyzer: analyze: result status=THROTTLED, code=null, source=null
09-02 11:28:42.869 28186 28475 D DpmFrameAnalyzer: analyze: frame received, format=35, size=1440x1080, rotation=90
09-02 11:28:42.941 28186 28475 D DpmFrameAnalyzer: analyze: bitmap converted, size=1080x1440, scanRoi=Rect(189, 369 - 891, 1071)
09-02 11:28:42.942 28186 28186 D DpmAnalyzer: analyze: frame=1080x1440, roi=Rect(189, 369 - 891, 1071), focus=FOCUSED, mode=SCAN
09-02 11:28:42.942 28186 28186 D DpmAnalyzer: analyze: starting performMultiStrategyDecode
09-02 11:28:42.942 28186 28186 D DpmAnalyzer: performMultiStrategyDecode: frame=1080x1440, roi=Rect(189, 369 - 891, 1071), strategies=1
09-02 11:28:42.943 28186 28475 D DpmFrameAnalyzer: analyze: frame received, format=35, size=1440x1080, rotation=90
09-02 11:28:42.961 28186 28186 D DpmAnalyzer: Stage1: ROI 702x702 → scaled 400x400
09-02 11:28:43.007 28186 28475 D DpmFrameAnalyzer: analyze: bitmap converted, size=1080x1440, scanRoi=Rect(189, 369 - 891, 1071)
09-02 11:28:43.009 28186 28475 D DpmFrameAnalyzer: analyze: frame received, format=35, size=1440x1080, rotation=90
09-02 11:28:43.012 28186 28186 D DpmAnalyzer: analyze: frame=1080x1440, roi=Rect(189, 369 - 891, 1071), focus=FOCUSED, mode=SCAN
09-02 11:28:43.012 28186 28186 D DpmAnalyzer: analyze: THROTTLED (already running)
09-02 11:28:43.012 28186 28186 D DpmFrameAnalyzer: analyze: result status=THROTTLED, code=null, source=null
09-02 11:28:43.036 28186 28186 D DpmAnalyzer: Stage1: MISS
09-02 11:28:43.036 28186 28186 D DpmAnalyzer: scanRoi present, skipping full-image stages
09-02 11:28:43.036 28186 28186 D DpmAnalyzer: analyze: decodedCode=null
09-02 11:28:43.036 28186 28186 D DpmFrameAnalyzer: analyze: result status=NO_CODE, code=null, source=null
09-02 11:28:43.092 28186 28475 D DpmFrameAnalyzer: analyze: bitmap converted, size=1080x1440, scanRoi=Rect(189, 369 - 891, 1071)
09-02 11:28:43.093 28186 28186 D DpmAnalyzer: analyze: frame=1080x1440, roi=Rect(189, 369 - 891, 1071), focus=FOCUSED, mode=SCAN
09-02 11:28:43.093 28186 28186 D DpmAnalyzer: analyze: THROTTLED by timing gate
09-02 11:28:43.093 28186 28186 D DpmFrameAnalyzer: analyze: result status=THROTTLED, code=null, source=null
09-02 11:28:43.093 28186 28475 D DpmFrameAnalyzer: analyze: frame received, format=35, size=1440x1080, rotation=90
09-02 11:28:43.161 28186 28475 D DpmFrameAnalyzer: analyze: bitmap converted, size=1080x1440, scanRoi=Rect(189, 369 - 891, 1071)
09-02 11:28:43.161 28186 28186 D DpmAnalyzer: analyze: frame=1080x1440, roi=Rect(189, 369 - 891, 1071), focus=FOCUSED, mode=SCAN
09-02 11:28:43.161 28186 28186 D DpmAnalyzer: analyze: starting performMultiStrategyDecode
09-02 11:28:43.161 28186 28186 D DpmAnalyzer: performMultiStrategyDecode: frame=1080x1440, roi=Rect(189, 369 - 891, 1071), strategies=1
09-02 11:28:43.162 28186 28475 D DpmFrameAnalyzer: analyze: frame received, format=35, size=1440x1080, rotation=90
09-02 11:28:43.171 28186 28186 D DpmAnalyzer: Stage1: ROI 702x702 → scaled 400x400
09-02 11:28:43.222 28186 28186 D DpmAnalyzer: Stage1: MISS
09-02 11:28:43.222 28186 28186 D DpmAnalyzer: scanRoi present, skipping full-image stages
09-02 11:28:43.222 28186 28186 D DpmAnalyzer: analyze: decodedCode=null
09-02 11:28:43.222 28186 28186 D DpmFrameAnalyzer: analyze: result status=NO_CODE, code=null, source=null
09-02 11:28:43.246 28186 28475 D DpmFrameAnalyzer: analyze: bitmap converted, size=1080x1440, scanRoi=Rect(189, 369 - 891, 1071)
09-02 11:28:43.247 28186 28186 D DpmAnalyzer: analyze: frame=1080x1440, roi=Rect(189, 369 - 891, 1071), focus=FOCUSED, mode=SCAN
09-02 11:28:43.247 28186 28186 D DpmAnalyzer: analyze: THROTTLED by timing gate
09-02 11:28:43.247 28186 28186 D DpmFrameAnalyzer: analyze: result status=THROTTLED, code=null, source=null
09-02 11:28:43.247 28186 28475 D DpmFrameAnalyzer: analyze: frame received, format=35, size=1440x1080, rotation=90
09-02 11:28:43.332 28186 28475 D DpmFrameAnalyzer: analyze: bitmap converted, size=1080x1440, scanRoi=Rect(189, 369 - 891, 1071)
09-02 11:28:43.332 28186 28186 D DpmAnalyzer: analyze: frame=1080x1440, roi=Rect(189, 369 - 891, 1071), focus=FOCUSED, mode=SCAN
09-02 11:28:43.333 28186 28186 D DpmAnalyzer: analyze: starting performMultiStrategyDecode
09-02 11:28:43.333 28186 28186 D DpmAnalyzer: performMultiStrategyDecode: frame=1080x1440, roi=Rect(189, 369 - 891, 1071), strategies=1
09-02 11:28:43.333 28186 28475 D DpmFrameAnalyzer: analyze: frame received, format=35, size=1440x1080, rotation=90
09-02 11:28:43.359 28186 28186 D DpmAnalyzer: Stage1: ROI 702x702 → scaled 400x400
09-02 11:28:43.401 28186 28475 D DpmFrameAnalyzer: analyze: bitmap converted, size=1080x1440, scanRoi=Rect(189, 369 - 891, 1071)
09-02 11:28:43.402 28186 28475 D DpmFrameAnalyzer: analyze: frame received, format=35, size=1440x1080, rotation=90
09-02 11:28:43.402 28186 28186 D DpmAnalyzer: analyze: frame=1080x1440, roi=Rect(189, 369 - 891, 1071), focus=FOCUSED, mode=SCAN
09-02 11:28:43.402 28186 28186 D DpmAnalyzer: analyze: THROTTLED (already running)
09-02 11:28:43.402 28186 28186 D DpmFrameAnalyzer: analyze: result status=THROTTLED, code=null, source=null
09-02 11:28:43.417 28186 28186 D DpmAnalyzer: Stage1: MISS
09-02 11:28:43.417 28186 28186 D DpmAnalyzer: scanRoi present, skipping full-image stages
09-02 11:28:43.417 28186 28186 D DpmAnalyzer: analyze: decodedCode=null
09-02 11:28:43.417 28186 28186 D DpmFrameAnalyzer: analyze: result status=NO_CODE, code=null, source=null
09-02 11:28:43.482 28186 28475 D DpmFrameAnalyzer: analyze: bitmap converted, size=1080x1440, scanRoi=Rect(189, 369 - 891, 1071)
09-02 11:28:43.482 28186 28186 D DpmAnalyzer: analyze: frame=1080x1440, roi=Rect(189, 369 - 891, 1071), focus=FOCUSED, mode=SCAN
09-02 11:28:43.482 28186 28186 D DpmAnalyzer: analyze: THROTTLED by timing gate
09-02 11:28:43.482 28186 28186 D DpmFrameAnalyzer: analyze: result status=THROTTLED, code=null, source=null
09-02 11:28:43.483 28186 28475 D DpmFrameAnalyzer: analyze: frame received, format=35, size=1440x1080, rotation=90
09-02 11:28:43.571 28186 28475 D DpmFrameAnalyzer: analyze: bitmap converted, size=1080x1440, scanRoi=Rect(189, 369 - 891, 1071)
09-02 11:28:43.572 28186 28186 D DpmAnalyzer: analyze: frame=1080x1440, roi=Rect(189, 369 - 891, 1071), focus=FOCUSED, mode=SCAN
09-02 11:28:43.572 28186 28186 D DpmAnalyzer: analyze: starting performMultiStrategyDecode
09-02 11:28:43.572 28186 28186 D DpmAnalyzer: performMultiStrategyDecode: frame=1080x1440, roi=Rect(189, 369 - 891, 1071), strategies=1
09-02 11:28:43.572 28186 28475 D DpmFrameAnalyzer: analyze: frame received, format=35, size=1440x1080, rotation=90
09-02 11:28:43.598 28186 28186 D DpmAnalyzer: Stage1: ROI 702x702 → scaled 400x400
09-02 11:28:43.641 28186 28475 D DpmFrameAnalyzer: analyze: bitmap converted, size=1080x1440, scanRoi=Rect(189, 369 - 891, 1071)
09-02 11:28:43.644 28186 28475 D DpmFrameAnalyzer: analyze: frame received, format=35, size=1440x1080, rotation=90
09-02 11:28:43.645 28186 28186 D DpmAnalyzer: analyze: frame=1080x1440, roi=Rect(189, 369 - 891, 1071), focus=FOCUSED, mode=SCAN
09-02 11:28:43.645 28186 28186 D DpmAnalyzer: analyze: THROTTLED (already running)
09-02 11:28:43.645 28186 28186 D DpmFrameAnalyzer: analyze: result status=THROTTLED, code=null, source=null
09-02 11:28:43.656 28186 28186 D DpmAnalyzer: Stage1: MISS
09-02 11:28:43.656 28186 28186 D DpmAnalyzer: scanRoi present, skipping full-image stages
09-02 11:28:43.656 28186 28186 D DpmAnalyzer: analyze: decodedCode=null
09-02 11:28:43.656 28186 28186 D DpmFrameAnalyzer: analyze: result status=NO_CODE, code=null, source=null
09-02 11:28:43.729 28186 28475 D DpmFrameAnalyzer: analyze: bitmap converted, size=1080x1440, scanRoi=Rect(189, 369 - 891, 1071)
09-02 11:28:43.730 28186 28186 D DpmAnalyzer: analyze: frame=1080x1440, roi=Rect(189, 369 - 891, 1071), focus=FOCUSED, mode=SCAN
09-02 11:28:43.730 28186 28186 D DpmAnalyzer: analyze: THROTTLED by timing gate
09-02 11:28:43.730 28186 28186 D DpmFrameAnalyzer: analyze: result status=THROTTLED, code=null, source=null
09-02 11:28:43.730 28186 28475 D DpmFrameAnalyzer: analyze: frame received, format=35, size=1440x1080, rotation=90
09-02 11:28:43.814 28186 28475 D DpmFrameAnalyzer: analyze: bitmap converted, size=1080x1440, scanRoi=Rect(189, 369 - 891, 1071)
09-02 11:28:43.814 28186 28186 D DpmAnalyzer: analyze: frame=1080x1440, roi=Rect(189, 369 - 891, 1071), focus=FOCUSED, mode=SCAN
09-02 11:28:43.814 28186 28186 D DpmAnalyzer: analyze: THROTTLED by timing gate
09-02 11:28:43.814 28186 28186 D DpmFrameAnalyzer: analyze: result status=THROTTLED, code=null, source=null
09-02 11:28:43.815 28186 28475 D DpmFrameAnalyzer: analyze: frame received, format=35, size=1440x1080, rotation=90
09-02 11:28:43.882 28186 28475 D DpmFrameAnalyzer: analyze: bitmap converted, size=1080x1440, scanRoi=Rect(189, 369 - 891, 1071)
09-02 11:28:43.883 28186 28186 D DpmAnalyzer: analyze: frame=1080x1440, roi=Rect(189, 369 - 891, 1071), focus=FOCUSED, mode=SCAN
09-02 11:28:43.883 28186 28186 D DpmAnalyzer: analyze: starting performMultiStrategyDecode
09-02 11:28:43.883 28186 28186 D DpmAnalyzer: performMultiStrategyDecode: frame=1080x1440, roi=Rect(189, 369 - 891, 1071), strategies=1
09-02 11:28:43.884 28186 28475 D DpmFrameAnalyzer: analyze: frame received, format=35, size=1440x1080, rotation=90
09-02 11:28:43.889 28186 28186 D DpmAnalyzer: Stage1: ROI 702x702 → scaled 400x400
09-02 11:28:43.958 28186 28186 D DpmAnalyzer: Stage1: MISS
09-02 11:28:43.958 28186 28186 D DpmAnalyzer: scanRoi present, skipping full-image stages
09-02 11:28:43.958 28186 28186 D DpmAnalyzer: analyze: decodedCode=null
09-02 11:28:43.958 28186 28186 D DpmFrameAnalyzer: analyze: result status=NO_CODE, code=null, source=null
09-02 11:28:43.961 28186 28475 D DpmFrameAnalyzer: analyze: bitmap converted, size=1080x1440, scanRoi=Rect(189, 369 - 891, 1071)
09-02 11:28:43.962 28186 28186 D DpmAnalyzer: analyze: frame=1080x1440, roi=Rect(189, 369 - 891, 1071), focus=FOCUSED, mode=SCAN
09-02 11:28:43.962 28186 28186 D DpmAnalyzer: analyze: THROTTLED by timing gate
09-02 11:28:43.962 28186 28186 D DpmFrameAnalyzer: analyze: result status=THROTTLED, code=null, source=null
09-02 11:28:43.963 28186 28475 D DpmFrameAnalyzer: analyze: frame received, format=35, size=1440x1080, rotation=90
09-02 11:28:44.051 28186 28475 D DpmFrameAnalyzer: analyze: bitmap converted, size=1080x1440, scanRoi=Rect(189, 369 - 891, 1071)
09-02 11:28:44.052 28186 28186 D DpmAnalyzer: analyze: frame=1080x1440, roi=Rect(189, 369 - 891, 1071), focus=FOCUSED, mode=SCAN
09-02 11:28:44.052 28186 28186 D DpmAnalyzer: analyze: THROTTLED by timing gate
09-02 11:28:44.052 28186 28186 D DpmFrameAnalyzer: analyze: result status=THROTTLED, code=null, source=null
09-02 11:28:44.052 28186 28475 D DpmFrameAnalyzer: analyze: frame received, format=35, size=1440x1080, rotation=90
09-02 11:28:44.121 28186 28475 D DpmFrameAnalyzer: analyze: bitmap converted, size=1080x1440, scanRoi=Rect(189, 369 - 891, 1071)
09-02 11:28:44.121 28186 28186 D DpmAnalyzer: analyze: frame=1080x1440, roi=Rect(189, 369 - 891, 1071), focus=FOCUSED, mode=SCAN
09-02 11:28:44.121 28186 28186 D DpmAnalyzer: analyze: THROTTLED by timing gate
09-02 11:28:44.121 28186 28186 D DpmFrameAnalyzer: analyze: result status=THROTTLED, code=null, source=null
09-02 11:28:44.122 28186 28475 D DpmFrameAnalyzer: analyze: frame received, format=35, size=1440x1080, rotation=90
09-02 11:28:44.188 28186 28475 D DpmFrameAnalyzer: analyze: bitmap converted, size=1080x1440, scanRoi=Rect(189, 369 - 891, 1071)
09-02 11:28:44.188 28186 28186 D DpmAnalyzer: analyze: frame=1080x1440, roi=Rect(189, 369 - 891, 1071), focus=FOCUSED, mode=SCAN
09-02 11:28:44.188 28186 28186 D DpmAnalyzer: analyze: starting performMultiStrategyDecode
09-02 11:28:44.188 28186 28186 D DpmAnalyzer: performMultiStrategyDecode: frame=1080x1440, roi=Rect(189, 369 - 891, 1071), strategies=1
09-02 11:28:44.188 28186 28475 D DpmFrameAnalyzer: analyze: frame received, format=35, size=1440x1080, rotation=90
09-02 11:28:44.198 28186 28186 D DpmAnalyzer: Stage1: ROI 702x702 → scaled 400x400
09-02 11:28:44.234 28186 28186 D DpmAnalyzer: Stage1: MISS
09-02 11:28:44.234 28186 28186 D DpmAnalyzer: scanRoi present, skipping full-image stages
09-02 11:28:44.234 28186 28186 D DpmAnalyzer: analyze: decodedCode=null
09-02 11:28:44.234 28186 28186 D DpmFrameAnalyzer: analyze: result status=NO_CODE, code=null, source=null
09-02 11:28:44.255 28186 28475 D DpmFrameAnalyzer: analyze: bitmap converted, size=1080x1440, scanRoi=Rect(189, 369 - 891, 1071)
09-02 11:28:44.255 28186 28186 D DpmAnalyzer: analyze: frame=1080x1440, roi=Rect(189, 369 - 891, 1071), focus=FOCUSED, mode=SCAN
09-02 11:28:44.255 28186 28186 D DpmAnalyzer: analyze: THROTTLED by timing gate
09-02 11:28:44.255 28186 28186 D DpmFrameAnalyzer: analyze: result status=THROTTLED, code=null, source=null
09-02 11:28:44.256 28186 28475 D DpmFrameAnalyzer: analyze: frame received, format=35, size=1440x1080, rotation=90
09-02 11:28:44.334 28186 28475 D DpmFrameAnalyzer: analyze: bitmap converted, size=1080x1440, scanRoi=Rect(189, 369 - 891, 1071)
09-02 11:28:44.335 28186 28186 D DpmAnalyzer: analyze: frame=1080x1440, roi=Rect(189, 369 - 891, 1071), focus=FOCUSED, mode=SCAN
09-02 11:28:44.335 28186 28186 D DpmAnalyzer: analyze: THROTTLED by timing gate
09-02 11:28:44.335 28186 28186 D DpmFrameAnalyzer: analyze: result status=THROTTLED, code=null, source=null
09-02 11:28:44.336 28186 28475 D DpmFrameAnalyzer: analyze: frame received, format=35, size=1440x1080, rotation=90
09-02 11:28:44.409 28186 28475 D DpmFrameAnalyzer: analyze: bitmap converted, size=1080x1440, scanRoi=Rect(189, 369 - 891, 1071)
09-02 11:28:44.409 28186 28186 D DpmAnalyzer: analyze: frame=1080x1440, roi=Rect(189, 369 - 891, 1071), focus=FOCUSED, mode=SCAN
09-02 11:28:44.409 28186 28186 D DpmAnalyzer: analyze: THROTTLED by timing gate
09-02 11:28:44.409 28186 28186 D DpmFrameAnalyzer: analyze: result status=THROTTLED, code=null, source=null
09-02 11:28:44.410 28186 28475 D DpmFrameAnalyzer: analyze: frame received, format=35, size=1440x1080, rotation=90
09-02 11:28:44.474 28186 28475 D DpmFrameAnalyzer: analyze: bitmap converted, size=1080x1440, scanRoi=Rect(189, 369 - 891, 1071)
09-02 11:28:44.475 28186 28186 D DpmAnalyzer: analyze: frame=1080x1440, roi=Rect(189, 369 - 891, 1071), focus=FOCUSED, mode=SCAN
09-02 11:28:44.475 28186 28186 D DpmAnalyzer: analyze: starting performMultiStrategyDecode
09-02 11:28:44.475 28186 28186 D DpmAnalyzer: performMultiStrategyDecode: frame=1080x1440, roi=Rect(189, 369 - 891, 1071), strategies=1
09-02 11:28:44.475 28186 28475 D DpmFrameAnalyzer: analyze: frame received, format=35, size=1440x1080, rotation=90
09-02 11:28:44.496 28186 28186 D DpmAnalyzer: Stage1: ROI 702x702 → scaled 400x400
09-02 11:28:44.544 28186 28475 D DpmFrameAnalyzer: analyze: bitmap converted, size=1080x1440, scanRoi=Rect(189, 369 - 891, 1071)
09-02 11:28:44.544 28186 28186 D DpmAnalyzer: analyze: frame=1080x1440, roi=Rect(189, 369 - 891, 1071), focus=FOCUSED, mode=SCAN
09-02 11:28:44.544 28186 28186 D DpmAnalyzer: analyze: THROTTLED (already running)
09-02 11:28:44.544 28186 28186 D DpmFrameAnalyzer: analyze: result status=THROTTLED, code=null, source=null
09-02 11:28:44.545 28186 28475 D DpmFrameAnalyzer: analyze: frame received, format=35, size=1440x1080, rotation=90
09-02 11:28:44.561 28186 28186 D DpmAnalyzer: Stage1: MISS
09-02 11:28:44.561 28186 28186 D DpmAnalyzer: scanRoi present, skipping full-image stages
09-02 11:28:44.561 28186 28186 D DpmAnalyzer: analyze: decodedCode=null
09-02 11:28:44.561 28186 28186 D DpmFrameAnalyzer: analyze: result status=NO_CODE, code=null, source=null
09-02 11:28:44.621 28186 28475 D DpmFrameAnalyzer: analyze: bitmap converted, size=1080x1440, scanRoi=Rect(189, 369 - 891, 1071)
09-02 11:28:44.621 28186 28186 D DpmAnalyzer: analyze: frame=1080x1440, roi=Rect(189, 369 - 891, 1071), focus=FOCUSED, mode=SCAN
09-02 11:28:44.621 28186 28186 D DpmAnalyzer: analyze: THROTTLED by timing gate
09-02 11:28:44.622 28186 28186 D DpmFrameAnalyzer: analyze: result status=THROTTLED, code=null, source=null
09-02 11:28:44.622 28186 28475 D DpmFrameAnalyzer: analyze: frame received, format=35, size=1440x1080, rotation=90
09-02 11:28:44.694 28186 28475 D DpmFrameAnalyzer: analyze: bitmap converted, size=1080x1440, scanRoi=Rect(189, 369 - 891, 1071)
09-02 11:28:44.695 28186 28186 D DpmAnalyzer: analyze: frame=1080x1440, roi=Rect(189, 369 - 891, 1071), focus=FOCUSED, mode=SCAN
09-02 11:28:44.695 28186 28186 D DpmAnalyzer: analyze: THROTTLED by timing gate
09-02 11:28:44.695 28186 28186 D DpmFrameAnalyzer: analyze: result status=THROTTLED, code=null, source=null
09-02 11:28:44.695 28186 28475 D DpmFrameAnalyzer: analyze: frame received, format=35, size=1440x1080, rotation=90
09-02 11:28:44.764 28186 28475 D DpmFrameAnalyzer: analyze: bitmap converted, size=1080x1440, scanRoi=Rect(189, 369 - 891, 1071)
09-02 11:28:44.764 28186 28186 D DpmAnalyzer: analyze: frame=1080x1440, roi=Rect(189, 369 - 891, 1071), focus=FOCUSED, mode=SCAN
09-02 11:28:44.764 28186 28186 D DpmAnalyzer: analyze: starting performMultiStrategyDecode
09-02 11:28:44.764 28186 28186 D DpmAnalyzer: performMultiStrategyDecode: frame=1080x1440, roi=Rect(189, 369 - 891, 1071), strategies=1
09-02 11:28:44.764 28186 28475 D DpmFrameAnalyzer: analyze: frame received, format=35, size=1440x1080, rotation=90
09-02 11:28:44.781 28186 28186 D DpmAnalyzer: Stage1: ROI 702x702 → scaled 400x400
09-02 11:28:44.867 28186 28186 D DpmAnalyzer: Stage1: MISS
09-02 11:28:44.867 28186 28186 D DpmAnalyzer: scanRoi present, skipping full-image stages
09-02 11:28:44.867 28186 28186 D DpmAnalyzer: analyze: decodedCode=null
09-02 11:28:44.867 28186 28186 D DpmFrameAnalyzer: analyze: result status=NO_CODE, code=null, source=null
09-02 11:28:44.877 28186 28475 D DpmFrameAnalyzer: analyze: bitmap converted, size=1080x1440, scanRoi=Rect(189, 369 - 891, 1071)
09-02 11:28:44.878 28186 28186 D DpmAnalyzer: analyze: frame=1080x1440, roi=Rect(189, 369 - 891, 1071), focus=FOCUSED, mode=SCAN
09-02 11:28:44.878 28186 28186 D DpmAnalyzer: analyze: THROTTLED by timing gate
09-02 11:28:44.878 28186 28186 D DpmFrameAnalyzer: analyze: result status=THROTTLED, code=null, source=null
09-02 11:28:44.878 28186 28475 D DpmFrameAnalyzer: analyze: frame received, format=35, size=1440x1080, rotation=90
09-02 11:28:44.967 28186 28475 D DpmFrameAnalyzer: analyze: bitmap converted, size=1080x1440, scanRoi=Rect(189, 369 - 891, 1071)
09-02 11:28:44.968 28186 28186 D DpmAnalyzer: analyze: frame=1080x1440, roi=Rect(189, 369 - 891, 1071), focus=FOCUSED, mode=SCAN
09-02 11:28:44.968 28186 28186 D DpmAnalyzer: analyze: THROTTLED by timing gate
09-02 11:28:44.968 28186 28186 D DpmFrameAnalyzer: analyze: result status=THROTTLED, code=null, source=null
09-02 11:28:44.968 28186 28475 D DpmFrameAnalyzer: analyze: frame received, format=35, size=1440x1080, rotation=90
09-02 11:28:45.042 28186 28475 D DpmFrameAnalyzer: analyze: bitmap converted, size=1080x1440, scanRoi=Rect(189, 369 - 891, 1071)
09-02 11:28:45.043 28186 28186 D DpmAnalyzer: analyze: frame=1080x1440, roi=Rect(189, 369 - 891, 1071), focus=FOCUSED, mode=SCAN
09-02 11:28:45.043 28186 28186 D DpmAnalyzer: analyze: THROTTLED by timing gate
09-02 11:28:45.043 28186 28186 D DpmFrameAnalyzer: analyze: result status=THROTTLED, code=null, source=null
09-02 11:28:45.043 28186 28475 D DpmFrameAnalyzer: analyze: frame received, format=35, size=1440x1080, rotation=90
09-02 11:28:45.113 28186 28475 D DpmFrameAnalyzer: analyze: bitmap converted, size=1080x1440, scanRoi=Rect(189, 369 - 891, 1071)
09-02 11:28:45.113 28186 28186 D DpmAnalyzer: analyze: frame=1080x1440, roi=Rect(189, 369 - 891, 1071), focus=FOCUSED, mode=SCAN
09-02 11:28:45.114 28186 28186 D DpmAnalyzer: analyze: starting performMultiStrategyDecode
09-02 11:28:45.114 28186 28186 D DpmAnalyzer: performMultiStrategyDecode: frame=1080x1440, roi=Rect(189, 369 - 891, 1071), strategies=1
09-02 11:28:45.114 28186 28475 D DpmFrameAnalyzer: analyze: frame received, format=35, size=1440x1080, rotation=90
09-02 11:28:45.123 28186 28186 D DpmAnalyzer: Stage1: ROI 702x702 → scaled 400x400
09-02 11:28:45.187 28186 28475 D DpmFrameAnalyzer: analyze: bitmap converted, size=1080x1440, scanRoi=Rect(189, 369 - 891, 1071)
09-02 11:28:45.187 28186 28186 D DpmAnalyzer: analyze: frame=1080x1440, roi=Rect(189, 369 - 891, 1071), focus=FOCUSED, mode=SCAN
09-02 11:28:45.187 28186 28186 D DpmAnalyzer: analyze: THROTTLED (already running)
09-02 11:28:45.187 28186 28186 D DpmFrameAnalyzer: analyze: result status=THROTTLED, code=null, source=null
09-02 11:28:45.188 28186 28475 D DpmFrameAnalyzer: analyze: frame received, format=35, size=1440x1080, rotation=90
09-02 11:28:45.199 28186 28186 D DpmAnalyzer: Stage1: MISS
09-02 11:28:45.199 28186 28186 D DpmAnalyzer: scanRoi present, skipping full-image stages
09-02 11:28:45.199 28186 28186 D DpmAnalyzer: analyze: decodedCode=null
09-02 11:28:45.199 28186 28186 D DpmFrameAnalyzer: analyze: result status=NO_CODE, code=null, source=null
09-02 11:28:45.251 28186 28475 D DpmFrameAnalyzer: analyze: bitmap converted, size=1080x1440, scanRoi=Rect(189, 369 - 891, 1071)
09-02 11:28:45.251 28186 28186 D DpmAnalyzer: analyze: frame=1080x1440, roi=Rect(189, 369 - 891, 1071), focus=FOCUSED, mode=SCAN
09-02 11:28:45.251 28186 28186 D DpmAnalyzer: analyze: THROTTLED by timing gate
09-02 11:28:45.251 28186 28186 D DpmFrameAnalyzer: analyze: result status=THROTTLED, code=null, source=null
09-02 11:28:45.251 28186 28475 D DpmFrameAnalyzer: analyze: frame received, format=35, size=1440x1080, rotation=90
09-02 11:28:45.308 28186 28475 D DpmFrameAnalyzer: analyze: bitmap converted, size=1080x1440, scanRoi=Rect(189, 369 - 891, 1071)
09-02 11:28:45.309 28186 28186 D DpmAnalyzer: analyze: frame=1080x1440, roi=Rect(189, 369 - 891, 1071), focus=FOCUSED, mode=SCAN
09-02 11:28:45.309 28186 28186 D DpmAnalyzer: analyze: THROTTLED by timing gate
09-02 11:28:45.309 28186 28186 D DpmFrameAnalyzer: analyze: result status=THROTTLED, code=null, source=null
09-02 11:28:45.309 28186 28475 D DpmFrameAnalyzer: analyze: frame received, format=35, size=1440x1080, rotation=90
09-02 11:28:45.363 28186 28475 D DpmFrameAnalyzer: analyze: bitmap converted, size=1080x1440, scanRoi=Rect(189, 369 - 891, 1071)
09-02 11:28:45.363 28186 28186 D DpmAnalyzer: analyze: frame=1080x1440, roi=Rect(189, 369 - 891, 1071), focus=FOCUSED, mode=SCAN
09-02 11:28:45.363 28186 28186 D DpmAnalyzer: analyze: THROTTLED by timing gate
09-02 11:28:45.363 28186 28475 D DpmFrameAnalyzer: analyze: frame received, format=35, size=1440x1080, rotation=90
09-02 11:28:45.363 28186 28186 D DpmFrameAnalyzer: analyze: result status=THROTTLED, code=null, source=null
09-02 11:28:45.419 28186 28475 D DpmFrameAnalyzer: analyze: bitmap converted, size=1080x1440, scanRoi=Rect(189, 369 - 891, 1071)
09-02 11:28:45.420 28186 28186 D DpmAnalyzer: analyze: frame=1080x1440, roi=Rect(189, 369 - 891, 1071), focus=FOCUSED, mode=SCAN
09-02 11:28:45.420 28186 28186 D DpmAnalyzer: analyze: starting performMultiStrategyDecode
09-02 11:28:45.420 28186 28186 D DpmAnalyzer: performMultiStrategyDecode: frame=1080x1440, roi=Rect(189, 369 - 891, 1071), strategies=1
09-02 11:28:45.420 28186 28475 D DpmFrameAnalyzer: analyze: frame received, format=35, size=1440x1080, rotation=90
09-02 11:28:45.424 28186 28186 D DpmAnalyzer: Stage1: ROI 702x702 → scaled 400x400
09-02 11:28:45.453 28186 28186 D DpmAnalyzer: Stage1: MISS
09-02 11:28:45.453 28186 28186 D DpmAnalyzer: scanRoi present, skipping full-image stages
09-02 11:28:45.453 28186 28186 D DpmAnalyzer: analyze: decodedCode=null
09-02 11:28:45.453 28186 28186 D DpmFrameAnalyzer: analyze: result status=NO_CODE, code=null, source=null
09-02 11:28:45.473 28186 28475 D DpmFrameAnalyzer: analyze: bitmap converted, size=1080x1440, scanRoi=Rect(189, 369 - 891, 1071)
09-02 11:28:45.473 28186 28186 D DpmAnalyzer: analyze: frame=1080x1440, roi=Rect(189, 369 - 891, 1071), focus=FOCUSED, mode=SCAN
09-02 11:28:45.473 28186 28186 D DpmAnalyzer: analyze: THROTTLED by timing gate
09-02 11:28:45.473 28186 28186 D DpmFrameAnalyzer: analyze: result status=THROTTLED, code=null, source=null
09-02 11:28:45.473 28186 28475 D DpmFrameAnalyzer: analyze: frame received, format=35, size=1440x1080, rotation=90
09-02 11:28:45.527 28186 28475 D DpmFrameAnalyzer: analyze: bitmap converted, size=1080x1440, scanRoi=Rect(189, 369 - 891, 1071)
09-02 11:28:45.528 28186 28186 D DpmAnalyzer: analyze: frame=1080x1440, roi=Rect(189, 369 - 891, 1071), focus=FOCUSED, mode=SCAN
09-02 11:28:45.528 28186 28186 D DpmAnalyzer: analyze: THROTTLED by timing gate
09-02 11:28:45.528 28186 28186 D DpmFrameAnalyzer: analyze: result status=THROTTLED, code=null, source=null
09-02 11:28:45.528 28186 28475 D DpmFrameAnalyzer: analyze: frame received, format=35, size=1440x1080, rotation=90
09-02 11:28:45.580 28186 28475 D DpmFrameAnalyzer: analyze: bitmap converted, size=1080x1440, scanRoi=Rect(189, 369 - 891, 1071)
09-02 11:28:45.581 28186 28186 D DpmAnalyzer: analyze: frame=1080x1440, roi=Rect(189, 369 - 891, 1071), focus=FOCUSED, mode=SCAN
09-02 11:28:45.581 28186 28186 D DpmAnalyzer: analyze: THROTTLED by timing gate
09-02 11:28:45.581 28186 28186 D DpmFrameAnalyzer: analyze: result status=THROTTLED, code=null, source=null
09-02 11:28:45.587 28186 28475 D DpmFrameAnalyzer: analyze: frame received, format=35, size=1440x1080, rotation=90
09-02 11:28:45.639 28186 28475 D DpmFrameAnalyzer: analyze: bitmap converted, size=1080x1440, scanRoi=Rect(189, 369 - 891, 1071)
09-02 11:28:45.640 28186 28186 D DpmAnalyzer: analyze: frame=1080x1440, roi=Rect(189, 369 - 891, 1071), focus=FOCUSED, mode=SCAN
09-02 11:28:45.640 28186 28186 D DpmAnalyzer: analyze: THROTTLED by timing gate
09-02 11:28:45.640 28186 28186 D DpmFrameAnalyzer: analyze: result status=THROTTLED, code=null, source=null
09-02 11:28:45.647 28186 28475 D DpmFrameAnalyzer: analyze: frame received, format=35, size=1440x1080, rotation=90
09-02 11:28:45.700 28186 28475 D DpmFrameAnalyzer: analyze: bitmap converted, size=1080x1440, scanRoi=Rect(189, 369 - 891, 1071)
09-02 11:28:45.700 28186 28186 D DpmAnalyzer: analyze: frame=1080x1440, roi=Rect(189, 369 - 891, 1071), focus=FOCUSED, mode=SCAN
09-02 11:28:45.700 28186 28186 D DpmAnalyzer: analyze: starting performMultiStrategyDecode
09-02 11:28:45.700 28186 28186 D DpmAnalyzer: performMultiStrategyDecode: frame=1080x1440, roi=Rect(189, 369 - 891, 1071), strategies=1
09-02 11:28:45.705 28186 28186 D DpmAnalyzer: Stage1: ROI 702x702 → scaled 400x400
09-02 11:28:45.716 28186 28475 D DpmFrameAnalyzer: analyze: frame received, format=35, size=1440x1080, rotation=90
09-02 11:28:45.754 28186 28186 D DpmAnalyzer: Stage1: MISS
09-02 11:28:45.754 28186 28186 D DpmAnalyzer: scanRoi present, skipping full-image stages
09-02 11:28:45.754 28186 28186 D DpmAnalyzer: analyze: decodedCode=null
09-02 11:28:45.754 28186 28186 D DpmFrameAnalyzer: analyze: result status=NO_CODE, code=null, source=null
09-02 11:28:45.797 28186 28475 D DpmFrameAnalyzer: analyze: bitmap converted, size=1080x1440, scanRoi=Rect(189, 369 - 891, 1071)
09-02 11:28:45.798 28186 28186 D DpmAnalyzer: analyze: frame=1080x1440, roi=Rect(189, 369 - 891, 1071), focus=FOCUSED, mode=SCAN
09-02 11:28:45.798 28186 28186 D DpmAnalyzer: analyze: THROTTLED by timing gate
09-02 11:28:45.798 28186 28186 D DpmFrameAnalyzer: analyze: result status=THROTTLED, code=null, source=null
09-02 11:28:45.798 28186 28475 D DpmFrameAnalyzer: analyze: frame received, format=35, size=1440x1080, rotation=90
09-02 11:28:45.884 28186 28475 D DpmFrameAnalyzer: analyze: bitmap converted, size=1080x1440, scanRoi=Rect(189, 369 - 891, 1071)
09-02 11:28:45.885 28186 28186 D DpmAnalyzer: analyze: frame=1080x1440, roi=Rect(189, 369 - 891, 1071), focus=FOCUSED, mode=SCAN
09-02 11:28:45.885 28186 28186 D DpmAnalyzer: analyze: THROTTLED by timing gate
09-02 11:28:45.885 28186 28186 D DpmFrameAnalyzer: analyze: result status=THROTTLED, code=null, source=null
09-02 11:28:45.885 28186 28475 D DpmFrameAnalyzer: analyze: frame received, format=35, size=1440x1080, rotation=90
09-02 11:28:45.952 28186 28475 D DpmFrameAnalyzer: analyze: bitmap converted, size=1080x1440, scanRoi=Rect(189, 369 - 891, 1071)
09-02 11:28:45.952 28186 28186 D DpmAnalyzer: analyze: frame=1080x1440, roi=Rect(189, 369 - 891, 1071), focus=FOCUSED, mode=SCAN
09-02 11:28:45.952 28186 28186 D DpmAnalyzer: analyze: THROTTLED by timing gate
09-02 11:28:45.952 28186 28186 D DpmFrameAnalyzer: analyze: result status=THROTTLED, code=null, source=null
09-02 11:28:45.953 28186 28475 D DpmFrameAnalyzer: analyze: frame received, format=35, size=1440x1080, rotation=90
09-02 11:28:46.018 28186 28475 D DpmFrameAnalyzer: analyze: bitmap converted, size=1080x1440, scanRoi=Rect(189, 369 - 891, 1071)
09-02 11:28:46.018 28186 28186 D DpmAnalyzer: analyze: frame=1080x1440, roi=Rect(189, 369 - 891, 1071), focus=FOCUSED, mode=SCAN
09-02 11:28:46.018 28186 28186 D DpmAnalyzer: analyze: starting performMultiStrategyDecode
09-02 11:28:46.018 28186 28186 D DpmAnalyzer: performMultiStrategyDecode: frame=1080x1440, roi=Rect(189, 369 - 891, 1071), strategies=1
09-02 11:28:46.018 28186 28475 D DpmFrameAnalyzer: analyze: frame received, format=35, size=1440x1080, rotation=90
09-02 11:28:46.023 28186 28186 D DpmAnalyzer: Stage1: ROI 702x702 → scaled 400x400
09-02 11:28:46.080 28186 28186 D DpmAnalyzer: Stage1: MISS
09-02 11:28:46.080 28186 28186 D DpmAnalyzer: scanRoi present, skipping full-image stages
09-02 11:28:46.080 28186 28186 D DpmAnalyzer: analyze: decodedCode=null
09-02 11:28:46.081 28186 28186 D DpmFrameAnalyzer: analyze: result status=NO_CODE, code=null, source=null
09-02 11:28:46.096 28186 28475 D DpmFrameAnalyzer: analyze: bitmap converted, size=1080x1440, scanRoi=Rect(189, 369 - 891, 1071)
09-02 11:28:46.096 28186 28186 D DpmAnalyzer: analyze: frame=1080x1440, roi=Rect(189, 369 - 891, 1071), focus=FOCUSED, mode=SCAN
09-02 11:28:46.096 28186 28186 D DpmAnalyzer: analyze: THROTTLED by timing gate
09-02 11:28:46.096 28186 28186 D DpmFrameAnalyzer: analyze: result status=THROTTLED, code=null, source=null
09-02 11:28:46.097 28186 28475 D DpmFrameAnalyzer: analyze: frame received, format=35, size=1440x1080, rotation=90
09-02 11:28:46.187 28186 28475 D DpmFrameAnalyzer: analyze: bitmap converted, size=1080x1440, scanRoi=Rect(189, 369 - 891, 1071)
09-02 11:28:46.187 28186 28186 D DpmAnalyzer: analyze: frame=1080x1440, roi=Rect(189, 369 - 891, 1071), focus=FOCUSED, mode=SCAN
09-02 11:28:46.187 28186 28186 D DpmAnalyzer: analyze: THROTTLED by timing gate
09-02 11:28:46.187 28186 28186 D DpmFrameAnalyzer: analyze: result status=THROTTLED, code=null, source=null
09-02 11:28:46.188 28186 28475 D DpmFrameAnalyzer: analyze: frame received, format=35, size=1440x1080, rotation=90
09-02 11:28:46.256 28186 28475 D DpmFrameAnalyzer: analyze: bitmap converted, size=1080x1440, scanRoi=Rect(189, 369 - 891, 1071)
09-02 11:28:46.256 28186 28186 D DpmAnalyzer: analyze: frame=1080x1440, roi=Rect(189, 369 - 891, 1071), focus=FOCUSED, mode=SCAN
09-02 11:28:46.256 28186 28186 D DpmAnalyzer: analyze: THROTTLED by timing gate
09-02 11:28:46.256 28186 28186 D DpmFrameAnalyzer: analyze: result status=THROTTLED, code=null, source=null
09-02 11:28:46.257 28186 28475 D DpmFrameAnalyzer: analyze: frame received, format=35, size=1440x1080, rotation=90
09-02 11:28:46.322 28186 28475 D DpmFrameAnalyzer: analyze: bitmap converted, size=1080x1440, scanRoi=Rect(189, 369 - 891, 1071)
09-02 11:28:46.322 28186 28186 D DpmAnalyzer: analyze: frame=1080x1440, roi=Rect(189, 369 - 891, 1071), focus=FOCUSED, mode=SCAN
09-02 11:28:46.322 28186 28186 D DpmAnalyzer: analyze: starting performMultiStrategyDecode
09-02 11:28:46.322 28186 28186 D DpmAnalyzer: performMultiStrategyDecode: frame=1080x1440, roi=Rect(189, 369 - 891, 1071), strategies=1
09-02 11:28:46.323 28186 28475 D DpmFrameAnalyzer: analyze: frame received, format=35, size=1440x1080, rotation=90
09-02 11:28:46.327 28186 28186 D DpmAnalyzer: Stage1: ROI 702x702 → scaled 400x400
09-02 11:28:46.397 28186 28475 D DpmFrameAnalyzer: analyze: bitmap converted, size=1080x1440, scanRoi=Rect(189, 369 - 891, 1071)
09-02 11:28:46.397 28186 28186 D DpmAnalyzer: analyze: frame=1080x1440, roi=Rect(189, 369 - 891, 1071), focus=FOCUSED, mode=SCAN
09-02 11:28:46.397 28186 28186 D DpmAnalyzer: analyze: THROTTLED (already running)
09-02 11:28:46.397 28186 28186 D DpmFrameAnalyzer: analyze: result status=THROTTLED, code=null, source=null
09-02 11:28:46.397 28186 28475 D DpmFrameAnalyzer: analyze: frame received, format=35, size=1440x1080, rotation=90
09-02 11:28:46.411 28186 28186 D DpmAnalyzer: Stage1: MISS
09-02 11:28:46.411 28186 28186 D DpmAnalyzer: scanRoi present, skipping full-image stages
09-02 11:28:46.411 28186 28186 D DpmAnalyzer: analyze: decodedCode=null
09-02 11:28:46.411 28186 28186 D DpmFrameAnalyzer: analyze: result status=NO_CODE, code=null, source=null
09-02 11:28:46.488 28186 28475 D DpmFrameAnalyzer: analyze: bitmap converted, size=1080x1440, scanRoi=Rect(189, 369 - 891, 1071)
09-02 11:28:46.489 28186 28186 D DpmAnalyzer: analyze: frame=1080x1440, roi=Rect(189, 369 - 891, 1071), focus=FOCUSED, mode=SCAN
09-02 11:28:46.489 28186 28186 D DpmAnalyzer: analyze: THROTTLED by timing gate
09-02 11:28:46.489 28186 28186 D DpmFrameAnalyzer: analyze: result status=THROTTLED, code=null, source=null
09-02 11:28:46.489 28186 28475 D DpmFrameAnalyzer: analyze: frame received, format=35, size=1440x1080, rotation=90
09-02 11:28:46.578 28186 28475 D DpmFrameAnalyzer: analyze: bitmap converted, size=1080x1440, scanRoi=Rect(189, 369 - 891, 1071)
09-02 11:28:46.578 28186 28186 D DpmAnalyzer: analyze: frame=1080x1440, roi=Rect(189, 369 - 891, 1071), focus=FOCUSED, mode=SCAN
09-02 11:28:46.579 28186 28186 D DpmAnalyzer: analyze: THROTTLED by timing gate
09-02 11:28:46.579 28186 28186 D DpmFrameAnalyzer: analyze: result status=THROTTLED, code=null, source=null
09-02 11:28:46.579 28186 28475 D DpmFrameAnalyzer: analyze: frame received, format=35, size=1440x1080, rotation=90
09-02 11:28:46.659 28186 28475 D DpmFrameAnalyzer: analyze: bitmap converted, size=1080x1440, scanRoi=Rect(189, 369 - 891, 1071)
09-02 11:28:46.659 28186 28186 D DpmAnalyzer: analyze: frame=1080x1440, roi=Rect(189, 369 - 891, 1071), focus=FOCUSED, mode=SCAN
09-02 11:28:46.659 28186 28186 D DpmAnalyzer: analyze: starting performMultiStrategyDecode
09-02 11:28:46.659 28186 28186 D DpmAnalyzer: performMultiStrategyDecode: frame=1080x1440, roi=Rect(189, 369 - 891, 1071), strategies=1
09-02 11:28:46.659 28186 28475 D DpmFrameAnalyzer: analyze: frame received, format=35, size=1440x1080, rotation=90
09-02 11:28:46.665 28186 28186 D DpmAnalyzer: Stage1: ROI 702x702 → scaled 400x400
09-02 11:28:46.708 28186 28186 D DpmAnalyzer: Stage1: MISS
09-02 11:28:46.708 28186 28186 D DpmAnalyzer: scanRoi present, skipping full-image stages
09-02 11:28:46.708 28186 28186 D DpmAnalyzer: analyze: decodedCode=null
09-02 11:28:46.708 28186 28186 D DpmFrameAnalyzer: analyze: result status=NO_CODE, code=null, source=null
09-02 11:28:46.735 28186 28475 D DpmFrameAnalyzer: analyze: bitmap converted, size=1080x1440, scanRoi=Rect(189, 369 - 891, 1071)
09-02 11:28:46.737 28186 28186 D DpmAnalyzer: analyze: frame=1080x1440, roi=Rect(189, 369 - 891, 1071), focus=FOCUSED, mode=SCAN
09-02 11:28:46.737 28186 28186 D DpmAnalyzer: analyze: THROTTLED by timing gate
09-02 11:28:46.737 28186 28186 D DpmFrameAnalyzer: analyze: result status=THROTTLED, code=null, source=null
09-02 11:28:46.737 28186 28475 D DpmFrameAnalyzer: analyze: frame received, format=35, size=1440x1080, rotation=90
09-02 11:28:46.823 28186 28475 D DpmFrameAnalyzer: analyze: bitmap converted, size=1080x1440, scanRoi=Rect(189, 369 - 891, 1071)
09-02 11:28:46.823 28186 28186 D DpmAnalyzer: analyze: frame=1080x1440, roi=Rect(189, 369 - 891, 1071), focus=FOCUSED, mode=SCAN
09-02 11:28:46.823 28186 28186 D DpmAnalyzer: analyze: THROTTLED by timing gate
09-02 11:28:46.823 28186 28186 D DpmFrameAnalyzer: analyze: result status=THROTTLED, code=null, source=null
09-02 11:28:46.823 28186 28475 D DpmFrameAnalyzer: analyze: frame received, format=35, size=1440x1080, rotation=90
09-02 11:28:46.891 28186 28475 D DpmFrameAnalyzer: analyze: bitmap converted, size=1080x1440, scanRoi=Rect(189, 369 - 891, 1071)
09-02 11:28:46.891 28186 28186 D DpmAnalyzer: analyze: frame=1080x1440, roi=Rect(189, 369 - 891, 1071), focus=FOCUSED, mode=SCAN
09-02 11:28:46.891 28186 28186 D DpmAnalyzer: analyze: THROTTLED by timing gate
09-02 11:28:46.891 28186 28186 D DpmFrameAnalyzer: analyze: result status=THROTTLED, code=null, source=null
09-02 11:28:46.891 28186 28475 D DpmFrameAnalyzer: analyze: frame received, format=35, size=1440x1080, rotation=90
09-02 11:28:46.957 28186 28475 D DpmFrameAnalyzer: analyze: bitmap converted, size=1080x1440, scanRoi=Rect(189, 369 - 891, 1071)
09-02 11:28:46.957 28186 28186 D DpmAnalyzer: analyze: frame=1080x1440, roi=Rect(189, 369 - 891, 1071), focus=FOCUSED, mode=SCAN
09-02 11:28:46.957 28186 28186 D DpmAnalyzer: analyze: starting performMultiStrategyDecode
09-02 11:28:46.957 28186 28186 D DpmAnalyzer: performMultiStrategyDecode: frame=1080x1440, roi=Rect(189, 369 - 891, 1071), strategies=1
09-02 11:28:46.957 28186 28475 D DpmFrameAnalyzer: analyze: frame received, format=35, size=1440x1080, rotation=90
09-02 11:28:46.962 28186 28186 D DpmAnalyzer: Stage1: ROI 702x702 → scaled 400x400
09-02 11:28:47.023 28186 28186 D DpmAnalyzer: Stage1: MISS
09-02 11:28:47.023 28186 28186 D DpmAnalyzer: scanRoi present, skipping full-image stages
09-02 11:28:47.023 28186 28186 D DpmAnalyzer: analyze: decodedCode=null
09-02 11:28:47.023 28186 28186 D DpmFrameAnalyzer: analyze: result status=NO_CODE, code=null, source=null
09-02 11:28:47.038 28186 28475 D DpmFrameAnalyzer: analyze: bitmap converted, size=1080x1440, scanRoi=Rect(189, 369 - 891, 1071)
09-02 11:28:47.039 28186 28186 D DpmAnalyzer: analyze: frame=1080x1440, roi=Rect(189, 369 - 891, 1071), focus=FOCUSED, mode=SCAN
09-02 11:28:47.039 28186 28186 D DpmAnalyzer: analyze: THROTTLED by timing gate
09-02 11:28:47.039 28186 28186 D DpmFrameAnalyzer: analyze: result status=THROTTLED, code=null, source=null
09-02 11:28:47.039 28186 28475 D DpmFrameAnalyzer: analyze: frame received, format=35, size=1440x1080, rotation=90
09-02 11:28:47.122 28186 28475 D DpmFrameAnalyzer: analyze: bitmap converted, size=1080x1440, scanRoi=Rect(189, 369 - 891, 1071)
09-02 11:28:47.122 28186 28186 D DpmAnalyzer: analyze: frame=1080x1440, roi=Rect(189, 369 - 891, 1071), focus=FOCUSED, mode=SCAN
09-02 11:28:47.123 28186 28186 D DpmAnalyzer: analyze: THROTTLED by timing gate
09-02 11:28:47.123 28186 28186 D DpmFrameAnalyzer: analyze: result status=THROTTLED, code=null, source=null
09-02 11:28:47.123 28186 28475 D DpmFrameAnalyzer: analyze: frame received, format=35, size=1440x1080, rotation=90
09-02 11:28:47.198 28186 28475 D DpmFrameAnalyzer: analyze: bitmap converted, size=1080x1440, scanRoi=Rect(189, 369 - 891, 1071)
09-02 11:28:47.198 28186 28186 D DpmAnalyzer: analyze: frame=1080x1440, roi=Rect(189, 369 - 891, 1071), focus=FOCUSED, mode=SCAN
09-02 11:28:47.198 28186 28186 D DpmAnalyzer: analyze: THROTTLED by timing gate
09-02 11:28:47.199 28186 28186 D DpmFrameAnalyzer: analyze: result status=THROTTLED, code=null, source=null
09-02 11:28:47.199 28186 28475 D DpmFrameAnalyzer: analyze: frame received, format=35, size=1440x1080, rotation=90
09-02 11:28:47.271 28186 28475 D DpmFrameAnalyzer: analyze: bitmap converted, size=1080x1440, scanRoi=Rect(189, 369 - 891, 1071)
09-02 11:28:47.272 28186 28186 D DpmAnalyzer: analyze: frame=1080x1440, roi=Rect(189, 369 - 891, 1071), focus=FOCUSED, mode=SCAN
09-02 11:28:47.272 28186 28186 D DpmAnalyzer: analyze: starting performMultiStrategyDecode
09-02 11:28:47.272 28186 28186 D DpmAnalyzer: performMultiStrategyDecode: frame=1080x1440, roi=Rect(189, 369 - 891, 1071), strategies=1
09-02 11:28:47.272 28186 28475 D DpmFrameAnalyzer: analyze: frame received, format=35, size=1440x1080, rotation=90
09-02 11:28:47.278 28186 28186 D DpmAnalyzer: Stage1: ROI 702x702 → scaled 400x400
09-02 11:28:47.345 28186 28475 D DpmFrameAnalyzer: analyze: bitmap converted, size=1080x1440, scanRoi=Rect(189, 369 - 891, 1071)
09-02 11:28:47.346 28186 28186 D DpmAnalyzer: analyze: frame=1080x1440, roi=Rect(189, 369 - 891, 1071), focus=FOCUSED, mode=SCAN
09-02 11:28:47.346 28186 28186 D DpmAnalyzer: analyze: THROTTLED (already running)
09-02 11:28:47.346 28186 28186 D DpmFrameAnalyzer: analyze: result status=THROTTLED, code=null, source=null
09-02 11:28:47.347 28186 28475 D DpmFrameAnalyzer: analyze: frame received, format=35, size=1440x1080, rotation=90
09-02 11:28:47.348 28186 28186 D DpmAnalyzer: Stage1: MISS
09-02 11:28:47.348 28186 28186 D DpmAnalyzer: scanRoi present, skipping full-image stages
09-02 11:28:47.348 28186 28186 D DpmAnalyzer: analyze: decodedCode=null
09-02 11:28:47.348 28186 28186 D DpmFrameAnalyzer: analyze: result status=NO_CODE, code=null, source=null
09-02 11:28:47.434 28186 28475 D DpmFrameAnalyzer: analyze: bitmap converted, size=1080x1440, scanRoi=Rect(189, 369 - 891, 1071)
09-02 11:28:47.434 28186 28186 D DpmAnalyzer: analyze: frame=1080x1440, roi=Rect(189, 369 - 891, 1071), focus=FOCUSED, mode=SCAN
09-02 11:28:47.434 28186 28186 D DpmAnalyzer: analyze: THROTTLED by timing gate
09-02 11:28:47.434 28186 28186 D DpmFrameAnalyzer: analyze: result status=THROTTLED, code=null, source=null
09-02 11:28:47.435 28186 28475 D DpmFrameAnalyzer: analyze: frame received, format=35, size=1440x1080, rotation=90
09-02 11:28:47.508 28186 28475 D DpmFrameAnalyzer: analyze: bitmap converted, size=1080x1440, scanRoi=Rect(189, 369 - 891, 1071)
09-02 11:28:47.509 28186 28186 D DpmAnalyzer: analyze: frame=1080x1440, roi=Rect(189, 369 - 891, 1071), focus=FOCUSED, mode=SCAN
09-02 11:28:47.509 28186 28186 D DpmAnalyzer: analyze: THROTTLED by timing gate
09-02 11:28:47.509 28186 28186 D DpmFrameAnalyzer: analyze: result status=THROTTLED, code=null, source=null
09-02 11:28:47.509 28186 28475 D DpmFrameAnalyzer: analyze: frame received, format=35, size=1440x1080, rotation=90
09-02 11:28:47.590 28186 28475 D DpmFrameAnalyzer: analyze: bitmap converted, size=1080x1440, scanRoi=Rect(189, 369 - 891, 1071)
09-02 11:28:47.590 28186 28186 D DpmAnalyzer: analyze: frame=1080x1440, roi=Rect(189, 369 - 891, 1071), focus=FOCUSED, mode=SCAN
09-02 11:28:47.591 28186 28186 D DpmAnalyzer: analyze: starting performMultiStrategyDecode
09-02 11:28:47.591 28186 28186 D DpmAnalyzer: performMultiStrategyDecode: frame=1080x1440, roi=Rect(189, 369 - 891, 1071), strategies=1
09-02 11:28:47.591 28186 28475 D DpmFrameAnalyzer: analyze: frame received, format=35, size=1440x1080, rotation=90
09-02 11:28:47.616 28186 28186 D DpmAnalyzer: Stage1: ROI 702x702 → scaled 400x400
09-02 11:28:47.684 28186 28475 D DpmFrameAnalyzer: analyze: bitmap converted, size=1080x1440, scanRoi=Rect(189, 369 - 891, 1071)
09-02 11:28:47.685 28186 28186 D DpmAnalyzer: analyze: frame=1080x1440, roi=Rect(189, 369 - 891, 1071), focus=FOCUSED, mode=SCAN
09-02 11:28:47.685 28186 28186 D DpmAnalyzer: analyze: THROTTLED (already running)
09-02 11:28:47.685 28186 28186 D DpmFrameAnalyzer: analyze: result status=THROTTLED, code=null, source=null
09-02 11:28:47.685 28186 28475 D DpmFrameAnalyzer: analyze: frame received, format=35, size=1440x1080, rotation=90
09-02 11:28:47.703 28186 28186 D DpmAnalyzer: Stage1: MISS
09-02 11:28:47.704 28186 28186 D DpmAnalyzer: scanRoi present, skipping full-image stages
09-02 11:28:47.704 28186 28186 D DpmAnalyzer: analyze: decodedCode=null
09-02 11:28:47.704 28186 28186 D DpmFrameAnalyzer: analyze: result status=NO_CODE, code=null, source=null
09-02 11:28:47.776 28186 28475 D DpmFrameAnalyzer: analyze: bitmap converted, size=1080x1440, scanRoi=Rect(189, 369 - 891, 1071)
09-02 11:28:47.776 28186 28186 D DpmAnalyzer: analyze: frame=1080x1440, roi=Rect(189, 369 - 891, 1071), focus=FOCUSED, mode=SCAN
09-02 11:28:47.776 28186 28186 D DpmAnalyzer: analyze: THROTTLED by timing gate
09-02 11:28:47.776 28186 28186 D DpmFrameAnalyzer: analyze: result status=THROTTLED, code=null, source=null
09-02 11:28:47.777 28186 28475 D DpmFrameAnalyzer: analyze: frame received, format=35, size=1440x1080, rotation=90
09-02 11:28:47.868 28186 28475 D DpmFrameAnalyzer: analyze: bitmap converted, size=1080x1440, scanRoi=Rect(189, 369 - 891, 1071)
09-02 11:28:47.868 28186 28186 D DpmAnalyzer: analyze: frame=1080x1440, roi=Rect(189, 369 - 891, 1071), focus=FOCUSED, mode=SCAN
09-02 11:28:47.869 28186 28186 D DpmAnalyzer: analyze: THROTTLED by timing gate
09-02 11:28:47.869 28186 28186 D DpmFrameAnalyzer: analyze: result status=THROTTLED, code=null, source=null
09-02 11:28:47.869 28186 28475 D DpmFrameAnalyzer: analyze: frame received, format=35, size=1440x1080, rotation=90
09-02 11:28:47.937 28186 28475 D DpmFrameAnalyzer: analyze: bitmap converted, size=1080x1440, scanRoi=Rect(189, 369 - 891, 1071)
09-02 11:28:47.938 28186 28186 D DpmAnalyzer: analyze: frame=1080x1440, roi=Rect(189, 369 - 891, 1071), focus=FOCUSED, mode=SCAN
09-02 11:28:47.938 28186 28186 D DpmAnalyzer: analyze: starting performMultiStrategyDecode
09-02 11:28:47.938 28186 28186 D DpmAnalyzer: performMultiStrategyDecode: frame=1080x1440, roi=Rect(189, 369 - 891, 1071), strategies=1
09-02 11:28:47.938 28186 28475 D DpmFrameAnalyzer: analyze: frame received, format=35, size=1440x1080, rotation=90
09-02 11:28:47.951 28186 28186 D DpmAnalyzer: Stage1: ROI 702x702 → scaled 400x400
09-02 11:28:47.984 28186 28186 D DpmAnalyzer: Stage1: MISS
09-02 11:28:47.984 28186 28186 D DpmAnalyzer: scanRoi present, skipping full-image stages
09-02 11:28:47.984 28186 28186 D DpmAnalyzer: analyze: decodedCode=null
09-02 11:28:47.985 28186 28186 D DpmFrameAnalyzer: analyze: result status=NO_CODE, code=null, source=null
09-02 11:28:48.008 28186 28475 D DpmFrameAnalyzer: analyze: bitmap converted, size=1080x1440, scanRoi=Rect(189, 369 - 891, 1071)
09-02 11:28:48.008 28186 28186 D DpmAnalyzer: analyze: frame=1080x1440, roi=Rect(189, 369 - 891, 1071), focus=FOCUSED, mode=SCAN
09-02 11:28:48.008 28186 28186 D DpmAnalyzer: analyze: THROTTLED by timing gate
09-02 11:28:48.008 28186 28186 D DpmFrameAnalyzer: analyze: result status=THROTTLED, code=null, source=null
09-02 11:28:48.008 28186 28475 D DpmFrameAnalyzer: analyze: frame received, format=35, size=1440x1080, rotation=90
09-02 11:28:48.090 28186 28475 D DpmFrameAnalyzer: analyze: bitmap converted, size=1080x1440, scanRoi=Rect(189, 369 - 891, 1071)
09-02 11:28:48.090 28186 28186 D DpmAnalyzer: analyze: frame=1080x1440, roi=Rect(189, 369 - 891, 1071), focus=FOCUSED, mode=SCAN
09-02 11:28:48.090 28186 28186 D DpmAnalyzer: analyze: THROTTLED by timing gate
09-02 11:28:48.091 28186 28186 D DpmFrameAnalyzer: analyze: result status=THROTTLED, code=null, source=null
09-02 11:28:48.091 28186 28475 D DpmFrameAnalyzer: analyze: frame received, format=35, size=1440x1080, rotation=90
09-02 11:28:48.156 28186 28475 D DpmFrameAnalyzer: analyze: bitmap converted, size=1080x1440, scanRoi=Rect(189, 369 - 891, 1071)
09-02 11:28:48.157 28186 28186 D DpmAnalyzer: analyze: frame=1080x1440, roi=Rect(189, 369 - 891, 1071), focus=FOCUSED, mode=SCAN
09-02 11:28:48.157 28186 28186 D DpmAnalyzer: analyze: THROTTLED by timing gate
09-02 11:28:48.157 28186 28186 D DpmFrameAnalyzer: analyze: result status=THROTTLED, code=null, source=null
09-02 11:28:48.157 28186 28475 D DpmFrameAnalyzer: analyze: frame received, format=35, size=1440x1080, rotation=90
09-02 11:28:48.225 28186 28475 D DpmFrameAnalyzer: analyze: bitmap converted, size=1080x1440, scanRoi=Rect(189, 369 - 891, 1071)
09-02 11:28:48.225 28186 28186 D DpmAnalyzer: analyze: frame=1080x1440, roi=Rect(189, 369 - 891, 1071), focus=FOCUSED, mode=SCAN
09-02 11:28:48.225 28186 28186 D DpmAnalyzer: analyze: starting performMultiStrategyDecode
09-02 11:28:48.225 28186 28186 D DpmAnalyzer: performMultiStrategyDecode: frame=1080x1440, roi=Rect(189, 369 - 891, 1071), strategies=1
09-02 11:28:48.225 28186 28475 D DpmFrameAnalyzer: analyze: frame received, format=35, size=1440x1080, rotation=90
09-02 11:28:48.230 28186 28186 D DpmAnalyzer: Stage1: ROI 702x702 → scaled 400x400
09-02 11:28:48.293 28186 28186 D DpmAnalyzer: Stage1: MISS
09-02 11:28:48.293 28186 28186 D DpmAnalyzer: scanRoi present, skipping full-image stages
09-02 11:28:48.293 28186 28186 D DpmAnalyzer: analyze: decodedCode=null
09-02 11:28:48.294 28186 28186 D DpmFrameAnalyzer: analyze: result status=NO_CODE, code=null, source=null
09-02 11:28:48.296 28186 28475 D DpmFrameAnalyzer: analyze: bitmap converted, size=1080x1440, scanRoi=Rect(189, 369 - 891, 1071)
09-02 11:28:48.297 28186 28186 D DpmAnalyzer: analyze: frame=1080x1440, roi=Rect(189, 369 - 891, 1071), focus=FOCUSED, mode=SCAN
09-02 11:28:48.297 28186 28186 D DpmAnalyzer: analyze: THROTTLED by timing gate
09-02 11:28:48.297 28186 28186 D DpmFrameAnalyzer: analyze: result status=THROTTLED, code=null, source=null
09-02 11:28:48.297 28186 28475 D DpmFrameAnalyzer: analyze: frame received, format=35, size=1440x1080, rotation=90
09-02 11:28:48.379 28186 28475 D DpmFrameAnalyzer: analyze: bitmap converted, size=1080x1440, scanRoi=Rect(189, 369 - 891, 1071)
09-02 11:28:48.379 28186 28186 D DpmAnalyzer: analyze: frame=1080x1440, roi=Rect(189, 369 - 891, 1071), focus=FOCUSED, mode=SCAN
09-02 11:28:48.379 28186 28186 D DpmAnalyzer: analyze: THROTTLED by timing gate
09-02 11:28:48.379 28186 28186 D DpmFrameAnalyzer: analyze: result status=THROTTLED, code=null, source=null
09-02 11:28:48.380 28186 28475 D DpmFrameAnalyzer: analyze: frame received, format=35, size=1440x1080, rotation=90
09-02 11:28:48.451 28186 28475 D DpmFrameAnalyzer: analyze: bitmap converted, size=1080x1440, scanRoi=Rect(189, 369 - 891, 1071)
09-02 11:28:48.452 28186 28186 D DpmAnalyzer: analyze: frame=1080x1440, roi=Rect(189, 369 - 891, 1071), focus=FOCUSED, mode=SCAN
09-02 11:28:48.452 28186 28186 D DpmAnalyzer: analyze: THROTTLED by timing gate
09-02 11:28:48.452 28186 28186 D DpmFrameAnalyzer: analyze: result status=THROTTLED, code=null, source=null
09-02 11:28:48.452 28186 28475 D DpmFrameAnalyzer: analyze: frame received, format=35, size=1440x1080, rotation=90
09-02 11:28:48.518 28186 28475 D DpmFrameAnalyzer: analyze: bitmap converted, size=1080x1440, scanRoi=Rect(189, 369 - 891, 1071)
09-02 11:28:48.519 28186 28186 D DpmAnalyzer: analyze: frame=1080x1440, roi=Rect(189, 369 - 891, 1071), focus=FOCUSED, mode=SCAN
09-02 11:28:48.519 28186 28186 D DpmAnalyzer: analyze: starting performMultiStrategyDecode
09-02 11:28:48.519 28186 28186 D DpmAnalyzer: performMultiStrategyDecode: frame=1080x1440, roi=Rect(189, 369 - 891, 1071), strategies=1
09-02 11:28:48.519 28186 28475 D DpmFrameAnalyzer: analyze: frame received, format=35, size=1440x1080, rotation=90
09-02 11:28:48.541 28186 28186 D DpmAnalyzer: Stage1: ROI 702x702 → scaled 400x400
09-02 11:28:48.592 28186 28475 D DpmFrameAnalyzer: analyze: bitmap converted, size=1080x1440, scanRoi=Rect(189, 369 - 891, 1071)
09-02 11:28:48.592 28186 28186 D DpmAnalyzer: analyze: frame=1080x1440, roi=Rect(189, 369 - 891, 1071), focus=FOCUSED, mode=SCAN
09-02 11:28:48.592 28186 28186 D DpmAnalyzer: analyze: THROTTLED (already running)
09-02 11:28:48.592 28186 28186 D DpmFrameAnalyzer: analyze: result status=THROTTLED, code=null, source=null
09-02 11:28:48.592 28186 28475 D DpmFrameAnalyzer: analyze: frame received, format=35, size=1440x1080, rotation=90
09-02 11:28:48.595 28186 28186 D DpmAnalyzer: Stage1: MISS
09-02 11:28:48.595 28186 28186 D DpmAnalyzer: scanRoi present, skipping full-image stages
09-02 11:28:48.595 28186 28186 D DpmAnalyzer: analyze: decodedCode=null
09-02 11:28:48.595 28186 28186 D DpmFrameAnalyzer: analyze: result status=NO_CODE, code=null, source=null
09-02 11:28:48.680 28186 28475 D DpmFrameAnalyzer: analyze: bitmap converted, size=1080x1440, scanRoi=Rect(189, 369 - 891, 1071)
09-02 11:28:48.681 28186 28186 D DpmAnalyzer: analyze: frame=1080x1440, roi=Rect(189, 369 - 891, 1071), focus=FOCUSED, mode=SCAN
09-02 11:28:48.681 28186 28186 D DpmAnalyzer: analyze: THROTTLED by timing gate
09-02 11:28:48.681 28186 28186 D DpmFrameAnalyzer: analyze: result status=THROTTLED, code=null, source=null
09-02 11:28:48.681 28186 28475 D DpmFrameAnalyzer: analyze: frame received, format=35, size=1440x1080, rotation=90
09-02 11:28:48.762 28186 28475 D DpmFrameAnalyzer: analyze: bitmap converted, size=1080x1440, scanRoi=Rect(189, 369 - 891, 1071)
09-02 11:28:48.762 28186 28186 D DpmAnalyzer: analyze: frame=1080x1440, roi=Rect(189, 369 - 891, 1071), focus=FOCUSED, mode=SCAN
09-02 11:28:48.762 28186 28186 D DpmAnalyzer: analyze: THROTTLED by timing gate
09-02 11:28:48.762 28186 28186 D DpmFrameAnalyzer: analyze: result status=THROTTLED, code=null, source=null
09-02 11:28:48.762 28186 28475 D DpmFrameAnalyzer: analyze: frame received, format=35, size=1440x1080, rotation=90
09-02 11:28:48.829 28186 28475 D DpmFrameAnalyzer: analyze: bitmap converted, size=1080x1440, scanRoi=Rect(189, 369 - 891, 1071)
09-02 11:28:48.830 28186 28186 D DpmAnalyzer: analyze: frame=1080x1440, roi=Rect(189, 369 - 891, 1071), focus=FOCUSED, mode=SCAN
09-02 11:28:48.830 28186 28186 D DpmAnalyzer: analyze: starting performMultiStrategyDecode
09-02 11:28:48.830 28186 28186 D DpmAnalyzer: performMultiStrategyDecode: frame=1080x1440, roi=Rect(189, 369 - 891, 1071), strategies=1
09-02 11:28:48.830 28186 28475 D DpmFrameAnalyzer: analyze: frame received, format=35, size=1440x1080, rotation=90
09-02 11:28:48.841 28186 28186 D DpmAnalyzer: Stage1: ROI 702x702 → scaled 400x400
09-02 11:28:48.903 28186 28475 D DpmFrameAnalyzer: analyze: bitmap converted, size=1080x1440, scanRoi=Rect(189, 369 - 891, 1071)
09-02 11:28:48.904 28186 28475 D DpmFrameAnalyzer: analyze: frame received, format=35, size=1440x1080, rotation=90
09-02 11:28:48.919 28186 28186 D DpmAnalyzer: Stage1: MISS
09-02 11:28:48.919 28186 28186 D DpmAnalyzer: scanRoi present, skipping full-image stages
09-02 11:28:48.919 28186 28186 D DpmAnalyzer: analyze: decodedCode=null
09-02 11:28:48.919 28186 28186 D DpmFrameAnalyzer: analyze: result status=NO_CODE, code=null, source=null
09-02 11:28:48.920 28186 28186 D DpmAnalyzer: analyze: frame=1080x1440, roi=Rect(189, 369 - 891, 1071), focus=FOCUSED, mode=SCAN
09-02 11:28:48.920 28186 28186 D DpmAnalyzer: analyze: THROTTLED by timing gate
09-02 11:28:48.920 28186 28186 D DpmFrameAnalyzer: analyze: result status=THROTTLED, code=null, source=null
09-02 11:28:48.992 28186 28475 D DpmFrameAnalyzer: analyze: bitmap converted, size=1080x1440, scanRoi=Rect(189, 369 - 891, 1071)
09-02 11:28:48.993 28186 28186 D DpmAnalyzer: analyze: frame=1080x1440, roi=Rect(189, 369 - 891, 1071), focus=FOCUSED, mode=SCAN
09-02 11:28:48.993 28186 28186 D DpmAnalyzer: analyze: THROTTLED by timing gate
09-02 11:28:48.993 28186 28186 D DpmFrameAnalyzer: analyze: result status=THROTTLED, code=null, source=null
09-02 11:28:48.993 28186 28475 D DpmFrameAnalyzer: analyze: frame received, format=35, size=1440x1080, rotation=90
09-02 11:28:49.065 28186 28475 D DpmFrameAnalyzer: analyze: bitmap converted, size=1080x1440, scanRoi=Rect(189, 369 - 891, 1071)
09-02 11:28:49.065 28186 28186 D DpmAnalyzer: analyze: frame=1080x1440, roi=Rect(189, 369 - 891, 1071), focus=FOCUSED, mode=SCAN
09-02 11:28:49.066 28186 28186 D DpmAnalyzer: analyze: THROTTLED by timing gate
09-02 11:28:49.066 28186 28186 D DpmFrameAnalyzer: analyze: result status=THROTTLED, code=null, source=null
09-02 11:28:49.066 28186 28475 D DpmFrameAnalyzer: analyze: frame received, format=35, size=1440x1080, rotation=90
09-02 11:28:49.131 28186 28475 D DpmFrameAnalyzer: analyze: bitmap converted, size=1080x1440, scanRoi=Rect(189, 369 - 891, 1071)
09-02 11:28:49.131 28186 28186 D DpmAnalyzer: analyze: frame=1080x1440, roi=Rect(189, 369 - 891, 1071), focus=FOCUSED, mode=SCAN
09-02 11:28:49.131 28186 28186 D DpmAnalyzer: analyze: starting performMultiStrategyDecode
09-02 11:28:49.131 28186 28186 D DpmAnalyzer: performMultiStrategyDecode: frame=1080x1440, roi=Rect(189, 369 - 891, 1071), strategies=1
09-02 11:28:49.132 28186 28475 D DpmFrameAnalyzer: analyze: frame received, format=35, size=1440x1080, rotation=90
09-02 11:28:49.141 28186 28186 D DpmAnalyzer: Stage1: ROI 702x702 → scaled 400x400
09-02 11:28:49.180 28186 28186 D DpmAnalyzer: Stage1: MISS
09-02 11:28:49.181 28186 28186 D DpmAnalyzer: scanRoi present, skipping full-image stages
09-02 11:28:49.181 28186 28186 D DpmAnalyzer: analyze: decodedCode=null
09-02 11:28:49.181 28186 28186 D DpmFrameAnalyzer: analyze: result status=NO_CODE, code=null, source=null
09-02 11:28:49.203 28186 28475 D DpmFrameAnalyzer: analyze: bitmap converted, size=1080x1440, scanRoi=Rect(189, 369 - 891, 1071)
09-02 11:28:49.203 28186 28186 D DpmAnalyzer: analyze: frame=1080x1440, roi=Rect(189, 369 - 891, 1071), focus=FOCUSED, mode=SCAN
09-02 11:28:49.203 28186 28186 D DpmAnalyzer: analyze: THROTTLED by timing gate
09-02 11:28:49.203 28186 28186 D DpmFrameAnalyzer: analyze: result status=THROTTLED, code=null, source=null
09-02 11:28:49.204 28186 28475 D DpmFrameAnalyzer: analyze: frame received, format=35, size=1440x1080, rotation=90
09-02 11:28:49.277 28186 28475 D DpmFrameAnalyzer: analyze: bitmap converted, size=1080x1440, scanRoi=Rect(189, 369 - 891, 1071)
09-02 11:28:49.278 28186 28186 D DpmAnalyzer: analyze: frame=1080x1440, roi=Rect(189, 369 - 891, 1071), focus=FOCUSED, mode=SCAN
09-02 11:28:49.278 28186 28186 D DpmAnalyzer: analyze: THROTTLED by timing gate
09-02 11:28:49.278 28186 28186 D DpmFrameAnalyzer: analyze: result status=THROTTLED, code=null, source=null
09-02 11:28:49.278 28186 28475 D DpmFrameAnalyzer: analyze: frame received, format=35, size=1440x1080, rotation=90
09-02 11:28:49.363 28186 28475 D DpmFrameAnalyzer: analyze: bitmap converted, size=1080x1440, scanRoi=Rect(189, 369 - 891, 1071)
09-02 11:28:49.364 28186 28186 D DpmAnalyzer: analyze: frame=1080x1440, roi=Rect(189, 369 - 891, 1071), focus=FOCUSED, mode=SCAN
09-02 11:28:49.364 28186 28186 D DpmAnalyzer: analyze: THROTTLED by timing gate
09-02 11:28:49.364 28186 28186 D DpmFrameAnalyzer: analyze: result status=THROTTLED, code=null, source=null
09-02 11:28:49.364 28186 28475 D DpmFrameAnalyzer: analyze: frame received, format=35, size=1440x1080, rotation=90
09-02 11:28:49.435 28186 28475 D DpmFrameAnalyzer: analyze: bitmap converted, size=1080x1440, scanRoi=Rect(189, 369 - 891, 1071)
09-02 11:28:49.435 28186 28186 D DpmAnalyzer: analyze: frame=1080x1440, roi=Rect(189, 369 - 891, 1071), focus=FOCUSED, mode=SCAN
09-02 11:28:49.436 28186 28186 D DpmAnalyzer: analyze: starting performMultiStrategyDecode
09-02 11:28:49.436 28186 28186 D DpmAnalyzer: performMultiStrategyDecode: frame=1080x1440, roi=Rect(189, 369 - 891, 1071), strategies=1
09-02 11:28:49.436 28186 28475 D DpmFrameAnalyzer: analyze: frame received, format=35, size=1440x1080, rotation=90
09-02 11:28:49.456 28186 28186 D DpmAnalyzer: Stage1: ROI 702x702 → scaled 400x400
09-02 11:28:49.504 28186 28475 D DpmFrameAnalyzer: analyze: bitmap converted, size=1080x1440, scanRoi=Rect(189, 369 - 891, 1071)
09-02 11:28:49.504 28186 28186 D DpmAnalyzer: analyze: frame=1080x1440, roi=Rect(189, 369 - 891, 1071), focus=FOCUSED, mode=SCAN
09-02 11:28:49.504 28186 28186 D DpmAnalyzer: analyze: THROTTLED (already running)
09-02 11:28:49.504 28186 28186 D DpmFrameAnalyzer: analyze: result status=THROTTLED, code=null, source=null
09-02 11:28:49.506 28186 28475 D DpmFrameAnalyzer: analyze: frame received, format=35, size=1440x1080, rotation=90
09-02 11:28:49.510 28186 28186 D DpmAnalyzer: Stage1: MISS
09-02 11:28:49.510 28186 28186 D DpmAnalyzer: scanRoi present, skipping full-image stages
09-02 11:28:49.510 28186 28186 D DpmAnalyzer: analyze: decodedCode=null
09-02 11:28:49.510 28186 28186 D DpmFrameAnalyzer: analyze: result status=NO_CODE, code=null, source=null
09-02 11:28:49.595 28186 28475 D DpmFrameAnalyzer: analyze: bitmap converted, size=1080x1440, scanRoi=Rect(189, 369 - 891, 1071)
09-02 11:28:49.595 28186 28186 D DpmAnalyzer: analyze: frame=1080x1440, roi=Rect(189, 369 - 891, 1071), focus=FOCUSED, mode=SCAN
09-02 11:28:49.595 28186 28186 D DpmAnalyzer: analyze: THROTTLED by timing gate
09-02 11:28:49.595 28186 28186 D DpmFrameAnalyzer: analyze: result status=THROTTLED, code=null, source=null
09-02 11:28:49.597 28186 28475 D DpmFrameAnalyzer: analyze: frame received, format=35, size=1440x1080, rotation=90
09-02 11:28:49.671 28186 28475 D DpmFrameAnalyzer: analyze: bitmap converted, size=1080x1440, scanRoi=Rect(189, 369 - 891, 1071)
09-02 11:28:49.671 28186 28186 D DpmAnalyzer: analyze: frame=1080x1440, roi=Rect(189, 369 - 891, 1071), focus=FOCUSED, mode=SCAN
09-02 11:28:49.671 28186 28186 D DpmAnalyzer: analyze: THROTTLED by timing gate
09-02 11:28:49.671 28186 28186 D DpmFrameAnalyzer: analyze: result status=THROTTLED, code=null, source=null
09-02 11:28:49.671 28186 28475 D DpmFrameAnalyzer: analyze: frame received, format=35, size=1440x1080, rotation=90
09-02 11:28:49.737 28186 28475 D DpmFrameAnalyzer: analyze: bitmap converted, size=1080x1440, scanRoi=Rect(189, 369 - 891, 1071)
09-02 11:28:49.737 28186 28186 D DpmAnalyzer: analyze: frame=1080x1440, roi=Rect(189, 369 - 891, 1071), focus=FOCUSED, mode=SCAN
09-02 11:28:49.737 28186 28186 D DpmAnalyzer: analyze: starting performMultiStrategyDecode
09-02 11:28:49.737 28186 28186 D DpmAnalyzer: performMultiStrategyDecode: frame=1080x1440, roi=Rect(189, 369 - 891, 1071), strategies=1
09-02 11:28:49.737 28186 28475 D DpmFrameAnalyzer: analyze: frame received, format=35, size=1440x1080, rotation=90
09-02 11:28:49.747 28186 28186 D DpmAnalyzer: Stage1: ROI 702x702 → scaled 400x400
09-02 11:28:49.805 28186 28186 D DpmAnalyzer: Stage1: MISS
09-02 11:28:49.805 28186 28186 D DpmAnalyzer: scanRoi present, skipping full-image stages
09-02 11:28:49.805 28186 28186 D DpmAnalyzer: analyze: decodedCode=null
09-02 11:28:49.805 28186 28186 D DpmFrameAnalyzer: analyze: result status=NO_CODE, code=null, source=null
09-02 11:28:49.810 28186 28475 D DpmFrameAnalyzer: analyze: bitmap converted, size=1080x1440, scanRoi=Rect(189, 369 - 891, 1071)
09-02 11:28:49.810 28186 28186 D DpmAnalyzer: analyze: frame=1080x1440, roi=Rect(189, 369 - 891, 1071), focus=FOCUSED, mode=SCAN
09-02 11:28:49.810 28186 28186 D DpmAnalyzer: analyze: THROTTLED by timing gate
09-02 11:28:49.810 28186 28186 D DpmFrameAnalyzer: analyze: result status=THROTTLED, code=null, source=null
09-02 11:28:49.811 28186 28475 D DpmFrameAnalyzer: analyze: frame received, format=35, size=1440x1080, rotation=90
09-02 11:28:49.901 28186 28475 D DpmFrameAnalyzer: analyze: bitmap converted, size=1080x1440, scanRoi=Rect(189, 369 - 891, 1071)
09-02 11:28:49.901 28186 28186 D DpmAnalyzer: analyze: frame=1080x1440, roi=Rect(189, 369 - 891, 1071), focus=FOCUSED, mode=SCAN
09-02 11:28:49.901 28186 28186 D DpmAnalyzer: analyze: THROTTLED by timing gate
09-02 11:28:49.901 28186 28186 D DpmFrameAnalyzer: analyze: result status=THROTTLED, code=null, source=null
09-02 11:28:49.901 28186 28475 D DpmFrameAnalyzer: analyze: frame received, format=35, size=1440x1080, rotation=90
09-02 11:28:49.980 28186 28475 D DpmFrameAnalyzer: analyze: bitmap converted, size=1080x1440, scanRoi=Rect(189, 369 - 891, 1071)
09-02 11:28:49.980 28186 28186 D DpmAnalyzer: analyze: frame=1080x1440, roi=Rect(189, 369 - 891, 1071), focus=FOCUSED, mode=SCAN
09-02 11:28:49.980 28186 28186 D DpmAnalyzer: analyze: THROTTLED by timing gate
09-02 11:28:49.980 28186 28186 D DpmFrameAnalyzer: analyze: result status=THROTTLED, code=null, source=null
09-02 11:28:49.981 28186 28475 D DpmFrameAnalyzer: analyze: frame received, format=35, size=1440x1080, rotation=90
09-02 11:28:50.046 28186 28475 D DpmFrameAnalyzer: analyze: bitmap converted, size=1080x1440, scanRoi=Rect(189, 369 - 891, 1071)
09-02 11:28:50.046 28186 28186 D DpmAnalyzer: analyze: frame=1080x1440, roi=Rect(189, 369 - 891, 1071), focus=FOCUSED, mode=SCAN
09-02 11:28:50.046 28186 28186 D DpmAnalyzer: analyze: starting performMultiStrategyDecode
09-02 11:28:50.046 28186 28186 D DpmAnalyzer: performMultiStrategyDecode: frame=1080x1440, roi=Rect(189, 369 - 891, 1071), strategies=1
09-02 11:28:50.047 28186 28475 D DpmFrameAnalyzer: analyze: frame received, format=35, size=1440x1080, rotation=90
09-02 11:28:50.062 28186 28186 D DpmAnalyzer: Stage1: ROI 702x702 → scaled 400x400
09-02 11:28:50.119 28186 28475 D DpmFrameAnalyzer: analyze: bitmap converted, size=1080x1440, scanRoi=Rect(189, 369 - 891, 1071)
09-02 11:28:50.120 28186 28475 D DpmFrameAnalyzer: analyze: frame received, format=35, size=1440x1080, rotation=90
09-02 11:28:50.121 28186 28186 D DpmAnalyzer: analyze: frame=1080x1440, roi=Rect(189, 369 - 891, 1071), focus=FOCUSED, mode=SCAN
09-02 11:28:50.121 28186 28186 D DpmAnalyzer: analyze: THROTTLED (already running)
09-02 11:28:50.121 28186 28186 D DpmFrameAnalyzer: analyze: result status=THROTTLED, code=null, source=null
09-02 11:28:50.150 28186 28186 D DpmAnalyzer: Stage1: MISS
09-02 11:28:50.150 28186 28186 D DpmAnalyzer: scanRoi present, skipping full-image stages
09-02 11:28:50.150 28186 28186 D DpmAnalyzer: analyze: decodedCode=null
09-02 11:28:50.150 28186 28186 D DpmFrameAnalyzer: analyze: result status=NO_CODE, code=null, source=null
09-02 11:28:50.211 28186 28475 D DpmFrameAnalyzer: analyze: bitmap converted, size=1080x1440, scanRoi=Rect(189, 369 - 891, 1071)
09-02 11:28:50.211 28186 28186 D DpmAnalyzer: analyze: frame=1080x1440, roi=Rect(189, 369 - 891, 1071), focus=FOCUSED, mode=SCAN
09-02 11:28:50.211 28186 28186 D DpmAnalyzer: analyze: THROTTLED by timing gate
09-02 11:28:50.212 28186 28186 D DpmFrameAnalyzer: analyze: result status=THROTTLED, code=null, source=null
09-02 11:28:50.212 28186 28475 D DpmFrameAnalyzer: analyze: frame received, format=35, size=1440x1080, rotation=90
09-02 11:28:50.285 28186 28475 D DpmFrameAnalyzer: analyze: bitmap converted, size=1080x1440, scanRoi=Rect(189, 369 - 891, 1071)
09-02 11:28:50.285 28186 28186 D DpmAnalyzer: analyze: frame=1080x1440, roi=Rect(189, 369 - 891, 1071), focus=FOCUSED, mode=SCAN
09-02 11:28:50.285 28186 28186 D DpmAnalyzer: analyze: THROTTLED by timing gate
09-02 11:28:50.285 28186 28186 D DpmFrameAnalyzer: analyze: result status=THROTTLED, code=null, source=null
09-02 11:28:50.285 28186 28475 D DpmFrameAnalyzer: analyze: frame received, format=35, size=1440x1080, rotation=90
09-02 11:28:50.349 28186 28475 D DpmFrameAnalyzer: analyze: bitmap converted, size=1080x1440, scanRoi=Rect(189, 369 - 891, 1071)
09-02 11:28:50.349 28186 28186 D DpmAnalyzer: analyze: frame=1080x1440, roi=Rect(189, 369 - 891, 1071), focus=FOCUSED, mode=SCAN
09-02 11:28:50.349 28186 28186 D DpmAnalyzer: analyze: THROTTLED by timing gate
09-02 11:28:50.349 28186 28186 D DpmFrameAnalyzer: analyze: result status=THROTTLED, code=null, source=null
09-02 11:28:50.350 28186 28475 D DpmFrameAnalyzer: analyze: frame received, format=35, size=1440x1080, rotation=90
09-02 11:28:50.415 28186 28475 D DpmFrameAnalyzer: analyze: bitmap converted, size=1080x1440, scanRoi=Rect(189, 369 - 891, 1071)
09-02 11:28:50.415 28186 28186 D DpmAnalyzer: analyze: frame=1080x1440, roi=Rect(189, 369 - 891, 1071), focus=FOCUSED, mode=SCAN
09-02 11:28:50.415 28186 28186 D DpmAnalyzer: analyze: starting performMultiStrategyDecode
09-02 11:28:50.415 28186 28186 D DpmAnalyzer: performMultiStrategyDecode: frame=1080x1440, roi=Rect(189, 369 - 891, 1071), strategies=1
09-02 11:28:50.415 28186 28475 D DpmFrameAnalyzer: analyze: frame received, format=35, size=1440x1080, rotation=90
09-02 11:28:50.438 28186 28186 D DpmAnalyzer: Stage1: ROI 702x702 → scaled 400x400
09-02 11:28:50.484 28186 28475 D DpmFrameAnalyzer: analyze: bitmap converted, size=1080x1440, scanRoi=Rect(189, 369 - 891, 1071)
09-02 11:28:50.484 28186 28186 D DpmAnalyzer: analyze: frame=1080x1440, roi=Rect(189, 369 - 891, 1071), focus=FOCUSED, mode=SCAN
09-02 11:28:50.485 28186 28186 D DpmAnalyzer: analyze: THROTTLED (already running)
09-02 11:28:50.485 28186 28186 D DpmFrameAnalyzer: analyze: result status=THROTTLED, code=null, source=null
09-02 11:28:50.485 28186 28475 D DpmFrameAnalyzer: analyze: frame received, format=35, size=1440x1080, rotation=90
09-02 11:28:50.487 28186 28186 D DpmAnalyzer: Stage1: MISS
09-02 11:28:50.487 28186 28186 D DpmAnalyzer: scanRoi present, skipping full-image stages
09-02 11:28:50.488 28186 28186 D DpmAnalyzer: analyze: decodedCode=null
09-02 11:28:50.488 28186 28186 D DpmFrameAnalyzer: analyze: result status=NO_CODE, code=null, source=null
09-02 11:28:50.563 28186 28475 D DpmFrameAnalyzer: analyze: bitmap converted, size=1080x1440, scanRoi=Rect(189, 369 - 891, 1071)
09-02 11:28:50.563 28186 28186 D DpmAnalyzer: analyze: frame=1080x1440, roi=Rect(189, 369 - 891, 1071), focus=FOCUSED, mode=SCAN
09-02 11:28:50.563 28186 28186 D DpmAnalyzer: analyze: THROTTLED by timing gate
09-02 11:28:50.563 28186 28186 D DpmFrameAnalyzer: analyze: result status=THROTTLED, code=null, source=null
09-02 11:28:50.564 28186 28475 D DpmFrameAnalyzer: analyze: frame received, format=35, size=1440x1080, rotation=90
09-02 11:28:50.634 28186 28475 D DpmFrameAnalyzer: analyze: bitmap converted, size=1080x1440, scanRoi=Rect(189, 369 - 891, 1071)
09-02 11:28:50.634 28186 28186 D DpmAnalyzer: analyze: frame=1080x1440, roi=Rect(189, 369 - 891, 1071), focus=FOCUSED, mode=SCAN
09-02 11:28:50.634 28186 28186 D DpmAnalyzer: analyze: THROTTLED by timing gate
09-02 11:28:50.634 28186 28186 D DpmFrameAnalyzer: analyze: result status=THROTTLED, code=null, source=null
09-02 11:28:50.634 28186 28475 D DpmFrameAnalyzer: analyze: frame received, format=35, size=1440x1080, rotation=90
09-02 11:28:50.697 28186 28475 D DpmFrameAnalyzer: analyze: bitmap converted, size=1080x1440, scanRoi=Rect(189, 369 - 891, 1071)
09-02 11:28:50.698 28186 28186 D DpmAnalyzer: analyze: frame=1080x1440, roi=Rect(189, 369 - 891, 1071), focus=FOCUSED, mode=SCAN
09-02 11:28:50.698 28186 28186 D DpmAnalyzer: analyze: starting performMultiStrategyDecode
09-02 11:28:50.698 28186 28186 D DpmAnalyzer: performMultiStrategyDecode: frame=1080x1440, roi=Rect(189, 369 - 891, 1071), strategies=1
09-02 11:28:50.698 28186 28475 D DpmFrameAnalyzer: analyze: frame received, format=35, size=1440x1080, rotation=90
09-02 11:28:50.720 28186 28186 D DpmAnalyzer: Stage1: ROI 702x702 → scaled 400x400
09-02 11:28:50.764 28186 28475 D DpmFrameAnalyzer: analyze: bitmap converted, size=1080x1440, scanRoi=Rect(189, 369 - 891, 1071)
09-02 11:28:50.765 28186 28475 D DpmFrameAnalyzer: analyze: frame received, format=35, size=1440x1080, rotation=90
09-02 11:28:50.766 28186 28186 D DpmAnalyzer: analyze: frame=1080x1440, roi=Rect(189, 369 - 891, 1071), focus=FOCUSED, mode=SCAN
09-02 11:28:50.766 28186 28186 D DpmAnalyzer: analyze: THROTTLED (already running)
09-02 11:28:50.766 28186 28186 D DpmFrameAnalyzer: analyze: result status=THROTTLED, code=null, source=null
09-02 11:28:50.773 28186 28186 D DpmAnalyzer: Stage1: MISS
09-02 11:28:50.773 28186 28186 D DpmAnalyzer: scanRoi present, skipping full-image stages
09-02 11:28:50.773 28186 28186 D DpmAnalyzer: analyze: decodedCode=null
09-02 11:28:50.773 28186 28186 D DpmFrameAnalyzer: analyze: result status=NO_CODE, code=null, source=null
09-02 11:28:50.851 28186 28475 D DpmFrameAnalyzer: analyze: bitmap converted, size=1080x1440, scanRoi=Rect(189, 369 - 891, 1071)
09-02 11:28:50.852 28186 28186 D DpmAnalyzer: analyze: frame=1080x1440, roi=Rect(189, 369 - 891, 1071), focus=FOCUSED, mode=SCAN
09-02 11:28:50.852 28186 28186 D DpmAnalyzer: analyze: THROTTLED by timing gate
09-02 11:28:50.852 28186 28186 D DpmFrameAnalyzer: analyze: result status=THROTTLED, code=null, source=null
09-02 11:28:50.852 28186 28475 D DpmFrameAnalyzer: analyze: frame received, format=35, size=1440x1080, rotation=90
09-02 11:28:50.925 28186 28475 D DpmFrameAnalyzer: analyze: bitmap converted, size=1080x1440, scanRoi=Rect(189, 369 - 891, 1071)
09-02 11:28:50.926 28186 28186 D DpmAnalyzer: analyze: frame=1080x1440, roi=Rect(189, 369 - 891, 1071), focus=FOCUSED, mode=SCAN
09-02 11:28:50.926 28186 28186 D DpmAnalyzer: analyze: THROTTLED by timing gate
09-02 11:28:50.926 28186 28186 D DpmFrameAnalyzer: analyze: result status=THROTTLED, code=null, source=null
09-02 11:28:50.926 28186 28475 D DpmFrameAnalyzer: analyze: frame received, format=35, size=1440x1080, rotation=90
09-02 11:28:50.994 28186 28475 D DpmFrameAnalyzer: analyze: bitmap converted, size=1080x1440, scanRoi=Rect(189, 369 - 891, 1071)
09-02 11:28:50.995 28186 28186 D DpmAnalyzer: analyze: frame=1080x1440, roi=Rect(189, 369 - 891, 1071), focus=FOCUSED, mode=SCAN
09-02 11:28:50.995 28186 28186 D DpmAnalyzer: analyze: starting performMultiStrategyDecode
09-02 11:28:50.995 28186 28186 D DpmAnalyzer: performMultiStrategyDecode: frame=1080x1440, roi=Rect(189, 369 - 891, 1071), strategies=1
09-02 11:28:50.995 28186 28475 D DpmFrameAnalyzer: analyze: frame received, format=35, size=1440x1080, rotation=90
09-02 11:28:51.016 28186 28186 D DpmAnalyzer: Stage1: ROI 702x702 → scaled 400x400
09-02 11:28:51.061 28186 28475 D DpmFrameAnalyzer: analyze: bitmap converted, size=1080x1440, scanRoi=Rect(189, 369 - 891, 1071)
09-02 11:28:51.061 28186 28186 D DpmAnalyzer: analyze: frame=1080x1440, roi=Rect(189, 369 - 891, 1071), focus=FOCUSED, mode=SCAN
09-02 11:28:51.061 28186 28186 D DpmAnalyzer: analyze: THROTTLED (already running)
09-02 11:28:51.061 28186 28186 D DpmFrameAnalyzer: analyze: result status=THROTTLED, code=null, source=null
09-02 11:28:51.062 28186 28475 D DpmFrameAnalyzer: analyze: frame received, format=35, size=1440x1080, rotation=90
09-02 11:28:51.075 28186 28186 D DpmAnalyzer: Stage1: MISS
09-02 11:28:51.075 28186 28186 D DpmAnalyzer: scanRoi present, skipping full-image stages
09-02 11:28:51.075 28186 28186 D DpmAnalyzer: analyze: decodedCode=null
09-02 11:28:51.075 28186 28186 D DpmFrameAnalyzer: analyze: result status=NO_CODE, code=null, source=null
09-02 11:28:51.142 28186 28475 D DpmFrameAnalyzer: analyze: bitmap converted, size=1080x1440, scanRoi=Rect(189, 369 - 891, 1071)
09-02 11:28:51.143 28186 28186 D DpmAnalyzer: analyze: frame=1080x1440, roi=Rect(189, 369 - 891, 1071), focus=FOCUSED, mode=SCAN
09-02 11:28:51.143 28186 28186 D DpmAnalyzer: analyze: THROTTLED by timing gate
09-02 11:28:51.143 28186 28186 D DpmFrameAnalyzer: analyze: result status=THROTTLED, code=null, source=null
09-02 11:28:51.143 28186 28475 D DpmFrameAnalyzer: analyze: frame received, format=35, size=1440x1080, rotation=90
09-02 11:28:51.222 28186 28475 D DpmFrameAnalyzer: analyze: bitmap converted, size=1080x1440, scanRoi=Rect(189, 369 - 891, 1071)
09-02 11:28:51.223 28186 28186 D DpmAnalyzer: analyze: frame=1080x1440, roi=Rect(189, 369 - 891, 1071), focus=FOCUSED, mode=SCAN
09-02 11:28:51.223 28186 28186 D DpmAnalyzer: analyze: THROTTLED by timing gate
09-02 11:28:51.223 28186 28186 D DpmFrameAnalyzer: analyze: result status=THROTTLED, code=null, source=null
09-02 11:28:51.223 28186 28475 D DpmFrameAnalyzer: analyze: frame received, format=35, size=1440x1080, rotation=90
09-02 11:28:51.290 28186 28475 D DpmFrameAnalyzer: analyze: bitmap converted, size=1080x1440, scanRoi=Rect(189, 369 - 891, 1071)
09-02 11:28:51.290 28186 28186 D DpmAnalyzer: analyze: frame=1080x1440, roi=Rect(189, 369 - 891, 1071), focus=FOCUSED, mode=SCAN
09-02 11:28:51.290 28186 28186 D DpmAnalyzer: analyze: starting performMultiStrategyDecode
09-02 11:28:51.290 28186 28186 D DpmAnalyzer: performMultiStrategyDecode: frame=1080x1440, roi=Rect(189, 369 - 891, 1071), strategies=1
09-02 11:28:51.290 28186 28475 D DpmFrameAnalyzer: analyze: frame received, format=35, size=1440x1080, rotation=90
09-02 11:28:51.299 28186 28186 D DpmAnalyzer: Stage1: ROI 702x702 → scaled 400x400
09-02 11:28:51.355 28186 28475 D DpmFrameAnalyzer: analyze: bitmap converted, size=1080x1440, scanRoi=Rect(189, 369 - 891, 1071)
09-02 11:28:51.355 28186 28475 D DpmFrameAnalyzer: analyze: frame received, format=35, size=1440x1080, rotation=90
09-02 11:28:51.363 28186 28186 D DpmAnalyzer: Stage1: MISS
09-02 11:28:51.363 28186 28186 D DpmAnalyzer: scanRoi present, skipping full-image stages
09-02 11:28:51.363 28186 28186 D DpmAnalyzer: analyze: decodedCode=null
09-02 11:28:51.364 28186 28186 D DpmFrameAnalyzer: analyze: result status=NO_CODE, code=null, source=null
09-02 11:28:51.365 28186 28186 D DpmAnalyzer: analyze: frame=1080x1440, roi=Rect(189, 369 - 891, 1071), focus=FOCUSED, mode=SCAN
09-02 11:28:51.365 28186 28186 D DpmAnalyzer: analyze: THROTTLED by timing gate
09-02 11:28:51.365 28186 28186 D DpmFrameAnalyzer: analyze: result status=THROTTLED, code=null, source=null
09-02 11:28:51.443 28186 28475 D DpmFrameAnalyzer: analyze: bitmap converted, size=1080x1440, scanRoi=Rect(189, 369 - 891, 1071)
09-02 11:28:51.444 28186 28186 D DpmAnalyzer: analyze: frame=1080x1440, roi=Rect(189, 369 - 891, 1071), focus=FOCUSED, mode=SCAN
09-02 11:28:51.444 28186 28186 D DpmAnalyzer: analyze: THROTTLED by timing gate
09-02 11:28:51.444 28186 28186 D DpmFrameAnalyzer: analyze: result status=THROTTLED, code=null, source=null
09-02 11:28:51.444 28186 28475 D DpmFrameAnalyzer: analyze: frame received, format=35, size=1440x1080, rotation=90
09-02 11:28:51.514 28186 28475 D DpmFrameAnalyzer: analyze: bitmap converted, size=1080x1440, scanRoi=Rect(189, 369 - 891, 1071)
09-02 11:28:51.515 28186 28186 D DpmAnalyzer: analyze: frame=1080x1440, roi=Rect(189, 369 - 891, 1071), focus=FOCUSED, mode=SCAN
09-02 11:28:51.515 28186 28186 D DpmAnalyzer: analyze: THROTTLED by timing gate
09-02 11:28:51.515 28186 28186 D DpmFrameAnalyzer: analyze: result status=THROTTLED, code=null, source=null
09-02 11:28:51.515 28186 28475 D DpmFrameAnalyzer: analyze: frame received, format=35, size=1440x1080, rotation=90
09-02 11:28:51.581 28186 28475 D DpmFrameAnalyzer: analyze: bitmap converted, size=1080x1440, scanRoi=Rect(189, 369 - 891, 1071)
09-02 11:28:51.581 28186 28186 D DpmAnalyzer: analyze: frame=1080x1440, roi=Rect(189, 369 - 891, 1071), focus=FOCUSED, mode=SCAN
09-02 11:28:51.582 28186 28186 D DpmAnalyzer: analyze: starting performMultiStrategyDecode
09-02 11:28:51.582 28186 28186 D DpmAnalyzer: performMultiStrategyDecode: frame=1080x1440, roi=Rect(189, 369 - 891, 1071), strategies=1
09-02 11:28:51.582 28186 28475 D DpmFrameAnalyzer: analyze: frame received, format=35, size=1440x1080, rotation=90
09-02 11:28:51.596 28186 28186 D DpmAnalyzer: Stage1: ROI 702x702 → scaled 400x400
09-02 11:28:51.638 28186 28186 D DpmAnalyzer: Stage1: MISS
09-02 11:28:51.638 28186 28186 D DpmAnalyzer: scanRoi present, skipping full-image stages
09-02 11:28:51.638 28186 28186 D DpmAnalyzer: analyze: decodedCode=null
09-02 11:28:51.638 28186 28186 D DpmFrameAnalyzer: analyze: result status=NO_CODE, code=null, source=null
09-02 11:28:51.656 28186 28475 D DpmFrameAnalyzer: analyze: bitmap converted, size=1080x1440, scanRoi=Rect(189, 369 - 891, 1071)
09-02 11:28:51.657 28186 28186 D DpmAnalyzer: analyze: frame=1080x1440, roi=Rect(189, 369 - 891, 1071), focus=FOCUSED, mode=SCAN
09-02 11:28:51.657 28186 28186 D DpmAnalyzer: analyze: THROTTLED by timing gate
09-02 11:28:51.657 28186 28186 D DpmFrameAnalyzer: analyze: result status=THROTTLED, code=null, source=null
09-02 11:28:51.659 28186 28475 D DpmFrameAnalyzer: analyze: frame received, format=35, size=1440x1080, rotation=90
09-02 11:28:51.741 28186 28475 D DpmFrameAnalyzer: analyze: bitmap converted, size=1080x1440, scanRoi=Rect(189, 369 - 891, 1071)
09-02 11:28:51.742 28186 28186 D DpmAnalyzer: analyze: frame=1080x1440, roi=Rect(189, 369 - 891, 1071), focus=FOCUSED, mode=SCAN
09-02 11:28:51.742 28186 28186 D DpmAnalyzer: analyze: THROTTLED by timing gate
09-02 11:28:51.742 28186 28186 D DpmFrameAnalyzer: analyze: result status=THROTTLED, code=null, source=null
09-02 11:28:51.742 28186 28475 D DpmFrameAnalyzer: analyze: frame received, format=35, size=1440x1080, rotation=90
09-02 11:28:51.816 28186 28475 D DpmFrameAnalyzer: analyze: bitmap converted, size=1080x1440, scanRoi=Rect(189, 369 - 891, 1071)
09-02 11:28:51.817 28186 28186 D DpmAnalyzer: analyze: frame=1080x1440, roi=Rect(189, 369 - 891, 1071), focus=FOCUSED, mode=SCAN
09-02 11:28:51.817 28186 28186 D DpmAnalyzer: analyze: THROTTLED by timing gate
09-02 11:28:51.817 28186 28186 D DpmFrameAnalyzer: analyze: result status=THROTTLED, code=null, source=null
09-02 11:28:51.817 28186 28475 D DpmFrameAnalyzer: analyze: frame received, format=35, size=1440x1080, rotation=90
09-02 11:28:51.881 28186 28475 D DpmFrameAnalyzer: analyze: bitmap converted, size=1080x1440, scanRoi=Rect(189, 369 - 891, 1071)
09-02 11:28:51.881 28186 28475 D DpmFrameAnalyzer: analyze: frame received, format=35, size=1440x1080, rotation=90
09-02 11:28:51.882 28186 28186 D DpmAnalyzer: analyze: frame=1080x1440, roi=Rect(189, 369 - 891, 1071), focus=FOCUSED, mode=SCAN
09-02 11:28:51.882 28186 28186 D DpmAnalyzer: analyze: starting performMultiStrategyDecode
09-02 11:28:51.882 28186 28186 D DpmAnalyzer: performMultiStrategyDecode: frame=1080x1440, roi=Rect(189, 369 - 891, 1071), strategies=1
09-02 11:28:51.900 28186 28186 D DpmAnalyzer: Stage1: ROI 702x702 → scaled 400x400
09-02 11:28:51.952 28186 28475 D DpmFrameAnalyzer: analyze: bitmap converted, size=1080x1440, scanRoi=Rect(189, 369 - 891, 1071)
09-02 11:28:51.953 28186 28186 D DpmAnalyzer: analyze: frame=1080x1440, roi=Rect(189, 369 - 891, 1071), focus=FOCUSED, mode=SCAN
09-02 11:28:51.953 28186 28186 D DpmAnalyzer: analyze: THROTTLED (already running)
09-02 11:28:51.953 28186 28186 D DpmFrameAnalyzer: analyze: result status=THROTTLED, code=null, source=null
09-02 11:28:51.954 28186 28475 D DpmFrameAnalyzer: analyze: frame received, format=35, size=1440x1080, rotation=90
09-02 11:28:51.957 28186 28186 D DpmAnalyzer: Stage1: MISS
09-02 11:28:51.957 28186 28186 D DpmAnalyzer: scanRoi present, skipping full-image stages
09-02 11:28:51.957 28186 28186 D DpmAnalyzer: analyze: decodedCode=null
09-02 11:28:51.957 28186 28186 D DpmFrameAnalyzer: analyze: result status=NO_CODE, code=null, source=null
09-02 11:28:52.041 28186 28475 D DpmFrameAnalyzer: analyze: bitmap converted, size=1080x1440, scanRoi=Rect(189, 369 - 891, 1071)
09-02 11:28:52.041 28186 28186 D DpmAnalyzer: analyze: frame=1080x1440, roi=Rect(189, 369 - 891, 1071), focus=FOCUSED, mode=SCAN
09-02 11:28:52.042 28186 28475 D DpmFrameAnalyzer: analyze: frame received, format=35, size=1440x1080, rotation=90
09-02 11:28:52.042 28186 28186 D DpmAnalyzer: analyze: THROTTLED by timing gate
09-02 11:28:52.042 28186 28186 D DpmFrameAnalyzer: analyze: result status=THROTTLED, code=null, source=null
09-02 11:28:52.116 28186 28475 D DpmFrameAnalyzer: analyze: bitmap converted, size=1080x1440, scanRoi=Rect(189, 369 - 891, 1071)
09-02 11:28:52.116 28186 28186 D DpmAnalyzer: analyze: frame=1080x1440, roi=Rect(189, 369 - 891, 1071), focus=FOCUSED, mode=SCAN
09-02 11:28:52.117 28186 28186 D DpmAnalyzer: analyze: THROTTLED by timing gate
09-02 11:28:52.117 28186 28186 D DpmFrameAnalyzer: analyze: result status=THROTTLED, code=null, source=null
09-02 11:28:52.117 28186 28475 D DpmFrameAnalyzer: analyze: frame received, format=35, size=1440x1080, rotation=90
09-02 11:28:52.182 28186 28475 D DpmFrameAnalyzer: analyze: bitmap converted, size=1080x1440, scanRoi=Rect(189, 369 - 891, 1071)
09-02 11:28:52.183 28186 28186 D DpmAnalyzer: analyze: frame=1080x1440, roi=Rect(189, 369 - 891, 1071), focus=FOCUSED, mode=SCAN
09-02 11:28:52.183 28186 28186 D DpmAnalyzer: analyze: starting performMultiStrategyDecode
09-02 11:28:52.183 28186 28186 D DpmAnalyzer: performMultiStrategyDecode: frame=1080x1440, roi=Rect(189, 369 - 891, 1071), strategies=1
09-02 11:28:52.183 28186 28475 D DpmFrameAnalyzer: analyze: frame received, format=35, size=1440x1080, rotation=90
09-02 11:28:52.201 28186 28186 D DpmAnalyzer: Stage1: ROI 702x702 → scaled 400x400
09-02 11:28:52.249 28186 28475 D DpmFrameAnalyzer: analyze: bitmap converted, size=1080x1440, scanRoi=Rect(189, 369 - 891, 1071)
09-02 11:28:52.249 28186 28186 D DpmAnalyzer: analyze: frame=1080x1440, roi=Rect(189, 369 - 891, 1071), focus=FOCUSED, mode=SCAN
09-02 11:28:52.249 28186 28186 D DpmAnalyzer: analyze: THROTTLED (already running)
09-02 11:28:52.249 28186 28186 D DpmFrameAnalyzer: analyze: result status=THROTTLED, code=null, source=null
09-02 11:28:52.249 28186 28475 D DpmFrameAnalyzer: analyze: frame received, format=35, size=1440x1080, rotation=90
09-02 11:28:52.263 28186 28186 D DpmAnalyzer: Stage1: MISS
09-02 11:28:52.263 28186 28186 D DpmAnalyzer: scanRoi present, skipping full-image stages
09-02 11:28:52.263 28186 28186 D DpmAnalyzer: analyze: decodedCode=null
09-02 11:28:52.263 28186 28186 D DpmFrameAnalyzer: analyze: result status=NO_CODE, code=null, source=null
09-02 11:28:52.337 28186 28475 D DpmFrameAnalyzer: analyze: bitmap converted, size=1080x1440, scanRoi=Rect(189, 369 - 891, 1071)
09-02 11:28:52.337 28186 28186 D DpmAnalyzer: analyze: frame=1080x1440, roi=Rect(189, 369 - 891, 1071), focus=FOCUSED, mode=SCAN
09-02 11:28:52.337 28186 28186 D DpmAnalyzer: analyze: THROTTLED by timing gate
09-02 11:28:52.338 28186 28186 D DpmFrameAnalyzer: analyze: result status=THROTTLED, code=null, source=null
09-02 11:28:52.338 28186 28475 D DpmFrameAnalyzer: analyze: frame received, format=35, size=1440x1080, rotation=90
09-02 11:28:52.411 28186 28475 D DpmFrameAnalyzer: analyze: bitmap converted, size=1080x1440, scanRoi=Rect(189, 369 - 891, 1071)
09-02 11:28:52.412 28186 28186 D DpmAnalyzer: analyze: frame=1080x1440, roi=Rect(189, 369 - 891, 1071), focus=FOCUSED, mode=SCAN
09-02 11:28:52.412 28186 28186 D DpmAnalyzer: analyze: THROTTLED by timing gate
09-02 11:28:52.412 28186 28186 D DpmFrameAnalyzer: analyze: result status=THROTTLED, code=null, source=null
09-02 11:28:52.412 28186 28475 D DpmFrameAnalyzer: analyze: frame received, format=35, size=1440x1080, rotation=90
09-02 11:28:52.478 28186 28475 D DpmFrameAnalyzer: analyze: bitmap converted, size=1080x1440, scanRoi=Rect(189, 369 - 891, 1071)
09-02 11:28:52.478 28186 28186 D DpmAnalyzer: analyze: frame=1080x1440, roi=Rect(189, 369 - 891, 1071), focus=FOCUSED, mode=SCAN
09-02 11:28:52.478 28186 28186 D DpmAnalyzer: analyze: starting performMultiStrategyDecode
09-02 11:28:52.478 28186 28186 D DpmAnalyzer: performMultiStrategyDecode: frame=1080x1440, roi=Rect(189, 369 - 891, 1071), strategies=1
09-02 11:28:52.478 28186 28475 D DpmFrameAnalyzer: analyze: frame received, format=35, size=1440x1080, rotation=90
09-02 11:28:52.487 28186 28186 D DpmAnalyzer: Stage1: ROI 702x702 → scaled 400x400
09-02 11:28:52.555 28186 28475 D DpmFrameAnalyzer: analyze: bitmap converted, size=1080x1440, scanRoi=Rect(189, 369 - 891, 1071)
09-02 11:28:52.556 28186 28475 D DpmFrameAnalyzer: analyze: frame received, format=35, size=1440x1080, rotation=90
09-02 11:28:52.570 28186 28186 D DpmAnalyzer: Stage1: MISS
09-02 11:28:52.570 28186 28186 D DpmAnalyzer: scanRoi present, skipping full-image stages
09-02 11:28:52.570 28186 28186 D DpmAnalyzer: analyze: decodedCode=null
09-02 11:28:52.570 28186 28186 D DpmFrameAnalyzer: analyze: result status=NO_CODE, code=null, source=null
09-02 11:28:52.572 28186 28186 D DpmAnalyzer: analyze: frame=1080x1440, roi=Rect(189, 369 - 891, 1071), focus=FOCUSED, mode=SCAN
09-02 11:28:52.572 28186 28186 D DpmAnalyzer: analyze: THROTTLED by timing gate
09-02 11:28:52.572 28186 28186 D DpmFrameAnalyzer: analyze: result status=THROTTLED, code=null, source=null
09-02 11:28:52.642 28186 28475 D DpmFrameAnalyzer: analyze: bitmap converted, size=1080x1440, scanRoi=Rect(189, 369 - 891, 1071)
09-02 11:28:52.643 28186 28186 D DpmAnalyzer: analyze: frame=1080x1440, roi=Rect(189, 369 - 891, 1071), focus=FOCUSED, mode=SCAN
09-02 11:28:52.643 28186 28186 D DpmAnalyzer: analyze: THROTTLED by timing gate
09-02 11:28:52.643 28186 28186 D DpmFrameAnalyzer: analyze: result status=THROTTLED, code=null, source=null
09-02 11:28:52.644 28186 28475 D DpmFrameAnalyzer: analyze: frame received, format=35, size=1440x1080, rotation=90
09-02 11:28:52.718 28186 28475 D DpmFrameAnalyzer: analyze: bitmap converted, size=1080x1440, scanRoi=Rect(189, 369 - 891, 1071)
09-02 11:28:52.718 28186 28186 D DpmAnalyzer: analyze: frame=1080x1440, roi=Rect(189, 369 - 891, 1071), focus=FOCUSED, mode=SCAN
09-02 11:28:52.718 28186 28186 D DpmAnalyzer: analyze: THROTTLED by timing gate
09-02 11:28:52.718 28186 28186 D DpmFrameAnalyzer: analyze: result status=THROTTLED, code=null, source=null
09-02 11:28:52.719 28186 28475 D DpmFrameAnalyzer: analyze: frame received, format=35, size=1440x1080, rotation=90
09-02 11:28:52.784 28186 28475 D DpmFrameAnalyzer: analyze: bitmap converted, size=1080x1440, scanRoi=Rect(189, 369 - 891, 1071)
09-02 11:28:52.784 28186 28186 D DpmAnalyzer: analyze: frame=1080x1440, roi=Rect(189, 369 - 891, 1071), focus=FOCUSED, mode=SCAN
09-02 11:28:52.785 28186 28186 D DpmAnalyzer: analyze: starting performMultiStrategyDecode
09-02 11:28:52.785 28186 28186 D DpmAnalyzer: performMultiStrategyDecode: frame=1080x1440, roi=Rect(189, 369 - 891, 1071), strategies=1
09-02 11:28:52.785 28186 28475 D DpmFrameAnalyzer: analyze: frame received, format=35, size=1440x1080, rotation=90
09-02 11:28:52.800 28186 28186 D DpmAnalyzer: Stage1: ROI 702x702 → scaled 400x400
09-02 11:28:52.837 28186 28186 D DpmAnalyzer: Stage1: MISS
09-02 11:28:52.837 28186 28186 D DpmAnalyzer: scanRoi present, skipping full-image stages
09-02 11:28:52.837 28186 28186 D DpmAnalyzer: analyze: decodedCode=null
09-02 11:28:52.837 28186 28186 D DpmFrameAnalyzer: analyze: result status=NO_CODE, code=null, source=null
09-02 11:28:52.854 28186 28475 D DpmFrameAnalyzer: analyze: bitmap converted, size=1080x1440, scanRoi=Rect(189, 369 - 891, 1071)
09-02 11:28:52.855 28186 28186 D DpmAnalyzer: analyze: frame=1080x1440, roi=Rect(189, 369 - 891, 1071), focus=FOCUSED, mode=SCAN
09-02 11:28:52.855 28186 28186 D DpmAnalyzer: analyze: THROTTLED by timing gate
09-02 11:28:52.855 28186 28186 D DpmFrameAnalyzer: analyze: result status=THROTTLED, code=null, source=null
09-02 11:28:52.855 28186 28475 D DpmFrameAnalyzer: analyze: frame received, format=35, size=1440x1080, rotation=90
09-02 11:28:52.934 28186 28475 D DpmFrameAnalyzer: analyze: bitmap converted, size=1080x1440, scanRoi=Rect(189, 369 - 891, 1071)
09-02 11:28:52.934 28186 28186 D DpmAnalyzer: analyze: frame=1080x1440, roi=Rect(189, 369 - 891, 1071), focus=FOCUSED, mode=SCAN
09-02 11:28:52.934 28186 28186 D DpmAnalyzer: analyze: THROTTLED by timing gate
09-02 11:28:52.934 28186 28186 D DpmFrameAnalyzer: analyze: result status=THROTTLED, code=null, source=null
09-02 11:28:52.935 28186 28475 D DpmFrameAnalyzer: analyze: frame received, format=35, size=1440x1080, rotation=90
09-02 11:28:53.002 28186 28475 D DpmFrameAnalyzer: analyze: bitmap converted, size=1080x1440, scanRoi=Rect(189, 369 - 891, 1071)
09-02 11:28:53.002 28186 28186 D DpmAnalyzer: analyze: frame=1080x1440, roi=Rect(189, 369 - 891, 1071), focus=FOCUSED, mode=SCAN
09-02 11:28:53.002 28186 28186 D DpmAnalyzer: analyze: THROTTLED by timing gate
09-02 11:28:53.002 28186 28186 D DpmFrameAnalyzer: analyze: result status=THROTTLED, code=null, source=null
09-02 11:28:53.003 28186 28475 D DpmFrameAnalyzer: analyze: frame received, format=35, size=1440x1080, rotation=90
09-02 11:28:53.067 28186 28475 D DpmFrameAnalyzer: analyze: bitmap converted, size=1080x1440, scanRoi=Rect(189, 369 - 891, 1071)
09-02 11:28:53.067 28186 28186 D DpmAnalyzer: analyze: frame=1080x1440, roi=Rect(189, 369 - 891, 1071), focus=FOCUSED, mode=SCAN
09-02 11:28:53.067 28186 28186 D DpmAnalyzer: analyze: starting performMultiStrategyDecode
09-02 11:28:53.067 28186 28186 D DpmAnalyzer: performMultiStrategyDecode: frame=1080x1440, roi=Rect(189, 369 - 891, 1071), strategies=1
09-02 11:28:53.067 28186 28475 D DpmFrameAnalyzer: analyze: frame received, format=35, size=1440x1080, rotation=90
09-02 11:28:53.081 28186 28186 D DpmAnalyzer: Stage1: ROI 702x702 → scaled 400x400
09-02 11:28:53.130 28186 28186 D DpmAnalyzer: Stage1: MISS
09-02 11:28:53.130 28186 28186 D DpmAnalyzer: scanRoi present, skipping full-image stages
09-02 11:28:53.130 28186 28186 D DpmAnalyzer: analyze: decodedCode=null
09-02 11:28:53.130 28186 28186 D DpmFrameAnalyzer: analyze: result status=NO_CODE, code=null, source=null
09-02 11:28:53.133 28186 28475 D DpmFrameAnalyzer: analyze: bitmap converted, size=1080x1440, scanRoi=Rect(189, 369 - 891, 1071)
09-02 11:28:53.134 28186 28186 D DpmAnalyzer: analyze: frame=1080x1440, roi=Rect(189, 369 - 891, 1071), focus=FOCUSED, mode=SCAN
09-02 11:28:53.134 28186 28186 D DpmAnalyzer: analyze: THROTTLED by timing gate
09-02 11:28:53.134 28186 28186 D DpmFrameAnalyzer: analyze: result status=THROTTLED, code=null, source=null
09-02 11:28:53.134 28186 28475 D DpmFrameAnalyzer: analyze: frame received, format=35, size=1440x1080, rotation=90
09-02 11:28:53.220 28186 28475 D DpmFrameAnalyzer: analyze: bitmap converted, size=1080x1440, scanRoi=Rect(189, 369 - 891, 1071)
09-02 11:28:53.221 28186 28186 D DpmAnalyzer: analyze: frame=1080x1440, roi=Rect(189, 369 - 891, 1071), focus=FOCUSED, mode=SCAN
09-02 11:28:53.221 28186 28186 D DpmAnalyzer: analyze: THROTTLED by timing gate
09-02 11:28:53.221 28186 28186 D DpmFrameAnalyzer: analyze: result status=THROTTLED, code=null, source=null
09-02 11:28:53.221 28186 28475 D DpmFrameAnalyzer: analyze: frame received, format=35, size=1440x1080, rotation=90
09-02 11:28:53.293 28186 28475 D DpmFrameAnalyzer: analyze: bitmap converted, size=1080x1440, scanRoi=Rect(189, 369 - 891, 1071)
09-02 11:28:53.293 28186 28186 D DpmAnalyzer: analyze: frame=1080x1440, roi=Rect(189, 369 - 891, 1071), focus=FOCUSED, mode=SCAN
09-02 11:28:53.293 28186 28186 D DpmAnalyzer: analyze: THROTTLED by timing gate
09-02 11:28:53.293 28186 28186 D DpmFrameAnalyzer: analyze: result status=THROTTLED, code=null, source=null
09-02 11:28:53.294 28186 28475 D DpmFrameAnalyzer: analyze: frame received, format=35, size=1440x1080, rotation=90
09-02 11:28:53.359 28186 28475 D DpmFrameAnalyzer: analyze: bitmap converted, size=1080x1440, scanRoi=Rect(189, 369 - 891, 1071)
09-02 11:28:53.360 28186 28186 D DpmAnalyzer: analyze: frame=1080x1440, roi=Rect(189, 369 - 891, 1071), focus=FOCUSED, mode=SCAN
09-02 11:28:53.360 28186 28186 D DpmAnalyzer: analyze: starting performMultiStrategyDecode
09-02 11:28:53.360 28186 28186 D DpmAnalyzer: performMultiStrategyDecode: frame=1080x1440, roi=Rect(189, 369 - 891, 1071), strategies=1
09-02 11:28:53.360 28186 28475 D DpmFrameAnalyzer: analyze: frame received, format=35, size=1440x1080, rotation=90
09-02 11:28:53.369 28186 28186 D DpmAnalyzer: Stage1: ROI 702x702 → scaled 400x400
09-02 11:28:53.419 28186 28186 D DpmAnalyzer: Stage1: MISS
09-02 11:28:53.419 28186 28186 D DpmAnalyzer: scanRoi present, skipping full-image stages
09-02 11:28:53.419 28186 28186 D DpmAnalyzer: analyze: decodedCode=null
09-02 11:28:53.419 28186 28186 D DpmFrameAnalyzer: analyze: result status=NO_CODE, code=null, source=null
09-02 11:28:53.437 28186 28475 D DpmFrameAnalyzer: analyze: bitmap converted, size=1080x1440, scanRoi=Rect(189, 369 - 891, 1071)
09-02 11:28:53.437 28186 28186 D DpmAnalyzer: analyze: frame=1080x1440, roi=Rect(189, 369 - 891, 1071), focus=FOCUSED, mode=SCAN
09-02 11:28:53.437 28186 28186 D DpmAnalyzer: analyze: THROTTLED by timing gate
09-02 11:28:53.437 28186 28186 D DpmFrameAnalyzer: analyze: result status=THROTTLED, code=null, source=null
09-02 11:28:53.438 28186 28475 D DpmFrameAnalyzer: analyze: frame received, format=35, size=1440x1080, rotation=90
09-02 11:28:53.518 28186 28475 D DpmFrameAnalyzer: analyze: bitmap converted, size=1080x1440, scanRoi=Rect(189, 369 - 891, 1071)
09-02 11:28:53.519 28186 28186 D DpmAnalyzer: analyze: frame=1080x1440, roi=Rect(189, 369 - 891, 1071), focus=FOCUSED, mode=SCAN
09-02 11:28:53.519 28186 28475 D DpmFrameAnalyzer: analyze: frame received, format=35, size=1440x1080, rotation=90
09-02 11:28:53.519 28186 28186 D DpmAnalyzer: analyze: THROTTLED by timing gate
09-02 11:28:53.519 28186 28186 D DpmFrameAnalyzer: analyze: result status=THROTTLED, code=null, source=null
09-02 11:28:53.585 28186 28475 D DpmFrameAnalyzer: analyze: bitmap converted, size=1080x1440, scanRoi=Rect(189, 369 - 891, 1071)
09-02 11:28:53.586 28186 28186 D DpmAnalyzer: analyze: frame=1080x1440, roi=Rect(189, 369 - 891, 1071), focus=FOCUSED, mode=SCAN
09-02 11:28:53.586 28186 28186 D DpmAnalyzer: analyze: THROTTLED by timing gate
09-02 11:28:53.586 28186 28186 D DpmFrameAnalyzer: analyze: result status=THROTTLED, code=null, source=null
09-02 11:28:53.586 28186 28475 D DpmFrameAnalyzer: analyze: frame received, format=35, size=1440x1080, rotation=90
09-02 11:28:53.650 28186 28475 D DpmFrameAnalyzer: analyze: bitmap converted, size=1080x1440, scanRoi=Rect(189, 369 - 891, 1071)
09-02 11:28:53.651 28186 28186 D DpmAnalyzer: analyze: frame=1080x1440, roi=Rect(189, 369 - 891, 1071), focus=FOCUSED, mode=SCAN
09-02 11:28:53.651 28186 28186 D DpmAnalyzer: analyze: starting performMultiStrategyDecode
09-02 11:28:53.651 28186 28475 D DpmFrameAnalyzer: analyze: frame received, format=35, size=1440x1080, rotation=90
09-02 11:28:53.652 28186 28186 D DpmAnalyzer: performMultiStrategyDecode: frame=1080x1440, roi=Rect(189, 369 - 891, 1071), strategies=1
09-02 11:28:53.676 28186 28186 D DpmAnalyzer: Stage1: ROI 702x702 → scaled 400x400
09-02 11:28:53.718 28186 28475 D DpmFrameAnalyzer: analyze: bitmap converted, size=1080x1440, scanRoi=Rect(189, 369 - 891, 1071)
09-02 11:28:53.719 28186 28186 D DpmAnalyzer: analyze: frame=1080x1440, roi=Rect(189, 369 - 891, 1071), focus=FOCUSED, mode=SCAN
09-02 11:28:53.719 28186 28186 D DpmAnalyzer: analyze: THROTTLED (already running)
09-02 11:28:53.719 28186 28186 D DpmFrameAnalyzer: analyze: result status=THROTTLED, code=null, source=null
09-02 11:28:53.720 28186 28475 D DpmFrameAnalyzer: analyze: frame received, format=35, size=1440x1080, rotation=90
09-02 11:28:53.746 28186 28186 D DpmAnalyzer: Stage1: MISS
09-02 11:28:53.746 28186 28186 D DpmAnalyzer: scanRoi present, skipping full-image stages
09-02 11:28:53.746 28186 28186 D DpmAnalyzer: analyze: decodedCode=null
09-02 11:28:53.746 28186 28186 D DpmFrameAnalyzer: analyze: result status=NO_CODE, code=null, source=null
09-02 11:28:53.814 28186 28475 D DpmFrameAnalyzer: analyze: bitmap converted, size=1080x1440, scanRoi=Rect(189, 369 - 891, 1071)
09-02 11:28:53.814 28186 28186 D DpmAnalyzer: analyze: frame=1080x1440, roi=Rect(189, 369 - 891, 1071), focus=FOCUSED, mode=SCAN
09-02 11:28:53.814 28186 28186 D DpmAnalyzer: analyze: THROTTLED by timing gate
09-02 11:28:53.814 28186 28186 D DpmFrameAnalyzer: analyze: result status=THROTTLED, code=null, source=null
09-02 11:28:53.815 28186 28475 D DpmFrameAnalyzer: analyze: frame received, format=35, size=1440x1080, rotation=90
09-02 11:28:53.891 28186 28475 D DpmFrameAnalyzer: analyze: bitmap converted, size=1080x1440, scanRoi=Rect(189, 369 - 891, 1071)
09-02 11:28:53.891 28186 28186 D DpmAnalyzer: analyze: frame=1080x1440, roi=Rect(189, 369 - 891, 1071), focus=FOCUSED, mode=SCAN
09-02 11:28:53.891 28186 28186 D DpmAnalyzer: analyze: THROTTLED by timing gate
09-02 11:28:53.892 28186 28186 D DpmFrameAnalyzer: analyze: result status=THROTTLED, code=null, source=null
09-02 11:28:53.892 28186 28475 D DpmFrameAnalyzer: analyze: frame received, format=35, size=1440x1080, rotation=90
09-02 11:28:53.956 28186 28475 D DpmFrameAnalyzer: analyze: bitmap converted, size=1080x1440, scanRoi=Rect(189, 369 - 891, 1071)
09-02 11:28:53.956 28186 28186 D DpmAnalyzer: analyze: frame=1080x1440, roi=Rect(189, 369 - 891, 1071), focus=FOCUSED, mode=SCAN
09-02 11:28:53.956 28186 28186 D DpmAnalyzer: analyze: starting performMultiStrategyDecode
09-02 11:28:53.956 28186 28186 D DpmAnalyzer: performMultiStrategyDecode: frame=1080x1440, roi=Rect(189, 369 - 891, 1071), strategies=1
09-02 11:28:53.957 28186 28475 D DpmFrameAnalyzer: analyze: frame received, format=35, size=1440x1080, rotation=90
09-02 11:28:53.971 28186 28186 D DpmAnalyzer: Stage1: ROI 702x702 → scaled 400x400
09-02 11:28:54.013 28186 28186 D DpmAnalyzer: Stage1: MISS
09-02 11:28:54.013 28186 28186 D DpmAnalyzer: scanRoi present, skipping full-image stages
09-02 11:28:54.013 28186 28186 D DpmAnalyzer: analyze: decodedCode=null
09-02 11:28:54.013 28186 28186 D DpmFrameAnalyzer: analyze: result status=NO_CODE, code=null, source=null
09-02 11:28:54.036 28186 28475 D DpmFrameAnalyzer: analyze: bitmap converted, size=1080x1440, scanRoi=Rect(189, 369 - 891, 1071)
09-02 11:28:54.036 28186 28186 D DpmAnalyzer: analyze: frame=1080x1440, roi=Rect(189, 369 - 891, 1071), focus=FOCUSED, mode=SCAN
09-02 11:28:54.036 28186 28186 D DpmAnalyzer: analyze: THROTTLED by timing gate
09-02 11:28:54.036 28186 28186 D DpmFrameAnalyzer: analyze: result status=THROTTLED, code=null, source=null
09-02 11:28:54.036 28186 28475 D DpmFrameAnalyzer: analyze: frame received, format=35, size=1440x1080, rotation=90
09-02 11:28:54.125 28186 28475 D DpmFrameAnalyzer: analyze: bitmap converted, size=1080x1440, scanRoi=Rect(189, 369 - 891, 1071)
09-02 11:28:54.125 28186 28186 D DpmAnalyzer: analyze: frame=1080x1440, roi=Rect(189, 369 - 891, 1071), focus=FOCUSED, mode=SCAN
09-02 11:28:54.125 28186 28186 D DpmAnalyzer: analyze: THROTTLED by timing gate
09-02 11:28:54.125 28186 28186 D DpmFrameAnalyzer: analyze: result status=THROTTLED, code=null, source=null
09-02 11:28:54.126 28186 28475 D DpmFrameAnalyzer: analyze: frame received, format=35, size=1440x1080, rotation=90
09-02 11:28:54.205 28186 28475 D DpmFrameAnalyzer: analyze: bitmap converted, size=1080x1440, scanRoi=Rect(189, 369 - 891, 1071)
09-02 11:28:54.205 28186 28186 D DpmAnalyzer: analyze: frame=1080x1440, roi=Rect(189, 369 - 891, 1071), focus=FOCUSED, mode=SCAN
09-02 11:28:54.206 28186 28186 D DpmAnalyzer: analyze: THROTTLED by timing gate
09-02 11:28:54.206 28186 28186 D DpmFrameAnalyzer: analyze: result status=THROTTLED, code=null, source=null
09-02 11:28:54.207 28186 28475 D DpmFrameAnalyzer: analyze: frame received, format=35, size=1440x1080, rotation=90
09-02 11:28:54.276 28186 28475 D DpmFrameAnalyzer: analyze: bitmap converted, size=1080x1440, scanRoi=Rect(189, 369 - 891, 1071)
09-02 11:28:54.276 28186 28186 D DpmAnalyzer: analyze: frame=1080x1440, roi=Rect(189, 369 - 891, 1071), focus=FOCUSED, mode=SCAN
09-02 11:28:54.276 28186 28186 D DpmAnalyzer: analyze: starting performMultiStrategyDecode
09-02 11:28:54.276 28186 28186 D DpmAnalyzer: performMultiStrategyDecode: frame=1080x1440, roi=Rect(189, 369 - 891, 1071), strategies=1
09-02 11:28:54.276 28186 28475 D DpmFrameAnalyzer: analyze: frame received, format=35, size=1440x1080, rotation=90
09-02 11:28:54.297 28186 28186 D DpmAnalyzer: Stage1: ROI 702x702 → scaled 400x400
09-02 11:28:54.344 28186 28475 D DpmFrameAnalyzer: analyze: bitmap converted, size=1080x1440, scanRoi=Rect(189, 369 - 891, 1071)
09-02 11:28:54.345 28186 28475 D DpmFrameAnalyzer: analyze: frame received, format=35, size=1440x1080, rotation=90
09-02 11:28:54.345 28186 28186 D DpmAnalyzer: analyze: frame=1080x1440, roi=Rect(189, 369 - 891, 1071), focus=FOCUSED, mode=SCAN
09-02 11:28:54.345 28186 28186 D DpmAnalyzer: analyze: THROTTLED (already running)
09-02 11:28:54.345 28186 28186 D DpmFrameAnalyzer: analyze: result status=THROTTLED, code=null, source=null
09-02 11:28:54.365 28186 28186 D DpmAnalyzer: Stage1: MISS
09-02 11:28:54.365 28186 28186 D DpmAnalyzer: scanRoi present, skipping full-image stages
09-02 11:28:54.365 28186 28186 D DpmAnalyzer: analyze: decodedCode=null
09-02 11:28:54.365 28186 28186 D DpmFrameAnalyzer: analyze: result status=NO_CODE, code=null, source=null
09-02 11:28:54.439 28186 28475 D DpmFrameAnalyzer: analyze: bitmap converted, size=1080x1440, scanRoi=Rect(189, 369 - 891, 1071)
09-02 11:28:54.440 28186 28186 D DpmAnalyzer: analyze: frame=1080x1440, roi=Rect(189, 369 - 891, 1071), focus=FOCUSED, mode=SCAN
09-02 11:28:54.440 28186 28186 D DpmAnalyzer: analyze: THROTTLED by timing gate
09-02 11:28:54.440 28186 28186 D DpmFrameAnalyzer: analyze: result status=THROTTLED, code=null, source=null
09-02 11:28:54.440 28186 28475 D DpmFrameAnalyzer: analyze: frame received, format=35, size=1440x1080, rotation=90
09-02 11:28:54.530 28186 28475 D DpmFrameAnalyzer: analyze: bitmap converted, size=1080x1440, scanRoi=Rect(189, 369 - 891, 1071)
09-02 11:28:54.530 28186 28186 D DpmAnalyzer: analyze: frame=1080x1440, roi=Rect(189, 369 - 891, 1071), focus=FOCUSED, mode=SCAN
09-02 11:28:54.530 28186 28186 D DpmAnalyzer: analyze: THROTTLED by timing gate
09-02 11:28:54.530 28186 28186 D DpmFrameAnalyzer: analyze: result status=THROTTLED, code=null, source=null
09-02 11:28:54.531 28186 28475 D DpmFrameAnalyzer: analyze: frame received, format=35, size=1440x1080, rotation=90
09-02 11:28:54.599 28186 28475 D DpmFrameAnalyzer: analyze: bitmap converted, size=1080x1440, scanRoi=Rect(189, 369 - 891, 1071)
09-02 11:28:54.599 28186 28186 D DpmAnalyzer: analyze: frame=1080x1440, roi=Rect(189, 369 - 891, 1071), focus=FOCUSED, mode=SCAN
09-02 11:28:54.599 28186 28186 D DpmAnalyzer: analyze: starting performMultiStrategyDecode
09-02 11:28:54.599 28186 28186 D DpmAnalyzer: performMultiStrategyDecode: frame=1080x1440, roi=Rect(189, 369 - 891, 1071), strategies=1
09-02 11:28:54.600 28186 28475 D DpmFrameAnalyzer: analyze: frame received, format=35, size=1440x1080, rotation=90
09-02 11:28:54.610 28186 28186 D DpmAnalyzer: Stage1: ROI 702x702 → scaled 400x400
09-02 11:28:54.663 28186 28475 D DpmFrameAnalyzer: analyze: bitmap converted, size=1080x1440, scanRoi=Rect(189, 369 - 891, 1071)
09-02 11:28:54.664 28186 28186 D DpmAnalyzer: analyze: frame=1080x1440, roi=Rect(189, 369 - 891, 1071), focus=FOCUSED, mode=SCAN
09-02 11:28:54.664 28186 28186 D DpmAnalyzer: analyze: THROTTLED (already running)
09-02 11:28:54.664 28186 28186 D DpmFrameAnalyzer: analyze: result status=THROTTLED, code=null, source=null
09-02 11:28:54.664 28186 28475 D DpmFrameAnalyzer: analyze: frame received, format=35, size=1440x1080, rotation=90
09-02 11:28:54.670 28186 28186 D DpmAnalyzer: Stage1: MISS
09-02 11:28:54.670 28186 28186 D DpmAnalyzer: scanRoi present, skipping full-image stages
09-02 11:28:54.670 28186 28186 D DpmAnalyzer: analyze: decodedCode=null
09-02 11:28:54.670 28186 28186 D DpmFrameAnalyzer: analyze: result status=NO_CODE, code=null, source=null
09-02 11:28:54.745 28186 28475 D DpmFrameAnalyzer: analyze: bitmap converted, size=1080x1440, scanRoi=Rect(189, 369 - 891, 1071)
09-02 11:28:54.746 28186 28186 D DpmAnalyzer: analyze: frame=1080x1440, roi=Rect(189, 369 - 891, 1071), focus=FOCUSED, mode=SCAN
09-02 11:28:54.746 28186 28186 D DpmAnalyzer: analyze: THROTTLED by timing gate
09-02 11:28:54.746 28186 28186 D DpmFrameAnalyzer: analyze: result status=THROTTLED, code=null, source=null
09-02 11:28:54.746 28186 28475 D DpmFrameAnalyzer: analyze: frame received, format=35, size=1440x1080, rotation=90
09-02 11:28:54.814 28186 28475 D DpmFrameAnalyzer: analyze: bitmap converted, size=1080x1440, scanRoi=Rect(189, 369 - 891, 1071)
09-02 11:28:54.814 28186 28186 D DpmAnalyzer: analyze: frame=1080x1440, roi=Rect(189, 369 - 891, 1071), focus=FOCUSED, mode=SCAN
09-02 11:28:54.814 28186 28186 D DpmAnalyzer: analyze: THROTTLED by timing gate
09-02 11:28:54.814 28186 28186 D DpmFrameAnalyzer: analyze: result status=THROTTLED, code=null, source=null
09-02 11:28:54.815 28186 28475 D DpmFrameAnalyzer: analyze: frame received, format=35, size=1440x1080, rotation=90
09-02 11:28:54.880 28186 28475 D DpmFrameAnalyzer: analyze: bitmap converted, size=1080x1440, scanRoi=Rect(189, 369 - 891, 1071)
09-02 11:28:54.881 28186 28186 D DpmAnalyzer: analyze: frame=1080x1440, roi=Rect(189, 369 - 891, 1071), focus=FOCUSED, mode=SCAN
09-02 11:28:54.881 28186 28186 D DpmAnalyzer: analyze: starting performMultiStrategyDecode
09-02 11:28:54.881 28186 28186 D DpmAnalyzer: performMultiStrategyDecode: frame=1080x1440, roi=Rect(189, 369 - 891, 1071), strategies=1
09-02 11:28:54.881 28186 28475 D DpmFrameAnalyzer: analyze: frame received, format=35, size=1440x1080, rotation=90
09-02 11:28:54.897 28186 28186 D DpmAnalyzer: Stage1: ROI 702x702 → scaled 400x400
09-02 11:28:54.946 28186 28475 D DpmFrameAnalyzer: analyze: bitmap converted, size=1080x1440, scanRoi=Rect(189, 369 - 891, 1071)
09-02 11:28:54.946 28186 28186 D DpmAnalyzer: analyze: frame=1080x1440, roi=Rect(189, 369 - 891, 1071), focus=FOCUSED, mode=SCAN
09-02 11:28:54.946 28186 28186 D DpmAnalyzer: analyze: THROTTLED (already running)
09-02 11:28:54.946 28186 28186 D DpmFrameAnalyzer: analyze: result status=THROTTLED, code=null, source=null
09-02 11:28:54.947 28186 28475 D DpmFrameAnalyzer: analyze: frame received, format=35, size=1440x1080, rotation=90
09-02 11:28:54.979 28186 28186 D DpmAnalyzer: Stage1: MISS
09-02 11:28:54.979 28186 28186 D DpmAnalyzer: scanRoi present, skipping full-image stages
09-02 11:28:54.979 28186 28186 D DpmAnalyzer: analyze: decodedCode=null
09-02 11:28:54.979 28186 28186 D DpmFrameAnalyzer: analyze: result status=NO_CODE, code=null, source=null
09-02 11:28:55.027 28186 28475 D DpmFrameAnalyzer: analyze: bitmap converted, size=1080x1440, scanRoi=Rect(189, 369 - 891, 1071)
09-02 11:28:55.027 28186 28186 D DpmAnalyzer: analyze: frame=1080x1440, roi=Rect(189, 369 - 891, 1071), focus=FOCUSED, mode=SCAN
09-02 11:28:55.027 28186 28186 D DpmAnalyzer: analyze: THROTTLED by timing gate
09-02 11:28:55.027 28186 28186 D DpmFrameAnalyzer: analyze: result status=THROTTLED, code=null, source=null
09-02 11:28:55.028 28186 28475 D DpmFrameAnalyzer: analyze: frame received, format=35, size=1440x1080, rotation=90
09-02 11:28:55.099 28186 28475 D DpmFrameAnalyzer: analyze: bitmap converted, size=1080x1440, scanRoi=Rect(189, 369 - 891, 1071)
09-02 11:28:55.099 28186 28186 D DpmAnalyzer: analyze: frame=1080x1440, roi=Rect(189, 369 - 891, 1071), focus=FOCUSED, mode=SCAN
09-02 11:28:55.099 28186 28186 D DpmAnalyzer: analyze: THROTTLED by timing gate
09-02 11:28:55.099 28186 28186 D DpmFrameAnalyzer: analyze: result status=THROTTLED, code=null, source=null
09-02 11:28:55.100 28186 28475 D DpmFrameAnalyzer: analyze: frame received, format=35, size=1440x1080, rotation=90
09-02 11:28:55.163 28186 28475 D DpmFrameAnalyzer: analyze: bitmap converted, size=1080x1440, scanRoi=Rect(189, 369 - 891, 1071)
09-02 11:28:55.164 28186 28186 D DpmAnalyzer: analyze: frame=1080x1440, roi=Rect(189, 369 - 891, 1071), focus=FOCUSED, mode=SCAN
09-02 11:28:55.164 28186 28186 D DpmAnalyzer: analyze: THROTTLED by timing gate
09-02 11:28:55.164 28186 28186 D DpmFrameAnalyzer: analyze: result status=THROTTLED, code=null, source=null
09-02 11:28:55.164 28186 28475 D DpmFrameAnalyzer: analyze: frame received, format=35, size=1440x1080, rotation=90
09-02 11:28:55.230 28186 28475 D DpmFrameAnalyzer: analyze: bitmap converted, size=1080x1440, scanRoi=Rect(189, 369 - 891, 1071)
09-02 11:28:55.230 28186 28186 D DpmAnalyzer: analyze: frame=1080x1440, roi=Rect(189, 369 - 891, 1071), focus=FOCUSED, mode=SCAN
09-02 11:28:55.230 28186 28186 D DpmAnalyzer: analyze: starting performMultiStrategyDecode
09-02 11:28:55.230 28186 28186 D DpmAnalyzer: performMultiStrategyDecode: frame=1080x1440, roi=Rect(189, 369 - 891, 1071), strategies=1
09-02 11:28:55.231 28186 28475 D DpmFrameAnalyzer: analyze: frame received, format=35, size=1440x1080, rotation=90
09-02 11:28:55.255 28186 28186 D DpmAnalyzer: Stage1: ROI 702x702 → scaled 400x400
09-02 11:28:55.295 28186 28475 D DpmFrameAnalyzer: analyze: bitmap converted, size=1080x1440, scanRoi=Rect(189, 369 - 891, 1071)
09-02 11:28:55.296 28186 28186 D DpmAnalyzer: analyze: frame=1080x1440, roi=Rect(189, 369 - 891, 1071), focus=FOCUSED, mode=SCAN
09-02 11:28:55.296 28186 28186 D DpmAnalyzer: analyze: THROTTLED (already running)
09-02 11:28:55.296 28186 28186 D DpmFrameAnalyzer: analyze: result status=THROTTLED, code=null, source=null
09-02 11:28:55.296 28186 28475 D DpmFrameAnalyzer: analyze: frame received, format=35, size=1440x1080, rotation=90
09-02 11:28:55.298 28186 28186 D DpmAnalyzer: Stage1: MISS
09-02 11:28:55.298 28186 28186 D DpmAnalyzer: scanRoi present, skipping full-image stages
09-02 11:28:55.298 28186 28186 D DpmAnalyzer: analyze: decodedCode=null
09-02 11:28:55.298 28186 28186 D DpmFrameAnalyzer: analyze: result status=NO_CODE, code=null, source=null
09-02 11:28:55.372 28186 28475 D DpmFrameAnalyzer: analyze: bitmap converted, size=1080x1440, scanRoi=Rect(189, 369 - 891, 1071)
09-02 11:28:55.373 28186 28186 D DpmAnalyzer: analyze: frame=1080x1440, roi=Rect(189, 369 - 891, 1071), focus=FOCUSED, mode=SCAN
09-02 11:28:55.373 28186 28186 D DpmAnalyzer: analyze: THROTTLED by timing gate
09-02 11:28:55.373 28186 28186 D DpmFrameAnalyzer: analyze: result status=THROTTLED, code=null, source=null
09-02 11:28:55.373 28186 28475 D DpmFrameAnalyzer: analyze: frame received, format=35, size=1440x1080, rotation=90
09-02 11:28:55.449 28186 28475 D DpmFrameAnalyzer: analyze: bitmap converted, size=1080x1440, scanRoi=Rect(189, 369 - 891, 1071)
09-02 11:28:55.450 28186 28186 D DpmAnalyzer: analyze: frame=1080x1440, roi=Rect(189, 369 - 891, 1071), focus=FOCUSED, mode=SCAN
09-02 11:28:55.450 28186 28186 D DpmAnalyzer: analyze: THROTTLED by timing gate
09-02 11:28:55.450 28186 28186 D DpmFrameAnalyzer: analyze: result status=THROTTLED, code=null, source=null
09-02 11:28:55.450 28186 28475 D DpmFrameAnalyzer: analyze: frame received, format=35, size=1440x1080, rotation=90
09-02 11:28:55.525 28186 28475 D DpmFrameAnalyzer: analyze: bitmap converted, size=1080x1440, scanRoi=Rect(189, 369 - 891, 1071)
09-02 11:28:55.526 28186 28186 D DpmAnalyzer: analyze: frame=1080x1440, roi=Rect(189, 369 - 891, 1071), focus=FOCUSED, mode=SCAN
09-02 11:28:55.526 28186 28186 D DpmAnalyzer: analyze: starting performMultiStrategyDecode
09-02 11:28:55.526 28186 28186 D DpmAnalyzer: performMultiStrategyDecode: frame=1080x1440, roi=Rect(189, 369 - 891, 1071), strategies=1
09-02 11:28:55.526 28186 28475 D DpmFrameAnalyzer: analyze: frame received, format=35, size=1440x1080, rotation=90
09-02 11:28:55.543 28186 28186 D DpmAnalyzer: Stage1: ROI 702x702 → scaled 400x400
09-02 11:28:55.608 28186 28475 D DpmFrameAnalyzer: analyze: bitmap converted, size=1080x1440, scanRoi=Rect(189, 369 - 891, 1071)
09-02 11:28:55.608 28186 28475 D DpmFrameAnalyzer: analyze: frame received, format=35, size=1440x1080, rotation=90
09-02 11:28:55.609 28186 28186 D DpmAnalyzer: analyze: frame=1080x1440, roi=Rect(189, 369 - 891, 1071), focus=FOCUSED, mode=SCAN
09-02 11:28:55.609 28186 28186 D DpmAnalyzer: analyze: THROTTLED (already running)
09-02 11:28:55.609 28186 28186 D DpmFrameAnalyzer: analyze: result status=THROTTLED, code=null, source=null
09-02 11:28:55.623 28186 28186 D DpmAnalyzer: Stage1: MISS
09-02 11:28:55.623 28186 28186 D DpmAnalyzer: scanRoi present, skipping full-image stages
09-02 11:28:55.623 28186 28186 D DpmAnalyzer: analyze: decodedCode=null
09-02 11:28:55.623 28186 28186 D DpmFrameAnalyzer: analyze: result status=NO_CODE, code=null, source=null
09-02 11:28:55.701 28186 28475 D DpmFrameAnalyzer: analyze: bitmap converted, size=1080x1440, scanRoi=Rect(189, 369 - 891, 1071)
09-02 11:28:55.701 28186 28186 D DpmAnalyzer: analyze: frame=1080x1440, roi=Rect(189, 369 - 891, 1071), focus=FOCUSED, mode=SCAN
09-02 11:28:55.701 28186 28186 D DpmAnalyzer: analyze: THROTTLED by timing gate
09-02 11:28:55.701 28186 28186 D DpmFrameAnalyzer: analyze: result status=THROTTLED, code=null, source=null
09-02 11:28:55.702 28186 28475 D DpmFrameAnalyzer: analyze: frame received, format=35, size=1440x1080, rotation=90
09-02 11:28:55.783 28186 28475 D DpmFrameAnalyzer: analyze: bitmap converted, size=1080x1440, scanRoi=Rect(189, 369 - 891, 1071)
09-02 11:28:55.783 28186 28186 D DpmAnalyzer: analyze: frame=1080x1440, roi=Rect(189, 369 - 891, 1071), focus=FOCUSED, mode=SCAN
09-02 11:28:55.783 28186 28186 D DpmAnalyzer: analyze: THROTTLED by timing gate
09-02 11:28:55.783 28186 28186 D DpmFrameAnalyzer: analyze: result status=THROTTLED, code=null, source=null
09-02 11:28:55.784 28186 28475 D DpmFrameAnalyzer: analyze: frame received, format=35, size=1440x1080, rotation=90
09-02 11:28:55.849 28186 28475 D DpmFrameAnalyzer: analyze: bitmap converted, size=1080x1440, scanRoi=Rect(189, 369 - 891, 1071)
09-02 11:28:55.850 28186 28186 D DpmAnalyzer: analyze: frame=1080x1440, roi=Rect(189, 369 - 891, 1071), focus=FOCUSED, mode=SCAN
09-02 11:28:55.850 28186 28186 D DpmAnalyzer: analyze: starting performMultiStrategyDecode
09-02 11:28:55.850 28186 28186 D DpmAnalyzer: performMultiStrategyDecode: frame=1080x1440, roi=Rect(189, 369 - 891, 1071), strategies=1
09-02 11:28:55.850 28186 28475 D DpmFrameAnalyzer: analyze: frame received, format=35, size=1440x1080, rotation=90
09-02 11:28:55.871 28186 28186 D DpmAnalyzer: Stage1: ROI 702x702 → scaled 400x400
09-02 11:28:55.915 28186 28475 D DpmFrameAnalyzer: analyze: bitmap converted, size=1080x1440, scanRoi=Rect(189, 369 - 891, 1071)
09-02 11:28:55.915 28186 28186 D DpmAnalyzer: analyze: frame=1080x1440, roi=Rect(189, 369 - 891, 1071), focus=FOCUSED, mode=SCAN
09-02 11:28:55.915 28186 28186 D DpmAnalyzer: analyze: THROTTLED (already running)
09-02 11:28:55.915 28186 28186 D DpmFrameAnalyzer: analyze: result status=THROTTLED, code=null, source=null
09-02 11:28:55.916 28186 28475 D DpmFrameAnalyzer: analyze: frame received, format=35, size=1440x1080, rotation=90
09-02 11:28:55.937 28186 28186 D DpmAnalyzer: Stage1: MISS
09-02 11:28:55.937 28186 28186 D DpmAnalyzer: scanRoi present, skipping full-image stages
09-02 11:28:55.937 28186 28186 D DpmAnalyzer: analyze: decodedCode=null
09-02 11:28:55.937 28186 28186 D DpmFrameAnalyzer: analyze: result status=NO_CODE, code=null, source=null
09-02 11:28:56.003 28186 28475 D DpmFrameAnalyzer: analyze: bitmap converted, size=1080x1440, scanRoi=Rect(189, 369 - 891, 1071)
09-02 11:28:56.003 28186 28186 D DpmAnalyzer: analyze: frame=1080x1440, roi=Rect(189, 369 - 891, 1071), focus=FOCUSED, mode=SCAN
09-02 11:28:56.003 28186 28186 D DpmAnalyzer: analyze: THROTTLED by timing gate
09-02 11:28:56.003 28186 28186 D DpmFrameAnalyzer: analyze: result status=THROTTLED, code=null, source=null
09-02 11:28:56.003 28186 28475 D DpmFrameAnalyzer: analyze: frame received, format=35, size=1440x1080, rotation=90
09-02 11:28:56.072 28186 28475 D DpmFrameAnalyzer: analyze: bitmap converted, size=1080x1440, scanRoi=Rect(189, 369 - 891, 1071)
09-02 11:28:56.073 28186 28186 D DpmAnalyzer: analyze: frame=1080x1440, roi=Rect(189, 369 - 891, 1071), focus=FOCUSED, mode=SCAN
09-02 11:28:56.073 28186 28475 D DpmFrameAnalyzer: analyze: frame received, format=35, size=1440x1080, rotation=90
09-02 11:28:56.073 28186 28186 D DpmAnalyzer: analyze: THROTTLED by timing gate
09-02 11:28:56.073 28186 28186 D DpmFrameAnalyzer: analyze: result status=THROTTLED, code=null, source=null
09-02 11:28:56.134 28186 28475 D DpmFrameAnalyzer: analyze: bitmap converted, size=1080x1440, scanRoi=Rect(189, 369 - 891, 1071)
09-02 11:28:56.134 28186 28186 D DpmAnalyzer: analyze: frame=1080x1440, roi=Rect(189, 369 - 891, 1071), focus=FOCUSED, mode=SCAN
09-02 11:28:56.135 28186 28186 D DpmAnalyzer: analyze: THROTTLED by timing gate
09-02 11:28:56.135 28186 28186 D DpmFrameAnalyzer: analyze: result status=THROTTLED, code=null, source=null
09-02 11:28:56.135 28186 28475 D DpmFrameAnalyzer: analyze: frame received, format=35, size=1440x1080, rotation=90
09-02 11:28:56.199 28186 28475 D DpmFrameAnalyzer: analyze: bitmap converted, size=1080x1440, scanRoi=Rect(189, 369 - 891, 1071)
09-02 11:28:56.200 28186 28186 D DpmAnalyzer: analyze: frame=1080x1440, roi=Rect(189, 369 - 891, 1071), focus=FOCUSED, mode=SCAN
09-02 11:28:56.200 28186 28186 D DpmAnalyzer: analyze: starting performMultiStrategyDecode
09-02 11:28:56.200 28186 28186 D DpmAnalyzer: performMultiStrategyDecode: frame=1080x1440, roi=Rect(189, 369 - 891, 1071), strategies=1
09-02 11:28:56.200 28186 28475 D DpmFrameAnalyzer: analyze: frame received, format=35, size=1440x1080, rotation=90
09-02 11:28:56.210 28186 28186 D DpmAnalyzer: Stage1: ROI 702x702 → scaled 400x400
09-02 11:28:56.277 28186 28475 D DpmFrameAnalyzer: analyze: bitmap converted, size=1080x1440, scanRoi=Rect(189, 369 - 891, 1071)
09-02 11:28:56.278 28186 28475 D DpmFrameAnalyzer: analyze: frame received, format=35, size=1440x1080, rotation=90
09-02 11:28:56.289 28186 28186 D DpmAnalyzer: Stage1: MISS
09-02 11:28:56.290 28186 28186 D DpmAnalyzer: scanRoi present, skipping full-image stages
09-02 11:28:56.290 28186 28186 D DpmAnalyzer: analyze: decodedCode=null
09-02 11:28:56.290 28186 28186 D DpmFrameAnalyzer: analyze: result status=NO_CODE, code=null, source=null
09-02 11:28:56.292 28186 28186 D DpmAnalyzer: analyze: frame=1080x1440, roi=Rect(189, 369 - 891, 1071), focus=FOCUSED, mode=SCAN
09-02 11:28:56.292 28186 28186 D DpmAnalyzer: analyze: THROTTLED by timing gate
09-02 11:28:56.292 28186 28186 D DpmFrameAnalyzer: analyze: result status=THROTTLED, code=null, source=null
09-02 11:28:56.374 28186 28475 D DpmFrameAnalyzer: analyze: bitmap converted, size=1080x1440, scanRoi=Rect(189, 369 - 891, 1071)
09-02 11:28:56.374 28186 28186 D DpmAnalyzer: analyze: frame=1080x1440, roi=Rect(189, 369 - 891, 1071), focus=FOCUSED, mode=SCAN
09-02 11:28:56.374 28186 28186 D DpmAnalyzer: analyze: THROTTLED by timing gate
09-02 11:28:56.374 28186 28186 D DpmFrameAnalyzer: analyze: result status=THROTTLED, code=null, source=null
09-02 11:28:56.375 28186 28475 D DpmFrameAnalyzer: analyze: frame received, format=35, size=1440x1080, rotation=90
09-02 11:28:56.452 28186 28475 D DpmFrameAnalyzer: analyze: bitmap converted, size=1080x1440, scanRoi=Rect(189, 369 - 891, 1071)
09-02 11:28:56.453 28186 28186 D DpmAnalyzer: analyze: frame=1080x1440, roi=Rect(189, 369 - 891, 1071), focus=FOCUSED, mode=SCAN
09-02 11:28:56.453 28186 28186 D DpmAnalyzer: analyze: THROTTLED by timing gate
09-02 11:28:56.453 28186 28186 D DpmFrameAnalyzer: analyze: result status=THROTTLED, code=null, source=null
09-02 11:28:56.454 28186 28475 D DpmFrameAnalyzer: analyze: frame received, format=35, size=1440x1080, rotation=90
09-02 11:28:56.519 28186 28475 D DpmFrameAnalyzer: analyze: bitmap converted, size=1080x1440, scanRoi=Rect(189, 369 - 891, 1071)
09-02 11:28:56.520 28186 28186 D DpmAnalyzer: analyze: frame=1080x1440, roi=Rect(189, 369 - 891, 1071), focus=FOCUSED, mode=SCAN
09-02 11:28:56.520 28186 28186 D DpmAnalyzer: analyze: starting performMultiStrategyDecode
09-02 11:28:56.520 28186 28186 D DpmAnalyzer: performMultiStrategyDecode: frame=1080x1440, roi=Rect(189, 369 - 891, 1071), strategies=1
09-02 11:28:56.520 28186 28475 D DpmFrameAnalyzer: analyze: frame received, format=35, size=1440x1080, rotation=90
09-02 11:28:56.538 28186 28186 D DpmAnalyzer: Stage1: ROI 702x702 → scaled 400x400
09-02 11:28:56.581 28186 28186 D DpmAnalyzer: Stage1: MISS
09-02 11:28:56.581 28186 28186 D DpmAnalyzer: scanRoi present, skipping full-image stages
09-02 11:28:56.581 28186 28186 D DpmAnalyzer: analyze: decodedCode=null
09-02 11:28:56.581 28186 28186 D DpmFrameAnalyzer: analyze: result status=NO_CODE, code=null, source=null
09-02 11:28:56.590 28186 28475 D DpmFrameAnalyzer: analyze: bitmap converted, size=1080x1440, scanRoi=Rect(189, 369 - 891, 1071)
09-02 11:28:56.591 28186 28186 D DpmAnalyzer: analyze: frame=1080x1440, roi=Rect(189, 369 - 891, 1071), focus=FOCUSED, mode=SCAN
09-02 11:28:56.591 28186 28186 D DpmAnalyzer: analyze: THROTTLED by timing gate
09-02 11:28:56.591 28186 28186 D DpmFrameAnalyzer: analyze: result status=THROTTLED, code=null, source=null
09-02 11:28:56.591 28186 28475 D DpmFrameAnalyzer: analyze: frame received, format=35, size=1440x1080, rotation=90
09-02 11:28:56.684 28186 28475 D DpmFrameAnalyzer: analyze: bitmap converted, size=1080x1440, scanRoi=Rect(189, 369 - 891, 1071)
09-02 11:28:56.685 28186 28186 D DpmAnalyzer: analyze: frame=1080x1440, roi=Rect(189, 369 - 891, 1071), focus=FOCUSED, mode=SCAN
09-02 11:28:56.685 28186 28186 D DpmAnalyzer: analyze: THROTTLED by timing gate
09-02 11:28:56.685 28186 28186 D DpmFrameAnalyzer: analyze: result status=THROTTLED, code=null, source=null
09-02 11:28:56.685 28186 28475 D DpmFrameAnalyzer: analyze: frame received, format=35, size=1440x1080, rotation=90
09-02 11:28:56.759 28186 28475 D DpmFrameAnalyzer: analyze: bitmap converted, size=1080x1440, scanRoi=Rect(189, 369 - 891, 1071)
09-02 11:28:56.759 28186 28186 D DpmAnalyzer: analyze: frame=1080x1440, roi=Rect(189, 369 - 891, 1071), focus=FOCUSED, mode=SCAN
09-02 11:28:56.759 28186 28186 D DpmAnalyzer: analyze: THROTTLED by timing gate
09-02 11:28:56.760 28186 28186 D DpmFrameAnalyzer: analyze: result status=THROTTLED, code=null, source=null
09-02 11:28:56.760 28186 28475 D DpmFrameAnalyzer: analyze: frame received, format=35, size=1440x1080, rotation=90
09-02 11:28:56.834 28186 28475 D DpmFrameAnalyzer: analyze: bitmap converted, size=1080x1440, scanRoi=Rect(189, 369 - 891, 1071)
09-02 11:28:56.835 28186 28186 D DpmAnalyzer: analyze: frame=1080x1440, roi=Rect(189, 369 - 891, 1071), focus=FOCUSED, mode=SCAN
09-02 11:28:56.835 28186 28186 D DpmAnalyzer: analyze: starting performMultiStrategyDecode
09-02 11:28:56.835 28186 28186 D DpmAnalyzer: performMultiStrategyDecode: frame=1080x1440, roi=Rect(189, 369 - 891, 1071), strategies=1
09-02 11:28:56.835 28186 28475 D DpmFrameAnalyzer: analyze: frame received, format=35, size=1440x1080, rotation=90
09-02 11:28:56.859 28186 28186 D DpmAnalyzer: Stage1: ROI 702x702 → scaled 400x400
09-02 11:28:56.906 28186 28475 D DpmFrameAnalyzer: analyze: bitmap converted, size=1080x1440, scanRoi=Rect(189, 369 - 891, 1071)
09-02 11:28:56.907 28186 28475 D DpmFrameAnalyzer: analyze: frame received, format=35, size=1440x1080, rotation=90
09-02 11:28:56.907 28186 28186 D DpmAnalyzer: analyze: frame=1080x1440, roi=Rect(189, 369 - 891, 1071), focus=FOCUSED, mode=SCAN
09-02 11:28:56.907 28186 28186 D DpmAnalyzer: analyze: THROTTLED (already running)
09-02 11:28:56.908 28186 28186 D DpmFrameAnalyzer: analyze: result status=THROTTLED, code=null, source=null
09-02 11:28:56.914 28186 28186 D DpmAnalyzer: Stage1: MISS
09-02 11:28:56.914 28186 28186 D DpmAnalyzer: scanRoi present, skipping full-image stages
09-02 11:28:56.914 28186 28186 D DpmAnalyzer: analyze: decodedCode=null
09-02 11:28:56.914 28186 28186 D DpmFrameAnalyzer: analyze: result status=NO_CODE, code=null, source=null
09-02 11:28:56.977 28186 28475 D DpmFrameAnalyzer: analyze: bitmap converted, size=1080x1440, scanRoi=Rect(189, 369 - 891, 1071)
09-02 11:28:56.977 28186 28186 D DpmAnalyzer: analyze: frame=1080x1440, roi=Rect(189, 369 - 891, 1071), focus=FOCUSED, mode=SCAN
09-02 11:28:56.977 28186 28186 D DpmAnalyzer: analyze: THROTTLED by timing gate
09-02 11:28:56.977 28186 28186 D DpmFrameAnalyzer: analyze: result status=THROTTLED, code=null, source=null
09-02 11:28:56.977 28186 28475 D DpmFrameAnalyzer: analyze: frame received, format=35, size=1440x1080, rotation=90
09-02 11:28:57.048 28186 28475 D DpmFrameAnalyzer: analyze: bitmap converted, size=1080x1440, scanRoi=Rect(189, 369 - 891, 1071)
09-02 11:28:57.049 28186 28186 D DpmAnalyzer: analyze: frame=1080x1440, roi=Rect(189, 369 - 891, 1071), focus=FOCUSED, mode=SCAN
09-02 11:28:57.049 28186 28186 D DpmAnalyzer: analyze: THROTTLED by timing gate
09-02 11:28:57.049 28186 28186 D DpmFrameAnalyzer: analyze: result status=THROTTLED, code=null, source=null
09-02 11:28:57.049 28186 28475 D DpmFrameAnalyzer: analyze: frame received, format=35, size=1440x1080, rotation=90
09-02 11:28:57.112 28186 28475 D DpmFrameAnalyzer: analyze: bitmap converted, size=1080x1440, scanRoi=Rect(189, 369 - 891, 1071)
09-02 11:28:57.113 28186 28186 D DpmAnalyzer: analyze: frame=1080x1440, roi=Rect(189, 369 - 891, 1071), focus=FOCUSED, mode=SCAN
09-02 11:28:57.113 28186 28186 D DpmAnalyzer: analyze: THROTTLED by timing gate
09-02 11:28:57.113 28186 28186 D DpmFrameAnalyzer: analyze: result status=THROTTLED, code=null, source=null
09-02 11:28:57.114 28186 28475 D DpmFrameAnalyzer: analyze: frame received, format=35, size=1440x1080, rotation=90
09-02 11:28:57.182 28186 28475 D DpmFrameAnalyzer: analyze: bitmap converted, size=1080x1440, scanRoi=Rect(189, 369 - 891, 1071)
09-02 11:28:57.182 28186 28186 D DpmAnalyzer: analyze: frame=1080x1440, roi=Rect(189, 369 - 891, 1071), focus=FOCUSED, mode=SCAN
09-02 11:28:57.182 28186 28186 D DpmAnalyzer: analyze: starting performMultiStrategyDecode
09-02 11:28:57.182 28186 28186 D DpmAnalyzer: performMultiStrategyDecode: frame=1080x1440, roi=Rect(189, 369 - 891, 1071), strategies=1
09-02 11:28:57.183 28186 28475 D DpmFrameAnalyzer: analyze: frame received, format=35, size=1440x1080, rotation=90
09-02 11:28:57.199 28186 28186 D DpmAnalyzer: Stage1: ROI 702x702 → scaled 400x400
09-02 11:28:57.249 28186 28475 D DpmFrameAnalyzer: analyze: bitmap converted, size=1080x1440, scanRoi=Rect(189, 369 - 891, 1071)
09-02 11:28:57.250 28186 28186 D DpmAnalyzer: analyze: frame=1080x1440, roi=Rect(189, 369 - 891, 1071), focus=FOCUSED, mode=SCAN
09-02 11:28:57.250 28186 28186 D DpmAnalyzer: analyze: THROTTLED (already running)
09-02 11:28:57.250 28186 28186 D DpmFrameAnalyzer: analyze: result status=THROTTLED, code=null, source=null
09-02 11:28:57.250 28186 28475 D DpmFrameAnalyzer: analyze: frame received, format=35, size=1440x1080, rotation=90
09-02 11:28:57.253 28186 28186 D DpmAnalyzer: Stage1: MISS
09-02 11:28:57.253 28186 28186 D DpmAnalyzer: scanRoi present, skipping full-image stages
09-02 11:28:57.253 28186 28186 D DpmAnalyzer: analyze: decodedCode=null
09-02 11:28:57.253 28186 28186 D DpmFrameAnalyzer: analyze: result status=NO_CODE, code=null, source=null
09-02 11:28:57.337 28186 28475 D DpmFrameAnalyzer: analyze: bitmap converted, size=1080x1440, scanRoi=Rect(189, 369 - 891, 1071)
09-02 11:28:57.337 28186 28186 D DpmAnalyzer: analyze: frame=1080x1440, roi=Rect(189, 369 - 891, 1071), focus=FOCUSED, mode=SCAN
09-02 11:28:57.338 28186 28186 D DpmAnalyzer: analyze: THROTTLED by timing gate
09-02 11:28:57.338 28186 28186 D DpmFrameAnalyzer: analyze: result status=THROTTLED, code=null, source=null
09-02 11:28:57.338 28186 28475 D DpmFrameAnalyzer: analyze: frame received, format=35, size=1440x1080, rotation=90
09-02 11:28:57.406 28186 28475 D DpmFrameAnalyzer: analyze: bitmap converted, size=1080x1440, scanRoi=Rect(189, 369 - 891, 1071)
09-02 11:28:57.407 28186 28186 D DpmAnalyzer: analyze: frame=1080x1440, roi=Rect(189, 369 - 891, 1071), focus=FOCUSED, mode=SCAN
09-02 11:28:57.407 28186 28186 D DpmAnalyzer: analyze: THROTTLED by timing gate
09-02 11:28:57.407 28186 28186 D DpmFrameAnalyzer: analyze: result status=THROTTLED, code=null, source=null
09-02 11:28:57.407 28186 28475 D DpmFrameAnalyzer: analyze: frame received, format=35, size=1440x1080, rotation=90
09-02 11:28:57.472 28186 28475 D DpmFrameAnalyzer: analyze: bitmap converted, size=1080x1440, scanRoi=Rect(189, 369 - 891, 1071)
09-02 11:28:57.473 28186 28186 D DpmAnalyzer: analyze: frame=1080x1440, roi=Rect(189, 369 - 891, 1071), focus=FOCUSED, mode=SCAN
09-02 11:28:57.473 28186 28186 D DpmAnalyzer: analyze: starting performMultiStrategyDecode
09-02 11:28:57.473 28186 28186 D DpmAnalyzer: performMultiStrategyDecode: frame=1080x1440, roi=Rect(189, 369 - 891, 1071), strategies=1
09-02 11:28:57.473 28186 28475 D DpmFrameAnalyzer: analyze: frame received, format=35, size=1440x1080, rotation=90
09-02 11:28:57.495 28186 28186 D DpmAnalyzer: Stage1: ROI 702x702 → scaled 400x400
09-02 11:28:57.541 28186 28475 D DpmFrameAnalyzer: analyze: bitmap converted, size=1080x1440, scanRoi=Rect(189, 369 - 891, 1071)
09-02 11:28:57.541 28186 28186 D DpmAnalyzer: analyze: frame=1080x1440, roi=Rect(189, 369 - 891, 1071), focus=FOCUSED, mode=SCAN
09-02 11:28:57.541 28186 28186 D DpmAnalyzer: analyze: THROTTLED (already running)
09-02 11:28:57.541 28186 28186 D DpmFrameAnalyzer: analyze: result status=THROTTLED, code=null, source=null
09-02 11:28:57.541 28186 28475 D DpmFrameAnalyzer: analyze: frame received, format=35, size=1440x1080, rotation=90
09-02 11:28:57.565 28186 28186 D DpmAnalyzer: Stage1: MISS
09-02 11:28:57.565 28186 28186 D DpmAnalyzer: scanRoi present, skipping full-image stages
09-02 11:28:57.565 28186 28186 D DpmAnalyzer: analyze: decodedCode=null
09-02 11:28:57.565 28186 28186 D DpmFrameAnalyzer: analyze: result status=NO_CODE, code=null, source=null
09-02 11:28:57.624 28186 28475 D DpmFrameAnalyzer: analyze: bitmap converted, size=1080x1440, scanRoi=Rect(189, 369 - 891, 1071)
09-02 11:28:57.625 28186 28186 D DpmAnalyzer: analyze: frame=1080x1440, roi=Rect(189, 369 - 891, 1071), focus=FOCUSED, mode=SCAN
09-02 11:28:57.625 28186 28186 D DpmAnalyzer: analyze: THROTTLED by timing gate
09-02 11:28:57.625 28186 28186 D DpmFrameAnalyzer: analyze: result status=THROTTLED, code=null, source=null
09-02 11:28:57.625 28186 28475 D DpmFrameAnalyzer: analyze: frame received, format=35, size=1440x1080, rotation=90
09-02 11:28:57.709 28186 28475 D DpmFrameAnalyzer: analyze: bitmap converted, size=1080x1440, scanRoi=Rect(189, 369 - 891, 1071)
09-02 11:28:57.709 28186 28186 D DpmAnalyzer: analyze: frame=1080x1440, roi=Rect(189, 369 - 891, 1071), focus=FOCUSED, mode=SCAN
09-02 11:28:57.709 28186 28186 D DpmAnalyzer: analyze: THROTTLED by timing gate
09-02 11:28:57.709 28186 28186 D DpmFrameAnalyzer: analyze: result status=THROTTLED, code=null, source=null
09-02 11:28:57.710 28186 28475 D DpmFrameAnalyzer: analyze: frame received, format=35, size=1440x1080, rotation=90
09-02 11:28:57.776 28186 28475 D DpmFrameAnalyzer: analyze: bitmap converted, size=1080x1440, scanRoi=Rect(189, 369 - 891, 1071)
09-02 11:28:57.777 28186 28186 D DpmAnalyzer: analyze: frame=1080x1440, roi=Rect(189, 369 - 891, 1071), focus=FOCUSED, mode=SCAN
09-02 11:28:57.777 28186 28186 D DpmAnalyzer: analyze: starting performMultiStrategyDecode
09-02 11:28:57.777 28186 28186 D DpmAnalyzer: performMultiStrategyDecode: frame=1080x1440, roi=Rect(189, 369 - 891, 1071), strategies=1
09-02 11:28:57.777 28186 28475 D DpmFrameAnalyzer: analyze: frame received, format=35, size=1440x1080, rotation=90
09-02 11:28:57.799 28186 28186 D DpmAnalyzer: Stage1: ROI 702x702 → scaled 400x400
09-02 11:28:57.836 28186 28186 D DpmAnalyzer: Stage1: MISS
09-02 11:28:57.836 28186 28186 D DpmAnalyzer: scanRoi present, skipping full-image stages
09-02 11:28:57.836 28186 28186 D DpmAnalyzer: analyze: decodedCode=null
09-02 11:28:57.836 28186 28186 D DpmFrameAnalyzer: analyze: result status=NO_CODE, code=null, source=null
09-02 11:28:57.848 28186 28475 D DpmFrameAnalyzer: analyze: bitmap converted, size=1080x1440, scanRoi=Rect(189, 369 - 891, 1071)
09-02 11:28:57.848 28186 28186 D DpmAnalyzer: analyze: frame=1080x1440, roi=Rect(189, 369 - 891, 1071), focus=FOCUSED, mode=SCAN
09-02 11:28:57.848 28186 28186 D DpmAnalyzer: analyze: THROTTLED by timing gate
09-02 11:28:57.848 28186 28186 D DpmFrameAnalyzer: analyze: result status=THROTTLED, code=null, source=null
09-02 11:28:57.848 28186 28475 D DpmFrameAnalyzer: analyze: frame received, format=35, size=1440x1080, rotation=90
09-02 11:28:57.933 28186 28475 D DpmFrameAnalyzer: analyze: bitmap converted, size=1080x1440, scanRoi=Rect(189, 369 - 891, 1071)
09-02 11:28:57.934 28186 28186 D DpmAnalyzer: analyze: frame=1080x1440, roi=Rect(189, 369 - 891, 1071), focus=FOCUSED, mode=SCAN
09-02 11:28:57.934 28186 28186 D DpmAnalyzer: analyze: THROTTLED by timing gate
09-02 11:28:57.934 28186 28186 D DpmFrameAnalyzer: analyze: result status=THROTTLED, code=null, source=null
09-02 11:28:57.934 28186 28475 D DpmFrameAnalyzer: analyze: frame received, format=35, size=1440x1080, rotation=90
09-02 11:28:58.002 28186 28475 D DpmFrameAnalyzer: analyze: bitmap converted, size=1080x1440, scanRoi=Rect(189, 369 - 891, 1071)
09-02 11:28:58.003 28186 28186 D DpmAnalyzer: analyze: frame=1080x1440, roi=Rect(189, 369 - 891, 1071), focus=FOCUSED, mode=SCAN
09-02 11:28:58.003 28186 28186 D DpmAnalyzer: analyze: THROTTLED by timing gate
09-02 11:28:58.003 28186 28186 D DpmFrameAnalyzer: analyze: result status=THROTTLED, code=null, source=null
09-02 11:28:58.003 28186 28475 D DpmFrameAnalyzer: analyze: frame received, format=35, size=1440x1080, rotation=90
09-02 11:28:58.069 28186 28475 D DpmFrameAnalyzer: analyze: bitmap converted, size=1080x1440, scanRoi=Rect(189, 369 - 891, 1071)
09-02 11:28:58.069 28186 28186 D DpmAnalyzer: analyze: frame=1080x1440, roi=Rect(189, 369 - 891, 1071), focus=FOCUSED, mode=SCAN
09-02 11:28:58.069 28186 28186 D DpmAnalyzer: analyze: starting performMultiStrategyDecode
09-02 11:28:58.069 28186 28186 D DpmAnalyzer: performMultiStrategyDecode: frame=1080x1440, roi=Rect(189, 369 - 891, 1071), strategies=1
09-02 11:28:58.069 28186 28475 D DpmFrameAnalyzer: analyze: frame received, format=35, size=1440x1080, rotation=90
09-02 11:28:58.094 28186 28186 D DpmAnalyzer: Stage1: ROI 702x702 → scaled 400x400
09-02 11:28:58.134 28186 28475 D DpmFrameAnalyzer: analyze: bitmap converted, size=1080x1440, scanRoi=Rect(189, 369 - 891, 1071)
09-02 11:28:58.134 28186 28186 D DpmAnalyzer: analyze: frame=1080x1440, roi=Rect(189, 369 - 891, 1071), focus=FOCUSED, mode=SCAN
09-02 11:28:58.134 28186 28186 D DpmAnalyzer: analyze: THROTTLED (already running)
09-02 11:28:58.134 28186 28186 D DpmFrameAnalyzer: analyze: result status=THROTTLED, code=null, source=null
09-02 11:28:58.135 28186 28475 D DpmFrameAnalyzer: analyze: frame received, format=35, size=1440x1080, rotation=90
09-02 11:28:58.138 28186 28186 D DpmAnalyzer: Stage1: MISS
09-02 11:28:58.138 28186 28186 D DpmAnalyzer: scanRoi present, skipping full-image stages
09-02 11:28:58.138 28186 28186 D DpmAnalyzer: analyze: decodedCode=null
09-02 11:28:58.138 28186 28186 D DpmFrameAnalyzer: analyze: result status=NO_CODE, code=null, source=null
09-02 11:28:58.212 28186 28475 D DpmFrameAnalyzer: analyze: bitmap converted, size=1080x1440, scanRoi=Rect(189, 369 - 891, 1071)
09-02 11:28:58.212 28186 28186 D DpmAnalyzer: analyze: frame=1080x1440, roi=Rect(189, 369 - 891, 1071), focus=FOCUSED, mode=SCAN
09-02 11:28:58.213 28186 28186 D DpmAnalyzer: analyze: THROTTLED by timing gate
09-02 11:28:58.213 28186 28186 D DpmFrameAnalyzer: analyze: result status=THROTTLED, code=null, source=null
09-02 11:28:58.213 28186 28475 D DpmFrameAnalyzer: analyze: frame received, format=35, size=1440x1080, rotation=90
09-02 11:28:58.296 28186 28475 D DpmFrameAnalyzer: analyze: bitmap converted, size=1080x1440, scanRoi=Rect(189, 369 - 891, 1071)
09-02 11:28:58.296 28186 28186 D DpmAnalyzer: analyze: frame=1080x1440, roi=Rect(189, 369 - 891, 1071), focus=FOCUSED, mode=SCAN
09-02 11:28:58.296 28186 28186 D DpmAnalyzer: analyze: THROTTLED by timing gate
09-02 11:28:58.296 28186 28186 D DpmFrameAnalyzer: analyze: result status=THROTTLED, code=null, source=null
09-02 11:28:58.296 28186 28475 D DpmFrameAnalyzer: analyze: frame received, format=35, size=1440x1080, rotation=90
09-02 11:28:58.373 28186 28475 D DpmFrameAnalyzer: analyze: bitmap converted, size=1080x1440, scanRoi=Rect(189, 369 - 891, 1071)
09-02 11:28:58.374 28186 28186 D DpmAnalyzer: analyze: frame=1080x1440, roi=Rect(189, 369 - 891, 1071), focus=FOCUSED, mode=SCAN
09-02 11:28:58.374 28186 28186 D DpmAnalyzer: analyze: starting performMultiStrategyDecode
09-02 11:28:58.374 28186 28186 D DpmAnalyzer: performMultiStrategyDecode: frame=1080x1440, roi=Rect(189, 369 - 891, 1071), strategies=1
09-02 11:28:58.374 28186 28475 D DpmFrameAnalyzer: analyze: frame received, format=35, size=1440x1080, rotation=90
09-02 11:28:58.398 28186 28186 D DpmAnalyzer: Stage1: ROI 702x702 → scaled 400x400
09-02 11:28:58.440 28186 28475 D DpmFrameAnalyzer: analyze: bitmap converted, size=1080x1440, scanRoi=Rect(189, 369 - 891, 1071)
09-02 11:28:58.440 28186 28186 D DpmAnalyzer: analyze: frame=1080x1440, roi=Rect(189, 369 - 891, 1071), focus=FOCUSED, mode=SCAN
09-02 11:28:58.440 28186 28186 D DpmAnalyzer: analyze: THROTTLED (already running)
09-02 11:28:58.441 28186 28186 D DpmFrameAnalyzer: analyze: result status=THROTTLED, code=null, source=null
09-02 11:28:58.441 28186 28475 D DpmFrameAnalyzer: analyze: frame received, format=35, size=1440x1080, rotation=90
09-02 11:28:58.455 28186 28186 D DpmAnalyzer: Stage1: MISS
09-02 11:28:58.455 28186 28186 D DpmAnalyzer: scanRoi present, skipping full-image stages
09-02 11:28:58.455 28186 28186 D DpmAnalyzer: analyze: decodedCode=null
09-02 11:28:58.455 28186 28186 D DpmFrameAnalyzer: analyze: result status=NO_CODE, code=null, source=null
09-02 11:28:58.524 28186 28475 D DpmFrameAnalyzer: analyze: bitmap converted, size=1080x1440, scanRoi=Rect(189, 369 - 891, 1071)
09-02 11:28:58.525 28186 28186 D DpmAnalyzer: analyze: frame=1080x1440, roi=Rect(189, 369 - 891, 1071), focus=FOCUSED, mode=SCAN
09-02 11:28:58.525 28186 28186 D DpmAnalyzer: analyze: THROTTLED by timing gate
09-02 11:28:58.525 28186 28186 D DpmFrameAnalyzer: analyze: result status=THROTTLED, code=null, source=null
09-02 11:28:58.525 28186 28475 D DpmFrameAnalyzer: analyze: frame received, format=35, size=1440x1080, rotation=90
09-02 11:28:58.593 28186 28475 D DpmFrameAnalyzer: analyze: bitmap converted, size=1080x1440, scanRoi=Rect(189, 369 - 891, 1071)
09-02 11:28:58.593 28186 28186 D DpmAnalyzer: analyze: frame=1080x1440, roi=Rect(189, 369 - 891, 1071), focus=FOCUSED, mode=SCAN
09-02 11:28:58.593 28186 28186 D DpmAnalyzer: analyze: THROTTLED by timing gate
09-02 11:28:58.593 28186 28186 D DpmFrameAnalyzer: analyze: result status=THROTTLED, code=null, source=null
09-02 11:28:58.594 28186 28475 D DpmFrameAnalyzer: analyze: frame received, format=35, size=1440x1080, rotation=90
09-02 11:28:58.657 28186 28475 D DpmFrameAnalyzer: analyze: bitmap converted, size=1080x1440, scanRoi=Rect(189, 369 - 891, 1071)
09-02 11:28:58.657 28186 28186 D DpmAnalyzer: analyze: frame=1080x1440, roi=Rect(189, 369 - 891, 1071), focus=FOCUSED, mode=SCAN
09-02 11:28:58.657 28186 28186 D DpmAnalyzer: analyze: starting performMultiStrategyDecode
09-02 11:28:58.658 28186 28186 D DpmAnalyzer: performMultiStrategyDecode: frame=1080x1440, roi=Rect(189, 369 - 891, 1071), strategies=1
09-02 11:28:58.658 28186 28475 D DpmFrameAnalyzer: analyze: frame received, format=35, size=1440x1080, rotation=90
09-02 11:28:58.668 28186 28186 D DpmAnalyzer: Stage1: ROI 702x702 → scaled 400x400
09-02 11:28:58.724 28186 28475 D DpmFrameAnalyzer: analyze: bitmap converted, size=1080x1440, scanRoi=Rect(189, 369 - 891, 1071)
09-02 11:28:58.724 28186 28186 D DpmAnalyzer: analyze: frame=1080x1440, roi=Rect(189, 369 - 891, 1071), focus=FOCUSED, mode=SCAN
09-02 11:28:58.724 28186 28186 D DpmAnalyzer: analyze: THROTTLED (already running)
09-02 11:28:58.724 28186 28186 D DpmFrameAnalyzer: analyze: result status=THROTTLED, code=null, source=null
09-02 11:28:58.724 28186 28475 D DpmFrameAnalyzer: analyze: frame received, format=35, size=1440x1080, rotation=90
09-02 11:28:58.745 28186 28186 D DpmAnalyzer: Stage1: MISS
09-02 11:28:58.745 28186 28186 D DpmAnalyzer: scanRoi present, skipping full-image stages
09-02 11:28:58.745 28186 28186 D DpmAnalyzer: analyze: decodedCode=null
09-02 11:28:58.745 28186 28186 D DpmFrameAnalyzer: analyze: result status=NO_CODE, code=null, source=null
09-02 11:28:58.806 28186 28475 D DpmFrameAnalyzer: analyze: bitmap converted, size=1080x1440, scanRoi=Rect(189, 369 - 891, 1071)
09-02 11:28:58.806 28186 28186 D DpmAnalyzer: analyze: frame=1080x1440, roi=Rect(189, 369 - 891, 1071), focus=FOCUSED, mode=SCAN
09-02 11:28:58.807 28186 28186 D DpmAnalyzer: analyze: THROTTLED by timing gate
09-02 11:28:58.807 28186 28186 D DpmFrameAnalyzer: analyze: result status=THROTTLED, code=null, source=null
09-02 11:28:58.807 28186 28475 D DpmFrameAnalyzer: analyze: frame received, format=35, size=1440x1080, rotation=90
09-02 11:28:58.875 28186 28475 D DpmFrameAnalyzer: analyze: bitmap converted, size=1080x1440, scanRoi=Rect(189, 369 - 891, 1071)
09-02 11:28:58.875 28186 28186 D DpmAnalyzer: analyze: frame=1080x1440, roi=Rect(189, 369 - 891, 1071), focus=FOCUSED, mode=SCAN
09-02 11:28:58.876 28186 28186 D DpmAnalyzer: analyze: THROTTLED by timing gate
09-02 11:28:58.876 28186 28186 D DpmFrameAnalyzer: analyze: result status=THROTTLED, code=null, source=null
09-02 11:28:58.876 28186 28475 D DpmFrameAnalyzer: analyze: frame received, format=35, size=1440x1080, rotation=90
09-02 11:28:58.939 28186 28475 D DpmFrameAnalyzer: analyze: bitmap converted, size=1080x1440, scanRoi=Rect(189, 369 - 891, 1071)
09-02 11:28:58.940 28186 28186 D DpmAnalyzer: analyze: frame=1080x1440, roi=Rect(189, 369 - 891, 1071), focus=FOCUSED, mode=SCAN
09-02 11:28:58.940 28186 28186 D DpmAnalyzer: analyze: THROTTLED by timing gate
09-02 11:28:58.940 28186 28186 D DpmFrameAnalyzer: analyze: result status=THROTTLED, code=null, source=null
09-02 11:28:58.940 28186 28475 D DpmFrameAnalyzer: analyze: frame received, format=35, size=1440x1080, rotation=90
09-02 11:28:59.008 28186 28475 D DpmFrameAnalyzer: analyze: bitmap converted, size=1080x1440, scanRoi=Rect(189, 369 - 891, 1071)
09-02 11:28:59.008 28186 28186 D DpmAnalyzer: analyze: frame=1080x1440, roi=Rect(189, 369 - 891, 1071), focus=FOCUSED, mode=SCAN
09-02 11:28:59.009 28186 28186 D DpmAnalyzer: analyze: starting performMultiStrategyDecode
09-02 11:28:59.009 28186 28186 D DpmAnalyzer: performMultiStrategyDecode: frame=1080x1440, roi=Rect(189, 369 - 891, 1071), strategies=1
09-02 11:28:59.009 28186 28475 D DpmFrameAnalyzer: analyze: frame received, format=35, size=1440x1080, rotation=90
09-02 11:28:59.021 28186 28186 D DpmAnalyzer: Stage1: ROI 702x702 → scaled 400x400
09-02 11:28:59.061 28186 28186 D DpmAnalyzer: Stage1: MISS
09-02 11:28:59.061 28186 28186 D DpmAnalyzer: scanRoi present, skipping full-image stages
09-02 11:28:59.061 28186 28186 D DpmAnalyzer: analyze: decodedCode=null
09-02 11:28:59.061 28186 28186 D DpmFrameAnalyzer: analyze: result status=NO_CODE, code=null, source=null
09-02 11:28:59.085 28186 28475 D DpmFrameAnalyzer: analyze: bitmap converted, size=1080x1440, scanRoi=Rect(189, 369 - 891, 1071)
09-02 11:28:59.085 28186 28186 D DpmAnalyzer: analyze: frame=1080x1440, roi=Rect(189, 369 - 891, 1071), focus=FOCUSED, mode=SCAN
09-02 11:28:59.085 28186 28186 D DpmAnalyzer: analyze: THROTTLED by timing gate
09-02 11:28:59.085 28186 28186 D DpmFrameAnalyzer: analyze: result status=THROTTLED, code=null, source=null
09-02 11:28:59.086 28186 28475 D DpmFrameAnalyzer: analyze: frame received, format=35, size=1440x1080, rotation=90
09-02 11:28:59.172 28186 28475 D DpmFrameAnalyzer: analyze: bitmap converted, size=1080x1440, scanRoi=Rect(189, 369 - 891, 1071)
09-02 11:28:59.173 28186 28186 D DpmAnalyzer: analyze: frame=1080x1440, roi=Rect(189, 369 - 891, 1071), focus=FOCUSED, mode=SCAN
09-02 11:28:59.173 28186 28186 D DpmAnalyzer: analyze: THROTTLED by timing gate
09-02 11:28:59.173 28186 28186 D DpmFrameAnalyzer: analyze: result status=THROTTLED, code=null, source=null
09-02 11:28:59.173 28186 28475 D DpmFrameAnalyzer: analyze: frame received, format=35, size=1440x1080, rotation=90
09-02 11:28:59.245 28186 28475 D DpmFrameAnalyzer: analyze: bitmap converted, size=1080x1440, scanRoi=Rect(189, 369 - 891, 1071)
09-02 11:28:59.245 28186 28186 D DpmAnalyzer: analyze: frame=1080x1440, roi=Rect(189, 369 - 891, 1071), focus=FOCUSED, mode=SCAN
09-02 11:28:59.245 28186 28186 D DpmAnalyzer: analyze: THROTTLED by timing gate
09-02 11:28:59.245 28186 28186 D DpmFrameAnalyzer: analyze: result status=THROTTLED, code=null, source=null
09-02 11:28:59.246 28186 28475 D DpmFrameAnalyzer: analyze: frame received, format=35, size=1440x1080, rotation=90
09-02 11:28:59.311 28186 28475 D DpmFrameAnalyzer: analyze: bitmap converted, size=1080x1440, scanRoi=Rect(189, 369 - 891, 1071)
09-02 11:28:59.312 28186 28186 D DpmAnalyzer: analyze: frame=1080x1440, roi=Rect(189, 369 - 891, 1071), focus=FOCUSED, mode=SCAN
09-02 11:28:59.312 28186 28186 D DpmAnalyzer: analyze: starting performMultiStrategyDecode
09-02 11:28:59.312 28186 28186 D DpmAnalyzer: performMultiStrategyDecode: frame=1080x1440, roi=Rect(189, 369 - 891, 1071), strategies=1
09-02 11:28:59.312 28186 28475 D DpmFrameAnalyzer: analyze: frame received, format=35, size=1440x1080, rotation=90
09-02 11:28:59.337 28186 28186 D DpmAnalyzer: Stage1: ROI 702x702 → scaled 400x400
09-02 11:28:59.374 28186 28475 D DpmFrameAnalyzer: analyze: bitmap converted, size=1080x1440, scanRoi=Rect(189, 369 - 891, 1071)
09-02 11:28:59.376 28186 28186 D DpmAnalyzer: analyze: frame=1080x1440, roi=Rect(189, 369 - 891, 1071), focus=FOCUSED, mode=SCAN
09-02 11:28:59.376 28186 28186 D DpmAnalyzer: analyze: THROTTLED (already running)
09-02 11:28:59.376 28186 28186 D DpmFrameAnalyzer: analyze: result status=THROTTLED, code=null, source=null
09-02 11:28:59.377 28186 28475 D DpmFrameAnalyzer: analyze: frame received, format=35, size=1440x1080, rotation=90
09-02 11:28:59.392 28186 28186 D DpmAnalyzer: Stage1: MISS
09-02 11:28:59.392 28186 28186 D DpmAnalyzer: scanRoi present, skipping full-image stages
09-02 11:28:59.392 28186 28186 D DpmAnalyzer: analyze: decodedCode=null
09-02 11:28:59.392 28186 28186 D DpmFrameAnalyzer: analyze: result status=NO_CODE, code=null, source=null
09-02 11:28:59.459 28186 28475 D DpmFrameAnalyzer: analyze: bitmap converted, size=1080x1440, scanRoi=Rect(189, 369 - 891, 1071)
09-02 11:28:59.459 28186 28186 D DpmAnalyzer: analyze: frame=1080x1440, roi=Rect(189, 369 - 891, 1071), focus=FOCUSED, mode=SCAN
09-02 11:28:59.460 28186 28186 D DpmAnalyzer: analyze: THROTTLED by timing gate
09-02 11:28:59.460 28186 28186 D DpmFrameAnalyzer: analyze: result status=THROTTLED, code=null, source=null
09-02 11:28:59.460 28186 28475 D DpmFrameAnalyzer: analyze: frame received, format=35, size=1440x1080, rotation=90
09-02 11:28:59.539 28186 28475 D DpmFrameAnalyzer: analyze: bitmap converted, size=1080x1440, scanRoi=Rect(189, 369 - 891, 1071)
09-02 11:28:59.540 28186 28186 D DpmAnalyzer: analyze: frame=1080x1440, roi=Rect(189, 369 - 891, 1071), focus=FOCUSED, mode=SCAN
09-02 11:28:59.540 28186 28186 D DpmAnalyzer: analyze: THROTTLED by timing gate
09-02 11:28:59.540 28186 28186 D DpmFrameAnalyzer: analyze: result status=THROTTLED, code=null, source=null
09-02 11:28:59.540 28186 28475 D DpmFrameAnalyzer: analyze: frame received, format=35, size=1440x1080, rotation=90
09-02 11:28:59.612 28186 28475 D DpmFrameAnalyzer: analyze: bitmap converted, size=1080x1440, scanRoi=Rect(189, 369 - 891, 1071)
09-02 11:28:59.613 28186 28186 D DpmAnalyzer: analyze: frame=1080x1440, roi=Rect(189, 369 - 891, 1071), focus=FOCUSED, mode=SCAN
09-02 11:28:59.613 28186 28186 D DpmAnalyzer: analyze: starting performMultiStrategyDecode
09-02 11:28:59.613 28186 28475 D DpmFrameAnalyzer: analyze: frame received, format=35, size=1440x1080, rotation=90
09-02 11:28:59.613 28186 28186 D DpmAnalyzer: performMultiStrategyDecode: frame=1080x1440, roi=Rect(189, 369 - 891, 1071), strategies=1
09-02 11:28:59.639 28186 28186 D DpmAnalyzer: Stage1: ROI 702x702 → scaled 400x400
09-02 11:28:59.679 28186 28475 D DpmFrameAnalyzer: analyze: bitmap converted, size=1080x1440, scanRoi=Rect(189, 369 - 891, 1071)
09-02 11:28:59.680 28186 28186 D DpmAnalyzer: analyze: frame=1080x1440, roi=Rect(189, 369 - 891, 1071), focus=FOCUSED, mode=SCAN
09-02 11:28:59.680 28186 28186 D DpmAnalyzer: analyze: THROTTLED (already running)
09-02 11:28:59.680 28186 28186 D DpmFrameAnalyzer: analyze: result status=THROTTLED, code=null, source=null
09-02 11:28:59.680 28186 28475 D DpmFrameAnalyzer: analyze: frame received, format=35, size=1440x1080, rotation=90
09-02 11:28:59.699 28186 28186 D DpmAnalyzer: Stage1: MISS
09-02 11:28:59.699 28186 28186 D DpmAnalyzer: scanRoi present, skipping full-image stages
09-02 11:28:59.699 28186 28186 D DpmAnalyzer: analyze: decodedCode=null
09-02 11:28:59.699 28186 28186 D DpmFrameAnalyzer: analyze: result status=NO_CODE, code=null, source=null
09-02 11:28:59.759 28186 28475 D DpmFrameAnalyzer: analyze: bitmap converted, size=1080x1440, scanRoi=Rect(189, 369 - 891, 1071)
09-02 11:28:59.759 28186 28186 D DpmAnalyzer: analyze: frame=1080x1440, roi=Rect(189, 369 - 891, 1071), focus=FOCUSED, mode=SCAN
09-02 11:28:59.759 28186 28186 D DpmAnalyzer: analyze: THROTTLED by timing gate
09-02 11:28:59.759 28186 28186 D DpmFrameAnalyzer: analyze: result status=THROTTLED, code=null, source=null
09-02 11:28:59.760 28186 28475 D DpmFrameAnalyzer: analyze: frame received, format=35, size=1440x1080, rotation=90
09-02 11:28:59.843 28186 28475 D DpmFrameAnalyzer: analyze: bitmap converted, size=1080x1440, scanRoi=Rect(189, 369 - 891, 1071)
09-02 11:28:59.843 28186 28186 D DpmAnalyzer: analyze: frame=1080x1440, roi=Rect(189, 369 - 891, 1071), focus=FOCUSED, mode=SCAN
09-02 11:28:59.843 28186 28186 D DpmAnalyzer: analyze: THROTTLED by timing gate
09-02 11:28:59.843 28186 28186 D DpmFrameAnalyzer: analyze: result status=THROTTLED, code=null, source=null
09-02 11:28:59.844 28186 28475 D DpmFrameAnalyzer: analyze: frame received, format=35, size=1440x1080, rotation=90
09-02 11:28:59.910 28186 28475 D DpmFrameAnalyzer: analyze: bitmap converted, size=1080x1440, scanRoi=Rect(189, 369 - 891, 1071)
09-02 11:28:59.910 28186 28186 D DpmAnalyzer: analyze: frame=1080x1440, roi=Rect(189, 369 - 891, 1071), focus=FOCUSED, mode=SCAN
09-02 11:28:59.910 28186 28186 D DpmAnalyzer: analyze: starting performMultiStrategyDecode
09-02 11:28:59.910 28186 28186 D DpmAnalyzer: performMultiStrategyDecode: frame=1080x1440, roi=Rect(189, 369 - 891, 1071), strategies=1
09-02 11:28:59.911 28186 28475 D DpmFrameAnalyzer: analyze: frame received, format=35, size=1440x1080, rotation=90
09-02 11:28:59.934 28186 28186 D DpmAnalyzer: Stage1: ROI 702x702 → scaled 400x400
09-02 11:28:59.977 28186 28475 D DpmFrameAnalyzer: analyze: bitmap converted, size=1080x1440, scanRoi=Rect(189, 369 - 891, 1071)
09-02 11:28:59.977 28186 28475 D DpmFrameAnalyzer: analyze: frame received, format=35, size=1440x1080, rotation=90
09-02 11:28:59.979 28186 28186 D DpmAnalyzer: analyze: frame=1080x1440, roi=Rect(189, 369 - 891, 1071), focus=FOCUSED, mode=SCAN
09-02 11:28:59.979 28186 28186 D DpmAnalyzer: analyze: THROTTLED (already running)
09-02 11:28:59.979 28186 28186 D DpmFrameAnalyzer: analyze: result status=THROTTLED, code=null, source=null
09-02 11:29:00.015 28186 28186 D DpmAnalyzer: Stage1: MISS
09-02 11:29:00.015 28186 28186 D DpmAnalyzer: scanRoi present, skipping full-image stages
09-02 11:29:00.015 28186 28186 D DpmAnalyzer: analyze: decodedCode=null
09-02 11:29:00.015 28186 28186 D DpmFrameAnalyzer: analyze: result status=NO_CODE, code=null, source=null
09-02 11:29:00.070 28186 28475 D DpmFrameAnalyzer: analyze: bitmap converted, size=1080x1440, scanRoi=Rect(189, 369 - 891, 1071)
09-02 11:29:00.071 28186 28186 D DpmAnalyzer: analyze: frame=1080x1440, roi=Rect(189, 369 - 891, 1071), focus=FOCUSED, mode=SCAN
09-02 11:29:00.071 28186 28186 D DpmAnalyzer: analyze: THROTTLED by timing gate
09-02 11:29:00.071 28186 28186 D DpmFrameAnalyzer: analyze: result status=THROTTLED, code=null, source=null
09-02 11:29:00.071 28186 28475 D DpmFrameAnalyzer: analyze: frame received, format=35, size=1440x1080, rotation=90
09-02 11:29:00.146 28186 28475 D DpmFrameAnalyzer: analyze: bitmap converted, size=1080x1440, scanRoi=Rect(189, 369 - 891, 1071)
09-02 11:29:00.146 28186 28186 D DpmAnalyzer: analyze: frame=1080x1440, roi=Rect(189, 369 - 891, 1071), focus=FOCUSED, mode=SCAN
09-02 11:29:00.146 28186 28186 D DpmAnalyzer: analyze: THROTTLED by timing gate
09-02 11:29:00.147 28186 28186 D DpmFrameAnalyzer: analyze: result status=THROTTLED, code=null, source=null
09-02 11:29:00.147 28186 28475 D DpmFrameAnalyzer: analyze: frame received, format=35, size=1440x1080, rotation=90
09-02 11:29:00.213 28186 28475 D DpmFrameAnalyzer: analyze: bitmap converted, size=1080x1440, scanRoi=Rect(189, 369 - 891, 1071)
09-02 11:29:00.213 28186 28186 D DpmAnalyzer: analyze: frame=1080x1440, roi=Rect(189, 369 - 891, 1071), focus=FOCUSED, mode=SCAN
09-02 11:29:00.213 28186 28186 D DpmAnalyzer: analyze: THROTTLED by timing gate
09-02 11:29:00.213 28186 28186 D DpmFrameAnalyzer: analyze: result status=THROTTLED, code=null, source=null
09-02 11:29:00.213 28186 28475 D DpmFrameAnalyzer: analyze: frame received, format=35, size=1440x1080, rotation=90
09-02 11:29:00.277 28186 28475 D DpmFrameAnalyzer: analyze: bitmap converted, size=1080x1440, scanRoi=Rect(189, 369 - 891, 1071)
09-02 11:29:00.277 28186 28186 D DpmAnalyzer: analyze: frame=1080x1440, roi=Rect(189, 369 - 891, 1071), focus=FOCUSED, mode=SCAN
09-02 11:29:00.277 28186 28186 D DpmAnalyzer: analyze: starting performMultiStrategyDecode
09-02 11:29:00.277 28186 28186 D DpmAnalyzer: performMultiStrategyDecode: frame=1080x1440, roi=Rect(189, 369 - 891, 1071), strategies=1
09-02 11:29:00.278 28186 28475 D DpmFrameAnalyzer: analyze: frame received, format=35, size=1440x1080, rotation=90
09-02 11:29:00.292 28186 28186 D DpmAnalyzer: Stage1: ROI 702x702 → scaled 400x400
09-02 11:29:00.335 28186 28186 D DpmAnalyzer: Stage1: MISS
09-02 11:29:00.335 28186 28186 D DpmAnalyzer: scanRoi present, skipping full-image stages
09-02 11:29:00.335 28186 28186 D DpmAnalyzer: analyze: decodedCode=null
09-02 11:29:00.335 28186 28186 D DpmFrameAnalyzer: analyze: result status=NO_CODE, code=null, source=null
09-02 11:29:00.364 28186 28475 D DpmFrameAnalyzer: analyze: bitmap converted, size=1080x1440, scanRoi=Rect(189, 369 - 891, 1071)
09-02 11:29:00.365 28186 28186 D DpmAnalyzer: analyze: frame=1080x1440, roi=Rect(189, 369 - 891, 1071), focus=FOCUSED, mode=SCAN
09-02 11:29:00.365 28186 28186 D DpmAnalyzer: analyze: THROTTLED by timing gate
09-02 11:29:00.365 28186 28186 D DpmFrameAnalyzer: analyze: result status=THROTTLED, code=null, source=null
09-02 11:29:00.365 28186 28475 D DpmFrameAnalyzer: analyze: frame received, format=35, size=1440x1080, rotation=90
09-02 11:29:00.456 28186 28475 D DpmFrameAnalyzer: analyze: bitmap converted, size=1080x1440, scanRoi=Rect(189, 369 - 891, 1071)
09-02 11:29:00.457 28186 28186 D DpmAnalyzer: analyze: frame=1080x1440, roi=Rect(189, 369 - 891, 1071), focus=FOCUSED, mode=SCAN
09-02 11:29:00.457 28186 28186 D DpmAnalyzer: analyze: THROTTLED by timing gate
09-02 11:29:00.457 28186 28186 D DpmFrameAnalyzer: analyze: result status=THROTTLED, code=null, source=null
09-02 11:29:00.457 28186 28475 D DpmFrameAnalyzer: analyze: frame received, format=35, size=1440x1080, rotation=90
09-02 11:29:00.539 28186 28475 D DpmFrameAnalyzer: analyze: bitmap converted, size=1080x1440, scanRoi=Rect(189, 369 - 891, 1071)
09-02 11:29:00.539 28186 28186 D DpmAnalyzer: analyze: frame=1080x1440, roi=Rect(189, 369 - 891, 1071), focus=FOCUSED, mode=SCAN
09-02 11:29:00.539 28186 28186 D DpmAnalyzer: analyze: starting performMultiStrategyDecode
09-02 11:29:00.539 28186 28186 D DpmAnalyzer: performMultiStrategyDecode: frame=1080x1440, roi=Rect(189, 369 - 891, 1071), strategies=1
09-02 11:29:00.539 28186 28475 D DpmFrameAnalyzer: analyze: frame received, format=35, size=1440x1080, rotation=90
09-02 11:29:00.558 28186 28186 D DpmAnalyzer: Stage1: ROI 702x702 → scaled 400x400
09-02 11:29:00.607 28186 28475 D DpmFrameAnalyzer: analyze: bitmap converted, size=1080x1440, scanRoi=Rect(189, 369 - 891, 1071)
09-02 11:29:00.608 28186 28475 D DpmFrameAnalyzer: analyze: frame received, format=35, size=1440x1080, rotation=90
09-02 11:29:00.608 28186 28186 D DpmAnalyzer: analyze: frame=1080x1440, roi=Rect(189, 369 - 891, 1071), focus=FOCUSED, mode=SCAN
09-02 11:29:00.608 28186 28186 D DpmAnalyzer: analyze: THROTTLED (already running)
09-02 11:29:00.608 28186 28186 D DpmFrameAnalyzer: analyze: result status=THROTTLED, code=null, source=null
09-02 11:29:00.615 28186 28186 D DpmAnalyzer: Stage1: MISS
09-02 11:29:00.615 28186 28186 D DpmAnalyzer: scanRoi present, skipping full-image stages
09-02 11:29:00.615 28186 28186 D DpmAnalyzer: analyze: decodedCode=null
09-02 11:29:00.615 28186 28186 D DpmFrameAnalyzer: analyze: result status=NO_CODE, code=null, source=null
09-02 11:29:00.695 28186 28475 D DpmFrameAnalyzer: analyze: bitmap converted, size=1080x1440, scanRoi=Rect(189, 369 - 891, 1071)
09-02 11:29:00.695 28186 28186 D DpmAnalyzer: analyze: frame=1080x1440, roi=Rect(189, 369 - 891, 1071), focus=FOCUSED, mode=SCAN
09-02 11:29:00.695 28186 28186 D DpmAnalyzer: analyze: THROTTLED by timing gate
09-02 11:29:00.696 28186 28186 D DpmFrameAnalyzer: analyze: result status=THROTTLED, code=null, source=null
09-02 11:29:00.696 28186 28475 D DpmFrameAnalyzer: analyze: frame received, format=35, size=1440x1080, rotation=90
09-02 11:29:00.773 28186 28475 D DpmFrameAnalyzer: analyze: bitmap converted, size=1080x1440, scanRoi=Rect(189, 369 - 891, 1071)
09-02 11:29:00.774 28186 28186 D DpmAnalyzer: analyze: frame=1080x1440, roi=Rect(189, 369 - 891, 1071), focus=FOCUSED, mode=SCAN
09-02 11:29:00.774 28186 28186 D DpmAnalyzer: analyze: THROTTLED by timing gate
09-02 11:29:00.774 28186 28186 D DpmFrameAnalyzer: analyze: result status=THROTTLED, code=null, source=null
09-02 11:29:00.774 28186 28475 D DpmFrameAnalyzer: analyze: frame received, format=35, size=1440x1080, rotation=90
09-02 11:29:00.838 28186 28475 D DpmFrameAnalyzer: analyze: bitmap converted, size=1080x1440, scanRoi=Rect(189, 369 - 891, 1071)
09-02 11:29:00.838 28186 28186 D DpmAnalyzer: analyze: frame=1080x1440, roi=Rect(189, 369 - 891, 1071), focus=FOCUSED, mode=SCAN
09-02 11:29:00.838 28186 28186 D DpmAnalyzer: analyze: starting performMultiStrategyDecode
09-02 11:29:00.838 28186 28186 D DpmAnalyzer: performMultiStrategyDecode: frame=1080x1440, roi=Rect(189, 369 - 891, 1071), strategies=1
09-02 11:29:00.839 28186 28475 D DpmFrameAnalyzer: analyze: frame received, format=35, size=1440x1080, rotation=90
09-02 11:29:00.849 28186 28186 D DpmAnalyzer: Stage1: ROI 702x702 → scaled 400x400
09-02 11:29:00.903 28186 28186 D DpmAnalyzer: Stage1: MISS
09-02 11:29:00.903 28186 28186 D DpmAnalyzer: scanRoi present, skipping full-image stages
09-02 11:29:00.903 28186 28186 D DpmAnalyzer: analyze: decodedCode=null
09-02 11:29:00.904 28186 28186 D DpmFrameAnalyzer: analyze: result status=NO_CODE, code=null, source=null
09-02 11:29:00.906 28186 28475 D DpmFrameAnalyzer: analyze: bitmap converted, size=1080x1440, scanRoi=Rect(189, 369 - 891, 1071)
09-02 11:29:00.907 28186 28186 D DpmAnalyzer: analyze: frame=1080x1440, roi=Rect(189, 369 - 891, 1071), focus=FOCUSED, mode=SCAN
09-02 11:29:00.907 28186 28186 D DpmAnalyzer: analyze: THROTTLED by timing gate
09-02 11:29:00.907 28186 28186 D DpmFrameAnalyzer: analyze: result status=THROTTLED, code=null, source=null
09-02 11:29:00.907 28186 28475 D DpmFrameAnalyzer: analyze: frame received, format=35, size=1440x1080, rotation=90
09-02 11:29:00.990 28186 28475 D DpmFrameAnalyzer: analyze: bitmap converted, size=1080x1440, scanRoi=Rect(189, 369 - 891, 1071)
09-02 11:29:00.990 28186 28186 D DpmAnalyzer: analyze: frame=1080x1440, roi=Rect(189, 369 - 891, 1071), focus=FOCUSED, mode=SCAN
09-02 11:29:00.990 28186 28186 D DpmAnalyzer: analyze: THROTTLED by timing gate
09-02 11:29:00.990 28186 28186 D DpmFrameAnalyzer: analyze: result status=THROTTLED, code=null, source=null
09-02 11:29:00.991 28186 28475 D DpmFrameAnalyzer: analyze: frame received, format=35, size=1440x1080, rotation=90
09-02 11:29:01.070 28186 28475 D DpmFrameAnalyzer: analyze: bitmap converted, size=1080x1440, scanRoi=Rect(189, 369 - 891, 1071)
09-02 11:29:01.070 28186 28186 D DpmAnalyzer: analyze: frame=1080x1440, roi=Rect(189, 369 - 891, 1071), focus=FOCUSED, mode=SCAN
09-02 11:29:01.070 28186 28186 D DpmAnalyzer: analyze: THROTTLED by timing gate
09-02 11:29:01.070 28186 28186 D DpmFrameAnalyzer: analyze: result status=THROTTLED, code=null, source=null
09-02 11:29:01.070 28186 28475 D DpmFrameAnalyzer: analyze: frame received, format=35, size=1440x1080, rotation=90
09-02 11:29:01.136 28186 28475 D DpmFrameAnalyzer: analyze: bitmap converted, size=1080x1440, scanRoi=Rect(189, 369 - 891, 1071)
09-02 11:29:01.136 28186 28186 D DpmAnalyzer: analyze: frame=1080x1440, roi=Rect(189, 369 - 891, 1071), focus=FOCUSED, mode=SCAN
09-02 11:29:01.136 28186 28186 D DpmAnalyzer: analyze: starting performMultiStrategyDecode
09-02 11:29:01.136 28186 28186 D DpmAnalyzer: performMultiStrategyDecode: frame=1080x1440, roi=Rect(189, 369 - 891, 1071), strategies=1
09-02 11:29:01.136 28186 28475 D DpmFrameAnalyzer: analyze: frame received, format=35, size=1440x1080, rotation=90
09-02 11:29:01.159 28186 28186 D DpmAnalyzer: Stage1: ROI 702x702 → scaled 400x400
09-02 11:29:01.209 28186 28475 D DpmFrameAnalyzer: analyze: bitmap converted, size=1080x1440, scanRoi=Rect(189, 369 - 891, 1071)
09-02 11:29:01.210 28186 28186 D DpmAnalyzer: analyze: frame=1080x1440, roi=Rect(189, 369 - 891, 1071), focus=FOCUSED, mode=SCAN
09-02 11:29:01.210 28186 28186 D DpmAnalyzer: analyze: THROTTLED (already running)
09-02 11:29:01.210 28186 28186 D DpmFrameAnalyzer: analyze: result status=THROTTLED, code=null, source=null
09-02 11:29:01.212 28186 28475 D DpmFrameAnalyzer: analyze: frame received, format=35, size=1440x1080, rotation=90
09-02 11:29:01.259 28186 28186 D DpmAnalyzer: Stage1: MISS
09-02 11:29:01.259 28186 28186 D DpmAnalyzer: scanRoi present, skipping full-image stages
09-02 11:29:01.259 28186 28186 D DpmAnalyzer: analyze: decodedCode=null
09-02 11:29:01.259 28186 28186 D DpmFrameAnalyzer: analyze: result status=NO_CODE, code=null, source=null
09-02 11:29:01.304 28186 28475 D DpmFrameAnalyzer: analyze: bitmap converted, size=1080x1440, scanRoi=Rect(189, 369 - 891, 1071)
09-02 11:29:01.304 28186 28186 D DpmAnalyzer: analyze: frame=1080x1440, roi=Rect(189, 369 - 891, 1071), focus=FOCUSED, mode=SCAN
09-02 11:29:01.305 28186 28186 D DpmAnalyzer: analyze: THROTTLED by timing gate
09-02 11:29:01.305 28186 28186 D DpmFrameAnalyzer: analyze: result status=THROTTLED, code=null, source=null
09-02 11:29:01.305 28186 28475 D DpmFrameAnalyzer: analyze: frame received, format=35, size=1440x1080, rotation=90
09-02 11:29:01.386 28186 28475 D DpmFrameAnalyzer: analyze: bitmap converted, size=1080x1440, scanRoi=Rect(189, 369 - 891, 1071)
09-02 11:29:01.386 28186 28186 D DpmAnalyzer: analyze: frame=1080x1440, roi=Rect(189, 369 - 891, 1071), focus=FOCUSED, mode=SCAN
09-02 11:29:01.386 28186 28186 D DpmAnalyzer: analyze: THROTTLED by timing gate
09-02 11:29:01.386 28186 28186 D DpmFrameAnalyzer: analyze: result status=THROTTLED, code=null, source=null
09-02 11:29:01.386 28186 28475 D DpmFrameAnalyzer: analyze: frame received, format=35, size=1440x1080, rotation=90
09-02 11:29:01.450 28186 28475 D DpmFrameAnalyzer: analyze: bitmap converted, size=1080x1440, scanRoi=Rect(189, 369 - 891, 1071)
09-02 11:29:01.451 28186 28186 D DpmAnalyzer: analyze: frame=1080x1440, roi=Rect(189, 369 - 891, 1071), focus=FOCUSED, mode=SCAN
09-02 11:29:01.451 28186 28186 D DpmAnalyzer: analyze: THROTTLED by timing gate
09-02 11:29:01.451 28186 28186 D DpmFrameAnalyzer: analyze: result status=THROTTLED, code=null, source=null
09-02 11:29:01.451 28186 28475 D DpmFrameAnalyzer: analyze: frame received, format=35, size=1440x1080, rotation=90
09-02 11:29:01.516 28186 28475 D DpmFrameAnalyzer: analyze: bitmap converted, size=1080x1440, scanRoi=Rect(189, 369 - 891, 1071)
09-02 11:29:01.516 28186 28186 D DpmAnalyzer: analyze: frame=1080x1440, roi=Rect(189, 369 - 891, 1071), focus=FOCUSED, mode=SCAN
09-02 11:29:01.516 28186 28186 D DpmAnalyzer: analyze: starting performMultiStrategyDecode
09-02 11:29:01.516 28186 28186 D DpmAnalyzer: performMultiStrategyDecode: frame=1080x1440, roi=Rect(189, 369 - 891, 1071), strategies=1
09-02 11:29:01.517 28186 28475 D DpmFrameAnalyzer: analyze: frame received, format=35, size=1440x1080, rotation=90
09-02 11:29:01.539 28186 28186 D DpmAnalyzer: Stage1: ROI 702x702 → scaled 400x400
09-02 11:29:01.581 28186 28186 D DpmAnalyzer: Stage1: MISS
09-02 11:29:01.581 28186 28186 D DpmAnalyzer: scanRoi present, skipping full-image stages
09-02 11:29:01.581 28186 28186 D DpmAnalyzer: analyze: decodedCode=null
09-02 11:29:01.581 28186 28186 D DpmFrameAnalyzer: analyze: result status=NO_CODE, code=null, source=null
09-02 11:29:01.584 28186 28475 D DpmFrameAnalyzer: analyze: bitmap converted, size=1080x1440, scanRoi=Rect(189, 369 - 891, 1071)
09-02 11:29:01.584 28186 28186 D DpmAnalyzer: analyze: frame=1080x1440, roi=Rect(189, 369 - 891, 1071), focus=FOCUSED, mode=SCAN
09-02 11:29:01.584 28186 28186 D DpmAnalyzer: analyze: THROTTLED by timing gate
09-02 11:29:01.584 28186 28186 D DpmFrameAnalyzer: analyze: result status=THROTTLED, code=null, source=null
09-02 11:29:01.585 28186 28475 D DpmFrameAnalyzer: analyze: frame received, format=35, size=1440x1080, rotation=90
09-02 11:29:01.674 28186 28475 D DpmFrameAnalyzer: analyze: bitmap converted, size=1080x1440, scanRoi=Rect(189, 369 - 891, 1071)
09-02 11:29:01.674 28186 28186 D DpmAnalyzer: analyze: frame=1080x1440, roi=Rect(189, 369 - 891, 1071), focus=FOCUSED, mode=SCAN
09-02 11:29:01.675 28186 28186 D DpmAnalyzer: analyze: THROTTLED by timing gate
09-02 11:29:01.675 28186 28186 D DpmFrameAnalyzer: analyze: result status=THROTTLED, code=null, source=null
09-02 11:29:01.675 28186 28475 D DpmFrameAnalyzer: analyze: frame received, format=35, size=1440x1080, rotation=90
09-02 11:29:01.745 28186 28475 D DpmFrameAnalyzer: analyze: bitmap converted, size=1080x1440, scanRoi=Rect(189, 369 - 891, 1071)
09-02 11:29:01.745 28186 28186 D DpmAnalyzer: analyze: frame=1080x1440, roi=Rect(189, 369 - 891, 1071), focus=FOCUSED, mode=SCAN
09-02 11:29:01.745 28186 28186 D DpmAnalyzer: analyze: THROTTLED by timing gate
09-02 11:29:01.745 28186 28186 D DpmFrameAnalyzer: analyze: result status=THROTTLED, code=null, source=null
09-02 11:29:01.745 28186 28475 D DpmFrameAnalyzer: analyze: frame received, format=35, size=1440x1080, rotation=90
09-02 11:29:01.809 28186 28475 D DpmFrameAnalyzer: analyze: bitmap converted, size=1080x1440, scanRoi=Rect(189, 369 - 891, 1071)
09-02 11:29:01.810 28186 28186 D DpmAnalyzer: analyze: frame=1080x1440, roi=Rect(189, 369 - 891, 1071), focus=FOCUSED, mode=SCAN
09-02 11:29:01.810 28186 28186 D DpmAnalyzer: analyze: starting performMultiStrategyDecode
09-02 11:29:01.810 28186 28186 D DpmAnalyzer: performMultiStrategyDecode: frame=1080x1440, roi=Rect(189, 369 - 891, 1071), strategies=1
09-02 11:29:01.810 28186 28475 D DpmFrameAnalyzer: analyze: frame received, format=35, size=1440x1080, rotation=90
09-02 11:29:01.837 28186 28186 D DpmAnalyzer: Stage1: ROI 702x702 → scaled 400x400
09-02 11:29:01.881 28186 28475 D DpmFrameAnalyzer: analyze: bitmap converted, size=1080x1440, scanRoi=Rect(189, 369 - 891, 1071)
09-02 11:29:01.882 28186 28186 D DpmAnalyzer: analyze: frame=1080x1440, roi=Rect(189, 369 - 891, 1071), focus=FOCUSED, mode=SCAN
09-02 11:29:01.882 28186 28186 D DpmAnalyzer: analyze: THROTTLED (already running)
09-02 11:29:01.882 28186 28186 D DpmFrameAnalyzer: analyze: result status=THROTTLED, code=null, source=null
09-02 11:29:01.882 28186 28475 D DpmFrameAnalyzer: analyze: frame received, format=35, size=1440x1080, rotation=90
09-02 11:29:01.900 28186 28186 D DpmAnalyzer: Stage1: MISS
09-02 11:29:01.900 28186 28186 D DpmAnalyzer: scanRoi present, skipping full-image stages
09-02 11:29:01.900 28186 28186 D DpmAnalyzer: analyze: decodedCode=null
09-02 11:29:01.900 28186 28186 D DpmFrameAnalyzer: analyze: result status=NO_CODE, code=null, source=null
09-02 11:29:01.965 28186 28475 D DpmFrameAnalyzer: analyze: bitmap converted, size=1080x1440, scanRoi=Rect(189, 369 - 891, 1071)
09-02 11:29:01.966 28186 28186 D DpmAnalyzer: analyze: frame=1080x1440, roi=Rect(189, 369 - 891, 1071), focus=FOCUSED, mode=SCAN
09-02 11:29:01.966 28186 28186 D DpmAnalyzer: analyze: THROTTLED by timing gate
09-02 11:29:01.966 28186 28186 D DpmFrameAnalyzer: analyze: result status=THROTTLED, code=null, source=null
09-02 11:29:01.966 28186 28475 D DpmFrameAnalyzer: analyze: frame received, format=35, size=1440x1080, rotation=90
09-02 11:29:02.034 28186 28475 D DpmFrameAnalyzer: analyze: bitmap converted, size=1080x1440, scanRoi=Rect(189, 369 - 891, 1071)
09-02 11:29:02.035 28186 28186 D DpmAnalyzer: analyze: frame=1080x1440, roi=Rect(189, 369 - 891, 1071), focus=FOCUSED, mode=SCAN
09-02 11:29:02.035 28186 28186 D DpmAnalyzer: analyze: THROTTLED by timing gate
09-02 11:29:02.035 28186 28186 D DpmFrameAnalyzer: analyze: result status=THROTTLED, code=null, source=null
09-02 11:29:02.035 28186 28475 D DpmFrameAnalyzer: analyze: frame received, format=35, size=1440x1080, rotation=90
09-02 11:29:02.102 28186 28475 D DpmFrameAnalyzer: analyze: bitmap converted, size=1080x1440, scanRoi=Rect(189, 369 - 891, 1071)
09-02 11:29:02.103 28186 28186 D DpmAnalyzer: analyze: frame=1080x1440, roi=Rect(189, 369 - 891, 1071), focus=FOCUSED, mode=SCAN
09-02 11:29:02.103 28186 28186 D DpmAnalyzer: analyze: starting performMultiStrategyDecode
09-02 11:29:02.103 28186 28475 D DpmFrameAnalyzer: analyze: frame received, format=35, size=1440x1080, rotation=90
09-02 11:29:02.103 28186 28186 D DpmAnalyzer: performMultiStrategyDecode: frame=1080x1440, roi=Rect(189, 369 - 891, 1071), strategies=1
09-02 11:29:02.121 28186 28186 D DpmAnalyzer: Stage1: ROI 702x702 → scaled 400x400
09-02 11:29:02.169 28186 28475 D DpmFrameAnalyzer: analyze: bitmap converted, size=1080x1440, scanRoi=Rect(189, 369 - 891, 1071)
09-02 11:29:02.169 28186 28186 D DpmAnalyzer: analyze: frame=1080x1440, roi=Rect(189, 369 - 891, 1071), focus=FOCUSED, mode=SCAN
09-02 11:29:02.169 28186 28186 D DpmAnalyzer: analyze: THROTTLED (already running)
09-02 11:29:02.169 28186 28186 D DpmFrameAnalyzer: analyze: result status=THROTTLED, code=null, source=null
09-02 11:29:02.170 28186 28475 D DpmFrameAnalyzer: analyze: frame received, format=35, size=1440x1080, rotation=90
09-02 11:29:02.171 28186 28186 D DpmAnalyzer: Stage1: MISS
09-02 11:29:02.172 28186 28186 D DpmAnalyzer: scanRoi present, skipping full-image stages
09-02 11:29:02.172 28186 28186 D DpmAnalyzer: analyze: decodedCode=null
09-02 11:29:02.172 28186 28186 D DpmFrameAnalyzer: analyze: result status=NO_CODE, code=null, source=null
09-02 11:29:02.247 28186 28475 D DpmFrameAnalyzer: analyze: bitmap converted, size=1080x1440, scanRoi=Rect(189, 369 - 891, 1071)
09-02 11:29:02.248 28186 28186 D DpmAnalyzer: analyze: frame=1080x1440, roi=Rect(189, 369 - 891, 1071), focus=FOCUSED, mode=SCAN
09-02 11:29:02.248 28186 28186 D DpmAnalyzer: analyze: THROTTLED by timing gate
09-02 11:29:02.248 28186 28186 D DpmFrameAnalyzer: analyze: result status=THROTTLED, code=null, source=null
09-02 11:29:02.248 28186 28475 D DpmFrameAnalyzer: analyze: frame received, format=35, size=1440x1080, rotation=90
09-02 11:29:02.320 28186 28475 D DpmFrameAnalyzer: analyze: bitmap converted, size=1080x1440, scanRoi=Rect(189, 369 - 891, 1071)
09-02 11:29:02.321 28186 28186 D DpmAnalyzer: analyze: frame=1080x1440, roi=Rect(189, 369 - 891, 1071), focus=FOCUSED, mode=SCAN
09-02 11:29:02.321 28186 28186 D DpmAnalyzer: analyze: THROTTLED by timing gate
09-02 11:29:02.321 28186 28186 D DpmFrameAnalyzer: analyze: result status=THROTTLED, code=null, source=null
09-02 11:29:02.321 28186 28475 D DpmFrameAnalyzer: analyze: frame received, format=35, size=1440x1080, rotation=90
09-02 11:29:02.386 28186 28475 D DpmFrameAnalyzer: analyze: bitmap converted, size=1080x1440, scanRoi=Rect(189, 369 - 891, 1071)
09-02 11:29:02.387 28186 28186 D DpmAnalyzer: analyze: frame=1080x1440, roi=Rect(189, 369 - 891, 1071), focus=FOCUSED, mode=SCAN
09-02 11:29:02.387 28186 28186 D DpmAnalyzer: analyze: starting performMultiStrategyDecode
09-02 11:29:02.387 28186 28186 D DpmAnalyzer: performMultiStrategyDecode: frame=1080x1440, roi=Rect(189, 369 - 891, 1071), strategies=1
09-02 11:29:02.387 28186 28475 D DpmFrameAnalyzer: analyze: frame received, format=35, size=1440x1080, rotation=90
09-02 11:29:02.403 28186 28186 D DpmAnalyzer: Stage1: ROI 702x702 → scaled 400x400
09-02 11:29:02.462 28186 28475 D DpmFrameAnalyzer: analyze: bitmap converted, size=1080x1440, scanRoi=Rect(189, 369 - 891, 1071)
09-02 11:29:02.463 28186 28186 D DpmAnalyzer: analyze: frame=1080x1440, roi=Rect(189, 369 - 891, 1071), focus=FOCUSED, mode=SCAN
09-02 11:29:02.463 28186 28186 D DpmAnalyzer: analyze: THROTTLED (already running)
09-02 11:29:02.463 28186 28186 D DpmFrameAnalyzer: analyze: result status=THROTTLED, code=null, source=null
09-02 11:29:02.463 28186 28475 D DpmFrameAnalyzer: analyze: frame received, format=35, size=1440x1080, rotation=90
09-02 11:29:02.557 28186 28475 D DpmFrameAnalyzer: analyze: bitmap converted, size=1080x1440, scanRoi=Rect(189, 369 - 891, 1071)
09-02 11:29:02.643 28186 28186 D DpmAnalyzer: Stage1: MISS
09-02 11:29:02.643 28186 28186 D DpmAnalyzer: scanRoi present, skipping full-image stages
09-02 11:29:02.643 28186 28186 D DpmAnalyzer: analyze: decodedCode=null
09-02 11:29:02.643 28186 28186 D DpmFrameAnalyzer: analyze: result status=NO_CODE, code=null, source=null
09-02 11:29:02.644 28186 28186 D DpmAnalyzer: analyze: frame=1080x1440, roi=Rect(189, 369 - 891, 1071), focus=FOCUSED, mode=SCAN
09-02 11:29:02.644 28186 28186 D DpmAnalyzer: analyze: THROTTLED by timing gate
09-02 11:29:02.644 28186 28186 D DpmFrameAnalyzer: analyze: result status=THROTTLED, code=null, source=null
09-02 11:29:02.646 28186 28475 D DpmFrameAnalyzer: analyze: frame received, format=35, size=1440x1080, rotation=90
09-02 11:29:02.715 28186 28475 D DpmFrameAnalyzer: analyze: bitmap converted, size=1080x1440, scanRoi=Rect(189, 369 - 891, 1071)
09-02 11:29:02.715 28186 28186 D DpmAnalyzer: analyze: frame=1080x1440, roi=Rect(189, 369 - 891, 1071), focus=FOCUSED, mode=SCAN
09-02 11:29:02.715 28186 28186 D DpmAnalyzer: analyze: THROTTLED by timing gate
09-02 11:29:02.715 28186 28186 D DpmFrameAnalyzer: analyze: result status=THROTTLED, code=null, source=null
09-02 11:29:02.716 28186 28475 D DpmFrameAnalyzer: analyze: frame received, format=35, size=1440x1080, rotation=90
09-02 11:29:02.781 28186 28475 D DpmFrameAnalyzer: analyze: bitmap converted, size=1080x1440, scanRoi=Rect(189, 369 - 891, 1071)
09-02 11:29:02.781 28186 28186 D DpmAnalyzer: analyze: frame=1080x1440, roi=Rect(189, 369 - 891, 1071), focus=FOCUSED, mode=SCAN
09-02 11:29:02.781 28186 28186 D DpmAnalyzer: analyze: THROTTLED by timing gate
09-02 11:29:02.781 28186 28186 D DpmFrameAnalyzer: analyze: result status=THROTTLED, code=null, source=null
09-02 11:29:02.781 28186 28475 D DpmFrameAnalyzer: analyze: frame received, format=35, size=1440x1080, rotation=90
09-02 11:29:02.847 28186 28475 D DpmFrameAnalyzer: analyze: bitmap converted, size=1080x1440, scanRoi=Rect(189, 369 - 891, 1071)
09-02 11:29:02.848 28186 28186 D DpmAnalyzer: analyze: frame=1080x1440, roi=Rect(189, 369 - 891, 1071), focus=FOCUSED, mode=SCAN
09-02 11:29:02.848 28186 28186 D DpmAnalyzer: analyze: starting performMultiStrategyDecode
09-02 11:29:02.848 28186 28186 D DpmAnalyzer: performMultiStrategyDecode: frame=1080x1440, roi=Rect(189, 369 - 891, 1071), strategies=1
09-02 11:29:02.848 28186 28475 D DpmFrameAnalyzer: analyze: frame received, format=35, size=1440x1080, rotation=90
09-02 11:29:02.857 28186 28186 D DpmAnalyzer: Stage1: ROI 702x702 → scaled 400x400
09-02 11:29:02.893 28186 28186 D DpmAnalyzer: Stage1: MISS
09-02 11:29:02.893 28186 28186 D DpmAnalyzer: scanRoi present, skipping full-image stages
09-02 11:29:02.893 28186 28186 D DpmAnalyzer: analyze: decodedCode=null
09-02 11:29:02.893 28186 28186 D DpmFrameAnalyzer: analyze: result status=NO_CODE, code=null, source=null
09-02 11:29:02.926 28186 28475 D DpmFrameAnalyzer: analyze: bitmap converted, size=1080x1440, scanRoi=Rect(189, 369 - 891, 1071)
09-02 11:29:02.927 28186 28186 D DpmAnalyzer: analyze: frame=1080x1440, roi=Rect(189, 369 - 891, 1071), focus=FOCUSED, mode=SCAN
09-02 11:29:02.927 28186 28186 D DpmAnalyzer: analyze: THROTTLED by timing gate
09-02 11:29:02.927 28186 28186 D DpmFrameAnalyzer: analyze: result status=THROTTLED, code=null, source=null
09-02 11:29:02.927 28186 28475 D DpmFrameAnalyzer: analyze: frame received, format=35, size=1440x1080, rotation=90
09-02 11:29:03.011 28186 28475 D DpmFrameAnalyzer: analyze: bitmap converted, size=1080x1440, scanRoi=Rect(189, 369 - 891, 1071)
09-02 11:29:03.011 28186 28186 D DpmAnalyzer: analyze: frame=1080x1440, roi=Rect(189, 369 - 891, 1071), focus=FOCUSED, mode=SCAN
09-02 11:29:03.011 28186 28186 D DpmAnalyzer: analyze: THROTTLED by timing gate
09-02 11:29:03.011 28186 28186 D DpmFrameAnalyzer: analyze: result status=THROTTLED, code=null, source=null
09-02 11:29:03.012 28186 28475 D DpmFrameAnalyzer: analyze: frame received, format=35, size=1440x1080, rotation=90
09-02 11:29:03.078 28186 28475 D DpmFrameAnalyzer: analyze: bitmap converted, size=1080x1440, scanRoi=Rect(189, 369 - 891, 1071)
09-02 11:29:03.078 28186 28186 D DpmAnalyzer: analyze: frame=1080x1440, roi=Rect(189, 369 - 891, 1071), focus=FOCUSED, mode=SCAN
09-02 11:29:03.078 28186 28186 D DpmAnalyzer: analyze: THROTTLED by timing gate
09-02 11:29:03.078 28186 28186 D DpmFrameAnalyzer: analyze: result status=THROTTLED, code=null, source=null
09-02 11:29:03.079 28186 28475 D DpmFrameAnalyzer: analyze: frame received, format=35, size=1440x1080, rotation=90
09-02 11:29:03.144 28186 28475 D DpmFrameAnalyzer: analyze: bitmap converted, size=1080x1440, scanRoi=Rect(189, 369 - 891, 1071)
09-02 11:29:03.144 28186 28186 D DpmAnalyzer: analyze: frame=1080x1440, roi=Rect(189, 369 - 891, 1071), focus=FOCUSED, mode=SCAN
09-02 11:29:03.144 28186 28186 D DpmAnalyzer: analyze: starting performMultiStrategyDecode
09-02 11:29:03.144 28186 28186 D DpmAnalyzer: performMultiStrategyDecode: frame=1080x1440, roi=Rect(189, 369 - 891, 1071), strategies=1
09-02 11:29:03.144 28186 28475 D DpmFrameAnalyzer: analyze: frame received, format=35, size=1440x1080, rotation=90
09-02 11:29:03.162 28186 28186 D DpmAnalyzer: Stage1: ROI 702x702 → scaled 400x400
09-02 11:29:03.212 28186 28475 D DpmFrameAnalyzer: analyze: bitmap converted, size=1080x1440, scanRoi=Rect(189, 369 - 891, 1071)
09-02 11:29:03.213 28186 28186 D DpmAnalyzer: Stage1: MISS
09-02 11:29:03.213 28186 28186 D DpmAnalyzer: scanRoi present, skipping full-image stages
09-02 11:29:03.213 28186 28186 D DpmAnalyzer: analyze: decodedCode=null
09-02 11:29:03.213 28186 28186 D DpmFrameAnalyzer: analyze: result status=NO_CODE, code=null, source=null
09-02 11:29:03.214 28186 28475 D DpmFrameAnalyzer: analyze: frame received, format=35, size=1440x1080, rotation=90
09-02 11:29:03.214 28186 28186 D DpmAnalyzer: analyze: frame=1080x1440, roi=Rect(189, 369 - 891, 1071), focus=FOCUSED, mode=SCAN
09-02 11:29:03.214 28186 28186 D DpmAnalyzer: analyze: THROTTLED by timing gate
09-02 11:29:03.214 28186 28186 D DpmFrameAnalyzer: analyze: result status=THROTTLED, code=null, source=null
09-02 11:29:03.303 28186 28475 D DpmFrameAnalyzer: analyze: bitmap converted, size=1080x1440, scanRoi=Rect(189, 369 - 891, 1071)
09-02 11:29:03.304 28186 28186 D DpmAnalyzer: analyze: frame=1080x1440, roi=Rect(189, 369 - 891, 1071), focus=FOCUSED, mode=SCAN
09-02 11:29:03.304 28186 28186 D DpmAnalyzer: analyze: THROTTLED by timing gate
09-02 11:29:03.304 28186 28186 D DpmFrameAnalyzer: analyze: result status=THROTTLED, code=null, source=null
09-02 11:29:03.304 28186 28475 D DpmFrameAnalyzer: analyze: frame received, format=35, size=1440x1080, rotation=90
09-02 11:29:03.376 28186 28475 D DpmFrameAnalyzer: analyze: bitmap converted, size=1080x1440, scanRoi=Rect(189, 369 - 891, 1071)
09-02 11:29:03.376 28186 28186 D DpmAnalyzer: analyze: frame=1080x1440, roi=Rect(189, 369 - 891, 1071), focus=FOCUSED, mode=SCAN
09-02 11:29:03.376 28186 28186 D DpmAnalyzer: analyze: THROTTLED by timing gate
09-02 11:29:03.376 28186 28186 D DpmFrameAnalyzer: analyze: result status=THROTTLED, code=null, source=null
09-02 11:29:03.376 28186 28475 D DpmFrameAnalyzer: analyze: frame received, format=35, size=1440x1080, rotation=90
09-02 11:29:03.460 28186 28475 D DpmFrameAnalyzer: analyze: bitmap converted, size=1080x1440, scanRoi=Rect(189, 369 - 891, 1071)
09-02 11:29:03.460 28186 28186 D DpmAnalyzer: analyze: frame=1080x1440, roi=Rect(189, 369 - 891, 1071), focus=FOCUSED, mode=SCAN
09-02 11:29:03.461 28186 28186 D DpmAnalyzer: analyze: starting performMultiStrategyDecode
09-02 11:29:03.461 28186 28186 D DpmAnalyzer: performMultiStrategyDecode: frame=1080x1440, roi=Rect(189, 369 - 891, 1071), strategies=1
09-02 11:29:03.461 28186 28475 D DpmFrameAnalyzer: analyze: frame received, format=35, size=1440x1080, rotation=90
09-02 11:29:03.479 28186 28186 D DpmAnalyzer: Stage1: ROI 702x702 → scaled 400x400
09-02 11:29:03.533 28186 28475 D DpmFrameAnalyzer: analyze: bitmap converted, size=1080x1440, scanRoi=Rect(189, 369 - 891, 1071)
09-02 11:29:03.534 28186 28186 D DpmAnalyzer: analyze: frame=1080x1440, roi=Rect(189, 369 - 891, 1071), focus=FOCUSED, mode=SCAN
09-02 11:29:03.534 28186 28186 D DpmAnalyzer: analyze: THROTTLED (already running)
09-02 11:29:03.534 28186 28186 D DpmFrameAnalyzer: analyze: result status=THROTTLED, code=null, source=null
09-02 11:29:03.534 28186 28475 D DpmFrameAnalyzer: analyze: frame received, format=35, size=1440x1080, rotation=90
09-02 11:29:03.536 28186 28186 D DpmAnalyzer: Stage1: MISS
09-02 11:29:03.536 28186 28186 D DpmAnalyzer: scanRoi present, skipping full-image stages
09-02 11:29:03.536 28186 28186 D DpmAnalyzer: analyze: decodedCode=null
09-02 11:29:03.536 28186 28186 D DpmFrameAnalyzer: analyze: result status=NO_CODE, code=null, source=null
09-02 11:29:03.626 28186 28475 D DpmFrameAnalyzer: analyze: bitmap converted, size=1080x1440, scanRoi=Rect(189, 369 - 891, 1071)
09-02 11:29:03.627 28186 28186 D DpmAnalyzer: analyze: frame=1080x1440, roi=Rect(189, 369 - 891, 1071), focus=FOCUSED, mode=SCAN
09-02 11:29:03.627 28186 28186 D DpmAnalyzer: analyze: THROTTLED by timing gate
09-02 11:29:03.627 28186 28186 D DpmFrameAnalyzer: analyze: result status=THROTTLED, code=null, source=null
09-02 11:29:03.628 28186 28475 D DpmFrameAnalyzer: analyze: frame received, format=35, size=1440x1080, rotation=90
09-02 11:29:03.698 28186 28475 D DpmFrameAnalyzer: analyze: bitmap converted, size=1080x1440, scanRoi=Rect(189, 369 - 891, 1071)
09-02 11:29:03.698 28186 28186 D DpmAnalyzer: analyze: frame=1080x1440, roi=Rect(189, 369 - 891, 1071), focus=FOCUSED, mode=SCAN
09-02 11:29:03.698 28186 28186 D DpmAnalyzer: analyze: THROTTLED by timing gate
09-02 11:29:03.698 28186 28186 D DpmFrameAnalyzer: analyze: result status=THROTTLED, code=null, source=null
09-02 11:29:03.699 28186 28475 D DpmFrameAnalyzer: analyze: frame received, format=35, size=1440x1080, rotation=90
09-02 11:29:03.763 28186 28475 D DpmFrameAnalyzer: analyze: bitmap converted, size=1080x1440, scanRoi=Rect(189, 369 - 891, 1071)
09-02 11:29:03.763 28186 28186 D DpmAnalyzer: analyze: frame=1080x1440, roi=Rect(189, 369 - 891, 1071), focus=FOCUSED, mode=SCAN
09-02 11:29:03.763 28186 28186 D DpmAnalyzer: analyze: starting performMultiStrategyDecode
09-02 11:29:03.763 28186 28186 D DpmAnalyzer: performMultiStrategyDecode: frame=1080x1440, roi=Rect(189, 369 - 891, 1071), strategies=1
09-02 11:29:03.763 28186 28475 D DpmFrameAnalyzer: analyze: frame received, format=35, size=1440x1080, rotation=90
09-02 11:29:03.781 28186 28186 D DpmAnalyzer: Stage1: ROI 702x702 → scaled 400x400
09-02 11:29:03.828 28186 28475 D DpmFrameAnalyzer: analyze: bitmap converted, size=1080x1440, scanRoi=Rect(189, 369 - 891, 1071)
09-02 11:29:03.829 28186 28186 D DpmAnalyzer: analyze: frame=1080x1440, roi=Rect(189, 369 - 891, 1071), focus=FOCUSED, mode=SCAN
09-02 11:29:03.829 28186 28186 D DpmAnalyzer: analyze: THROTTLED (already running)
09-02 11:29:03.829 28186 28186 D DpmFrameAnalyzer: analyze: result status=THROTTLED, code=null, source=null
09-02 11:29:03.829 28186 28475 D DpmFrameAnalyzer: analyze: frame received, format=35, size=1440x1080, rotation=90
09-02 11:29:03.849 28186 28186 D DpmAnalyzer: Stage1: MISS
09-02 11:29:03.849 28186 28186 D DpmAnalyzer: scanRoi present, skipping full-image stages
09-02 11:29:03.849 28186 28186 D DpmAnalyzer: analyze: decodedCode=null
09-02 11:29:03.849 28186 28186 D DpmFrameAnalyzer: analyze: result status=NO_CODE, code=null, source=null
09-02 11:29:03.912 28186 28475 D DpmFrameAnalyzer: analyze: bitmap converted, size=1080x1440, scanRoi=Rect(189, 369 - 891, 1071)
09-02 11:29:03.913 28186 28186 D DpmAnalyzer: analyze: frame=1080x1440, roi=Rect(189, 369 - 891, 1071), focus=FOCUSED, mode=SCAN
09-02 11:29:03.913 28186 28186 D DpmAnalyzer: analyze: THROTTLED by timing gate
09-02 11:29:03.913 28186 28186 D DpmFrameAnalyzer: analyze: result status=THROTTLED, code=null, source=null
09-02 11:29:03.913 28186 28475 D DpmFrameAnalyzer: analyze: frame received, format=35, size=1440x1080, rotation=90
09-02 11:29:04.001 28186 28475 D DpmFrameAnalyzer: analyze: bitmap converted, size=1080x1440, scanRoi=Rect(189, 369 - 891, 1071)
09-02 11:29:04.001 28186 28186 D DpmAnalyzer: analyze: frame=1080x1440, roi=Rect(189, 369 - 891, 1071), focus=FOCUSED, mode=SCAN
09-02 11:29:04.001 28186 28186 D DpmAnalyzer: analyze: THROTTLED by timing gate
09-02 11:29:04.001 28186 28186 D DpmFrameAnalyzer: analyze: result status=THROTTLED, code=null, source=null
09-02 11:29:04.002 28186 28475 D DpmFrameAnalyzer: analyze: frame received, format=35, size=1440x1080, rotation=90
09-02 11:29:04.071 28186 28475 D DpmFrameAnalyzer: analyze: bitmap converted, size=1080x1440, scanRoi=Rect(189, 369 - 891, 1071)
09-02 11:29:04.072 28186 28186 D DpmAnalyzer: analyze: frame=1080x1440, roi=Rect(189, 369 - 891, 1071), focus=FOCUSED, mode=SCAN
09-02 11:29:04.072 28186 28186 D DpmAnalyzer: analyze: starting performMultiStrategyDecode
09-02 11:29:04.072 28186 28186 D DpmAnalyzer: performMultiStrategyDecode: frame=1080x1440, roi=Rect(189, 369 - 891, 1071), strategies=1
09-02 11:29:04.072 28186 28475 D DpmFrameAnalyzer: analyze: frame received, format=35, size=1440x1080, rotation=90
09-02 11:29:04.096 28186 28186 D DpmAnalyzer: Stage1: ROI 702x702 → scaled 400x400
09-02 11:29:04.136 28186 28186 D DpmAnalyzer: Stage1: MISS
09-02 11:29:04.137 28186 28186 D DpmAnalyzer: scanRoi present, skipping full-image stages
09-02 11:29:04.137 28186 28186 D DpmAnalyzer: analyze: decodedCode=null
09-02 11:29:04.137 28186 28186 D DpmFrameAnalyzer: analyze: result status=NO_CODE, code=null, source=null
09-02 11:29:04.144 28186 28475 D DpmFrameAnalyzer: analyze: bitmap converted, size=1080x1440, scanRoi=Rect(189, 369 - 891, 1071)
09-02 11:29:04.144 28186 28186 D DpmAnalyzer: analyze: frame=1080x1440, roi=Rect(189, 369 - 891, 1071), focus=FOCUSED, mode=SCAN
09-02 11:29:04.144 28186 28186 D DpmAnalyzer: analyze: THROTTLED by timing gate
09-02 11:29:04.144 28186 28186 D DpmFrameAnalyzer: analyze: result status=THROTTLED, code=null, source=null
09-02 11:29:04.144 28186 28475 D DpmFrameAnalyzer: analyze: frame received, format=35, size=1440x1080, rotation=90
09-02 11:29:04.235 28186 28475 D DpmFrameAnalyzer: analyze: bitmap converted, size=1080x1440, scanRoi=Rect(189, 369 - 891, 1071)
09-02 11:29:04.235 28186 28186 D DpmAnalyzer: analyze: frame=1080x1440, roi=Rect(189, 369 - 891, 1071), focus=FOCUSED, mode=SCAN
09-02 11:29:04.236 28186 28186 D DpmAnalyzer: analyze: THROTTLED by timing gate
09-02 11:29:04.236 28186 28186 D DpmFrameAnalyzer: analyze: result status=THROTTLED, code=null, source=null
09-02 11:29:04.236 28186 28475 D DpmFrameAnalyzer: analyze: frame received, format=35, size=1440x1080, rotation=90
09-02 11:29:04.310 28186 28475 D DpmFrameAnalyzer: analyze: bitmap converted, size=1080x1440, scanRoi=Rect(189, 369 - 891, 1071)
09-02 11:29:04.310 28186 28186 D DpmAnalyzer: analyze: frame=1080x1440, roi=Rect(189, 369 - 891, 1071), focus=FOCUSED, mode=SCAN
09-02 11:29:04.310 28186 28186 D DpmAnalyzer: analyze: THROTTLED by timing gate
09-02 11:29:04.310 28186 28186 D DpmFrameAnalyzer: analyze: result status=THROTTLED, code=null, source=null
09-02 11:29:04.311 28186 28475 D DpmFrameAnalyzer: analyze: frame received, format=35, size=1440x1080, rotation=90
09-02 11:29:04.376 28186 28475 D DpmFrameAnalyzer: analyze: bitmap converted, size=1080x1440, scanRoi=Rect(189, 369 - 891, 1071)
09-02 11:29:04.376 28186 28186 D DpmAnalyzer: analyze: frame=1080x1440, roi=Rect(189, 369 - 891, 1071), focus=FOCUSED, mode=SCAN
09-02 11:29:04.376 28186 28186 D DpmAnalyzer: analyze: starting performMultiStrategyDecode
09-02 11:29:04.376 28186 28186 D DpmAnalyzer: performMultiStrategyDecode: frame=1080x1440, roi=Rect(189, 369 - 891, 1071), strategies=1
09-02 11:29:04.376 28186 28475 D DpmFrameAnalyzer: analyze: frame received, format=35, size=1440x1080, rotation=90
09-02 11:29:04.398 28186 28186 D DpmAnalyzer: Stage1: ROI 702x702 → scaled 400x400
09-02 11:29:04.441 28186 28475 D DpmFrameAnalyzer: analyze: bitmap converted, size=1080x1440, scanRoi=Rect(189, 369 - 891, 1071)
09-02 11:29:04.442 28186 28186 D DpmAnalyzer: analyze: frame=1080x1440, roi=Rect(189, 369 - 891, 1071), focus=FOCUSED, mode=SCAN
09-02 11:29:04.442 28186 28186 D DpmAnalyzer: analyze: THROTTLED (already running)
09-02 11:29:04.442 28186 28186 D DpmFrameAnalyzer: analyze: result status=THROTTLED, code=null, source=null
09-02 11:29:04.444 28186 28475 D DpmFrameAnalyzer: analyze: frame received, format=35, size=1440x1080, rotation=90
09-02 11:29:04.454 28186 28186 D DpmAnalyzer: Stage1: MISS
09-02 11:29:04.454 28186 28186 D DpmAnalyzer: scanRoi present, skipping full-image stages
09-02 11:29:04.454 28186 28186 D DpmAnalyzer: analyze: decodedCode=null
09-02 11:29:04.454 28186 28186 D DpmFrameAnalyzer: analyze: result status=NO_CODE, code=null, source=null
09-02 11:29:04.517 28186 28475 D DpmFrameAnalyzer: analyze: bitmap converted, size=1080x1440, scanRoi=Rect(189, 369 - 891, 1071)
09-02 11:29:04.517 28186 28186 D DpmAnalyzer: analyze: frame=1080x1440, roi=Rect(189, 369 - 891, 1071), focus=FOCUSED, mode=SCAN
09-02 11:29:04.517 28186 28186 D DpmAnalyzer: analyze: THROTTLED by timing gate
09-02 11:29:04.517 28186 28186 D DpmFrameAnalyzer: analyze: result status=THROTTLED, code=null, source=null
09-02 11:29:04.518 28186 28475 D DpmFrameAnalyzer: analyze: frame received, format=35, size=1440x1080, rotation=90
09-02 11:29:04.596 28186 28475 D DpmFrameAnalyzer: analyze: bitmap converted, size=1080x1440, scanRoi=Rect(189, 369 - 891, 1071)
09-02 11:29:04.597 28186 28186 D DpmAnalyzer: analyze: frame=1080x1440, roi=Rect(189, 369 - 891, 1071), focus=FOCUSED, mode=SCAN
09-02 11:29:04.597 28186 28186 D DpmAnalyzer: analyze: THROTTLED by timing gate
09-02 11:29:04.597 28186 28186 D DpmFrameAnalyzer: analyze: result status=THROTTLED, code=null, source=null
09-02 11:29:04.597 28186 28475 D DpmFrameAnalyzer: analyze: frame received, format=35, size=1440x1080, rotation=90
09-02 11:29:04.678 28186 28475 D DpmFrameAnalyzer: analyze: bitmap converted, size=1080x1440, scanRoi=Rect(189, 369 - 891, 1071)
09-02 11:29:04.678 28186 28186 D DpmAnalyzer: analyze: frame=1080x1440, roi=Rect(189, 369 - 891, 1071), focus=FOCUSED, mode=SCAN
09-02 11:29:04.679 28186 28186 D DpmAnalyzer: analyze: starting performMultiStrategyDecode
09-02 11:29:04.679 28186 28186 D DpmAnalyzer: performMultiStrategyDecode: frame=1080x1440, roi=Rect(189, 369 - 891, 1071), strategies=1
09-02 11:29:04.679 28186 28475 D DpmFrameAnalyzer: analyze: frame received, format=35, size=1440x1080, rotation=90
09-02 11:29:04.684 28186 28186 D DpmAnalyzer: Stage1: ROI 702x702 → scaled 400x400
09-02 11:29:04.745 28186 28186 D DpmAnalyzer: Stage1: MISS
09-02 11:29:04.745 28186 28186 D DpmAnalyzer: scanRoi present, skipping full-image stages
09-02 11:29:04.746 28186 28186 D DpmAnalyzer: analyze: decodedCode=null
09-02 11:29:04.746 28186 28186 D DpmFrameAnalyzer: analyze: result status=NO_CODE, code=null, source=null
09-02 11:29:04.764 28186 28475 D DpmFrameAnalyzer: analyze: bitmap converted, size=1080x1440, scanRoi=Rect(189, 369 - 891, 1071)
09-02 11:29:04.764 28186 28186 D DpmAnalyzer: analyze: frame=1080x1440, roi=Rect(189, 369 - 891, 1071), focus=FOCUSED, mode=SCAN
09-02 11:29:04.764 28186 28186 D DpmAnalyzer: analyze: THROTTLED by timing gate
09-02 11:29:04.764 28186 28186 D DpmFrameAnalyzer: analyze: result status=THROTTLED, code=null, source=null
09-02 11:29:04.764 28186 28475 D DpmFrameAnalyzer: analyze: frame received, format=35, size=1440x1080, rotation=90
09-02 11:29:04.848 28186 28475 D DpmFrameAnalyzer: analyze: bitmap converted, size=1080x1440, scanRoi=Rect(189, 369 - 891, 1071)
09-02 11:29:04.848 28186 28186 D DpmAnalyzer: analyze: frame=1080x1440, roi=Rect(189, 369 - 891, 1071), focus=FOCUSED, mode=SCAN
09-02 11:29:04.848 28186 28186 D DpmAnalyzer: analyze: THROTTLED by timing gate
09-02 11:29:04.848 28186 28186 D DpmFrameAnalyzer: analyze: result status=THROTTLED, code=null, source=null
09-02 11:29:04.849 28186 28475 D DpmFrameAnalyzer: analyze: frame received, format=35, size=1440x1080, rotation=90
09-02 11:29:04.914 28186 28475 D DpmFrameAnalyzer: analyze: bitmap converted, size=1080x1440, scanRoi=Rect(189, 369 - 891, 1071)
09-02 11:29:04.915 28186 28186 D DpmAnalyzer: analyze: frame=1080x1440, roi=Rect(189, 369 - 891, 1071), focus=FOCUSED, mode=SCAN
09-02 11:29:04.915 28186 28186 D DpmAnalyzer: analyze: THROTTLED by timing gate
09-02 11:29:04.915 28186 28186 D DpmFrameAnalyzer: analyze: result status=THROTTLED, code=null, source=null
09-02 11:29:04.915 28186 28475 D DpmFrameAnalyzer: analyze: frame received, format=35, size=1440x1080, rotation=90
09-02 11:29:04.978 28186 28475 D DpmFrameAnalyzer: analyze: bitmap converted, size=1080x1440, scanRoi=Rect(189, 369 - 891, 1071)
09-02 11:29:04.978 28186 28186 D DpmAnalyzer: analyze: frame=1080x1440, roi=Rect(189, 369 - 891, 1071), focus=FOCUSED, mode=SCAN
09-02 11:29:04.978 28186 28186 D DpmAnalyzer: analyze: starting performMultiStrategyDecode
09-02 11:29:04.978 28186 28186 D DpmAnalyzer: performMultiStrategyDecode: frame=1080x1440, roi=Rect(189, 369 - 891, 1071), strategies=1
09-02 11:29:04.979 28186 28475 D DpmFrameAnalyzer: analyze: frame received, format=35, size=1440x1080, rotation=90
09-02 11:29:04.996 28186 28186 D DpmAnalyzer: Stage1: ROI 702x702 → scaled 400x400
09-02 11:29:05.049 28186 28475 D DpmFrameAnalyzer: analyze: bitmap converted, size=1080x1440, scanRoi=Rect(189, 369 - 891, 1071)
09-02 11:29:05.050 28186 28475 D DpmFrameAnalyzer: analyze: frame received, format=35, size=1440x1080, rotation=90
09-02 11:29:05.062 28186 28186 D DpmAnalyzer: Stage1: MISS
09-02 11:29:05.062 28186 28186 D DpmAnalyzer: scanRoi present, skipping full-image stages
09-02 11:29:05.062 28186 28186 D DpmAnalyzer: analyze: decodedCode=null
09-02 11:29:05.062 28186 28186 D DpmFrameAnalyzer: analyze: result status=NO_CODE, code=null, source=null
09-02 11:29:05.064 28186 28186 D DpmAnalyzer: analyze: frame=1080x1440, roi=Rect(189, 369 - 891, 1071), focus=FOCUSED, mode=SCAN
09-02 11:29:05.064 28186 28186 D DpmAnalyzer: analyze: THROTTLED by timing gate
09-02 11:29:05.064 28186 28186 D DpmFrameAnalyzer: analyze: result status=THROTTLED, code=null, source=null
09-02 11:29:05.142 28186 28475 D DpmFrameAnalyzer: analyze: bitmap converted, size=1080x1440, scanRoi=Rect(189, 369 - 891, 1071)
09-02 11:29:05.143 28186 28186 D DpmAnalyzer: analyze: frame=1080x1440, roi=Rect(189, 369 - 891, 1071), focus=FOCUSED, mode=SCAN
09-02 11:29:05.143 28186 28186 D DpmAnalyzer: analyze: THROTTLED by timing gate
09-02 11:29:05.143 28186 28186 D DpmFrameAnalyzer: analyze: result status=THROTTLED, code=null, source=null
09-02 11:29:05.144 28186 28475 D DpmFrameAnalyzer: analyze: frame received, format=35, size=1440x1080, rotation=90
09-02 11:29:05.223 28186 28475 D DpmFrameAnalyzer: analyze: bitmap converted, size=1080x1440, scanRoi=Rect(189, 369 - 891, 1071)
09-02 11:29:05.223 28186 28186 D DpmAnalyzer: analyze: frame=1080x1440, roi=Rect(189, 369 - 891, 1071), focus=FOCUSED, mode=SCAN
09-02 11:29:05.224 28186 28186 D DpmAnalyzer: analyze: THROTTLED by timing gate
09-02 11:29:05.224 28186 28186 D DpmFrameAnalyzer: analyze: result status=THROTTLED, code=null, source=null
09-02 11:29:05.224 28186 28475 D DpmFrameAnalyzer: analyze: frame received, format=35, size=1440x1080, rotation=90
09-02 11:29:05.291 28186 28475 D DpmFrameAnalyzer: analyze: bitmap converted, size=1080x1440, scanRoi=Rect(189, 369 - 891, 1071)
09-02 11:29:05.291 28186 28186 D DpmAnalyzer: analyze: frame=1080x1440, roi=Rect(189, 369 - 891, 1071), focus=FOCUSED, mode=SCAN
09-02 11:29:05.291 28186 28186 D DpmAnalyzer: analyze: starting performMultiStrategyDecode
09-02 11:29:05.291 28186 28186 D DpmAnalyzer: performMultiStrategyDecode: frame=1080x1440, roi=Rect(189, 369 - 891, 1071), strategies=1
09-02 11:29:05.291 28186 28475 D DpmFrameAnalyzer: analyze: frame received, format=35, size=1440x1080, rotation=90
09-02 11:29:05.300 28186 28186 D DpmAnalyzer: Stage1: ROI 702x702 → scaled 400x400
09-02 11:29:05.336 28186 28186 D DpmAnalyzer: Stage1: MISS
09-02 11:29:05.336 28186 28186 D DpmAnalyzer: scanRoi present, skipping full-image stages
09-02 11:29:05.336 28186 28186 D DpmAnalyzer: analyze: decodedCode=null
09-02 11:29:05.336 28186 28186 D DpmFrameAnalyzer: analyze: result status=NO_CODE, code=null, source=null
09-02 11:29:05.364 28186 28475 D DpmFrameAnalyzer: analyze: bitmap converted, size=1080x1440, scanRoi=Rect(189, 369 - 891, 1071)
09-02 11:29:05.364 28186 28186 D DpmAnalyzer: analyze: frame=1080x1440, roi=Rect(189, 369 - 891, 1071), focus=FOCUSED, mode=SCAN
09-02 11:29:05.364 28186 28186 D DpmAnalyzer: analyze: THROTTLED by timing gate
09-02 11:29:05.364 28186 28186 D DpmFrameAnalyzer: analyze: result status=THROTTLED, code=null, source=null
09-02 11:29:05.365 28186 28475 D DpmFrameAnalyzer: analyze: frame received, format=35, size=1440x1080, rotation=90
09-02 11:29:05.453 28186 28475 D DpmFrameAnalyzer: analyze: bitmap converted, size=1080x1440, scanRoi=Rect(189, 369 - 891, 1071)
09-02 11:29:05.454 28186 28186 D DpmAnalyzer: analyze: frame=1080x1440, roi=Rect(189, 369 - 891, 1071), focus=FOCUSED, mode=SCAN
09-02 11:29:05.454 28186 28186 D DpmAnalyzer: analyze: THROTTLED by timing gate
09-02 11:29:05.454 28186 28186 D DpmFrameAnalyzer: analyze: result status=THROTTLED, code=null, source=null
09-02 11:29:05.454 28186 28475 D DpmFrameAnalyzer: analyze: frame received, format=35, size=1440x1080, rotation=90
09-02 11:29:05.522 28186 28475 D DpmFrameAnalyzer: analyze: bitmap converted, size=1080x1440, scanRoi=Rect(189, 369 - 891, 1071)
09-02 11:29:05.523 28186 28186 D DpmAnalyzer: analyze: frame=1080x1440, roi=Rect(189, 369 - 891, 1071), focus=FOCUSED, mode=SCAN
09-02 11:29:05.523 28186 28186 D DpmAnalyzer: analyze: THROTTLED by timing gate
09-02 11:29:05.523 28186 28186 D DpmFrameAnalyzer: analyze: result status=THROTTLED, code=null, source=null
09-02 11:29:05.523 28186 28475 D DpmFrameAnalyzer: analyze: frame received, format=35, size=1440x1080, rotation=90
09-02 11:29:05.589 28186 28475 D DpmFrameAnalyzer: analyze: bitmap converted, size=1080x1440, scanRoi=Rect(189, 369 - 891, 1071)
09-02 11:29:05.589 28186 28186 D DpmAnalyzer: analyze: frame=1080x1440, roi=Rect(189, 369 - 891, 1071), focus=FOCUSED, mode=SCAN
09-02 11:29:05.589 28186 28186 D DpmAnalyzer: analyze: starting performMultiStrategyDecode
09-02 11:29:05.589 28186 28186 D DpmAnalyzer: performMultiStrategyDecode: frame=1080x1440, roi=Rect(189, 369 - 891, 1071), strategies=1
09-02 11:29:05.589 28186 28475 D DpmFrameAnalyzer: analyze: frame received, format=35, size=1440x1080, rotation=90
09-02 11:29:05.616 28186 28186 D DpmAnalyzer: Stage1: ROI 702x702 → scaled 400x400
09-02 11:29:05.658 28186 28475 D DpmFrameAnalyzer: analyze: bitmap converted, size=1080x1440, scanRoi=Rect(189, 369 - 891, 1071)
09-02 11:29:05.658 28186 28186 D DpmAnalyzer: analyze: frame=1080x1440, roi=Rect(189, 369 - 891, 1071), focus=FOCUSED, mode=SCAN
09-02 11:29:05.658 28186 28186 D DpmAnalyzer: analyze: THROTTLED (already running)
09-02 11:29:05.658 28186 28186 D DpmFrameAnalyzer: analyze: result status=THROTTLED, code=null, source=null
09-02 11:29:05.659 28186 28475 D DpmFrameAnalyzer: analyze: frame received, format=35, size=1440x1080, rotation=90
09-02 11:29:05.689 28186 28186 D DpmAnalyzer: Stage1: MISS
09-02 11:29:05.690 28186 28186 D DpmAnalyzer: scanRoi present, skipping full-image stages
09-02 11:29:05.690 28186 28186 D DpmAnalyzer: analyze: decodedCode=null
09-02 11:29:05.690 28186 28186 D DpmFrameAnalyzer: analyze: result status=NO_CODE, code=null, source=null
09-02 11:29:05.749 28186 28475 D DpmFrameAnalyzer: analyze: bitmap converted, size=1080x1440, scanRoi=Rect(189, 369 - 891, 1071)
09-02 11:29:05.749 28186 28186 D DpmAnalyzer: analyze: frame=1080x1440, roi=Rect(189, 369 - 891, 1071), focus=FOCUSED, mode=SCAN
09-02 11:29:05.749 28186 28186 D DpmAnalyzer: analyze: THROTTLED by timing gate
09-02 11:29:05.749 28186 28186 D DpmFrameAnalyzer: analyze: result status=THROTTLED, code=null, source=null
09-02 11:29:05.750 28186 28475 D DpmFrameAnalyzer: analyze: frame received, format=35, size=1440x1080, rotation=90
09-02 11:29:05.822 28186 28475 D DpmFrameAnalyzer: analyze: bitmap converted, size=1080x1440, scanRoi=Rect(189, 369 - 891, 1071)
09-02 11:29:05.823 28186 28186 D DpmAnalyzer: analyze: frame=1080x1440, roi=Rect(189, 369 - 891, 1071), focus=FOCUSED, mode=SCAN
09-02 11:29:05.823 28186 28186 D DpmAnalyzer: analyze: THROTTLED by timing gate
09-02 11:29:05.823 28186 28186 D DpmFrameAnalyzer: analyze: result status=THROTTLED, code=null, source=null
09-02 11:29:05.823 28186 28475 D DpmFrameAnalyzer: analyze: frame received, format=35, size=1440x1080, rotation=90
09-02 11:29:05.889 28186 28475 D DpmFrameAnalyzer: analyze: bitmap converted, size=1080x1440, scanRoi=Rect(189, 369 - 891, 1071)
09-02 11:29:05.889 28186 28186 D DpmAnalyzer: analyze: frame=1080x1440, roi=Rect(189, 369 - 891, 1071), focus=FOCUSED, mode=SCAN
09-02 11:29:05.889 28186 28186 D DpmAnalyzer: analyze: THROTTLED by timing gate
09-02 11:29:05.889 28186 28186 D DpmFrameAnalyzer: analyze: result status=THROTTLED, code=null, source=null
09-02 11:29:05.889 28186 28475 D DpmFrameAnalyzer: analyze: frame received, format=35, size=1440x1080, rotation=90
09-02 11:29:05.955 28186 28475 D DpmFrameAnalyzer: analyze: bitmap converted, size=1080x1440, scanRoi=Rect(189, 369 - 891, 1071)
09-02 11:29:05.955 28186 28186 D DpmAnalyzer: analyze: frame=1080x1440, roi=Rect(189, 369 - 891, 1071), focus=FOCUSED, mode=SCAN
09-02 11:29:05.955 28186 28186 D DpmAnalyzer: analyze: starting performMultiStrategyDecode
09-02 11:29:05.955 28186 28186 D DpmAnalyzer: performMultiStrategyDecode: frame=1080x1440, roi=Rect(189, 369 - 891, 1071), strategies=1
09-02 11:29:05.955 28186 28475 D DpmFrameAnalyzer: analyze: frame received, format=35, size=1440x1080, rotation=90
09-02 11:29:05.979 28186 28186 D DpmAnalyzer: Stage1: ROI 702x702 → scaled 400x400
09-02 11:29:06.019 28186 28475 D DpmFrameAnalyzer: analyze: bitmap converted, size=1080x1440, scanRoi=Rect(189, 369 - 891, 1071)
09-02 11:29:06.020 28186 28186 D DpmAnalyzer: analyze: frame=1080x1440, roi=Rect(189, 369 - 891, 1071), focus=FOCUSED, mode=SCAN
09-02 11:29:06.020 28186 28186 D DpmAnalyzer: analyze: THROTTLED (already running)
09-02 11:29:06.020 28186 28186 D DpmFrameAnalyzer: analyze: result status=THROTTLED, code=null, source=null
09-02 11:29:06.020 28186 28475 D DpmFrameAnalyzer: analyze: frame received, format=35, size=1440x1080, rotation=90
09-02 11:29:06.038 28186 28186 D DpmAnalyzer: Stage1: MISS
09-02 11:29:06.038 28186 28186 D DpmAnalyzer: scanRoi present, skipping full-image stages
09-02 11:29:06.038 28186 28186 D DpmAnalyzer: analyze: decodedCode=null
09-02 11:29:06.038 28186 28186 D DpmFrameAnalyzer: analyze: result status=NO_CODE, code=null, source=null
09-02 11:29:06.103 28186 28475 D DpmFrameAnalyzer: analyze: bitmap converted, size=1080x1440, scanRoi=Rect(189, 369 - 891, 1071)
09-02 11:29:06.104 28186 28186 D DpmAnalyzer: analyze: frame=1080x1440, roi=Rect(189, 369 - 891, 1071), focus=FOCUSED, mode=SCAN
09-02 11:29:06.104 28186 28186 D DpmAnalyzer: analyze: THROTTLED by timing gate
09-02 11:29:06.104 28186 28186 D DpmFrameAnalyzer: analyze: result status=THROTTLED, code=null, source=null
09-02 11:29:06.104 28186 28475 D DpmFrameAnalyzer: analyze: frame received, format=35, size=1440x1080, rotation=90
09-02 11:29:06.178 28186 28475 D DpmFrameAnalyzer: analyze: bitmap converted, size=1080x1440, scanRoi=Rect(189, 369 - 891, 1071)
09-02 11:29:06.179 28186 28186 D DpmAnalyzer: analyze: frame=1080x1440, roi=Rect(189, 369 - 891, 1071), focus=FOCUSED, mode=SCAN
09-02 11:29:06.179 28186 28186 D DpmAnalyzer: analyze: THROTTLED by timing gate
09-02 11:29:06.179 28186 28186 D DpmFrameAnalyzer: analyze: result status=THROTTLED, code=null, source=null
09-02 11:29:06.179 28186 28475 D DpmFrameAnalyzer: analyze: frame received, format=35, size=1440x1080, rotation=90
09-02 11:29:06.250 28186 28475 D DpmFrameAnalyzer: analyze: bitmap converted, size=1080x1440, scanRoi=Rect(189, 369 - 891, 1071)
09-02 11:29:06.250 28186 28186 D DpmAnalyzer: analyze: frame=1080x1440, roi=Rect(189, 369 - 891, 1071), focus=FOCUSED, mode=SCAN
09-02 11:29:06.250 28186 28186 D DpmAnalyzer: analyze: starting performMultiStrategyDecode
09-02 11:29:06.250 28186 28186 D DpmAnalyzer: performMultiStrategyDecode: frame=1080x1440, roi=Rect(189, 369 - 891, 1071), strategies=1
09-02 11:29:06.251 28186 28475 D DpmFrameAnalyzer: analyze: frame received, format=35, size=1440x1080, rotation=90
09-02 11:29:06.260 28186 28186 D DpmAnalyzer: Stage1: ROI 702x702 → scaled 400x400
09-02 11:29:06.329 28186 28475 D DpmFrameAnalyzer: analyze: bitmap converted, size=1080x1440, scanRoi=Rect(189, 369 - 891, 1071)
09-02 11:29:06.330 28186 28475 D DpmFrameAnalyzer: analyze: frame received, format=35, size=1440x1080, rotation=90
09-02 11:29:06.335 28186 28186 D DpmAnalyzer: Stage1: MISS
09-02 11:29:06.335 28186 28186 D DpmAnalyzer: scanRoi present, skipping full-image stages
09-02 11:29:06.335 28186 28186 D DpmAnalyzer: analyze: decodedCode=null
09-02 11:29:06.335 28186 28186 D DpmFrameAnalyzer: analyze: result status=NO_CODE, code=null, source=null
09-02 11:29:06.337 28186 28186 D DpmAnalyzer: analyze: frame=1080x1440, roi=Rect(189, 369 - 891, 1071), focus=FOCUSED, mode=SCAN
09-02 11:29:06.337 28186 28186 D DpmAnalyzer: analyze: THROTTLED by timing gate
09-02 11:29:06.337 28186 28186 D DpmFrameAnalyzer: analyze: result status=THROTTLED, code=null, source=null
09-02 11:29:06.423 28186 28475 D DpmFrameAnalyzer: analyze: bitmap converted, size=1080x1440, scanRoi=Rect(189, 369 - 891, 1071)
09-02 11:29:06.423 28186 28186 D DpmAnalyzer: analyze: frame=1080x1440, roi=Rect(189, 369 - 891, 1071), focus=FOCUSED, mode=SCAN
09-02 11:29:06.423 28186 28186 D DpmAnalyzer: analyze: THROTTLED by timing gate
09-02 11:29:06.423 28186 28186 D DpmFrameAnalyzer: analyze: result status=THROTTLED, code=null, source=null
09-02 11:29:06.424 28186 28475 D DpmFrameAnalyzer: analyze: frame received, format=35, size=1440x1080, rotation=90
09-02 11:29:06.500 28186 28475 D DpmFrameAnalyzer: analyze: bitmap converted, size=1080x1440, scanRoi=Rect(189, 369 - 891, 1071)
09-02 11:29:06.501 28186 28186 D DpmAnalyzer: analyze: frame=1080x1440, roi=Rect(189, 369 - 891, 1071), focus=FOCUSED, mode=SCAN
09-02 11:29:06.501 28186 28186 D DpmAnalyzer: analyze: THROTTLED by timing gate
09-02 11:29:06.501 28186 28186 D DpmFrameAnalyzer: analyze: result status=THROTTLED, code=null, source=null
09-02 11:29:06.502 28186 28475 D DpmFrameAnalyzer: analyze: frame received, format=35, size=1440x1080, rotation=90
09-02 11:29:06.568 28186 28475 D DpmFrameAnalyzer: analyze: bitmap converted, size=1080x1440, scanRoi=Rect(189, 369 - 891, 1071)
09-02 11:29:06.568 28186 28186 D DpmAnalyzer: analyze: frame=1080x1440, roi=Rect(189, 369 - 891, 1071), focus=FOCUSED, mode=SCAN
09-02 11:29:06.568 28186 28186 D DpmAnalyzer: analyze: starting performMultiStrategyDecode
09-02 11:29:06.568 28186 28186 D DpmAnalyzer: performMultiStrategyDecode: frame=1080x1440, roi=Rect(189, 369 - 891, 1071), strategies=1
09-02 11:29:06.568 28186 28475 D DpmFrameAnalyzer: analyze: frame received, format=35, size=1440x1080, rotation=90
09-02 11:29:06.583 28186 28186 D DpmAnalyzer: Stage1: ROI 702x702 → scaled 400x400
09-02 11:29:06.623 28186 28186 D DpmAnalyzer: Stage1: MISS
09-02 11:29:06.623 28186 28186 D DpmAnalyzer: scanRoi present, skipping full-image stages
09-02 11:29:06.623 28186 28186 D DpmAnalyzer: analyze: decodedCode=null
09-02 11:29:06.623 28186 28186 D DpmFrameAnalyzer: analyze: result status=NO_CODE, code=null, source=null
09-02 11:29:06.645 28186 28475 D DpmFrameAnalyzer: analyze: bitmap converted, size=1080x1440, scanRoi=Rect(189, 369 - 891, 1071)
09-02 11:29:06.646 28186 28186 D DpmAnalyzer: analyze: frame=1080x1440, roi=Rect(189, 369 - 891, 1071), focus=FOCUSED, mode=SCAN
09-02 11:29:06.646 28186 28186 D DpmAnalyzer: analyze: THROTTLED by timing gate
09-02 11:29:06.646 28186 28186 D DpmFrameAnalyzer: analyze: result status=THROTTLED, code=null, source=null
09-02 11:29:06.646 28186 28475 D DpmFrameAnalyzer: analyze: frame received, format=35, size=1440x1080, rotation=90
09-02 11:29:06.735 28186 28475 D DpmFrameAnalyzer: analyze: bitmap converted, size=1080x1440, scanRoi=Rect(189, 369 - 891, 1071)
09-02 11:29:06.735 28186 28186 D DpmAnalyzer: analyze: frame=1080x1440, roi=Rect(189, 369 - 891, 1071), focus=FOCUSED, mode=SCAN
09-02 11:29:06.735 28186 28186 D DpmAnalyzer: analyze: THROTTLED by timing gate
09-02 11:29:06.735 28186 28186 D DpmFrameAnalyzer: analyze: result status=THROTTLED, code=null, source=null
09-02 11:29:06.736 28186 28475 D DpmFrameAnalyzer: analyze: frame received, format=35, size=1440x1080, rotation=90
09-02 11:29:06.806 28186 28475 D DpmFrameAnalyzer: analyze: bitmap converted, size=1080x1440, scanRoi=Rect(189, 369 - 891, 1071)
09-02 11:29:06.806 28186 28186 D DpmAnalyzer: analyze: frame=1080x1440, roi=Rect(189, 369 - 891, 1071), focus=FOCUSED, mode=SCAN
09-02 11:29:06.806 28186 28186 D DpmAnalyzer: analyze: THROTTLED by timing gate
09-02 11:29:06.806 28186 28186 D DpmFrameAnalyzer: analyze: result status=THROTTLED, code=null, source=null
09-02 11:29:06.807 28186 28475 D DpmFrameAnalyzer: analyze: frame received, format=35, size=1440x1080, rotation=90
09-02 11:29:06.874 28186 28475 D DpmFrameAnalyzer: analyze: bitmap converted, size=1080x1440, scanRoi=Rect(189, 369 - 891, 1071)
09-02 11:29:06.874 28186 28186 D DpmAnalyzer: analyze: frame=1080x1440, roi=Rect(189, 369 - 891, 1071), focus=FOCUSED, mode=SCAN
09-02 11:29:06.874 28186 28186 D DpmAnalyzer: analyze: starting performMultiStrategyDecode
09-02 11:29:06.874 28186 28186 D DpmAnalyzer: performMultiStrategyDecode: frame=1080x1440, roi=Rect(189, 369 - 891, 1071), strategies=1
09-02 11:29:06.874 28186 28475 D DpmFrameAnalyzer: analyze: frame received, format=35, size=1440x1080, rotation=90
09-02 11:29:06.896 28186 28186 D DpmAnalyzer: Stage1: ROI 702x702 → scaled 400x400
09-02 11:29:06.943 28186 28475 D DpmFrameAnalyzer: analyze: bitmap converted, size=1080x1440, scanRoi=Rect(189, 369 - 891, 1071)
09-02 11:29:06.944 28186 28186 D DpmAnalyzer: analyze: frame=1080x1440, roi=Rect(189, 369 - 891, 1071), focus=FOCUSED, mode=SCAN
09-02 11:29:06.944 28186 28186 D DpmAnalyzer: analyze: THROTTLED (already running)
09-02 11:29:06.944 28186 28186 D DpmFrameAnalyzer: analyze: result status=THROTTLED, code=null, source=null
09-02 11:29:06.945 28186 28475 D DpmFrameAnalyzer: analyze: frame received, format=35, size=1440x1080, rotation=90
09-02 11:29:06.959 28186 28186 D DpmAnalyzer: Stage1: MISS
09-02 11:29:06.959 28186 28186 D DpmAnalyzer: scanRoi present, skipping full-image stages
09-02 11:29:06.959 28186 28186 D DpmAnalyzer: analyze: decodedCode=null
09-02 11:29:06.959 28186 28186 D DpmFrameAnalyzer: analyze: result status=NO_CODE, code=null, source=null
09-02 11:29:07.031 28186 28475 D DpmFrameAnalyzer: analyze: bitmap converted, size=1080x1440, scanRoi=Rect(189, 369 - 891, 1071)
09-02 11:29:07.031 28186 28186 D DpmAnalyzer: analyze: frame=1080x1440, roi=Rect(189, 369 - 891, 1071), focus=FOCUSED, mode=SCAN
09-02 11:29:07.031 28186 28186 D DpmAnalyzer: analyze: THROTTLED by timing gate
09-02 11:29:07.031 28186 28186 D DpmFrameAnalyzer: analyze: result status=THROTTLED, code=null, source=null
09-02 11:29:07.032 28186 28475 D DpmFrameAnalyzer: analyze: frame received, format=35, size=1440x1080, rotation=90
09-02 11:29:07.112 28186 28475 D DpmFrameAnalyzer: analyze: bitmap converted, size=1080x1440, scanRoi=Rect(189, 369 - 891, 1071)
09-02 11:29:07.113 28186 28186 D DpmAnalyzer: analyze: frame=1080x1440, roi=Rect(189, 369 - 891, 1071), focus=FOCUSED, mode=SCAN
09-02 11:29:07.113 28186 28186 D DpmAnalyzer: analyze: THROTTLED by timing gate
09-02 11:29:07.113 28186 28186 D DpmFrameAnalyzer: analyze: result status=THROTTLED, code=null, source=null
09-02 11:29:07.113 28186 28475 D DpmFrameAnalyzer: analyze: frame received, format=35, size=1440x1080, rotation=90
09-02 11:29:07.179 28186 28475 D DpmFrameAnalyzer: analyze: bitmap converted, size=1080x1440, scanRoi=Rect(189, 369 - 891, 1071)
09-02 11:29:07.180 28186 28186 D DpmAnalyzer: analyze: frame=1080x1440, roi=Rect(189, 369 - 891, 1071), focus=FOCUSED, mode=SCAN
09-02 11:29:07.180 28186 28186 D DpmAnalyzer: analyze: starting performMultiStrategyDecode
09-02 11:29:07.180 28186 28186 D DpmAnalyzer: performMultiStrategyDecode: frame=1080x1440, roi=Rect(189, 369 - 891, 1071), strategies=1
09-02 11:29:07.180 28186 28475 D DpmFrameAnalyzer: analyze: frame received, format=35, size=1440x1080, rotation=90
09-02 11:29:07.201 28186 28186 D DpmAnalyzer: Stage1: ROI 702x702 → scaled 400x400
09-02 11:29:07.245 28186 28475 D DpmFrameAnalyzer: analyze: bitmap converted, size=1080x1440, scanRoi=Rect(189, 369 - 891, 1071)
09-02 11:29:07.246 28186 28186 D DpmAnalyzer: analyze: frame=1080x1440, roi=Rect(189, 369 - 891, 1071), focus=FOCUSED, mode=SCAN
09-02 11:29:07.246 28186 28186 D DpmAnalyzer: analyze: THROTTLED (already running)
09-02 11:29:07.246 28186 28186 D DpmFrameAnalyzer: analyze: result status=THROTTLED, code=null, source=null
09-02 11:29:07.247 28186 28475 D DpmFrameAnalyzer: analyze: frame received, format=35, size=1440x1080, rotation=90
09-02 11:29:07.264 28186 28186 D DpmAnalyzer: Stage1: MISS
09-02 11:29:07.264 28186 28186 D DpmAnalyzer: scanRoi present, skipping full-image stages
09-02 11:29:07.264 28186 28186 D DpmAnalyzer: analyze: decodedCode=null
09-02 11:29:07.264 28186 28186 D DpmFrameAnalyzer: analyze: result status=NO_CODE, code=null, source=null
09-02 11:29:07.318 28186 28475 D DpmFrameAnalyzer: analyze: bitmap converted, size=1080x1440, scanRoi=Rect(189, 369 - 891, 1071)
09-02 11:29:07.318 28186 28186 D DpmAnalyzer: analyze: frame=1080x1440, roi=Rect(189, 369 - 891, 1071), focus=FOCUSED, mode=SCAN
09-02 11:29:07.318 28186 28186 D DpmAnalyzer: analyze: THROTTLED by timing gate
09-02 11:29:07.318 28186 28186 D DpmFrameAnalyzer: analyze: result status=THROTTLED, code=null, source=null
09-02 11:29:07.319 28186 28475 D DpmFrameAnalyzer: analyze: frame received, format=35, size=1440x1080, rotation=90
09-02 11:29:07.390 28186 28475 D DpmFrameAnalyzer: analyze: bitmap converted, size=1080x1440, scanRoi=Rect(189, 369 - 891, 1071)
09-02 11:29:07.390 28186 28186 D DpmAnalyzer: analyze: frame=1080x1440, roi=Rect(189, 369 - 891, 1071), focus=FOCUSED, mode=SCAN
09-02 11:29:07.391 28186 28186 D DpmAnalyzer: analyze: THROTTLED by timing gate
09-02 11:29:07.391 28186 28186 D DpmFrameAnalyzer: analyze: result status=THROTTLED, code=null, source=null
09-02 11:29:07.391 28186 28475 D DpmFrameAnalyzer: analyze: frame received, format=35, size=1440x1080, rotation=90
09-02 11:29:07.459 28186 28475 D DpmFrameAnalyzer: analyze: bitmap converted, size=1080x1440, scanRoi=Rect(189, 369 - 891, 1071)
09-02 11:29:07.459 28186 28186 D DpmAnalyzer: analyze: frame=1080x1440, roi=Rect(189, 369 - 891, 1071), focus=FOCUSED, mode=SCAN
09-02 11:29:07.459 28186 28186 D DpmAnalyzer: analyze: THROTTLED by timing gate
09-02 11:29:07.459 28186 28186 D DpmFrameAnalyzer: analyze: result status=THROTTLED, code=null, source=null
09-02 11:29:07.459 28186 28475 D DpmFrameAnalyzer: analyze: frame received, format=35, size=1440x1080, rotation=90
09-02 11:29:07.532 28186 28475 D DpmFrameAnalyzer: analyze: bitmap converted, size=1080x1440, scanRoi=Rect(189, 369 - 891, 1071)
09-02 11:29:07.532 28186 28186 D DpmAnalyzer: analyze: frame=1080x1440, roi=Rect(189, 369 - 891, 1071), focus=FOCUSED, mode=SCAN
09-02 11:29:07.532 28186 28186 D DpmAnalyzer: analyze: starting performMultiStrategyDecode
09-02 11:29:07.532 28186 28186 D DpmAnalyzer: performMultiStrategyDecode: frame=1080x1440, roi=Rect(189, 369 - 891, 1071), strategies=1
09-02 11:29:07.532 28186 28475 D DpmFrameAnalyzer: analyze: frame received, format=35, size=1440x1080, rotation=90
09-02 11:29:07.554 28186 28186 D DpmAnalyzer: Stage1: ROI 702x702 → scaled 400x400
09-02 11:29:07.597 28186 28475 D DpmFrameAnalyzer: analyze: bitmap converted, size=1080x1440, scanRoi=Rect(189, 369 - 891, 1071)
09-02 11:29:07.598 28186 28186 D DpmAnalyzer: analyze: frame=1080x1440, roi=Rect(189, 369 - 891, 1071), focus=FOCUSED, mode=SCAN
09-02 11:29:07.598 28186 28186 D DpmAnalyzer: analyze: THROTTLED (already running)
09-02 11:29:07.598 28186 28186 D DpmFrameAnalyzer: analyze: result status=THROTTLED, code=null, source=null
09-02 11:29:07.602 28186 28475 D DpmFrameAnalyzer: analyze: frame received, format=35, size=1440x1080, rotation=90
09-02 11:29:07.638 28186 28186 D DpmAnalyzer: Stage1: MISS
09-02 11:29:07.638 28186 28186 D DpmAnalyzer: scanRoi present, skipping full-image stages
09-02 11:29:07.638 28186 28186 D DpmAnalyzer: analyze: decodedCode=null
09-02 11:29:07.638 28186 28186 D DpmFrameAnalyzer: analyze: result status=NO_CODE, code=null, source=null
09-02 11:29:07.692 28186 28475 D DpmFrameAnalyzer: analyze: bitmap converted, size=1080x1440, scanRoi=Rect(189, 369 - 891, 1071)
09-02 11:29:07.692 28186 28186 D DpmAnalyzer: analyze: frame=1080x1440, roi=Rect(189, 369 - 891, 1071), focus=FOCUSED, mode=SCAN
09-02 11:29:07.692 28186 28186 D DpmAnalyzer: analyze: THROTTLED by timing gate
09-02 11:29:07.692 28186 28186 D DpmFrameAnalyzer: analyze: result status=THROTTLED, code=null, source=null
09-02 11:29:07.693 28186 28475 D DpmFrameAnalyzer: analyze: frame received, format=35, size=1440x1080, rotation=90
09-02 11:29:07.768 28186 28475 D DpmFrameAnalyzer: analyze: bitmap converted, size=1080x1440, scanRoi=Rect(189, 369 - 891, 1071)
09-02 11:29:07.769 28186 28186 D DpmAnalyzer: analyze: frame=1080x1440, roi=Rect(189, 369 - 891, 1071), focus=FOCUSED, mode=SCAN
09-02 11:29:07.769 28186 28186 D DpmAnalyzer: analyze: THROTTLED by timing gate
09-02 11:29:07.769 28186 28186 D DpmFrameAnalyzer: analyze: result status=THROTTLED, code=null, source=null
09-02 11:29:07.769 28186 28475 D DpmFrameAnalyzer: analyze: frame received, format=35, size=1440x1080, rotation=90
09-02 11:29:07.834 28186 28475 D DpmFrameAnalyzer: analyze: bitmap converted, size=1080x1440, scanRoi=Rect(189, 369 - 891, 1071)
09-02 11:29:07.835 28186 28186 D DpmAnalyzer: analyze: frame=1080x1440, roi=Rect(189, 369 - 891, 1071), focus=FOCUSED, mode=SCAN
09-02 11:29:07.835 28186 28475 D DpmFrameAnalyzer: analyze: frame received, format=35, size=1440x1080, rotation=90
09-02 11:29:07.835 28186 28186 D DpmAnalyzer: analyze: THROTTLED by timing gate
09-02 11:29:07.835 28186 28186 D DpmFrameAnalyzer: analyze: result status=THROTTLED, code=null, source=null
09-02 11:29:07.897 28186 28475 D DpmFrameAnalyzer: analyze: bitmap converted, size=1080x1440, scanRoi=Rect(189, 369 - 891, 1071)
09-02 11:29:07.898 28186 28186 D DpmAnalyzer: analyze: frame=1080x1440, roi=Rect(189, 369 - 891, 1071), focus=FOCUSED, mode=SCAN
09-02 11:29:07.898 28186 28186 D DpmAnalyzer: analyze: starting performMultiStrategyDecode
09-02 11:29:07.898 28186 28186 D DpmAnalyzer: performMultiStrategyDecode: frame=1080x1440, roi=Rect(189, 369 - 891, 1071), strategies=1
09-02 11:29:07.898 28186 28475 D DpmFrameAnalyzer: analyze: frame received, format=35, size=1440x1080, rotation=90
09-02 11:29:07.920 28186 28186 D DpmAnalyzer: Stage1: ROI 702x702 → scaled 400x400
09-02 11:29:07.956 28186 28186 D DpmAnalyzer: Stage1: MISS
09-02 11:29:07.956 28186 28186 D DpmAnalyzer: scanRoi present, skipping full-image stages
09-02 11:29:07.956 28186 28186 D DpmAnalyzer: analyze: decodedCode=null
09-02 11:29:07.956 28186 28186 D DpmFrameAnalyzer: analyze: result status=NO_CODE, code=null, source=null
09-02 11:29:07.963 28186 28475 D DpmFrameAnalyzer: analyze: bitmap converted, size=1080x1440, scanRoi=Rect(189, 369 - 891, 1071)
09-02 11:29:07.963 28186 28186 D DpmAnalyzer: analyze: frame=1080x1440, roi=Rect(189, 369 - 891, 1071), focus=FOCUSED, mode=SCAN
09-02 11:29:07.963 28186 28186 D DpmAnalyzer: analyze: THROTTLED by timing gate
09-02 11:29:07.963 28186 28186 D DpmFrameAnalyzer: analyze: result status=THROTTLED, code=null, source=null
09-02 11:29:07.964 28186 28475 D DpmFrameAnalyzer: analyze: frame received, format=35, size=1440x1080, rotation=90
09-02 11:29:08.030 28186 28475 D DpmFrameAnalyzer: analyze: bitmap converted, size=1080x1440, scanRoi=Rect(189, 369 - 891, 1071)
09-02 11:29:08.030 28186 28186 D DpmAnalyzer: analyze: frame=1080x1440, roi=Rect(189, 369 - 891, 1071), focus=FOCUSED, mode=SCAN
09-02 11:29:08.031 28186 28186 D DpmAnalyzer: analyze: THROTTLED by timing gate
09-02 11:29:08.031 28186 28186 D DpmFrameAnalyzer: analyze: result status=THROTTLED, code=null, source=null
09-02 11:29:08.031 28186 28475 D DpmFrameAnalyzer: analyze: frame received, format=35, size=1440x1080, rotation=90
09-02 11:29:08.106 28186 28475 D DpmFrameAnalyzer: analyze: bitmap converted, size=1080x1440, scanRoi=Rect(189, 369 - 891, 1071)
09-02 11:29:08.107 28186 28186 D DpmAnalyzer: analyze: frame=1080x1440, roi=Rect(189, 369 - 891, 1071), focus=FOCUSED, mode=SCAN
09-02 11:29:08.107 28186 28186 D DpmAnalyzer: analyze: THROTTLED by timing gate
09-02 11:29:08.107 28186 28186 D DpmFrameAnalyzer: analyze: result status=THROTTLED, code=null, source=null
09-02 11:29:08.107 28186 28475 D DpmFrameAnalyzer: analyze: frame received, format=35, size=1440x1080, rotation=90
09-02 11:29:08.195 28186 28475 D DpmFrameAnalyzer: analyze: bitmap converted, size=1080x1440, scanRoi=Rect(189, 369 - 891, 1071)
09-02 11:29:08.196 28186 28186 D DpmAnalyzer: analyze: frame=1080x1440, roi=Rect(189, 369 - 891, 1071), focus=FOCUSED, mode=SCAN
09-02 11:29:08.196 28186 28186 D DpmAnalyzer: analyze: starting performMultiStrategyDecode
09-02 11:29:08.196 28186 28186 D DpmAnalyzer: performMultiStrategyDecode: frame=1080x1440, roi=Rect(189, 369 - 891, 1071), strategies=1
09-02 11:29:08.196 28186 28475 D DpmFrameAnalyzer: analyze: frame received, format=35, size=1440x1080, rotation=90
09-02 11:29:08.219 28186 28186 D DpmAnalyzer: Stage1: ROI 702x702 → scaled 400x400
09-02 11:29:08.264 28186 28475 D DpmFrameAnalyzer: analyze: bitmap converted, size=1080x1440, scanRoi=Rect(189, 369 - 891, 1071)
09-02 11:29:08.265 28186 28475 D DpmFrameAnalyzer: analyze: frame received, format=35, size=1440x1080, rotation=90
09-02 11:29:08.265 28186 28186 D DpmAnalyzer: analyze: frame=1080x1440, roi=Rect(189, 369 - 891, 1071), focus=FOCUSED, mode=SCAN
09-02 11:29:08.265 28186 28186 D DpmAnalyzer: analyze: THROTTLED (already running)
09-02 11:29:08.265 28186 28186 D DpmFrameAnalyzer: analyze: result status=THROTTLED, code=null, source=null
09-02 11:29:08.272 28186 28186 D DpmAnalyzer: Stage1: MISS
09-02 11:29:08.272 28186 28186 D DpmAnalyzer: scanRoi present, skipping full-image stages
09-02 11:29:08.272 28186 28186 D DpmAnalyzer: analyze: decodedCode=null
09-02 11:29:08.272 28186 28186 D DpmFrameAnalyzer: analyze: result status=NO_CODE, code=null, source=null
09-02 11:29:08.347 28186 28475 D DpmFrameAnalyzer: analyze: bitmap converted, size=1080x1440, scanRoi=Rect(189, 369 - 891, 1071)
09-02 11:29:08.347 28186 28186 D DpmAnalyzer: analyze: frame=1080x1440, roi=Rect(189, 369 - 891, 1071), focus=FOCUSED, mode=SCAN
09-02 11:29:08.347 28186 28186 D DpmAnalyzer: analyze: THROTTLED by timing gate
09-02 11:29:08.347 28186 28186 D DpmFrameAnalyzer: analyze: result status=THROTTLED, code=null, source=null
09-02 11:29:08.348 28186 28475 D DpmFrameAnalyzer: analyze: frame received, format=35, size=1440x1080, rotation=90
09-02 11:29:08.427 28186 28475 D DpmFrameAnalyzer: analyze: bitmap converted, size=1080x1440, scanRoi=Rect(189, 369 - 891, 1071)
09-02 11:29:08.427 28186 28186 D DpmAnalyzer: analyze: frame=1080x1440, roi=Rect(189, 369 - 891, 1071), focus=FOCUSED, mode=SCAN
09-02 11:29:08.427 28186 28186 D DpmAnalyzer: analyze: THROTTLED by timing gate
09-02 11:29:08.428 28186 28475 D DpmFrameAnalyzer: analyze: frame received, format=35, size=1440x1080, rotation=90
09-02 11:29:08.428 28186 28186 D DpmFrameAnalyzer: analyze: result status=THROTTLED, code=null, source=null
09-02 11:29:08.495 28186 28475 D DpmFrameAnalyzer: analyze: bitmap converted, size=1080x1440, scanRoi=Rect(189, 369 - 891, 1071)
09-02 11:29:08.495 28186 28186 D DpmAnalyzer: analyze: frame=1080x1440, roi=Rect(189, 369 - 891, 1071), focus=FOCUSED, mode=SCAN
09-02 11:29:08.495 28186 28186 D DpmAnalyzer: analyze: starting performMultiStrategyDecode
09-02 11:29:08.495 28186 28186 D DpmAnalyzer: performMultiStrategyDecode: frame=1080x1440, roi=Rect(189, 369 - 891, 1071), strategies=1
09-02 11:29:08.495 28186 28475 D DpmFrameAnalyzer: analyze: frame received, format=35, size=1440x1080, rotation=90
09-02 11:29:08.519 28186 28186 D DpmAnalyzer: Stage1: ROI 702x702 → scaled 400x400
09-02 11:29:08.567 28186 28475 D DpmFrameAnalyzer: analyze: bitmap converted, size=1080x1440, scanRoi=Rect(189, 369 - 891, 1071)
09-02 11:29:08.568 28186 28186 D DpmAnalyzer: analyze: frame=1080x1440, roi=Rect(189, 369 - 891, 1071), focus=FOCUSED, mode=SCAN
09-02 11:29:08.568 28186 28186 D DpmAnalyzer: analyze: THROTTLED (already running)
09-02 11:29:08.568 28186 28186 D DpmFrameAnalyzer: analyze: result status=THROTTLED, code=null, source=null
09-02 11:29:08.568 28186 28475 D DpmFrameAnalyzer: analyze: frame received, format=35, size=1440x1080, rotation=90
09-02 11:29:08.581 28186 28186 D DpmAnalyzer: Stage1: MISS
09-02 11:29:08.581 28186 28186 D DpmAnalyzer: scanRoi present, skipping full-image stages
09-02 11:29:08.582 28186 28186 D DpmAnalyzer: analyze: decodedCode=null
09-02 11:29:08.582 28186 28186 D DpmFrameAnalyzer: analyze: result status=NO_CODE, code=null, source=null
09-02 11:29:08.666 28186 28475 D DpmFrameAnalyzer: analyze: bitmap converted, size=1080x1440, scanRoi=Rect(189, 369 - 891, 1071)
09-02 11:29:08.666 28186 28186 D DpmAnalyzer: analyze: frame=1080x1440, roi=Rect(189, 369 - 891, 1071), focus=FOCUSED, mode=SCAN
09-02 11:29:08.666 28186 28186 D DpmAnalyzer: analyze: THROTTLED by timing gate
09-02 11:29:08.667 28186 28186 D DpmFrameAnalyzer: analyze: result status=THROTTLED, code=null, source=null
09-02 11:29:08.667 28186 28475 D DpmFrameAnalyzer: analyze: frame received, format=35, size=1440x1080, rotation=90
09-02 11:29:08.747 28186 28475 D DpmFrameAnalyzer: analyze: bitmap converted, size=1080x1440, scanRoi=Rect(189, 369 - 891, 1071)
09-02 11:29:08.747 28186 28186 D DpmAnalyzer: analyze: frame=1080x1440, roi=Rect(189, 369 - 891, 1071), focus=FOCUSED, mode=SCAN
09-02 11:29:08.747 28186 28186 D DpmAnalyzer: analyze: THROTTLED by timing gate
09-02 11:29:08.747 28186 28186 D DpmFrameAnalyzer: analyze: result status=THROTTLED, code=null, source=null
09-02 11:29:08.748 28186 28475 D DpmFrameAnalyzer: analyze: frame received, format=35, size=1440x1080, rotation=90
09-02 11:29:08.830 28186 28475 D DpmFrameAnalyzer: analyze: bitmap converted, size=1080x1440, scanRoi=Rect(189, 369 - 891, 1071)
09-02 11:29:08.830 28186 28186 D DpmAnalyzer: analyze: frame=1080x1440, roi=Rect(189, 369 - 891, 1071), focus=FOCUSED, mode=SCAN
09-02 11:29:08.831 28186 28186 D DpmAnalyzer: analyze: starting performMultiStrategyDecode
09-02 11:29:08.831 28186 28186 D DpmAnalyzer: performMultiStrategyDecode: frame=1080x1440, roi=Rect(189, 369 - 891, 1071), strategies=1
09-02 11:29:08.831 28186 28475 D DpmFrameAnalyzer: analyze: frame received, format=35, size=1440x1080, rotation=90
09-02 11:29:08.858 28186 28186 D DpmAnalyzer: Stage1: ROI 702x702 → scaled 400x400
09-02 11:29:08.901 28186 28475 D DpmFrameAnalyzer: analyze: bitmap converted, size=1080x1440, scanRoi=Rect(189, 369 - 891, 1071)
09-02 11:29:08.903 28186 28475 D DpmFrameAnalyzer: analyze: frame received, format=35, size=1440x1080, rotation=90
09-02 11:29:08.903 28186 28186 D DpmAnalyzer: analyze: frame=1080x1440, roi=Rect(189, 369 - 891, 1071), focus=FOCUSED, mode=SCAN
09-02 11:29:08.903 28186 28186 D DpmAnalyzer: analyze: THROTTLED (already running)
09-02 11:29:08.903 28186 28186 D DpmFrameAnalyzer: analyze: result status=THROTTLED, code=null, source=null
09-02 11:29:08.931 28186 28186 D DpmAnalyzer: Stage1: MISS
09-02 11:29:08.931 28186 28186 D DpmAnalyzer: scanRoi present, skipping full-image stages
09-02 11:29:08.932 28186 28186 D DpmAnalyzer: analyze: decodedCode=null
09-02 11:29:08.932 28186 28186 D DpmFrameAnalyzer: analyze: result status=NO_CODE, code=null, source=null
09-02 11:29:08.989 28186 28475 D DpmFrameAnalyzer: analyze: bitmap converted, size=1080x1440, scanRoi=Rect(189, 369 - 891, 1071)
09-02 11:29:08.989 28186 28186 D DpmAnalyzer: analyze: frame=1080x1440, roi=Rect(189, 369 - 891, 1071), focus=FOCUSED, mode=SCAN
09-02 11:29:08.990 28186 28186 D DpmAnalyzer: analyze: THROTTLED by timing gate
09-02 11:29:08.990 28186 28186 D DpmFrameAnalyzer: analyze: result status=THROTTLED, code=null, source=null
09-02 11:29:08.990 28186 28475 D DpmFrameAnalyzer: analyze: frame received, format=35, size=1440x1080, rotation=90
09-02 11:29:09.069 28186 28475 D DpmFrameAnalyzer: analyze: bitmap converted, size=1080x1440, scanRoi=Rect(189, 369 - 891, 1071)
09-02 11:29:09.069 28186 28186 D DpmAnalyzer: analyze: frame=1080x1440, roi=Rect(189, 369 - 891, 1071), focus=FOCUSED, mode=SCAN
09-02 11:29:09.070 28186 28186 D DpmAnalyzer: analyze: THROTTLED by timing gate
09-02 11:29:09.070 28186 28186 D DpmFrameAnalyzer: analyze: result status=THROTTLED, code=null, source=null
09-02 11:29:09.070 28186 28475 D DpmFrameAnalyzer: analyze: frame received, format=35, size=1440x1080, rotation=90
09-02 11:29:09.137 28186 28475 D DpmFrameAnalyzer: analyze: bitmap converted, size=1080x1440, scanRoi=Rect(189, 369 - 891, 1071)
09-02 11:29:09.137 28186 28186 D DpmAnalyzer: analyze: frame=1080x1440, roi=Rect(189, 369 - 891, 1071), focus=FOCUSED, mode=SCAN
09-02 11:29:09.137 28186 28186 D DpmAnalyzer: analyze: starting performMultiStrategyDecode
09-02 11:29:09.137 28186 28186 D DpmAnalyzer: performMultiStrategyDecode: frame=1080x1440, roi=Rect(189, 369 - 891, 1071), strategies=1
09-02 11:29:09.137 28186 28475 D DpmFrameAnalyzer: analyze: frame received, format=35, size=1440x1080, rotation=90
09-02 11:29:09.158 28186 28186 D DpmAnalyzer: Stage1: ROI 702x702 → scaled 400x400
09-02 11:29:09.200 28186 28186 D DpmAnalyzer: Stage1: MISS
09-02 11:29:09.200 28186 28186 D DpmAnalyzer: scanRoi present, skipping full-image stages
09-02 11:29:09.200 28186 28186 D DpmAnalyzer: analyze: decodedCode=null
09-02 11:29:09.200 28186 28186 D DpmFrameAnalyzer: analyze: result status=NO_CODE, code=null, source=null
09-02 11:29:09.203 28186 28475 D DpmFrameAnalyzer: analyze: bitmap converted, size=1080x1440, scanRoi=Rect(189, 369 - 891, 1071)
09-02 11:29:09.204 28186 28186 D DpmAnalyzer: analyze: frame=1080x1440, roi=Rect(189, 369 - 891, 1071), focus=FOCUSED, mode=SCAN
09-02 11:29:09.204 28186 28186 D DpmAnalyzer: analyze: THROTTLED by timing gate
09-02 11:29:09.204 28186 28186 D DpmFrameAnalyzer: analyze: result status=THROTTLED, code=null, source=null
09-02 11:29:09.205 28186 28475 D DpmFrameAnalyzer: analyze: frame received, format=35, size=1440x1080, rotation=90
09-02 11:29:09.285 28186 28475 D DpmFrameAnalyzer: analyze: bitmap converted, size=1080x1440, scanRoi=Rect(189, 369 - 891, 1071)
09-02 11:29:09.285 28186 28186 D DpmAnalyzer: analyze: frame=1080x1440, roi=Rect(189, 369 - 891, 1071), focus=FOCUSED, mode=SCAN
09-02 11:29:09.285 28186 28186 D DpmAnalyzer: analyze: THROTTLED by timing gate
09-02 11:29:09.285 28186 28186 D DpmFrameAnalyzer: analyze: result status=THROTTLED, code=null, source=null
09-02 11:29:09.286 28186 28475 D DpmFrameAnalyzer: analyze: frame received, format=35, size=1440x1080, rotation=90
09-02 11:29:09.364 28186 28475 D DpmFrameAnalyzer: analyze: bitmap converted, size=1080x1440, scanRoi=Rect(189, 369 - 891, 1071)
09-02 11:29:09.364 28186 28186 D DpmAnalyzer: analyze: frame=1080x1440, roi=Rect(189, 369 - 891, 1071), focus=FOCUSED, mode=SCAN
09-02 11:29:09.364 28186 28186 D DpmAnalyzer: analyze: THROTTLED by timing gate
09-02 11:29:09.364 28186 28186 D DpmFrameAnalyzer: analyze: result status=THROTTLED, code=null, source=null
09-02 11:29:09.365 28186 28475 D DpmFrameAnalyzer: analyze: frame received, format=35, size=1440x1080, rotation=90
09-02 11:29:09.436 28186 28475 D DpmFrameAnalyzer: analyze: bitmap converted, size=1080x1440, scanRoi=Rect(189, 369 - 891, 1071)
09-02 11:29:09.437 28186 28186 D DpmAnalyzer: analyze: frame=1080x1440, roi=Rect(189, 369 - 891, 1071), focus=FOCUSED, mode=SCAN
09-02 11:29:09.437 28186 28186 D DpmAnalyzer: analyze: starting performMultiStrategyDecode
09-02 11:29:09.437 28186 28186 D DpmAnalyzer: performMultiStrategyDecode: frame=1080x1440, roi=Rect(189, 369 - 891, 1071), strategies=1
09-02 11:29:09.437 28186 28475 D DpmFrameAnalyzer: analyze: frame received, format=35, size=1440x1080, rotation=90
09-02 11:29:09.459 28186 28186 D DpmAnalyzer: Stage1: ROI 702x702 → scaled 400x400
09-02 11:29:09.506 28186 28475 D DpmFrameAnalyzer: analyze: bitmap converted, size=1080x1440, scanRoi=Rect(189, 369 - 891, 1071)
09-02 11:29:09.506 28186 28186 D DpmAnalyzer: analyze: frame=1080x1440, roi=Rect(189, 369 - 891, 1071), focus=FOCUSED, mode=SCAN
09-02 11:29:09.506 28186 28186 D DpmAnalyzer: analyze: THROTTLED (already running)
09-02 11:29:09.506 28186 28186 D DpmFrameAnalyzer: analyze: result status=THROTTLED, code=null, source=null
09-02 11:29:09.507 28186 28475 D DpmFrameAnalyzer: analyze: frame received, format=35, size=1440x1080, rotation=90
09-02 11:29:09.514 28186 28186 D DpmAnalyzer: Stage1: MISS
09-02 11:29:09.514 28186 28186 D DpmAnalyzer: scanRoi present, skipping full-image stages
09-02 11:29:09.514 28186 28186 D DpmAnalyzer: analyze: decodedCode=null
09-02 11:29:09.514 28186 28186 D DpmFrameAnalyzer: analyze: result status=NO_CODE, code=null, source=null
09-02 11:29:09.593 28186 28475 D DpmFrameAnalyzer: analyze: bitmap converted, size=1080x1440, scanRoi=Rect(189, 369 - 891, 1071)
09-02 11:29:09.593 28186 28186 D DpmAnalyzer: analyze: frame=1080x1440, roi=Rect(189, 369 - 891, 1071), focus=FOCUSED, mode=SCAN
09-02 11:29:09.593 28186 28186 D DpmAnalyzer: analyze: THROTTLED by timing gate
09-02 11:29:09.593 28186 28186 D DpmFrameAnalyzer: analyze: result status=THROTTLED, code=null, source=null
09-02 11:29:09.594 28186 28475 D DpmFrameAnalyzer: analyze: frame received, format=35, size=1440x1080, rotation=90
09-02 11:29:09.671 28186 28475 D DpmFrameAnalyzer: analyze: bitmap converted, size=1080x1440, scanRoi=Rect(189, 369 - 891, 1071)
09-02 11:29:09.671 28186 28186 D DpmAnalyzer: analyze: frame=1080x1440, roi=Rect(189, 369 - 891, 1071), focus=FOCUSED, mode=SCAN
09-02 11:29:09.671 28186 28186 D DpmAnalyzer: analyze: THROTTLED by timing gate
09-02 11:29:09.671 28186 28186 D DpmFrameAnalyzer: analyze: result status=THROTTLED, code=null, source=null
09-02 11:29:09.672 28186 28475 D DpmFrameAnalyzer: analyze: frame received, format=35, size=1440x1080, rotation=90
09-02 11:29:09.738 28186 28475 D DpmFrameAnalyzer: analyze: bitmap converted, size=1080x1440, scanRoi=Rect(189, 369 - 891, 1071)
09-02 11:29:09.739 28186 28186 D DpmAnalyzer: analyze: frame=1080x1440, roi=Rect(189, 369 - 891, 1071), focus=FOCUSED, mode=SCAN
09-02 11:29:09.739 28186 28186 D DpmAnalyzer: analyze: starting performMultiStrategyDecode
09-02 11:29:09.739 28186 28186 D DpmAnalyzer: performMultiStrategyDecode: frame=1080x1440, roi=Rect(189, 369 - 891, 1071), strategies=1
09-02 11:29:09.739 28186 28475 D DpmFrameAnalyzer: analyze: frame received, format=35, size=1440x1080, rotation=90
09-02 11:29:09.759 28186 28186 D DpmAnalyzer: Stage1: ROI 702x702 → scaled 400x400
09-02 11:29:09.805 28186 28475 D DpmFrameAnalyzer: analyze: bitmap converted, size=1080x1440, scanRoi=Rect(189, 369 - 891, 1071)
09-02 11:29:09.805 28186 28186 D DpmAnalyzer: analyze: frame=1080x1440, roi=Rect(189, 369 - 891, 1071), focus=FOCUSED, mode=SCAN
09-02 11:29:09.805 28186 28186 D DpmAnalyzer: analyze: THROTTLED (already running)
09-02 11:29:09.805 28186 28186 D DpmFrameAnalyzer: analyze: result status=THROTTLED, code=null, source=null
09-02 11:29:09.806 28186 28475 D DpmFrameAnalyzer: analyze: frame received, format=35, size=1440x1080, rotation=90
09-02 11:29:09.818 28186 28186 D DpmAnalyzer: Stage1: MISS
09-02 11:29:09.818 28186 28186 D DpmAnalyzer: scanRoi present, skipping full-image stages
09-02 11:29:09.818 28186 28186 D DpmAnalyzer: analyze: decodedCode=null
09-02 11:29:09.818 28186 28186 D DpmFrameAnalyzer: analyze: result status=NO_CODE, code=null, source=null
09-02 11:29:09.901 28186 28475 D DpmFrameAnalyzer: analyze: bitmap converted, size=1080x1440, scanRoi=Rect(189, 369 - 891, 1071)
09-02 11:29:09.902 28186 28186 D DpmAnalyzer: analyze: frame=1080x1440, roi=Rect(189, 369 - 891, 1071), focus=FOCUSED, mode=SCAN
09-02 11:29:09.902 28186 28186 D DpmAnalyzer: analyze: THROTTLED by timing gate
09-02 11:29:09.902 28186 28186 D DpmFrameAnalyzer: analyze: result status=THROTTLED, code=null, source=null
09-02 11:29:09.902 28186 28475 D DpmFrameAnalyzer: analyze: frame received, format=35, size=1440x1080, rotation=90
09-02 11:29:09.972 28186 28475 D DpmFrameAnalyzer: analyze: bitmap converted, size=1080x1440, scanRoi=Rect(189, 369 - 891, 1071)
09-02 11:29:09.973 28186 28186 D DpmAnalyzer: analyze: frame=1080x1440, roi=Rect(189, 369 - 891, 1071), focus=FOCUSED, mode=SCAN
09-02 11:29:09.973 28186 28186 D DpmAnalyzer: analyze: THROTTLED by timing gate
09-02 11:29:09.973 28186 28186 D DpmFrameAnalyzer: analyze: result status=THROTTLED, code=null, source=null
09-02 11:29:09.973 28186 28475 D DpmFrameAnalyzer: analyze: frame received, format=35, size=1440x1080, rotation=90
09-02 11:29:10.039 28186 28475 D DpmFrameAnalyzer: analyze: bitmap converted, size=1080x1440, scanRoi=Rect(189, 369 - 891, 1071)
09-02 11:29:10.039 28186 28186 D DpmAnalyzer: analyze: frame=1080x1440, roi=Rect(189, 369 - 891, 1071), focus=FOCUSED, mode=SCAN
09-02 11:29:10.040 28186 28186 D DpmAnalyzer: analyze: starting performMultiStrategyDecode
09-02 11:29:10.040 28186 28186 D DpmAnalyzer: performMultiStrategyDecode: frame=1080x1440, roi=Rect(189, 369 - 891, 1071), strategies=1
09-02 11:29:10.040 28186 28475 D DpmFrameAnalyzer: analyze: frame received, format=35, size=1440x1080, rotation=90
09-02 11:29:10.061 28186 28186 D DpmAnalyzer: Stage1: ROI 702x702 → scaled 400x400
09-02 11:29:10.105 28186 28475 D DpmFrameAnalyzer: analyze: bitmap converted, size=1080x1440, scanRoi=Rect(189, 369 - 891, 1071)
09-02 11:29:10.105 28186 28186 D DpmAnalyzer: analyze: frame=1080x1440, roi=Rect(189, 369 - 891, 1071), focus=FOCUSED, mode=SCAN
09-02 11:29:10.105 28186 28186 D DpmAnalyzer: analyze: THROTTLED (already running)
09-02 11:29:10.105 28186 28186 D DpmFrameAnalyzer: analyze: result status=THROTTLED, code=null, source=null
09-02 11:29:10.105 28186 28475 D DpmFrameAnalyzer: analyze: frame received, format=35, size=1440x1080, rotation=90
09-02 11:29:10.129 28186 28186 D DpmAnalyzer: Stage1: MISS
09-02 11:29:10.129 28186 28186 D DpmAnalyzer: scanRoi present, skipping full-image stages
09-02 11:29:10.129 28186 28186 D DpmAnalyzer: analyze: decodedCode=null
09-02 11:29:10.129 28186 28186 D DpmFrameAnalyzer: analyze: result status=NO_CODE, code=null, source=null
09-02 11:29:10.193 28186 28475 D DpmFrameAnalyzer: analyze: bitmap converted, size=1080x1440, scanRoi=Rect(189, 369 - 891, 1071)
09-02 11:29:10.193 28186 28186 D DpmAnalyzer: analyze: frame=1080x1440, roi=Rect(189, 369 - 891, 1071), focus=FOCUSED, mode=SCAN
09-02 11:29:10.193 28186 28186 D DpmAnalyzer: analyze: THROTTLED by timing gate
09-02 11:29:10.193 28186 28186 D DpmFrameAnalyzer: analyze: result status=THROTTLED, code=null, source=null
09-02 11:29:10.194 28186 28475 D DpmFrameAnalyzer: analyze: frame received, format=35, size=1440x1080, rotation=90
09-02 11:29:10.265 28186 28475 D DpmFrameAnalyzer: analyze: bitmap converted, size=1080x1440, scanRoi=Rect(189, 369 - 891, 1071)
09-02 11:29:10.265 28186 28186 D DpmAnalyzer: analyze: frame=1080x1440, roi=Rect(189, 369 - 891, 1071), focus=FOCUSED, mode=SCAN
09-02 11:29:10.266 28186 28475 D DpmFrameAnalyzer: analyze: frame received, format=35, size=1440x1080, rotation=90
09-02 11:29:10.266 28186 28186 D DpmAnalyzer: analyze: THROTTLED by timing gate
09-02 11:29:10.266 28186 28186 D DpmFrameAnalyzer: analyze: result status=THROTTLED, code=null, source=null
09-02 11:29:10.329 28186 28475 D DpmFrameAnalyzer: analyze: bitmap converted, size=1080x1440, scanRoi=Rect(189, 369 - 891, 1071)
09-02 11:29:10.330 28186 28186 D DpmAnalyzer: analyze: frame=1080x1440, roi=Rect(189, 369 - 891, 1071), focus=FOCUSED, mode=SCAN
09-02 11:29:10.330 28186 28475 D DpmFrameAnalyzer: analyze: frame received, format=35, size=1440x1080, rotation=90
09-02 11:29:10.330 28186 28186 D DpmAnalyzer: analyze: starting performMultiStrategyDecode
09-02 11:29:10.330 28186 28186 D DpmAnalyzer: performMultiStrategyDecode: frame=1080x1440, roi=Rect(189, 369 - 891, 1071), strategies=1
09-02 11:29:10.340 28186 28186 D DpmAnalyzer: Stage1: ROI 702x702 → scaled 400x400
09-02 11:29:10.377 28186 28186 D DpmAnalyzer: Stage1: MISS
09-02 11:29:10.377 28186 28186 D DpmAnalyzer: scanRoi present, skipping full-image stages
09-02 11:29:10.377 28186 28186 D DpmAnalyzer: analyze: decodedCode=null
09-02 11:29:10.377 28186 28186 D DpmFrameAnalyzer: analyze: result status=NO_CODE, code=null, source=null
09-02 11:29:10.407 28186 28475 D DpmFrameAnalyzer: analyze: bitmap converted, size=1080x1440, scanRoi=Rect(189, 369 - 891, 1071)
09-02 11:29:10.408 28186 28186 D DpmAnalyzer: analyze: frame=1080x1440, roi=Rect(189, 369 - 891, 1071), focus=FOCUSED, mode=SCAN
09-02 11:29:10.408 28186 28186 D DpmAnalyzer: analyze: THROTTLED by timing gate
09-02 11:29:10.408 28186 28186 D DpmFrameAnalyzer: analyze: result status=THROTTLED, code=null, source=null
09-02 11:29:10.409 28186 28475 D DpmFrameAnalyzer: analyze: frame received, format=35, size=1440x1080, rotation=90
09-02 11:29:10.493 28186 28475 D DpmFrameAnalyzer: analyze: bitmap converted, size=1080x1440, scanRoi=Rect(189, 369 - 891, 1071)
09-02 11:29:10.493 28186 28186 D DpmAnalyzer: analyze: frame=1080x1440, roi=Rect(189, 369 - 891, 1071), focus=FOCUSED, mode=SCAN
09-02 11:29:10.493 28186 28186 D DpmAnalyzer: analyze: THROTTLED by timing gate
09-02 11:29:10.493 28186 28186 D DpmFrameAnalyzer: analyze: result status=THROTTLED, code=null, source=null
09-02 11:29:10.493 28186 28475 D DpmFrameAnalyzer: analyze: frame received, format=35, size=1440x1080, rotation=90
09-02 11:29:10.559 28186 28475 D DpmFrameAnalyzer: analyze: bitmap converted, size=1080x1440, scanRoi=Rect(189, 369 - 891, 1071)
09-02 11:29:10.559 28186 28186 D DpmAnalyzer: analyze: frame=1080x1440, roi=Rect(189, 369 - 891, 1071), focus=FOCUSED, mode=SCAN
09-02 11:29:10.559 28186 28186 D DpmAnalyzer: analyze: THROTTLED by timing gate
09-02 11:29:10.559 28186 28186 D DpmFrameAnalyzer: analyze: result status=THROTTLED, code=null, source=null
09-02 11:29:10.559 28186 28475 D DpmFrameAnalyzer: analyze: frame received, format=35, size=1440x1080, rotation=90
09-02 11:29:10.624 28186 28475 D DpmFrameAnalyzer: analyze: bitmap converted, size=1080x1440, scanRoi=Rect(189, 369 - 891, 1071)
09-02 11:29:10.624 28186 28186 D DpmAnalyzer: analyze: frame=1080x1440, roi=Rect(189, 369 - 891, 1071), focus=FOCUSED, mode=SCAN
09-02 11:29:10.624 28186 28186 D DpmAnalyzer: analyze: starting performMultiStrategyDecode
09-02 11:29:10.624 28186 28186 D DpmAnalyzer: performMultiStrategyDecode: frame=1080x1440, roi=Rect(189, 369 - 891, 1071), strategies=1
09-02 11:29:10.625 28186 28475 D DpmFrameAnalyzer: analyze: frame received, format=35, size=1440x1080, rotation=90
09-02 11:29:10.642 28186 28186 D DpmAnalyzer: Stage1: ROI 702x702 → scaled 400x400
09-02 11:29:10.695 28186 28475 D DpmFrameAnalyzer: analyze: bitmap converted, size=1080x1440, scanRoi=Rect(189, 369 - 891, 1071)
09-02 11:29:10.696 28186 28186 D DpmAnalyzer: analyze: frame=1080x1440, roi=Rect(189, 369 - 891, 1071), focus=FOCUSED, mode=SCAN
09-02 11:29:10.696 28186 28186 D DpmAnalyzer: analyze: THROTTLED (already running)
09-02 11:29:10.696 28186 28186 D DpmFrameAnalyzer: analyze: result status=THROTTLED, code=null, source=null
09-02 11:29:10.696 28186 28475 D DpmFrameAnalyzer: analyze: frame received, format=35, size=1440x1080, rotation=90
09-02 11:29:10.701 28186 28186 D DpmAnalyzer: Stage1: MISS
09-02 11:29:10.701 28186 28186 D DpmAnalyzer: scanRoi present, skipping full-image stages
09-02 11:29:10.701 28186 28186 D DpmAnalyzer: analyze: decodedCode=null
09-02 11:29:10.701 28186 28186 D DpmFrameAnalyzer: analyze: result status=NO_CODE, code=null, source=null
09-02 11:29:10.790 28186 28475 D DpmFrameAnalyzer: analyze: bitmap converted, size=1080x1440, scanRoi=Rect(189, 369 - 891, 1071)
09-02 11:29:10.790 28186 28186 D DpmAnalyzer: analyze: frame=1080x1440, roi=Rect(189, 369 - 891, 1071), focus=FOCUSED, mode=SCAN
09-02 11:29:10.791 28186 28186 D DpmAnalyzer: analyze: THROTTLED by timing gate
09-02 11:29:10.791 28186 28186 D DpmFrameAnalyzer: analyze: result status=THROTTLED, code=null, source=null
09-02 11:29:10.791 28186 28475 D DpmFrameAnalyzer: analyze: frame received, format=35, size=1440x1080, rotation=90
09-02 11:29:10.861 28186 28475 D DpmFrameAnalyzer: analyze: bitmap converted, size=1080x1440, scanRoi=Rect(189, 369 - 891, 1071)
09-02 11:29:10.862 28186 28186 D DpmAnalyzer: analyze: frame=1080x1440, roi=Rect(189, 369 - 891, 1071), focus=FOCUSED, mode=SCAN
09-02 11:29:10.862 28186 28186 D DpmAnalyzer: analyze: THROTTLED by timing gate
09-02 11:29:10.862 28186 28186 D DpmFrameAnalyzer: analyze: result status=THROTTLED, code=null, source=null
09-02 11:29:10.862 28186 28475 D DpmFrameAnalyzer: analyze: frame received, format=35, size=1440x1080, rotation=90
09-02 11:29:10.926 28186 28475 D DpmFrameAnalyzer: analyze: bitmap converted, size=1080x1440, scanRoi=Rect(189, 369 - 891, 1071)
09-02 11:29:10.926 28186 28186 D DpmAnalyzer: analyze: frame=1080x1440, roi=Rect(189, 369 - 891, 1071), focus=FOCUSED, mode=SCAN
09-02 11:29:10.926 28186 28186 D DpmAnalyzer: analyze: starting performMultiStrategyDecode
09-02 11:29:10.926 28186 28186 D DpmAnalyzer: performMultiStrategyDecode: frame=1080x1440, roi=Rect(189, 369 - 891, 1071), strategies=1
09-02 11:29:10.926 28186 28475 D DpmFrameAnalyzer: analyze: frame received, format=35, size=1440x1080, rotation=90
09-02 11:29:10.942 28186 28186 D DpmAnalyzer: Stage1: ROI 702x702 → scaled 400x400
09-02 11:29:10.990 28186 28475 D DpmFrameAnalyzer: analyze: bitmap converted, size=1080x1440, scanRoi=Rect(189, 369 - 891, 1071)
09-02 11:29:10.991 28186 28186 D DpmAnalyzer: analyze: frame=1080x1440, roi=Rect(189, 369 - 891, 1071), focus=FOCUSED, mode=SCAN
09-02 11:29:10.991 28186 28186 D DpmAnalyzer: analyze: THROTTLED (already running)
09-02 11:29:10.991 28186 28186 D DpmFrameAnalyzer: analyze: result status=THROTTLED, code=null, source=null
09-02 11:29:10.991 28186 28475 D DpmFrameAnalyzer: analyze: frame received, format=35, size=1440x1080, rotation=90
09-02 11:29:10.994 28186 28186 D DpmAnalyzer: Stage1: MISS
09-02 11:29:10.994 28186 28186 D DpmAnalyzer: scanRoi present, skipping full-image stages
09-02 11:29:10.994 28186 28186 D DpmAnalyzer: analyze: decodedCode=null
09-02 11:29:10.994 28186 28186 D DpmFrameAnalyzer: analyze: result status=NO_CODE, code=null, source=null
09-02 11:29:11.079 28186 28475 D DpmFrameAnalyzer: analyze: bitmap converted, size=1080x1440, scanRoi=Rect(189, 369 - 891, 1071)
09-02 11:29:11.079 28186 28186 D DpmAnalyzer: analyze: frame=1080x1440, roi=Rect(189, 369 - 891, 1071), focus=FOCUSED, mode=SCAN
09-02 11:29:11.079 28186 28186 D DpmAnalyzer: analyze: THROTTLED by timing gate
09-02 11:29:11.079 28186 28186 D DpmFrameAnalyzer: analyze: result status=THROTTLED, code=null, source=null
09-02 11:29:11.079 28186 28475 D DpmFrameAnalyzer: analyze: frame received, format=35, size=1440x1080, rotation=90
09-02 11:29:11.170 28186 28475 D DpmFrameAnalyzer: analyze: bitmap converted, size=1080x1440, scanRoi=Rect(189, 369 - 891, 1071)
09-02 11:29:11.171 28186 28186 D DpmAnalyzer: analyze: frame=1080x1440, roi=Rect(189, 369 - 891, 1071), focus=FOCUSED, mode=SCAN
09-02 11:29:11.171 28186 28186 D DpmAnalyzer: analyze: THROTTLED by timing gate
09-02 11:29:11.171 28186 28186 D DpmFrameAnalyzer: analyze: result status=THROTTLED, code=null, source=null
09-02 11:29:11.171 28186 28475 D DpmFrameAnalyzer: analyze: frame received, format=35, size=1440x1080, rotation=90
09-02 11:29:11.249 28186 28475 D DpmFrameAnalyzer: analyze: bitmap converted, size=1080x1440, scanRoi=Rect(189, 369 - 891, 1071)
09-02 11:29:11.249 28186 28186 D DpmAnalyzer: analyze: frame=1080x1440, roi=Rect(189, 369 - 891, 1071), focus=FOCUSED, mode=SCAN
09-02 11:29:11.249 28186 28186 D DpmAnalyzer: analyze: starting performMultiStrategyDecode
09-02 11:29:11.249 28186 28186 D DpmAnalyzer: performMultiStrategyDecode: frame=1080x1440, roi=Rect(189, 369 - 891, 1071), strategies=1
09-02 11:29:11.250 28186 28475 D DpmFrameAnalyzer: analyze: frame received, format=35, size=1440x1080, rotation=90
09-02 11:29:11.273 28186 28186 D DpmAnalyzer: Stage1: ROI 702x702 → scaled 400x400
09-02 11:29:11.315 28186 28475 D DpmFrameAnalyzer: analyze: bitmap converted, size=1080x1440, scanRoi=Rect(189, 369 - 891, 1071)
09-02 11:29:11.316 28186 28186 D DpmAnalyzer: analyze: frame=1080x1440, roi=Rect(189, 369 - 891, 1071), focus=FOCUSED, mode=SCAN
09-02 11:29:11.316 28186 28186 D DpmAnalyzer: analyze: THROTTLED (already running)
09-02 11:29:11.316 28186 28186 D DpmFrameAnalyzer: analyze: result status=THROTTLED, code=null, source=null
09-02 11:29:11.316 28186 28475 D DpmFrameAnalyzer: analyze: frame received, format=35, size=1440x1080, rotation=90
09-02 11:29:11.361 28186 28186 D DpmAnalyzer: Stage1: MISS
09-02 11:29:11.361 28186 28186 D DpmAnalyzer: scanRoi present, skipping full-image stages
09-02 11:29:11.361 28186 28186 D DpmAnalyzer: analyze: decodedCode=null
09-02 11:29:11.361 28186 28186 D DpmFrameAnalyzer: analyze: result status=NO_CODE, code=null, source=null
09-02 11:29:11.396 28186 28475 D DpmFrameAnalyzer: analyze: bitmap converted, size=1080x1440, scanRoi=Rect(189, 369 - 891, 1071)
09-02 11:29:11.396 28186 28186 D DpmAnalyzer: analyze: frame=1080x1440, roi=Rect(189, 369 - 891, 1071), focus=FOCUSED, mode=SCAN
09-02 11:29:11.396 28186 28186 D DpmAnalyzer: analyze: THROTTLED by timing gate
09-02 11:29:11.396 28186 28186 D DpmFrameAnalyzer: analyze: result status=THROTTLED, code=null, source=null
09-02 11:29:11.396 28186 28475 D DpmFrameAnalyzer: analyze: frame received, format=35, size=1440x1080, rotation=90
09-02 11:29:11.482 28186 28475 D DpmFrameAnalyzer: analyze: bitmap converted, size=1080x1440, scanRoi=Rect(189, 369 - 891, 1071)
09-02 11:29:11.482 28186 28186 D DpmAnalyzer: analyze: frame=1080x1440, roi=Rect(189, 369 - 891, 1071), focus=FOCUSED, mode=SCAN
09-02 11:29:11.482 28186 28186 D DpmAnalyzer: analyze: THROTTLED by timing gate
09-02 11:29:11.482 28186 28186 D DpmFrameAnalyzer: analyze: result status=THROTTLED, code=null, source=null
09-02 11:29:11.482 28186 28475 D DpmFrameAnalyzer: analyze: frame received, format=35, size=1440x1080, rotation=90
09-02 11:29:11.549 28186 28475 D DpmFrameAnalyzer: analyze: bitmap converted, size=1080x1440, scanRoi=Rect(189, 369 - 891, 1071)
09-02 11:29:11.550 28186 28186 D DpmAnalyzer: analyze: frame=1080x1440, roi=Rect(189, 369 - 891, 1071), focus=FOCUSED, mode=SCAN
09-02 11:29:11.550 28186 28186 D DpmAnalyzer: analyze: THROTTLED by timing gate
09-02 11:29:11.550 28186 28186 D DpmFrameAnalyzer: analyze: result status=THROTTLED, code=null, source=null
09-02 11:29:11.550 28186 28475 D DpmFrameAnalyzer: analyze: frame received, format=35, size=1440x1080, rotation=90
09-02 11:29:11.616 28186 28475 D DpmFrameAnalyzer: analyze: bitmap converted, size=1080x1440, scanRoi=Rect(189, 369 - 891, 1071)
09-02 11:29:11.617 28186 28186 D DpmAnalyzer: analyze: frame=1080x1440, roi=Rect(189, 369 - 891, 1071), focus=FOCUSED, mode=SCAN
09-02 11:29:11.617 28186 28186 D DpmAnalyzer: analyze: starting performMultiStrategyDecode
09-02 11:29:11.617 28186 28186 D DpmAnalyzer: performMultiStrategyDecode: frame=1080x1440, roi=Rect(189, 369 - 891, 1071), strategies=1
09-02 11:29:11.617 28186 28475 D DpmFrameAnalyzer: analyze: frame received, format=35, size=1440x1080, rotation=90
09-02 11:29:11.636 28186 28186 D DpmAnalyzer: Stage1: ROI 702x702 → scaled 400x400
09-02 11:29:11.663 28186 28186 D DpmAnalyzer: Stage1: MISS
09-02 11:29:11.663 28186 28186 D DpmAnalyzer: scanRoi present, skipping full-image stages
09-02 11:29:11.663 28186 28186 D DpmAnalyzer: analyze: decodedCode=null
09-02 11:29:11.663 28186 28186 D DpmFrameAnalyzer: analyze: result status=NO_CODE, code=null, source=null
09-02 11:29:11.687 28186 28475 D DpmFrameAnalyzer: analyze: bitmap converted, size=1080x1440, scanRoi=Rect(189, 369 - 891, 1071)
09-02 11:29:11.688 28186 28186 D DpmAnalyzer: analyze: frame=1080x1440, roi=Rect(189, 369 - 891, 1071), focus=FOCUSED, mode=SCAN
09-02 11:29:11.688 28186 28186 D DpmAnalyzer: analyze: THROTTLED by timing gate
09-02 11:29:11.688 28186 28186 D DpmFrameAnalyzer: analyze: result status=THROTTLED, code=null, source=null
09-02 11:29:11.688 28186 28475 D DpmFrameAnalyzer: analyze: frame received, format=35, size=1440x1080, rotation=90
09-02 11:29:11.781 28186 28475 D DpmFrameAnalyzer: analyze: bitmap converted, size=1080x1440, scanRoi=Rect(189, 369 - 891, 1071)
09-02 11:29:11.781 28186 28186 D DpmAnalyzer: analyze: frame=1080x1440, roi=Rect(189, 369 - 891, 1071), focus=FOCUSED, mode=SCAN
09-02 11:29:11.781 28186 28186 D DpmAnalyzer: analyze: THROTTLED by timing gate
09-02 11:29:11.781 28186 28186 D DpmFrameAnalyzer: analyze: result status=THROTTLED, code=null, source=null
09-02 11:29:11.782 28186 28475 D DpmFrameAnalyzer: analyze: frame received, format=35, size=1440x1080, rotation=90
09-02 11:29:11.853 28186 28475 D DpmFrameAnalyzer: analyze: bitmap converted, size=1080x1440, scanRoi=Rect(189, 369 - 891, 1071)
09-02 11:29:11.854 28186 28186 D DpmAnalyzer: analyze: frame=1080x1440, roi=Rect(189, 369 - 891, 1071), focus=FOCUSED, mode=SCAN
09-02 11:29:11.854 28186 28186 D DpmAnalyzer: analyze: THROTTLED by timing gate
09-02 11:29:11.854 28186 28186 D DpmFrameAnalyzer: analyze: result status=THROTTLED, code=null, source=null
09-02 11:29:11.854 28186 28475 D DpmFrameAnalyzer: analyze: frame received, format=35, size=1440x1080, rotation=90
09-02 11:29:11.926 28186 28475 D DpmFrameAnalyzer: analyze: bitmap converted, size=1080x1440, scanRoi=Rect(189, 369 - 891, 1071)
09-02 11:29:11.926 28186 28186 D DpmAnalyzer: analyze: frame=1080x1440, roi=Rect(189, 369 - 891, 1071), focus=FOCUSED, mode=SCAN
09-02 11:29:11.926 28186 28186 D DpmAnalyzer: analyze: starting performMultiStrategyDecode
09-02 11:29:11.926 28186 28475 D DpmFrameAnalyzer: analyze: frame received, format=35, size=1440x1080, rotation=90
09-02 11:29:11.926 28186 28186 D DpmAnalyzer: performMultiStrategyDecode: frame=1080x1440, roi=Rect(189, 369 - 891, 1071), strategies=1
09-02 11:29:11.940 28186 28186 D DpmAnalyzer: Stage1: ROI 702x702 → scaled 400x400
09-02 11:29:11.984 28186 28186 D DpmAnalyzer: Stage1: MISS
09-02 11:29:11.984 28186 28186 D DpmAnalyzer: scanRoi present, skipping full-image stages
09-02 11:29:11.984 28186 28186 D DpmAnalyzer: analyze: decodedCode=null
09-02 11:29:11.984 28186 28186 D DpmFrameAnalyzer: analyze: result status=NO_CODE, code=null, source=null
09-02 11:29:11.996 28186 28475 D DpmFrameAnalyzer: analyze: bitmap converted, size=1080x1440, scanRoi=Rect(189, 369 - 891, 1071)
09-02 11:29:11.996 28186 28186 D DpmAnalyzer: analyze: frame=1080x1440, roi=Rect(189, 369 - 891, 1071), focus=FOCUSED, mode=SCAN
09-02 11:29:11.996 28186 28186 D DpmAnalyzer: analyze: THROTTLED by timing gate
09-02 11:29:11.996 28186 28186 D DpmFrameAnalyzer: analyze: result status=THROTTLED, code=null, source=null
09-02 11:29:11.999 28186 28475 D DpmFrameAnalyzer: analyze: frame received, format=35, size=1440x1080, rotation=90
09-02 11:29:12.083 28186 28475 D DpmFrameAnalyzer: analyze: bitmap converted, size=1080x1440, scanRoi=Rect(189, 369 - 891, 1071)
09-02 11:29:12.084 28186 28186 D DpmAnalyzer: analyze: frame=1080x1440, roi=Rect(189, 369 - 891, 1071), focus=FOCUSED, mode=SCAN
09-02 11:29:12.084 28186 28186 D DpmAnalyzer: analyze: THROTTLED by timing gate
09-02 11:29:12.084 28186 28186 D DpmFrameAnalyzer: analyze: result status=THROTTLED, code=null, source=null
09-02 11:29:12.084 28186 28475 D DpmFrameAnalyzer: analyze: frame received, format=35, size=1440x1080, rotation=90
09-02 11:29:12.160 28186 28475 D DpmFrameAnalyzer: analyze: bitmap converted, size=1080x1440, scanRoi=Rect(189, 369 - 891, 1071)
09-02 11:29:12.160 28186 28186 D DpmAnalyzer: analyze: frame=1080x1440, roi=Rect(189, 369 - 891, 1071), focus=FOCUSED, mode=SCAN
09-02 11:29:12.160 28186 28186 D DpmAnalyzer: analyze: THROTTLED by timing gate
09-02 11:29:12.160 28186 28186 D DpmFrameAnalyzer: analyze: result status=THROTTLED, code=null, source=null
09-02 11:29:12.160 28186 28475 D DpmFrameAnalyzer: analyze: frame received, format=35, size=1440x1080, rotation=90
09-02 11:29:12.226 28186 28475 D DpmFrameAnalyzer: analyze: bitmap converted, size=1080x1440, scanRoi=Rect(189, 369 - 891, 1071)
09-02 11:29:12.227 28186 28186 D DpmAnalyzer: analyze: frame=1080x1440, roi=Rect(189, 369 - 891, 1071), focus=FOCUSED, mode=SCAN
09-02 11:29:12.227 28186 28186 D DpmAnalyzer: analyze: starting performMultiStrategyDecode
09-02 11:29:12.227 28186 28186 D DpmAnalyzer: performMultiStrategyDecode: frame=1080x1440, roi=Rect(189, 369 - 891, 1071), strategies=1
09-02 11:29:12.227 28186 28475 D DpmFrameAnalyzer: analyze: frame received, format=35, size=1440x1080, rotation=90
09-02 11:29:12.243 28186 28186 D DpmAnalyzer: Stage1: ROI 702x702 → scaled 400x400
09-02 11:29:12.295 28186 28186 D DpmAnalyzer: Stage1: MISS
09-02 11:29:12.295 28186 28186 D DpmAnalyzer: scanRoi present, skipping full-image stages
09-02 11:29:12.295 28186 28186 D DpmAnalyzer: analyze: decodedCode=null
09-02 11:29:12.295 28186 28186 D DpmFrameAnalyzer: analyze: result status=NO_CODE, code=null, source=null
09-02 11:29:12.297 28186 28475 D DpmFrameAnalyzer: analyze: bitmap converted, size=1080x1440, scanRoi=Rect(189, 369 - 891, 1071)
09-02 11:29:12.297 28186 28186 D DpmAnalyzer: analyze: frame=1080x1440, roi=Rect(189, 369 - 891, 1071), focus=FOCUSED, mode=SCAN
09-02 11:29:12.297 28186 28186 D DpmAnalyzer: analyze: THROTTLED by timing gate
09-02 11:29:12.297 28186 28186 D DpmFrameAnalyzer: analyze: result status=THROTTLED, code=null, source=null
09-02 11:29:12.298 28186 28475 D DpmFrameAnalyzer: analyze: frame received, format=35, size=1440x1080, rotation=90
09-02 11:29:12.388 28186 28475 D DpmFrameAnalyzer: analyze: bitmap converted, size=1080x1440, scanRoi=Rect(189, 369 - 891, 1071)
09-02 11:29:12.389 28186 28186 D DpmAnalyzer: analyze: frame=1080x1440, roi=Rect(189, 369 - 891, 1071), focus=FOCUSED, mode=SCAN
09-02 11:29:12.389 28186 28186 D DpmAnalyzer: analyze: THROTTLED by timing gate
09-02 11:29:12.389 28186 28186 D DpmFrameAnalyzer: analyze: result status=THROTTLED, code=null, source=null
09-02 11:29:12.389 28186 28475 D DpmFrameAnalyzer: analyze: frame received, format=35, size=1440x1080, rotation=90
09-02 11:29:12.469 28186 28475 D DpmFrameAnalyzer: analyze: bitmap converted, size=1080x1440, scanRoi=Rect(189, 369 - 891, 1071)
09-02 11:29:12.469 28186 28186 D DpmAnalyzer: analyze: frame=1080x1440, roi=Rect(189, 369 - 891, 1071), focus=FOCUSED, mode=SCAN
09-02 11:29:12.470 28186 28186 D DpmAnalyzer: analyze: THROTTLED by timing gate
09-02 11:29:12.470 28186 28186 D DpmFrameAnalyzer: analyze: result status=THROTTLED, code=null, source=null
09-02 11:29:12.470 28186 28475 D DpmFrameAnalyzer: analyze: frame received, format=35, size=1440x1080, rotation=90
09-02 11:29:12.535 28186 28475 D DpmFrameAnalyzer: analyze: bitmap converted, size=1080x1440, scanRoi=Rect(189, 369 - 891, 1071)
09-02 11:29:12.536 28186 28186 D DpmAnalyzer: analyze: frame=1080x1440, roi=Rect(189, 369 - 891, 1071), focus=FOCUSED, mode=SCAN
09-02 11:29:12.536 28186 28186 D DpmAnalyzer: analyze: starting performMultiStrategyDecode
09-02 11:29:12.536 28186 28186 D DpmAnalyzer: performMultiStrategyDecode: frame=1080x1440, roi=Rect(189, 369 - 891, 1071), strategies=1
09-02 11:29:12.536 28186 28475 D DpmFrameAnalyzer: analyze: frame received, format=35, size=1440x1080, rotation=90
09-02 11:29:12.548 28186 28186 D DpmAnalyzer: Stage1: ROI 702x702 → scaled 400x400
09-02 11:29:12.605 28186 28475 D DpmFrameAnalyzer: analyze: bitmap converted, size=1080x1440, scanRoi=Rect(189, 369 - 891, 1071)
09-02 11:29:12.606 28186 28475 D DpmFrameAnalyzer: analyze: frame received, format=35, size=1440x1080, rotation=90
09-02 11:29:12.622 28186 28186 D DpmAnalyzer: Stage1: MISS
09-02 11:29:12.622 28186 28186 D DpmAnalyzer: scanRoi present, skipping full-image stages
09-02 11:29:12.622 28186 28186 D DpmAnalyzer: analyze: decodedCode=null
09-02 11:29:12.622 28186 28186 D DpmFrameAnalyzer: analyze: result status=NO_CODE, code=null, source=null
09-02 11:29:12.624 28186 28186 D DpmAnalyzer: analyze: frame=1080x1440, roi=Rect(189, 369 - 891, 1071), focus=FOCUSED, mode=SCAN
09-02 11:29:12.624 28186 28186 D DpmAnalyzer: analyze: THROTTLED by timing gate
09-02 11:29:12.624 28186 28186 D DpmFrameAnalyzer: analyze: result status=THROTTLED, code=null, source=null
09-02 11:29:12.684 28186 28475 D DpmFrameAnalyzer: analyze: bitmap converted, size=1080x1440, scanRoi=Rect(189, 369 - 891, 1071)
09-02 11:29:12.684 28186 28186 D DpmAnalyzer: analyze: frame=1080x1440, roi=Rect(189, 369 - 891, 1071), focus=FOCUSED, mode=SCAN
09-02 11:29:12.684 28186 28186 D DpmAnalyzer: analyze: THROTTLED by timing gate
09-02 11:29:12.684 28186 28186 D DpmFrameAnalyzer: analyze: result status=THROTTLED, code=null, source=null
09-02 11:29:12.685 28186 28475 D DpmFrameAnalyzer: analyze: frame received, format=35, size=1440x1080, rotation=90
09-02 11:29:12.756 28186 28475 D DpmFrameAnalyzer: analyze: bitmap converted, size=1080x1440, scanRoi=Rect(189, 369 - 891, 1071)
09-02 11:29:12.756 28186 28186 D DpmAnalyzer: analyze: frame=1080x1440, roi=Rect(189, 369 - 891, 1071), focus=FOCUSED, mode=SCAN
09-02 11:29:12.756 28186 28186 D DpmAnalyzer: analyze: THROTTLED by timing gate
09-02 11:29:12.756 28186 28186 D DpmFrameAnalyzer: analyze: result status=THROTTLED, code=null, source=null
09-02 11:29:12.757 28186 28475 D DpmFrameAnalyzer: analyze: frame received, format=35, size=1440x1080, rotation=90
09-02 11:29:12.828 28186 28475 D DpmFrameAnalyzer: analyze: bitmap converted, size=1080x1440, scanRoi=Rect(189, 369 - 891, 1071)
09-02 11:29:12.829 28186 28186 D DpmAnalyzer: analyze: frame=1080x1440, roi=Rect(189, 369 - 891, 1071), focus=FOCUSED, mode=SCAN
09-02 11:29:12.829 28186 28186 D DpmAnalyzer: analyze: starting performMultiStrategyDecode
09-02 11:29:12.829 28186 28475 D DpmFrameAnalyzer: analyze: frame received, format=35, size=1440x1080, rotation=90
09-02 11:29:12.829 28186 28186 D DpmAnalyzer: performMultiStrategyDecode: frame=1080x1440, roi=Rect(189, 369 - 891, 1071), strategies=1
09-02 11:29:12.843 28186 28186 D DpmAnalyzer: Stage1: ROI 702x702 → scaled 400x400
09-02 11:29:12.896 28186 28186 D DpmAnalyzer: Stage1: MISS
09-02 11:29:12.896 28186 28186 D DpmAnalyzer: scanRoi present, skipping full-image stages
09-02 11:29:12.896 28186 28186 D DpmAnalyzer: analyze: decodedCode=null
09-02 11:29:12.896 28186 28186 D DpmFrameAnalyzer: analyze: result status=NO_CODE, code=null, source=null
09-02 11:29:12.902 28186 28475 D DpmFrameAnalyzer: analyze: bitmap converted, size=1080x1440, scanRoi=Rect(189, 369 - 891, 1071)
09-02 11:29:12.903 28186 28186 D DpmAnalyzer: analyze: frame=1080x1440, roi=Rect(189, 369 - 891, 1071), focus=FOCUSED, mode=SCAN
09-02 11:29:12.903 28186 28186 D DpmAnalyzer: analyze: THROTTLED by timing gate
09-02 11:29:12.903 28186 28186 D DpmFrameAnalyzer: analyze: result status=THROTTLED, code=null, source=null
09-02 11:29:12.904 28186 28475 D DpmFrameAnalyzer: analyze: frame received, format=35, size=1440x1080, rotation=90
09-02 11:29:12.983 28186 28475 D DpmFrameAnalyzer: analyze: bitmap converted, size=1080x1440, scanRoi=Rect(189, 369 - 891, 1071)
09-02 11:29:12.984 28186 28186 D DpmAnalyzer: analyze: frame=1080x1440, roi=Rect(189, 369 - 891, 1071), focus=FOCUSED, mode=SCAN
09-02 11:29:12.984 28186 28186 D DpmAnalyzer: analyze: THROTTLED by timing gate
09-02 11:29:12.984 28186 28186 D DpmFrameAnalyzer: analyze: result status=THROTTLED, code=null, source=null
09-02 11:29:12.984 28186 28475 D DpmFrameAnalyzer: analyze: frame received, format=35, size=1440x1080, rotation=90
09-02 11:29:13.052 28186 28475 D DpmFrameAnalyzer: analyze: bitmap converted, size=1080x1440, scanRoi=Rect(189, 369 - 891, 1071)
09-02 11:29:13.053 28186 28186 D DpmAnalyzer: analyze: frame=1080x1440, roi=Rect(189, 369 - 891, 1071), focus=FOCUSED, mode=SCAN
09-02 11:29:13.053 28186 28186 D DpmAnalyzer: analyze: THROTTLED by timing gate
09-02 11:29:13.053 28186 28186 D DpmFrameAnalyzer: analyze: result status=THROTTLED, code=null, source=null
09-02 11:29:13.053 28186 28475 D DpmFrameAnalyzer: analyze: frame received, format=35, size=1440x1080, rotation=90
09-02 11:29:13.118 28186 28475 D DpmFrameAnalyzer: analyze: bitmap converted, size=1080x1440, scanRoi=Rect(189, 369 - 891, 1071)
09-02 11:29:13.119 28186 28186 D DpmAnalyzer: analyze: frame=1080x1440, roi=Rect(189, 369 - 891, 1071), focus=FOCUSED, mode=SCAN
09-02 11:29:13.119 28186 28186 D DpmAnalyzer: analyze: starting performMultiStrategyDecode
09-02 11:29:13.119 28186 28186 D DpmAnalyzer: performMultiStrategyDecode: frame=1080x1440, roi=Rect(189, 369 - 891, 1071), strategies=1
09-02 11:29:13.119 28186 28475 D DpmFrameAnalyzer: analyze: frame received, format=35, size=1440x1080, rotation=90
09-02 11:29:13.139 28186 28186 D DpmAnalyzer: Stage1: ROI 702x702 → scaled 400x400
09-02 11:29:13.185 28186 28475 D DpmFrameAnalyzer: analyze: bitmap converted, size=1080x1440, scanRoi=Rect(189, 369 - 891, 1071)
09-02 11:29:13.185 28186 28186 D DpmAnalyzer: analyze: frame=1080x1440, roi=Rect(189, 369 - 891, 1071), focus=FOCUSED, mode=SCAN
09-02 11:29:13.185 28186 28186 D DpmAnalyzer: analyze: THROTTLED (already running)
09-02 11:29:13.185 28186 28186 D DpmFrameAnalyzer: analyze: result status=THROTTLED, code=null, source=null
09-02 11:29:13.186 28186 28475 D DpmFrameAnalyzer: analyze: frame received, format=35, size=1440x1080, rotation=90
09-02 11:29:13.188 28186 28186 D DpmAnalyzer: Stage1: MISS
09-02 11:29:13.188 28186 28186 D DpmAnalyzer: scanRoi present, skipping full-image stages
09-02 11:29:13.188 28186 28186 D DpmAnalyzer: analyze: decodedCode=null
09-02 11:29:13.188 28186 28186 D DpmFrameAnalyzer: analyze: result status=NO_CODE, code=null, source=null
09-02 11:29:13.271 28186 28475 D DpmFrameAnalyzer: analyze: bitmap converted, size=1080x1440, scanRoi=Rect(189, 369 - 891, 1071)
09-02 11:29:13.271 28186 28186 D DpmAnalyzer: analyze: frame=1080x1440, roi=Rect(189, 369 - 891, 1071), focus=FOCUSED, mode=SCAN
09-02 11:29:13.271 28186 28186 D DpmAnalyzer: analyze: THROTTLED by timing gate
09-02 11:29:13.271 28186 28186 D DpmFrameAnalyzer: analyze: result status=THROTTLED, code=null, source=null
09-02 11:29:13.272 28186 28475 D DpmFrameAnalyzer: analyze: frame received, format=35, size=1440x1080, rotation=90
09-02 11:29:13.344 28186 28475 D DpmFrameAnalyzer: analyze: bitmap converted, size=1080x1440, scanRoi=Rect(189, 369 - 891, 1071)
09-02 11:29:13.345 28186 28186 D DpmAnalyzer: analyze: frame=1080x1440, roi=Rect(189, 369 - 891, 1071), focus=FOCUSED, mode=SCAN
09-02 11:29:13.345 28186 28186 D DpmAnalyzer: analyze: THROTTLED by timing gate
09-02 11:29:13.345 28186 28186 D DpmFrameAnalyzer: analyze: result status=THROTTLED, code=null, source=null
09-02 11:29:13.345 28186 28475 D DpmFrameAnalyzer: analyze: frame received, format=35, size=1440x1080, rotation=90
09-02 11:29:13.415 28186 28475 D DpmFrameAnalyzer: analyze: bitmap converted, size=1080x1440, scanRoi=Rect(189, 369 - 891, 1071)
09-02 11:29:13.416 28186 28186 D DpmAnalyzer: analyze: frame=1080x1440, roi=Rect(189, 369 - 891, 1071), focus=FOCUSED, mode=SCAN
09-02 11:29:13.416 28186 28186 D DpmAnalyzer: analyze: starting performMultiStrategyDecode
09-02 11:29:13.416 28186 28186 D DpmAnalyzer: performMultiStrategyDecode: frame=1080x1440, roi=Rect(189, 369 - 891, 1071), strategies=1
09-02 11:29:13.416 28186 28475 D DpmFrameAnalyzer: analyze: frame received, format=35, size=1440x1080, rotation=90
09-02 11:29:13.440 28186 28186 D DpmAnalyzer: Stage1: ROI 702x702 → scaled 400x400
09-02 11:29:13.487 28186 28475 D DpmFrameAnalyzer: analyze: bitmap converted, size=1080x1440, scanRoi=Rect(189, 369 - 891, 1071)
09-02 11:29:13.488 28186 28186 D DpmAnalyzer: analyze: frame=1080x1440, roi=Rect(189, 369 - 891, 1071), focus=FOCUSED, mode=SCAN
09-02 11:29:13.488 28186 28186 D DpmAnalyzer: analyze: THROTTLED (already running)
09-02 11:29:13.488 28186 28186 D DpmFrameAnalyzer: analyze: result status=THROTTLED, code=null, source=null
09-02 11:29:13.488 28186 28475 D DpmFrameAnalyzer: analyze: frame received, format=35, size=1440x1080, rotation=90
09-02 11:29:13.494 28186 28186 D DpmAnalyzer: Stage1: MISS
09-02 11:29:13.494 28186 28186 D DpmAnalyzer: scanRoi present, skipping full-image stages
09-02 11:29:13.494 28186 28186 D DpmAnalyzer: analyze: decodedCode=null
09-02 11:29:13.494 28186 28186 D DpmFrameAnalyzer: analyze: result status=NO_CODE, code=null, source=null
09-02 11:29:13.578 28186 28475 D DpmFrameAnalyzer: analyze: bitmap converted, size=1080x1440, scanRoi=Rect(189, 369 - 891, 1071)
09-02 11:29:13.579 28186 28186 D DpmAnalyzer: analyze: frame=1080x1440, roi=Rect(189, 369 - 891, 1071), focus=FOCUSED, mode=SCAN
09-02 11:29:13.579 28186 28186 D DpmAnalyzer: analyze: THROTTLED by timing gate
09-02 11:29:13.579 28186 28186 D DpmFrameAnalyzer: analyze: result status=THROTTLED, code=null, source=null
09-02 11:29:13.579 28186 28475 D DpmFrameAnalyzer: analyze: frame received, format=35, size=1440x1080, rotation=90
09-02 11:29:13.662 28186 28475 D DpmFrameAnalyzer: analyze: bitmap converted, size=1080x1440, scanRoi=Rect(189, 369 - 891, 1071)
09-02 11:29:13.662 28186 28186 D DpmAnalyzer: analyze: frame=1080x1440, roi=Rect(189, 369 - 891, 1071), focus=FOCUSED, mode=SCAN
09-02 11:29:13.662 28186 28186 D DpmAnalyzer: analyze: THROTTLED by timing gate
09-02 11:29:13.662 28186 28186 D DpmFrameAnalyzer: analyze: result status=THROTTLED, code=null, source=null
09-02 11:29:13.662 28186 28475 D DpmFrameAnalyzer: analyze: frame received, format=35, size=1440x1080, rotation=90
09-02 11:29:13.728 28186 28475 D DpmFrameAnalyzer: analyze: bitmap converted, size=1080x1440, scanRoi=Rect(189, 369 - 891, 1071)
09-02 11:29:13.728 28186 28475 D DpmFrameAnalyzer: analyze: frame received, format=35, size=1440x1080, rotation=90
09-02 11:29:13.728 28186 28186 D DpmAnalyzer: analyze: frame=1080x1440, roi=Rect(189, 369 - 891, 1071), focus=FOCUSED, mode=SCAN
09-02 11:29:13.729 28186 28186 D DpmAnalyzer: analyze: starting performMultiStrategyDecode
09-02 11:29:13.729 28186 28186 D DpmAnalyzer: performMultiStrategyDecode: frame=1080x1440, roi=Rect(189, 369 - 891, 1071), strategies=1
09-02 11:29:13.743 28186 28186 D DpmAnalyzer: Stage1: ROI 702x702 → scaled 400x400
09-02 11:29:13.797 28186 28475 D DpmFrameAnalyzer: analyze: bitmap converted, size=1080x1440, scanRoi=Rect(189, 369 - 891, 1071)
09-02 11:29:13.797 28186 28475 D DpmFrameAnalyzer: analyze: frame received, format=35, size=1440x1080, rotation=90
09-02 11:29:13.882 28186 28475 D DpmFrameAnalyzer: analyze: bitmap converted, size=1080x1440, scanRoi=Rect(189, 369 - 891, 1071)
09-02 11:29:14.025 28186 28186 D DpmAnalyzer: Stage1: MISS
09-02 11:29:14.025 28186 28186 D DpmAnalyzer: scanRoi present, skipping full-image stages
09-02 11:29:14.025 28186 28186 D DpmAnalyzer: analyze: decodedCode=null
09-02 11:29:14.025 28186 28186 D DpmFrameAnalyzer: analyze: result status=NO_CODE, code=null, source=null
09-02 11:29:14.026 28186 28186 D DpmAnalyzer: analyze: frame=1080x1440, roi=Rect(189, 369 - 891, 1071), focus=FOCUSED, mode=SCAN
09-02 11:29:14.026 28186 28186 D DpmAnalyzer: analyze: THROTTLED by timing gate
09-02 11:29:14.026 28186 28186 D DpmFrameAnalyzer: analyze: result status=THROTTLED, code=null, source=null
09-02 11:29:14.027 28186 28186 D DpmAnalyzer: analyze: frame=1080x1440, roi=Rect(189, 369 - 891, 1071), focus=FOCUSED, mode=SCAN
09-02 11:29:14.027 28186 28186 D DpmAnalyzer: analyze: THROTTLED by timing gate
09-02 11:29:14.027 28186 28186 D DpmFrameAnalyzer: analyze: result status=THROTTLED, code=null, source=null
09-02 11:29:14.028 28186 28475 D DpmFrameAnalyzer: analyze: frame received, format=35, size=1440x1080, rotation=90
09-02 11:29:14.098 28186 28475 D DpmFrameAnalyzer: analyze: bitmap converted, size=1080x1440, scanRoi=Rect(189, 369 - 891, 1071)
09-02 11:29:14.098 28186 28186 D DpmAnalyzer: analyze: frame=1080x1440, roi=Rect(189, 369 - 891, 1071), focus=FOCUSED, mode=SCAN
09-02 11:29:14.098 28186 28186 D DpmAnalyzer: analyze: THROTTLED by timing gate
09-02 11:29:14.098 28186 28186 D DpmFrameAnalyzer: analyze: result status=THROTTLED, code=null, source=null
09-02 11:29:14.099 28186 28475 D DpmFrameAnalyzer: analyze: frame received, format=35, size=1440x1080, rotation=90
09-02 11:29:14.171 28186 28475 D DpmFrameAnalyzer: analyze: bitmap converted, size=1080x1440, scanRoi=Rect(189, 369 - 891, 1071)
09-02 11:29:14.171 28186 28186 D DpmAnalyzer: analyze: frame=1080x1440, roi=Rect(189, 369 - 891, 1071), focus=FOCUSED, mode=SCAN
09-02 11:29:14.171 28186 28186 D DpmAnalyzer: analyze: THROTTLED by timing gate
09-02 11:29:14.171 28186 28186 D DpmFrameAnalyzer: analyze: result status=THROTTLED, code=null, source=null
09-02 11:29:14.172 28186 28475 D DpmFrameAnalyzer: analyze: frame received, format=35, size=1440x1080, rotation=90
09-02 11:29:14.238 28186 28475 D DpmFrameAnalyzer: analyze: bitmap converted, size=1080x1440, scanRoi=Rect(189, 369 - 891, 1071)
09-02 11:29:14.238 28186 28186 D DpmAnalyzer: analyze: frame=1080x1440, roi=Rect(189, 369 - 891, 1071), focus=FOCUSED, mode=SCAN
09-02 11:29:14.238 28186 28186 D DpmAnalyzer: analyze: starting performMultiStrategyDecode
09-02 11:29:14.238 28186 28186 D DpmAnalyzer: performMultiStrategyDecode: frame=1080x1440, roi=Rect(189, 369 - 891, 1071), strategies=1
09-02 11:29:14.238 28186 28475 D DpmFrameAnalyzer: analyze: frame received, format=35, size=1440x1080, rotation=90
09-02 11:29:14.249 28186 28186 D DpmAnalyzer: Stage1: ROI 702x702 → scaled 400x400
09-02 11:29:14.283 28186 28186 D DpmAnalyzer: Stage1: MISS
09-02 11:29:14.283 28186 28186 D DpmAnalyzer: scanRoi present, skipping full-image stages
09-02 11:29:14.283 28186 28186 D DpmAnalyzer: analyze: decodedCode=null
09-02 11:29:14.283 28186 28186 D DpmFrameAnalyzer: analyze: result status=NO_CODE, code=null, source=null
09-02 11:29:14.313 28186 28475 D DpmFrameAnalyzer: analyze: bitmap converted, size=1080x1440, scanRoi=Rect(189, 369 - 891, 1071)
09-02 11:29:14.313 28186 28186 D DpmAnalyzer: analyze: frame=1080x1440, roi=Rect(189, 369 - 891, 1071), focus=FOCUSED, mode=SCAN
09-02 11:29:14.314 28186 28186 D DpmAnalyzer: analyze: THROTTLED by timing gate
09-02 11:29:14.314 28186 28186 D DpmFrameAnalyzer: analyze: result status=THROTTLED, code=null, source=null
09-02 11:29:14.314 28186 28475 D DpmFrameAnalyzer: analyze: frame received, format=35, size=1440x1080, rotation=90
09-02 11:29:14.397 28186 28475 D DpmFrameAnalyzer: analyze: bitmap converted, size=1080x1440, scanRoi=Rect(189, 369 - 891, 1071)
09-02 11:29:14.397 28186 28186 D DpmAnalyzer: analyze: frame=1080x1440, roi=Rect(189, 369 - 891, 1071), focus=FOCUSED, mode=SCAN
09-02 11:29:14.397 28186 28186 D DpmAnalyzer: analyze: THROTTLED by timing gate
09-02 11:29:14.397 28186 28186 D DpmFrameAnalyzer: analyze: result status=THROTTLED, code=null, source=null
09-02 11:29:14.398 28186 28475 D DpmFrameAnalyzer: analyze: frame received, format=35, size=1440x1080, rotation=90
09-02 11:29:14.465 28186 28475 D DpmFrameAnalyzer: analyze: bitmap converted, size=1080x1440, scanRoi=Rect(189, 369 - 891, 1071)
09-02 11:29:14.466 28186 28186 D DpmAnalyzer: analyze: frame=1080x1440, roi=Rect(189, 369 - 891, 1071), focus=FOCUSED, mode=SCAN
09-02 11:29:14.466 28186 28186 D DpmAnalyzer: analyze: THROTTLED by timing gate
09-02 11:29:14.466 28186 28186 D DpmFrameAnalyzer: analyze: result status=THROTTLED, code=null, source=null
09-02 11:29:14.466 28186 28475 D DpmFrameAnalyzer: analyze: frame received, format=35, size=1440x1080, rotation=90
09-02 11:29:14.533 28186 28475 D DpmFrameAnalyzer: analyze: bitmap converted, size=1080x1440, scanRoi=Rect(189, 369 - 891, 1071)
09-02 11:29:14.533 28186 28186 D DpmAnalyzer: analyze: frame=1080x1440, roi=Rect(189, 369 - 891, 1071), focus=FOCUSED, mode=SCAN
09-02 11:29:14.533 28186 28186 D DpmAnalyzer: analyze: starting performMultiStrategyDecode
09-02 11:29:14.533 28186 28186 D DpmAnalyzer: performMultiStrategyDecode: frame=1080x1440, roi=Rect(189, 369 - 891, 1071), strategies=1
09-02 11:29:14.534 28186 28475 D DpmFrameAnalyzer: analyze: frame received, format=35, size=1440x1080, rotation=90
09-02 11:29:14.559 28186 28186 D DpmAnalyzer: Stage1: ROI 702x702 → scaled 400x400
09-02 11:29:14.600 28186 28475 D DpmFrameAnalyzer: analyze: bitmap converted, size=1080x1440, scanRoi=Rect(189, 369 - 891, 1071)
09-02 11:29:14.600 28186 28186 D DpmAnalyzer: analyze: frame=1080x1440, roi=Rect(189, 369 - 891, 1071), focus=FOCUSED, mode=SCAN
09-02 11:29:14.600 28186 28186 D DpmAnalyzer: analyze: THROTTLED (already running)
09-02 11:29:14.600 28186 28186 D DpmFrameAnalyzer: analyze: result status=THROTTLED, code=null, source=null
09-02 11:29:14.601 28186 28475 D DpmFrameAnalyzer: analyze: frame received, format=35, size=1440x1080, rotation=90
09-02 11:29:14.618 28186 28186 D DpmAnalyzer: Stage1: MISS
09-02 11:29:14.618 28186 28186 D DpmAnalyzer: scanRoi present, skipping full-image stages
09-02 11:29:14.618 28186 28186 D DpmAnalyzer: analyze: decodedCode=null
09-02 11:29:14.618 28186 28186 D DpmFrameAnalyzer: analyze: result status=NO_CODE, code=null, source=null
09-02 11:29:14.683 28186 28475 D DpmFrameAnalyzer: analyze: bitmap converted, size=1080x1440, scanRoi=Rect(189, 369 - 891, 1071)
09-02 11:29:14.683 28186 28186 D DpmAnalyzer: analyze: frame=1080x1440, roi=Rect(189, 369 - 891, 1071), focus=FOCUSED, mode=SCAN
09-02 11:29:14.683 28186 28186 D DpmAnalyzer: analyze: THROTTLED by timing gate
09-02 11:29:14.683 28186 28186 D DpmFrameAnalyzer: analyze: result status=THROTTLED, code=null, source=null
09-02 11:29:14.684 28186 28475 D DpmFrameAnalyzer: analyze: frame received, format=35, size=1440x1080, rotation=90
09-02 11:29:14.754 28186 28475 D DpmFrameAnalyzer: analyze: bitmap converted, size=1080x1440, scanRoi=Rect(189, 369 - 891, 1071)
09-02 11:29:14.755 28186 28186 D DpmAnalyzer: analyze: frame=1080x1440, roi=Rect(189, 369 - 891, 1071), focus=FOCUSED, mode=SCAN
09-02 11:29:14.755 28186 28186 D DpmAnalyzer: analyze: THROTTLED by timing gate
09-02 11:29:14.755 28186 28186 D DpmFrameAnalyzer: analyze: result status=THROTTLED, code=null, source=null
09-02 11:29:14.755 28186 28475 D DpmFrameAnalyzer: analyze: frame received, format=35, size=1440x1080, rotation=90
09-02 11:29:14.822 28186 28475 D DpmFrameAnalyzer: analyze: bitmap converted, size=1080x1440, scanRoi=Rect(189, 369 - 891, 1071)
09-02 11:29:14.822 28186 28186 D DpmAnalyzer: analyze: frame=1080x1440, roi=Rect(189, 369 - 891, 1071), focus=FOCUSED, mode=SCAN
09-02 11:29:14.822 28186 28186 D DpmAnalyzer: analyze: starting performMultiStrategyDecode
09-02 11:29:14.822 28186 28186 D DpmAnalyzer: performMultiStrategyDecode: frame=1080x1440, roi=Rect(189, 369 - 891, 1071), strategies=1
09-02 11:29:14.823 28186 28475 D DpmFrameAnalyzer: analyze: frame received, format=35, size=1440x1080, rotation=90
09-02 11:29:14.837 28186 28186 D DpmAnalyzer: Stage1: ROI 702x702 → scaled 400x400
09-02 11:29:14.888 28186 28475 D DpmFrameAnalyzer: analyze: bitmap converted, size=1080x1440, scanRoi=Rect(189, 369 - 891, 1071)
09-02 11:29:14.889 28186 28475 D DpmFrameAnalyzer: analyze: frame received, format=35, size=1440x1080, rotation=90
09-02 11:29:14.890 28186 28186 D DpmAnalyzer: analyze: frame=1080x1440, roi=Rect(189, 369 - 891, 1071), focus=FOCUSED, mode=SCAN
09-02 11:29:14.890 28186 28186 D DpmAnalyzer: analyze: THROTTLED (already running)
09-02 11:29:14.890 28186 28186 D DpmFrameAnalyzer: analyze: result status=THROTTLED, code=null, source=null
09-02 11:29:14.897 28186 28186 D DpmAnalyzer: Stage1: MISS
09-02 11:29:14.897 28186 28186 D DpmAnalyzer: scanRoi present, skipping full-image stages
09-02 11:29:14.897 28186 28186 D DpmAnalyzer: analyze: decodedCode=null
09-02 11:29:14.897 28186 28186 D DpmFrameAnalyzer: analyze: result status=NO_CODE, code=null, source=null
09-02 11:29:14.957 28186 28475 D DpmFrameAnalyzer: analyze: bitmap converted, size=1080x1440, scanRoi=Rect(189, 369 - 891, 1071)
09-02 11:29:14.957 28186 28186 D DpmAnalyzer: analyze: frame=1080x1440, roi=Rect(189, 369 - 891, 1071), focus=FOCUSED, mode=SCAN
09-02 11:29:14.958 28186 28186 D DpmAnalyzer: analyze: THROTTLED by timing gate
09-02 11:29:14.958 28186 28186 D DpmFrameAnalyzer: analyze: result status=THROTTLED, code=null, source=null
09-02 11:29:14.958 28186 28475 D DpmFrameAnalyzer: analyze: frame received, format=35, size=1440x1080, rotation=90
09-02 11:29:15.025 28186 28475 D DpmFrameAnalyzer: analyze: bitmap converted, size=1080x1440, scanRoi=Rect(189, 369 - 891, 1071)
09-02 11:29:15.025 28186 28186 D DpmAnalyzer: analyze: frame=1080x1440, roi=Rect(189, 369 - 891, 1071), focus=FOCUSED, mode=SCAN
09-02 11:29:15.025 28186 28186 D DpmAnalyzer: analyze: THROTTLED by timing gate
09-02 11:29:15.025 28186 28186 D DpmFrameAnalyzer: analyze: result status=THROTTLED, code=null, source=null
09-02 11:29:15.025 28186 28475 D DpmFrameAnalyzer: analyze: frame received, format=35, size=1440x1080, rotation=90
09-02 11:29:15.090 28186 28475 D DpmFrameAnalyzer: analyze: bitmap converted, size=1080x1440, scanRoi=Rect(189, 369 - 891, 1071)
09-02 11:29:15.091 28186 28186 D DpmAnalyzer: analyze: frame=1080x1440, roi=Rect(189, 369 - 891, 1071), focus=FOCUSED, mode=SCAN
09-02 11:29:15.091 28186 28186 D DpmAnalyzer: analyze: THROTTLED by timing gate
09-02 11:29:15.091 28186 28186 D DpmFrameAnalyzer: analyze: result status=THROTTLED, code=null, source=null
09-02 11:29:15.091 28186 28475 D DpmFrameAnalyzer: analyze: frame received, format=35, size=1440x1080, rotation=90
09-02 11:29:15.158 28186 28475 D DpmFrameAnalyzer: analyze: bitmap converted, size=1080x1440, scanRoi=Rect(189, 369 - 891, 1071)
09-02 11:29:15.159 28186 28186 D DpmAnalyzer: analyze: frame=1080x1440, roi=Rect(189, 369 - 891, 1071), focus=FOCUSED, mode=SCAN
09-02 11:29:15.159 28186 28186 D DpmAnalyzer: analyze: starting performMultiStrategyDecode
09-02 11:29:15.159 28186 28186 D DpmAnalyzer: performMultiStrategyDecode: frame=1080x1440, roi=Rect(189, 369 - 891, 1071), strategies=1
09-02 11:29:15.159 28186 28475 D DpmFrameAnalyzer: analyze: frame received, format=35, size=1440x1080, rotation=90
09-02 11:29:15.168 28186 28186 D DpmAnalyzer: Stage1: ROI 702x702 → scaled 400x400
09-02 11:29:15.232 28186 28475 D DpmFrameAnalyzer: analyze: bitmap converted, size=1080x1440, scanRoi=Rect(189, 369 - 891, 1071)
09-02 11:29:15.232 28186 28475 D DpmFrameAnalyzer: analyze: frame received, format=35, size=1440x1080, rotation=90
09-02 11:29:15.245 28186 28186 D DpmAnalyzer: Stage1: MISS
09-02 11:29:15.245 28186 28186 D DpmAnalyzer: scanRoi present, skipping full-image stages
09-02 11:29:15.245 28186 28186 D DpmAnalyzer: analyze: decodedCode=null
09-02 11:29:15.245 28186 28186 D DpmFrameAnalyzer: analyze: result status=NO_CODE, code=null, source=null
09-02 11:29:15.246 28186 28186 D DpmAnalyzer: analyze: frame=1080x1440, roi=Rect(189, 369 - 891, 1071), focus=FOCUSED, mode=SCAN
09-02 11:29:15.247 28186 28186 D DpmAnalyzer: analyze: THROTTLED by timing gate
09-02 11:29:15.247 28186 28186 D DpmFrameAnalyzer: analyze: result status=THROTTLED, code=null, source=null
09-02 11:29:15.324 28186 28475 D DpmFrameAnalyzer: analyze: bitmap converted, size=1080x1440, scanRoi=Rect(189, 369 - 891, 1071)
09-02 11:29:15.324 28186 28186 D DpmAnalyzer: analyze: frame=1080x1440, roi=Rect(189, 369 - 891, 1071), focus=FOCUSED, mode=SCAN
09-02 11:29:15.325 28186 28186 D DpmAnalyzer: analyze: THROTTLED by timing gate
09-02 11:29:15.325 28186 28186 D DpmFrameAnalyzer: analyze: result status=THROTTLED, code=null, source=null
09-02 11:29:15.325 28186 28475 D DpmFrameAnalyzer: analyze: frame received, format=35, size=1440x1080, rotation=90
09-02 11:29:15.398 28186 28475 D DpmFrameAnalyzer: analyze: bitmap converted, size=1080x1440, scanRoi=Rect(189, 369 - 891, 1071)
09-02 11:29:15.398 28186 28186 D DpmAnalyzer: analyze: frame=1080x1440, roi=Rect(189, 369 - 891, 1071), focus=FOCUSED, mode=SCAN
09-02 11:29:15.398 28186 28186 D DpmAnalyzer: analyze: THROTTLED by timing gate
09-02 11:29:15.399 28186 28186 D DpmFrameAnalyzer: analyze: result status=THROTTLED, code=null, source=null
09-02 11:29:15.399 28186 28475 D DpmFrameAnalyzer: analyze: frame received, format=35, size=1440x1080, rotation=90
09-02 11:29:15.464 28186 28475 D DpmFrameAnalyzer: analyze: bitmap converted, size=1080x1440, scanRoi=Rect(189, 369 - 891, 1071)
09-02 11:29:15.464 28186 28186 D DpmAnalyzer: analyze: frame=1080x1440, roi=Rect(189, 369 - 891, 1071), focus=FOCUSED, mode=SCAN
09-02 11:29:15.464 28186 28186 D DpmAnalyzer: analyze: starting performMultiStrategyDecode
09-02 11:29:15.464 28186 28186 D DpmAnalyzer: performMultiStrategyDecode: frame=1080x1440, roi=Rect(189, 369 - 891, 1071), strategies=1
09-02 11:29:15.464 28186 28475 D DpmFrameAnalyzer: analyze: frame received, format=35, size=1440x1080, rotation=90
09-02 11:29:15.477 28186 28186 D DpmAnalyzer: Stage1: ROI 702x702 → scaled 400x400
09-02 11:29:15.514 28186 28186 D DpmAnalyzer: Stage1: MISS
09-02 11:29:15.514 28186 28186 D DpmAnalyzer: scanRoi present, skipping full-image stages
09-02 11:29:15.514 28186 28186 D DpmAnalyzer: analyze: decodedCode=null
09-02 11:29:15.514 28186 28186 D DpmFrameAnalyzer: analyze: result status=NO_CODE, code=null, source=null
09-02 11:29:15.535 28186 28475 D DpmFrameAnalyzer: analyze: bitmap converted, size=1080x1440, scanRoi=Rect(189, 369 - 891, 1071)
09-02 11:29:15.535 28186 28186 D DpmAnalyzer: analyze: frame=1080x1440, roi=Rect(189, 369 - 891, 1071), focus=FOCUSED, mode=SCAN
09-02 11:29:15.535 28186 28186 D DpmAnalyzer: analyze: THROTTLED by timing gate
09-02 11:29:15.535 28186 28186 D DpmFrameAnalyzer: analyze: result status=THROTTLED, code=null, source=null
09-02 11:29:15.536 28186 28475 D DpmFrameAnalyzer: analyze: frame received, format=35, size=1440x1080, rotation=90
09-02 11:29:15.625 28186 28475 D DpmFrameAnalyzer: analyze: bitmap converted, size=1080x1440, scanRoi=Rect(189, 369 - 891, 1071)
09-02 11:29:15.625 28186 28186 D DpmAnalyzer: analyze: frame=1080x1440, roi=Rect(189, 369 - 891, 1071), focus=FOCUSED, mode=SCAN
09-02 11:29:15.625 28186 28186 D DpmAnalyzer: analyze: THROTTLED by timing gate
09-02 11:29:15.625 28186 28186 D DpmFrameAnalyzer: analyze: result status=THROTTLED, code=null, source=null
09-02 11:29:15.626 28186 28475 D DpmFrameAnalyzer: analyze: frame received, format=35, size=1440x1080, rotation=90
09-02 11:29:15.694 28186 28475 D DpmFrameAnalyzer: analyze: bitmap converted, size=1080x1440, scanRoi=Rect(189, 369 - 891, 1071)
09-02 11:29:15.695 28186 28186 D DpmAnalyzer: analyze: frame=1080x1440, roi=Rect(189, 369 - 891, 1071), focus=FOCUSED, mode=SCAN
09-02 11:29:15.695 28186 28186 D DpmAnalyzer: analyze: THROTTLED by timing gate
09-02 11:29:15.695 28186 28186 D DpmFrameAnalyzer: analyze: result status=THROTTLED, code=null, source=null
09-02 11:29:15.695 28186 28475 D DpmFrameAnalyzer: analyze: frame received, format=35, size=1440x1080, rotation=90
09-02 11:29:15.760 28186 28475 D DpmFrameAnalyzer: analyze: bitmap converted, size=1080x1440, scanRoi=Rect(189, 369 - 891, 1071)
09-02 11:29:15.760 28186 28186 D DpmAnalyzer: analyze: frame=1080x1440, roi=Rect(189, 369 - 891, 1071), focus=FOCUSED, mode=SCAN
09-02 11:29:15.760 28186 28186 D DpmAnalyzer: analyze: starting performMultiStrategyDecode
09-02 11:29:15.760 28186 28186 D DpmAnalyzer: performMultiStrategyDecode: frame=1080x1440, roi=Rect(189, 369 - 891, 1071), strategies=1
09-02 11:29:15.761 28186 28475 D DpmFrameAnalyzer: analyze: frame received, format=35, size=1440x1080, rotation=90
09-02 11:29:15.766 28186 28186 D DpmAnalyzer: Stage1: ROI 702x702 → scaled 400x400
09-02 11:29:15.825 28186 28186 D DpmAnalyzer: Stage1: MISS
09-02 11:29:15.825 28186 28186 D DpmAnalyzer: scanRoi present, skipping full-image stages
09-02 11:29:15.825 28186 28186 D DpmAnalyzer: analyze: decodedCode=null
09-02 11:29:15.825 28186 28186 D DpmFrameAnalyzer: analyze: result status=NO_CODE, code=null, source=null
09-02 11:29:15.827 28186 28475 D DpmFrameAnalyzer: analyze: bitmap converted, size=1080x1440, scanRoi=Rect(189, 369 - 891, 1071)
09-02 11:29:15.827 28186 28186 D DpmAnalyzer: analyze: frame=1080x1440, roi=Rect(189, 369 - 891, 1071), focus=FOCUSED, mode=SCAN
09-02 11:29:15.827 28186 28186 D DpmAnalyzer: analyze: THROTTLED by timing gate
09-02 11:29:15.827 28186 28186 D DpmFrameAnalyzer: analyze: result status=THROTTLED, code=null, source=null
09-02 11:29:15.828 28186 28475 D DpmFrameAnalyzer: analyze: frame received, format=35, size=1440x1080, rotation=90
09-02 11:29:15.910 28186 28475 D DpmFrameAnalyzer: analyze: bitmap converted, size=1080x1440, scanRoi=Rect(189, 369 - 891, 1071)
09-02 11:29:15.910 28186 28186 D DpmAnalyzer: analyze: frame=1080x1440, roi=Rect(189, 369 - 891, 1071), focus=FOCUSED, mode=SCAN
09-02 11:29:15.910 28186 28186 D DpmAnalyzer: analyze: THROTTLED by timing gate
09-02 11:29:15.910 28186 28186 D DpmFrameAnalyzer: analyze: result status=THROTTLED, code=null, source=null
09-02 11:29:15.911 28186 28475 D DpmFrameAnalyzer: analyze: frame received, format=35, size=1440x1080, rotation=90
09-02 11:29:15.981 28186 28475 D DpmFrameAnalyzer: analyze: bitmap converted, size=1080x1440, scanRoi=Rect(189, 369 - 891, 1071)
09-02 11:29:15.981 28186 28186 D DpmAnalyzer: analyze: frame=1080x1440, roi=Rect(189, 369 - 891, 1071), focus=FOCUSED, mode=SCAN
09-02 11:29:15.981 28186 28186 D DpmAnalyzer: analyze: THROTTLED by timing gate
09-02 11:29:15.981 28186 28186 D DpmFrameAnalyzer: analyze: result status=THROTTLED, code=null, source=null
09-02 11:29:15.981 28186 28475 D DpmFrameAnalyzer: analyze: frame received, format=35, size=1440x1080, rotation=90
09-02 11:29:16.049 28186 28475 D DpmFrameAnalyzer: analyze: bitmap converted, size=1080x1440, scanRoi=Rect(189, 369 - 891, 1071)
09-02 11:29:16.049 28186 28186 D DpmAnalyzer: analyze: frame=1080x1440, roi=Rect(189, 369 - 891, 1071), focus=FOCUSED, mode=SCAN
09-02 11:29:16.049 28186 28186 D DpmAnalyzer: analyze: starting performMultiStrategyDecode
09-02 11:29:16.049 28186 28186 D DpmAnalyzer: performMultiStrategyDecode: frame=1080x1440, roi=Rect(189, 369 - 891, 1071), strategies=1
09-02 11:29:16.050 28186 28475 D DpmFrameAnalyzer: analyze: frame received, format=35, size=1440x1080, rotation=90
09-02 11:29:16.075 28186 28186 D DpmAnalyzer: Stage1: ROI 702x702 → scaled 400x400
09-02 11:29:16.116 28186 28475 D DpmFrameAnalyzer: analyze: bitmap converted, size=1080x1440, scanRoi=Rect(189, 369 - 891, 1071)
09-02 11:29:16.117 28186 28186 D DpmAnalyzer: analyze: frame=1080x1440, roi=Rect(189, 369 - 891, 1071), focus=FOCUSED, mode=SCAN
09-02 11:29:16.117 28186 28186 D DpmAnalyzer: analyze: THROTTLED (already running)
09-02 11:29:16.117 28186 28186 D DpmFrameAnalyzer: analyze: result status=THROTTLED, code=null, source=null
09-02 11:29:16.118 28186 28475 D DpmFrameAnalyzer: analyze: frame received, format=35, size=1440x1080, rotation=90
09-02 11:29:16.142 28186 28186 D DpmAnalyzer: Stage1: MISS
09-02 11:29:16.142 28186 28186 D DpmAnalyzer: scanRoi present, skipping full-image stages
09-02 11:29:16.142 28186 28186 D DpmAnalyzer: analyze: decodedCode=null
09-02 11:29:16.142 28186 28186 D DpmFrameAnalyzer: analyze: result status=NO_CODE, code=null, source=null
09-02 11:29:16.208 28186 28475 D DpmFrameAnalyzer: analyze: bitmap converted, size=1080x1440, scanRoi=Rect(189, 369 - 891, 1071)
09-02 11:29:16.209 28186 28186 D DpmAnalyzer: analyze: frame=1080x1440, roi=Rect(189, 369 - 891, 1071), focus=FOCUSED, mode=SCAN
09-02 11:29:16.209 28186 28186 D DpmAnalyzer: analyze: THROTTLED by timing gate
09-02 11:29:16.209 28186 28186 D DpmFrameAnalyzer: analyze: result status=THROTTLED, code=null, source=null
09-02 11:29:16.209 28186 28475 D DpmFrameAnalyzer: analyze: frame received, format=35, size=1440x1080, rotation=90
09-02 11:29:16.285 28186 28475 D DpmFrameAnalyzer: analyze: bitmap converted, size=1080x1440, scanRoi=Rect(189, 369 - 891, 1071)
09-02 11:29:16.285 28186 28186 D DpmAnalyzer: analyze: frame=1080x1440, roi=Rect(189, 369 - 891, 1071), focus=FOCUSED, mode=SCAN
09-02 11:29:16.285 28186 28186 D DpmAnalyzer: analyze: THROTTLED by timing gate
09-02 11:29:16.286 28186 28186 D DpmFrameAnalyzer: analyze: result status=THROTTLED, code=null, source=null
09-02 11:29:16.286 28186 28475 D DpmFrameAnalyzer: analyze: frame received, format=35, size=1440x1080, rotation=90
09-02 11:29:16.353 28186 28475 D DpmFrameAnalyzer: analyze: bitmap converted, size=1080x1440, scanRoi=Rect(189, 369 - 891, 1071)
09-02 11:29:16.353 28186 28186 D DpmAnalyzer: analyze: frame=1080x1440, roi=Rect(189, 369 - 891, 1071), focus=FOCUSED, mode=SCAN
09-02 11:29:16.353 28186 28475 D DpmFrameAnalyzer: analyze: frame received, format=35, size=1440x1080, rotation=90
09-02 11:29:16.354 28186 28186 D DpmAnalyzer: analyze: starting performMultiStrategyDecode
09-02 11:29:16.354 28186 28186 D DpmAnalyzer: performMultiStrategyDecode: frame=1080x1440, roi=Rect(189, 369 - 891, 1071), strategies=1
09-02 11:29:16.373 28186 28186 D DpmAnalyzer: Stage1: ROI 702x702 → scaled 400x400
09-02 11:29:16.419 28186 28475 D DpmFrameAnalyzer: analyze: bitmap converted, size=1080x1440, scanRoi=Rect(189, 369 - 891, 1071)
09-02 11:29:16.419 28186 28186 D DpmAnalyzer: analyze: frame=1080x1440, roi=Rect(189, 369 - 891, 1071), focus=FOCUSED, mode=SCAN
09-02 11:29:16.419 28186 28186 D DpmAnalyzer: analyze: THROTTLED (already running)
09-02 11:29:16.419 28186 28186 D DpmFrameAnalyzer: analyze: result status=THROTTLED, code=null, source=null
09-02 11:29:16.419 28186 28475 D DpmFrameAnalyzer: analyze: frame received, format=35, size=1440x1080, rotation=90
09-02 11:29:16.448 28186 28186 D DpmAnalyzer: Stage1: MISS
09-02 11:29:16.448 28186 28186 D DpmAnalyzer: scanRoi present, skipping full-image stages
09-02 11:29:16.448 28186 28186 D DpmAnalyzer: analyze: decodedCode=null
09-02 11:29:16.448 28186 28186 D DpmFrameAnalyzer: analyze: result status=NO_CODE, code=null, source=null
09-02 11:29:16.497 28186 28475 D DpmFrameAnalyzer: analyze: bitmap converted, size=1080x1440, scanRoi=Rect(189, 369 - 891, 1071)
09-02 11:29:16.497 28186 28186 D DpmAnalyzer: analyze: frame=1080x1440, roi=Rect(189, 369 - 891, 1071), focus=FOCUSED, mode=SCAN
09-02 11:29:16.497 28186 28186 D DpmAnalyzer: analyze: THROTTLED by timing gate
09-02 11:29:16.497 28186 28186 D DpmFrameAnalyzer: analyze: result status=THROTTLED, code=null, source=null
09-02 11:29:16.498 28186 28475 D DpmFrameAnalyzer: analyze: frame received, format=35, size=1440x1080, rotation=90
09-02 11:29:16.573 28186 28475 D DpmFrameAnalyzer: analyze: bitmap converted, size=1080x1440, scanRoi=Rect(189, 369 - 891, 1071)
09-02 11:29:16.573 28186 28186 D DpmAnalyzer: analyze: frame=1080x1440, roi=Rect(189, 369 - 891, 1071), focus=FOCUSED, mode=SCAN
09-02 11:29:16.573 28186 28186 D DpmAnalyzer: analyze: THROTTLED by timing gate
09-02 11:29:16.573 28186 28186 D DpmFrameAnalyzer: analyze: result status=THROTTLED, code=null, source=null
09-02 11:29:16.574 28186 28475 D DpmFrameAnalyzer: analyze: frame received, format=35, size=1440x1080, rotation=90
09-02 11:29:16.636 28186 28475 D DpmFrameAnalyzer: analyze: bitmap converted, size=1080x1440, scanRoi=Rect(189, 369 - 891, 1071)
09-02 11:29:16.637 28186 28186 D DpmAnalyzer: analyze: frame=1080x1440, roi=Rect(189, 369 - 891, 1071), focus=FOCUSED, mode=SCAN
09-02 11:29:16.637 28186 28186 D DpmAnalyzer: analyze: THROTTLED by timing gate
09-02 11:29:16.637 28186 28186 D DpmFrameAnalyzer: analyze: result status=THROTTLED, code=null, source=null
09-02 11:29:16.637 28186 28475 D DpmFrameAnalyzer: analyze: frame received, format=35, size=1440x1080, rotation=90
09-02 11:29:16.701 28186 28475 D DpmFrameAnalyzer: analyze: bitmap converted, size=1080x1440, scanRoi=Rect(189, 369 - 891, 1071)
09-02 11:29:16.702 28186 28186 D DpmAnalyzer: analyze: frame=1080x1440, roi=Rect(189, 369 - 891, 1071), focus=FOCUSED, mode=SCAN
09-02 11:29:16.702 28186 28186 D DpmAnalyzer: analyze: starting performMultiStrategyDecode
09-02 11:29:16.702 28186 28186 D DpmAnalyzer: performMultiStrategyDecode: frame=1080x1440, roi=Rect(189, 369 - 891, 1071), strategies=1
09-02 11:29:16.702 28186 28475 D DpmFrameAnalyzer: analyze: frame received, format=35, size=1440x1080, rotation=90
09-02 11:29:16.719 28186 28186 D DpmAnalyzer: Stage1: ROI 702x702 → scaled 400x400
09-02 11:29:16.761 28186 28186 D DpmAnalyzer: Stage1: MISS
09-02 11:29:16.761 28186 28186 D DpmAnalyzer: scanRoi present, skipping full-image stages
09-02 11:29:16.761 28186 28186 D DpmAnalyzer: analyze: decodedCode=null
09-02 11:29:16.761 28186 28186 D DpmFrameAnalyzer: analyze: result status=NO_CODE, code=null, source=null
09-02 11:29:16.770 28186 28475 D DpmFrameAnalyzer: analyze: bitmap converted, size=1080x1440, scanRoi=Rect(189, 369 - 891, 1071)
09-02 11:29:16.771 28186 28186 D DpmAnalyzer: analyze: frame=1080x1440, roi=Rect(189, 369 - 891, 1071), focus=FOCUSED, mode=SCAN
09-02 11:29:16.771 28186 28186 D DpmAnalyzer: analyze: THROTTLED by timing gate
09-02 11:29:16.771 28186 28186 D DpmFrameAnalyzer: analyze: result status=THROTTLED, code=null, source=null
09-02 11:29:16.771 28186 28475 D DpmFrameAnalyzer: analyze: frame received, format=35, size=1440x1080, rotation=90
09-02 11:29:16.858 28186 28475 D DpmFrameAnalyzer: analyze: bitmap converted, size=1080x1440, scanRoi=Rect(189, 369 - 891, 1071)
09-02 11:29:16.858 28186 28186 D DpmAnalyzer: analyze: frame=1080x1440, roi=Rect(189, 369 - 891, 1071), focus=FOCUSED, mode=SCAN
09-02 11:29:16.858 28186 28186 D DpmAnalyzer: analyze: THROTTLED by timing gate
09-02 11:29:16.858 28186 28186 D DpmFrameAnalyzer: analyze: result status=THROTTLED, code=null, source=null
09-02 11:29:16.859 28186 28475 D DpmFrameAnalyzer: analyze: frame received, format=35, size=1440x1080, rotation=90
09-02 11:29:16.926 28186 28475 D DpmFrameAnalyzer: analyze: bitmap converted, size=1080x1440, scanRoi=Rect(189, 369 - 891, 1071)
09-02 11:29:16.926 28186 28186 D DpmAnalyzer: analyze: frame=1080x1440, roi=Rect(189, 369 - 891, 1071), focus=FOCUSED, mode=SCAN
09-02 11:29:16.926 28186 28186 D DpmAnalyzer: analyze: THROTTLED by timing gate
09-02 11:29:16.927 28186 28186 D DpmFrameAnalyzer: analyze: result status=THROTTLED, code=null, source=null
09-02 11:29:16.927 28186 28475 D DpmFrameAnalyzer: analyze: frame received, format=35, size=1440x1080, rotation=90
09-02 11:29:16.991 28186 28475 D DpmFrameAnalyzer: analyze: bitmap converted, size=1080x1440, scanRoi=Rect(189, 369 - 891, 1071)
09-02 11:29:16.991 28186 28186 D DpmAnalyzer: analyze: frame=1080x1440, roi=Rect(189, 369 - 891, 1071), focus=FOCUSED, mode=SCAN
09-02 11:29:16.991 28186 28186 D DpmAnalyzer: analyze: starting performMultiStrategyDecode
09-02 11:29:16.991 28186 28186 D DpmAnalyzer: performMultiStrategyDecode: frame=1080x1440, roi=Rect(189, 369 - 891, 1071), strategies=1
09-02 11:29:16.991 28186 28475 D DpmFrameAnalyzer: analyze: frame received, format=35, size=1440x1080, rotation=90
09-02 11:29:17.016 28186 28186 D DpmAnalyzer: Stage1: ROI 702x702 → scaled 400x400
09-02 11:29:17.056 28186 28475 D DpmFrameAnalyzer: analyze: bitmap converted, size=1080x1440, scanRoi=Rect(189, 369 - 891, 1071)
09-02 11:29:17.056 28186 28186 D DpmAnalyzer: analyze: frame=1080x1440, roi=Rect(189, 369 - 891, 1071), focus=FOCUSED, mode=SCAN
09-02 11:29:17.056 28186 28186 D DpmAnalyzer: analyze: THROTTLED (already running)
09-02 11:29:17.056 28186 28186 D DpmFrameAnalyzer: analyze: result status=THROTTLED, code=null, source=null
09-02 11:29:17.057 28186 28475 D DpmFrameAnalyzer: analyze: frame received, format=35, size=1440x1080, rotation=90
09-02 11:29:17.073 28186 28186 D DpmAnalyzer: Stage1: MISS
09-02 11:29:17.073 28186 28186 D DpmAnalyzer: scanRoi present, skipping full-image stages
09-02 11:29:17.073 28186 28186 D DpmAnalyzer: analyze: decodedCode=null
09-02 11:29:17.073 28186 28186 D DpmFrameAnalyzer: analyze: result status=NO_CODE, code=null, source=null
09-02 11:29:17.139 28186 28475 D DpmFrameAnalyzer: analyze: bitmap converted, size=1080x1440, scanRoi=Rect(189, 369 - 891, 1071)
09-02 11:29:17.140 28186 28186 D DpmAnalyzer: analyze: frame=1080x1440, roi=Rect(189, 369 - 891, 1071), focus=FOCUSED, mode=SCAN
09-02 11:29:17.140 28186 28186 D DpmAnalyzer: analyze: THROTTLED by timing gate
09-02 11:29:17.140 28186 28186 D DpmFrameAnalyzer: analyze: result status=THROTTLED, code=null, source=null
09-02 11:29:17.140 28186 28475 D DpmFrameAnalyzer: analyze: frame received, format=35, size=1440x1080, rotation=90
09-02 11:29:17.209 28186 28475 D DpmFrameAnalyzer: analyze: bitmap converted, size=1080x1440, scanRoi=Rect(189, 369 - 891, 1071)
09-02 11:29:17.209 28186 28186 D DpmAnalyzer: analyze: frame=1080x1440, roi=Rect(189, 369 - 891, 1071), focus=FOCUSED, mode=SCAN
09-02 11:29:17.209 28186 28186 D DpmAnalyzer: analyze: THROTTLED by timing gate
09-02 11:29:17.209 28186 28186 D DpmFrameAnalyzer: analyze: result status=THROTTLED, code=null, source=null
09-02 11:29:17.209 28186 28475 D DpmFrameAnalyzer: analyze: frame received, format=35, size=1440x1080, rotation=90
09-02 11:29:17.274 28186 28475 D DpmFrameAnalyzer: analyze: bitmap converted, size=1080x1440, scanRoi=Rect(189, 369 - 891, 1071)
09-02 11:29:17.274 28186 28186 D DpmAnalyzer: analyze: frame=1080x1440, roi=Rect(189, 369 - 891, 1071), focus=FOCUSED, mode=SCAN
09-02 11:29:17.274 28186 28186 D DpmAnalyzer: analyze: starting performMultiStrategyDecode
09-02 11:29:17.274 28186 28186 D DpmAnalyzer: performMultiStrategyDecode: frame=1080x1440, roi=Rect(189, 369 - 891, 1071), strategies=1
09-02 11:29:17.274 28186 28475 D DpmFrameAnalyzer: analyze: frame received, format=35, size=1440x1080, rotation=90
09-02 11:29:17.299 28186 28186 D DpmAnalyzer: Stage1: ROI 702x702 → scaled 400x400
09-02 11:29:17.341 28186 28475 D DpmFrameAnalyzer: analyze: bitmap converted, size=1080x1440, scanRoi=Rect(189, 369 - 891, 1071)
09-02 11:29:17.342 28186 28475 D DpmFrameAnalyzer: analyze: frame received, format=35, size=1440x1080, rotation=90
09-02 11:29:17.343 28186 28186 D DpmAnalyzer: analyze: frame=1080x1440, roi=Rect(189, 369 - 891, 1071), focus=FOCUSED, mode=SCAN
09-02 11:29:17.343 28186 28186 D DpmAnalyzer: analyze: THROTTLED (already running)
09-02 11:29:17.343 28186 28186 D DpmFrameAnalyzer: analyze: result status=THROTTLED, code=null, source=null
09-02 11:29:17.358 28186 28186 D DpmAnalyzer: Stage1: MISS
09-02 11:29:17.358 28186 28186 D DpmAnalyzer: scanRoi present, skipping full-image stages
09-02 11:29:17.358 28186 28186 D DpmAnalyzer: analyze: decodedCode=null
09-02 11:29:17.358 28186 28186 D DpmFrameAnalyzer: analyze: result status=NO_CODE, code=null, source=null
09-02 11:29:17.438 28186 28475 D DpmFrameAnalyzer: analyze: bitmap converted, size=1080x1440, scanRoi=Rect(189, 369 - 891, 1071)
09-02 11:29:17.438 28186 28186 D DpmAnalyzer: analyze: frame=1080x1440, roi=Rect(189, 369 - 891, 1071), focus=FOCUSED, mode=SCAN
09-02 11:29:17.438 28186 28186 D DpmAnalyzer: analyze: THROTTLED by timing gate
09-02 11:29:17.438 28186 28186 D DpmFrameAnalyzer: analyze: result status=THROTTLED, code=null, source=null
09-02 11:29:17.439 28186 28475 D DpmFrameAnalyzer: analyze: frame received, format=35, size=1440x1080, rotation=90
09-02 11:29:17.515 28186 28475 D DpmFrameAnalyzer: analyze: bitmap converted, size=1080x1440, scanRoi=Rect(189, 369 - 891, 1071)
09-02 11:29:17.516 28186 28186 D DpmAnalyzer: analyze: frame=1080x1440, roi=Rect(189, 369 - 891, 1071), focus=FOCUSED, mode=SCAN
09-02 11:29:17.516 28186 28186 D DpmAnalyzer: analyze: THROTTLED by timing gate
09-02 11:29:17.516 28186 28186 D DpmFrameAnalyzer: analyze: result status=THROTTLED, code=null, source=null
09-02 11:29:17.516 28186 28475 D DpmFrameAnalyzer: analyze: frame received, format=35, size=1440x1080, rotation=90
09-02 11:29:17.581 28186 28475 D DpmFrameAnalyzer: analyze: bitmap converted, size=1080x1440, scanRoi=Rect(189, 369 - 891, 1071)
09-02 11:29:17.581 28186 28186 D DpmAnalyzer: analyze: frame=1080x1440, roi=Rect(189, 369 - 891, 1071), focus=FOCUSED, mode=SCAN
09-02 11:29:17.581 28186 28186 D DpmAnalyzer: analyze: starting performMultiStrategyDecode
09-02 11:29:17.581 28186 28186 D DpmAnalyzer: performMultiStrategyDecode: frame=1080x1440, roi=Rect(189, 369 - 891, 1071), strategies=1
09-02 11:29:17.585 28186 28475 D DpmFrameAnalyzer: analyze: frame received, format=35, size=1440x1080, rotation=90
09-02 11:29:17.600 28186 28186 D DpmAnalyzer: Stage1: ROI 702x702 → scaled 400x400
09-02 11:29:17.651 28186 28475 D DpmFrameAnalyzer: analyze: bitmap converted, size=1080x1440, scanRoi=Rect(189, 369 - 891, 1071)
09-02 11:29:17.652 28186 28475 D DpmFrameAnalyzer: analyze: frame received, format=35, size=1440x1080, rotation=90
09-02 11:29:17.663 28186 28186 D DpmAnalyzer: Stage1: MISS
09-02 11:29:17.663 28186 28186 D DpmAnalyzer: scanRoi present, skipping full-image stages
09-02 11:29:17.663 28186 28186 D DpmAnalyzer: analyze: decodedCode=null
09-02 11:29:17.663 28186 28186 D DpmFrameAnalyzer: analyze: result status=NO_CODE, code=null, source=null
09-02 11:29:17.664 28186 28186 D DpmAnalyzer: analyze: frame=1080x1440, roi=Rect(189, 369 - 891, 1071), focus=FOCUSED, mode=SCAN
09-02 11:29:17.664 28186 28186 D DpmAnalyzer: analyze: THROTTLED by timing gate
09-02 11:29:17.664 28186 28186 D DpmFrameAnalyzer: analyze: result status=THROTTLED, code=null, source=null
09-02 11:29:17.738 28186 28475 D DpmFrameAnalyzer: analyze: bitmap converted, size=1080x1440, scanRoi=Rect(189, 369 - 891, 1071)
09-02 11:29:17.738 28186 28186 D DpmAnalyzer: analyze: frame=1080x1440, roi=Rect(189, 369 - 891, 1071), focus=FOCUSED, mode=SCAN
09-02 11:29:17.738 28186 28186 D DpmAnalyzer: analyze: THROTTLED by timing gate
09-02 11:29:17.738 28186 28186 D DpmFrameAnalyzer: analyze: result status=THROTTLED, code=null, source=null
09-02 11:29:17.738 28186 28475 D DpmFrameAnalyzer: analyze: frame received, format=35, size=1440x1080, rotation=90
09-02 11:29:17.807 28186 28475 D DpmFrameAnalyzer: analyze: bitmap converted, size=1080x1440, scanRoi=Rect(189, 369 - 891, 1071)
09-02 11:29:17.808 28186 28186 D DpmAnalyzer: analyze: frame=1080x1440, roi=Rect(189, 369 - 891, 1071), focus=FOCUSED, mode=SCAN
09-02 11:29:17.808 28186 28186 D DpmAnalyzer: analyze: THROTTLED by timing gate
09-02 11:29:17.808 28186 28186 D DpmFrameAnalyzer: analyze: result status=THROTTLED, code=null, source=null
09-02 11:29:17.808 28186 28475 D DpmFrameAnalyzer: analyze: frame received, format=35, size=1440x1080, rotation=90
09-02 11:29:17.874 28186 28475 D DpmFrameAnalyzer: analyze: bitmap converted, size=1080x1440, scanRoi=Rect(189, 369 - 891, 1071)
09-02 11:29:17.874 28186 28186 D DpmAnalyzer: analyze: frame=1080x1440, roi=Rect(189, 369 - 891, 1071), focus=FOCUSED, mode=SCAN
09-02 11:29:17.874 28186 28186 D DpmAnalyzer: analyze: starting performMultiStrategyDecode
09-02 11:29:17.874 28186 28186 D DpmAnalyzer: performMultiStrategyDecode: frame=1080x1440, roi=Rect(189, 369 - 891, 1071), strategies=1
09-02 11:29:17.875 28186 28475 D DpmFrameAnalyzer: analyze: frame received, format=35, size=1440x1080, rotation=90
09-02 11:29:17.899 28186 28186 D DpmAnalyzer: Stage1: ROI 702x702 → scaled 400x400
09-02 11:29:17.938 28186 28186 D DpmAnalyzer: Stage1: MISS
09-02 11:29:17.938 28186 28186 D DpmAnalyzer: scanRoi present, skipping full-image stages
09-02 11:29:17.938 28186 28186 D DpmAnalyzer: analyze: decodedCode=null
09-02 11:29:17.938 28186 28186 D DpmFrameAnalyzer: analyze: result status=NO_CODE, code=null, source=null
09-02 11:29:17.940 28186 28475 D DpmFrameAnalyzer: analyze: bitmap converted, size=1080x1440, scanRoi=Rect(189, 369 - 891, 1071)
09-02 11:29:17.941 28186 28186 D DpmAnalyzer: analyze: frame=1080x1440, roi=Rect(189, 369 - 891, 1071), focus=FOCUSED, mode=SCAN
09-02 11:29:17.941 28186 28186 D DpmAnalyzer: analyze: THROTTLED by timing gate
09-02 11:29:17.941 28186 28186 D DpmFrameAnalyzer: analyze: result status=THROTTLED, code=null, source=null
09-02 11:29:17.941 28186 28475 D DpmFrameAnalyzer: analyze: frame received, format=35, size=1440x1080, rotation=90
09-02 11:29:18.010 28186 28475 D DpmFrameAnalyzer: analyze: bitmap converted, size=1080x1440, scanRoi=Rect(189, 369 - 891, 1071)
09-02 11:29:18.010 28186 28186 D DpmAnalyzer: analyze: frame=1080x1440, roi=Rect(189, 369 - 891, 1071), focus=FOCUSED, mode=SCAN
09-02 11:29:18.010 28186 28186 D DpmAnalyzer: analyze: THROTTLED by timing gate
09-02 11:29:18.010 28186 28186 D DpmFrameAnalyzer: analyze: result status=THROTTLED, code=null, source=null
09-02 11:29:18.011 28186 28475 D DpmFrameAnalyzer: analyze: frame received, format=35, size=1440x1080, rotation=90
09-02 11:29:18.083 28186 28475 D DpmFrameAnalyzer: analyze: bitmap converted, size=1080x1440, scanRoi=Rect(189, 369 - 891, 1071)
09-02 11:29:18.083 28186 28186 D DpmAnalyzer: analyze: frame=1080x1440, roi=Rect(189, 369 - 891, 1071), focus=FOCUSED, mode=SCAN
09-02 11:29:18.084 28186 28186 D DpmAnalyzer: analyze: THROTTLED by timing gate
09-02 11:29:18.084 28186 28186 D DpmFrameAnalyzer: analyze: result status=THROTTLED, code=null, source=null
09-02 11:29:18.084 28186 28475 D DpmFrameAnalyzer: analyze: frame received, format=35, size=1440x1080, rotation=90
09-02 11:29:18.152 28186 28475 D DpmFrameAnalyzer: analyze: bitmap converted, size=1080x1440, scanRoi=Rect(189, 369 - 891, 1071)
09-02 11:29:18.152 28186 28186 D DpmAnalyzer: analyze: frame=1080x1440, roi=Rect(189, 369 - 891, 1071), focus=FOCUSED, mode=SCAN
09-02 11:29:18.152 28186 28186 D DpmAnalyzer: analyze: starting performMultiStrategyDecode
09-02 11:29:18.152 28186 28186 D DpmAnalyzer: performMultiStrategyDecode: frame=1080x1440, roi=Rect(189, 369 - 891, 1071), strategies=1
09-02 11:29:18.152 28186 28475 D DpmFrameAnalyzer: analyze: frame received, format=35, size=1440x1080, rotation=90
09-02 11:29:18.162 28186 28186 D DpmAnalyzer: Stage1: ROI 702x702 → scaled 400x400
09-02 11:29:18.217 28186 28475 D DpmFrameAnalyzer: analyze: bitmap converted, size=1080x1440, scanRoi=Rect(189, 369 - 891, 1071)
09-02 11:29:18.217 28186 28186 D DpmAnalyzer: analyze: frame=1080x1440, roi=Rect(189, 369 - 891, 1071), focus=FOCUSED, mode=SCAN
09-02 11:29:18.217 28186 28186 D DpmAnalyzer: analyze: THROTTLED (already running)
09-02 11:29:18.217 28186 28186 D DpmFrameAnalyzer: analyze: result status=THROTTLED, code=null, source=null
09-02 11:29:18.217 28186 28475 D DpmFrameAnalyzer: analyze: frame received, format=35, size=1440x1080, rotation=90
09-02 11:29:18.228 28186 28186 D DpmAnalyzer: Stage1: MISS
09-02 11:29:18.228 28186 28186 D DpmAnalyzer: scanRoi present, skipping full-image stages
09-02 11:29:18.228 28186 28186 D DpmAnalyzer: analyze: decodedCode=null
09-02 11:29:18.228 28186 28186 D DpmFrameAnalyzer: analyze: result status=NO_CODE, code=null, source=null
09-02 11:29:18.294 28186 28475 D DpmFrameAnalyzer: analyze: bitmap converted, size=1080x1440, scanRoi=Rect(189, 369 - 891, 1071)
09-02 11:29:18.294 28186 28186 D DpmAnalyzer: analyze: frame=1080x1440, roi=Rect(189, 369 - 891, 1071), focus=FOCUSED, mode=SCAN
09-02 11:29:18.294 28186 28186 D DpmAnalyzer: analyze: THROTTLED by timing gate
09-02 11:29:18.294 28186 28186 D DpmFrameAnalyzer: analyze: result status=THROTTLED, code=null, source=null
09-02 11:29:18.295 28186 28475 D DpmFrameAnalyzer: analyze: frame received, format=35, size=1440x1080, rotation=90
09-02 11:29:18.364 28186 28475 D DpmFrameAnalyzer: analyze: bitmap converted, size=1080x1440, scanRoi=Rect(189, 369 - 891, 1071)
09-02 11:29:18.364 28186 28186 D DpmAnalyzer: analyze: frame=1080x1440, roi=Rect(189, 369 - 891, 1071), focus=FOCUSED, mode=SCAN
09-02 11:29:18.365 28186 28186 D DpmAnalyzer: analyze: THROTTLED by timing gate
09-02 11:29:18.365 28186 28186 D DpmFrameAnalyzer: analyze: result status=THROTTLED, code=null, source=null
09-02 11:29:18.365 28186 28475 D DpmFrameAnalyzer: analyze: frame received, format=35, size=1440x1080, rotation=90
09-02 11:29:18.430 28186 28475 D DpmFrameAnalyzer: analyze: bitmap converted, size=1080x1440, scanRoi=Rect(189, 369 - 891, 1071)
09-02 11:29:18.430 28186 28186 D DpmAnalyzer: analyze: frame=1080x1440, roi=Rect(189, 369 - 891, 1071), focus=FOCUSED, mode=SCAN
09-02 11:29:18.430 28186 28186 D DpmAnalyzer: analyze: starting performMultiStrategyDecode
09-02 11:29:18.430 28186 28186 D DpmAnalyzer: performMultiStrategyDecode: frame=1080x1440, roi=Rect(189, 369 - 891, 1071), strategies=1
09-02 11:29:18.431 28186 28475 D DpmFrameAnalyzer: analyze: frame received, format=35, size=1440x1080, rotation=90
09-02 11:29:18.441 28186 28186 D DpmAnalyzer: Stage1: ROI 702x702 → scaled 400x400
09-02 11:29:18.497 28186 28475 D DpmFrameAnalyzer: analyze: bitmap converted, size=1080x1440, scanRoi=Rect(189, 369 - 891, 1071)
09-02 11:29:18.498 28186 28186 D DpmAnalyzer: Stage1: MISS
09-02 11:29:18.498 28186 28186 D DpmAnalyzer: scanRoi present, skipping full-image stages
09-02 11:29:18.498 28186 28475 D DpmFrameAnalyzer: analyze: frame received, format=35, size=1440x1080, rotation=90
09-02 11:29:18.498 28186 28186 D DpmAnalyzer: analyze: decodedCode=null
09-02 11:29:18.498 28186 28186 D DpmFrameAnalyzer: analyze: result status=NO_CODE, code=null, source=null
09-02 11:29:18.500 28186 28186 D DpmAnalyzer: analyze: frame=1080x1440, roi=Rect(189, 369 - 891, 1071), focus=FOCUSED, mode=SCAN
09-02 11:29:18.500 28186 28186 D DpmAnalyzer: analyze: THROTTLED by timing gate
09-02 11:29:18.500 28186 28186 D DpmFrameAnalyzer: analyze: result status=THROTTLED, code=null, source=null
09-02 11:29:18.583 28186 28475 D DpmFrameAnalyzer: analyze: bitmap converted, size=1080x1440, scanRoi=Rect(189, 369 - 891, 1071)
09-02 11:29:18.584 28186 28186 D DpmAnalyzer: analyze: frame=1080x1440, roi=Rect(189, 369 - 891, 1071), focus=FOCUSED, mode=SCAN
09-02 11:29:18.584 28186 28186 D DpmAnalyzer: analyze: THROTTLED by timing gate
09-02 11:29:18.584 28186 28186 D DpmFrameAnalyzer: analyze: result status=THROTTLED, code=null, source=null
09-02 11:29:18.584 28186 28475 D DpmFrameAnalyzer: analyze: frame received, format=35, size=1440x1080, rotation=90
09-02 11:29:18.659 28186 28475 D DpmFrameAnalyzer: analyze: bitmap converted, size=1080x1440, scanRoi=Rect(189, 369 - 891, 1071)
09-02 11:29:18.660 28186 28186 D DpmAnalyzer: analyze: frame=1080x1440, roi=Rect(189, 369 - 891, 1071), focus=FOCUSED, mode=SCAN
09-02 11:29:18.660 28186 28186 D DpmAnalyzer: analyze: THROTTLED by timing gate
09-02 11:29:18.660 28186 28186 D DpmFrameAnalyzer: analyze: result status=THROTTLED, code=null, source=null
09-02 11:29:18.660 28186 28475 D DpmFrameAnalyzer: analyze: frame received, format=35, size=1440x1080, rotation=90
09-02 11:29:18.725 28186 28475 D DpmFrameAnalyzer: analyze: bitmap converted, size=1080x1440, scanRoi=Rect(189, 369 - 891, 1071)
09-02 11:29:18.725 28186 28186 D DpmAnalyzer: analyze: frame=1080x1440, roi=Rect(189, 369 - 891, 1071), focus=FOCUSED, mode=SCAN
09-02 11:29:18.725 28186 28186 D DpmAnalyzer: analyze: starting performMultiStrategyDecode
09-02 11:29:18.725 28186 28186 D DpmAnalyzer: performMultiStrategyDecode: frame=1080x1440, roi=Rect(189, 369 - 891, 1071), strategies=1
09-02 11:29:18.725 28186 28475 D DpmFrameAnalyzer: analyze: frame received, format=35, size=1440x1080, rotation=90
09-02 11:29:18.738 28186 28186 D DpmAnalyzer: Stage1: ROI 702x702 → scaled 400x400
09-02 11:29:18.796 28186 28475 D DpmFrameAnalyzer: analyze: bitmap converted, size=1080x1440, scanRoi=Rect(189, 369 - 891, 1071)
09-02 11:29:18.797 28186 28475 D DpmFrameAnalyzer: analyze: frame received, format=35, size=1440x1080, rotation=90
09-02 11:29:18.802 28186 28186 D DpmAnalyzer: Stage1: MISS
09-02 11:29:18.802 28186 28186 D DpmAnalyzer: scanRoi present, skipping full-image stages
09-02 11:29:18.802 28186 28186 D DpmAnalyzer: analyze: decodedCode=null
09-02 11:29:18.802 28186 28186 D DpmFrameAnalyzer: analyze: result status=NO_CODE, code=null, source=null
09-02 11:29:18.803 28186 28186 D DpmAnalyzer: analyze: frame=1080x1440, roi=Rect(189, 369 - 891, 1071), focus=FOCUSED, mode=SCAN
09-02 11:29:18.804 28186 28186 D DpmAnalyzer: analyze: THROTTLED by timing gate
09-02 11:29:18.804 28186 28186 D DpmFrameAnalyzer: analyze: result status=THROTTLED, code=null, source=null
09-02 11:29:18.875 28186 28475 D DpmFrameAnalyzer: analyze: bitmap converted, size=1080x1440, scanRoi=Rect(189, 369 - 891, 1071)
09-02 11:29:18.876 28186 28186 D DpmAnalyzer: analyze: frame=1080x1440, roi=Rect(189, 369 - 891, 1071), focus=FOCUSED, mode=SCAN
09-02 11:29:18.876 28186 28186 D DpmAnalyzer: analyze: THROTTLED by timing gate
09-02 11:29:18.876 28186 28475 D DpmFrameAnalyzer: analyze: frame received, format=35, size=1440x1080, rotation=90
09-02 11:29:18.876 28186 28186 D DpmFrameAnalyzer: analyze: result status=THROTTLED, code=null, source=null
09-02 11:29:18.946 28186 28475 D DpmFrameAnalyzer: analyze: bitmap converted, size=1080x1440, scanRoi=Rect(189, 369 - 891, 1071)
09-02 11:29:18.946 28186 28186 D DpmAnalyzer: analyze: frame=1080x1440, roi=Rect(189, 369 - 891, 1071), focus=FOCUSED, mode=SCAN
09-02 11:29:18.946 28186 28186 D DpmAnalyzer: analyze: THROTTLED by timing gate
09-02 11:29:18.946 28186 28186 D DpmFrameAnalyzer: analyze: result status=THROTTLED, code=null, source=null
09-02 11:29:18.947 28186 28475 D DpmFrameAnalyzer: analyze: frame received, format=35, size=1440x1080, rotation=90
09-02 11:29:19.011 28186 28475 D DpmFrameAnalyzer: analyze: bitmap converted, size=1080x1440, scanRoi=Rect(189, 369 - 891, 1071)
09-02 11:29:19.011 28186 28186 D DpmAnalyzer: analyze: frame=1080x1440, roi=Rect(189, 369 - 891, 1071), focus=FOCUSED, mode=SCAN
09-02 11:29:19.011 28186 28186 D DpmAnalyzer: analyze: starting performMultiStrategyDecode
09-02 11:29:19.011 28186 28186 D DpmAnalyzer: performMultiStrategyDecode: frame=1080x1440, roi=Rect(189, 369 - 891, 1071), strategies=1
09-02 11:29:19.012 28186 28475 D DpmFrameAnalyzer: analyze: frame received, format=35, size=1440x1080, rotation=90
09-02 11:29:19.021 28186 28186 D DpmAnalyzer: Stage1: ROI 702x702 → scaled 400x400
09-02 11:29:19.064 28186 28186 D DpmAnalyzer: Stage1: MISS
09-02 11:29:19.064 28186 28186 D DpmAnalyzer: scanRoi present, skipping full-image stages
09-02 11:29:19.064 28186 28186 D DpmAnalyzer: analyze: decodedCode=null
09-02 11:29:19.064 28186 28186 D DpmFrameAnalyzer: analyze: result status=NO_CODE, code=null, source=null
09-02 11:29:19.101 28186 28475 D DpmFrameAnalyzer: analyze: bitmap converted, size=1080x1440, scanRoi=Rect(189, 369 - 891, 1071)
09-02 11:29:19.102 28186 28186 D DpmAnalyzer: analyze: frame=1080x1440, roi=Rect(189, 369 - 891, 1071), focus=FOCUSED, mode=SCAN
09-02 11:29:19.102 28186 28186 D DpmAnalyzer: analyze: THROTTLED by timing gate
09-02 11:29:19.102 28186 28186 D DpmFrameAnalyzer: analyze: result status=THROTTLED, code=null, source=null
09-02 11:29:19.102 28186 28475 D DpmFrameAnalyzer: analyze: frame received, format=35, size=1440x1080, rotation=90
09-02 11:29:19.182 28186 28475 D DpmFrameAnalyzer: analyze: bitmap converted, size=1080x1440, scanRoi=Rect(189, 369 - 891, 1071)
09-02 11:29:19.183 28186 28186 D DpmAnalyzer: analyze: frame=1080x1440, roi=Rect(189, 369 - 891, 1071), focus=FOCUSED, mode=SCAN
09-02 11:29:19.183 28186 28186 D DpmAnalyzer: analyze: THROTTLED by timing gate
09-02 11:29:19.183 28186 28186 D DpmFrameAnalyzer: analyze: result status=THROTTLED, code=null, source=null
09-02 11:29:19.183 28186 28475 D DpmFrameAnalyzer: analyze: frame received, format=35, size=1440x1080, rotation=90
09-02 11:29:19.248 28186 28475 D DpmFrameAnalyzer: analyze: bitmap converted, size=1080x1440, scanRoi=Rect(189, 369 - 891, 1071)
09-02 11:29:19.249 28186 28186 D DpmAnalyzer: analyze: frame=1080x1440, roi=Rect(189, 369 - 891, 1071), focus=FOCUSED, mode=SCAN
09-02 11:29:19.249 28186 28186 D DpmAnalyzer: analyze: THROTTLED by timing gate
09-02 11:29:19.249 28186 28186 D DpmFrameAnalyzer: analyze: result status=THROTTLED, code=null, source=null
09-02 11:29:19.249 28186 28475 D DpmFrameAnalyzer: analyze: frame received, format=35, size=1440x1080, rotation=90
09-02 11:29:19.326 28186 28475 D DpmFrameAnalyzer: analyze: bitmap converted, size=1080x1440, scanRoi=Rect(189, 369 - 891, 1071)
09-02 11:29:19.327 28186 28186 D DpmAnalyzer: analyze: frame=1080x1440, roi=Rect(189, 369 - 891, 1071), focus=FOCUSED, mode=SCAN
09-02 11:29:19.327 28186 28186 D DpmAnalyzer: analyze: starting performMultiStrategyDecode
09-02 11:29:19.327 28186 28186 D DpmAnalyzer: performMultiStrategyDecode: frame=1080x1440, roi=Rect(189, 369 - 891, 1071), strategies=1
09-02 11:29:19.327 28186 28475 D DpmFrameAnalyzer: analyze: frame received, format=35, size=1440x1080, rotation=90
09-02 11:29:19.343 28186 28186 D DpmAnalyzer: Stage1: ROI 702x702 → scaled 400x400
09-02 11:29:19.402 28186 28475 D DpmFrameAnalyzer: analyze: bitmap converted, size=1080x1440, scanRoi=Rect(189, 369 - 891, 1071)
09-02 11:29:19.403 28186 28186 D DpmAnalyzer: analyze: frame=1080x1440, roi=Rect(189, 369 - 891, 1071), focus=FOCUSED, mode=SCAN
09-02 11:29:19.403 28186 28186 D DpmAnalyzer: analyze: THROTTLED (already running)
09-02 11:29:19.403 28186 28186 D DpmFrameAnalyzer: analyze: result status=THROTTLED, code=null, source=null
09-02 11:29:19.405 28186 28475 D DpmFrameAnalyzer: analyze: frame received, format=35, size=1440x1080, rotation=90
09-02 11:29:19.406 28186 28186 D DpmAnalyzer: Stage1: MISS
09-02 11:29:19.406 28186 28186 D DpmAnalyzer: scanRoi present, skipping full-image stages
09-02 11:29:19.406 28186 28186 D DpmAnalyzer: analyze: decodedCode=null
09-02 11:29:19.406 28186 28186 D DpmFrameAnalyzer: analyze: result status=NO_CODE, code=null, source=null
09-02 11:29:19.494 28186 28475 D DpmFrameAnalyzer: analyze: bitmap converted, size=1080x1440, scanRoi=Rect(189, 369 - 891, 1071)
09-02 11:29:19.494 28186 28186 D DpmAnalyzer: analyze: frame=1080x1440, roi=Rect(189, 369 - 891, 1071), focus=FOCUSED, mode=SCAN
09-02 11:29:19.494 28186 28186 D DpmAnalyzer: analyze: THROTTLED by timing gate
09-02 11:29:19.494 28186 28186 D DpmFrameAnalyzer: analyze: result status=THROTTLED, code=null, source=null
09-02 11:29:19.495 28186 28475 D DpmFrameAnalyzer: analyze: frame received, format=35, size=1440x1080, rotation=90
09-02 11:29:19.566 28186 28475 D DpmFrameAnalyzer: analyze: bitmap converted, size=1080x1440, scanRoi=Rect(189, 369 - 891, 1071)
09-02 11:29:19.567 28186 28186 D DpmAnalyzer: analyze: frame=1080x1440, roi=Rect(189, 369 - 891, 1071), focus=FOCUSED, mode=SCAN
09-02 11:29:19.567 28186 28186 D DpmAnalyzer: analyze: THROTTLED by timing gate
09-02 11:29:19.567 28186 28186 D DpmFrameAnalyzer: analyze: result status=THROTTLED, code=null, source=null
09-02 11:29:19.567 28186 28475 D DpmFrameAnalyzer: analyze: frame received, format=35, size=1440x1080, rotation=90
09-02 11:29:19.633 28186 28475 D DpmFrameAnalyzer: analyze: bitmap converted, size=1080x1440, scanRoi=Rect(189, 369 - 891, 1071)
09-02 11:29:19.633 28186 28186 D DpmAnalyzer: analyze: frame=1080x1440, roi=Rect(189, 369 - 891, 1071), focus=FOCUSED, mode=SCAN
09-02 11:29:19.633 28186 28186 D DpmAnalyzer: analyze: starting performMultiStrategyDecode
09-02 11:29:19.634 28186 28186 D DpmAnalyzer: performMultiStrategyDecode: frame=1080x1440, roi=Rect(189, 369 - 891, 1071), strategies=1
09-02 11:29:19.634 28186 28475 D DpmFrameAnalyzer: analyze: frame received, format=35, size=1440x1080, rotation=90
09-02 11:29:19.659 28186 28186 D DpmAnalyzer: Stage1: ROI 702x702 → scaled 400x400
09-02 11:29:19.700 28186 28475 D DpmFrameAnalyzer: analyze: bitmap converted, size=1080x1440, scanRoi=Rect(189, 369 - 891, 1071)
09-02 11:29:19.700 28186 28186 D DpmAnalyzer: analyze: frame=1080x1440, roi=Rect(189, 369 - 891, 1071), focus=FOCUSED, mode=SCAN
09-02 11:29:19.700 28186 28186 D DpmAnalyzer: analyze: THROTTLED (already running)
09-02 11:29:19.700 28186 28186 D DpmFrameAnalyzer: analyze: result status=THROTTLED, code=null, source=null
09-02 11:29:19.701 28186 28475 D DpmFrameAnalyzer: analyze: frame received, format=35, size=1440x1080, rotation=90
09-02 11:29:19.714 28186 28186 D DpmAnalyzer: Stage1: MISS
09-02 11:29:19.714 28186 28186 D DpmAnalyzer: scanRoi present, skipping full-image stages
09-02 11:29:19.714 28186 28186 D DpmAnalyzer: analyze: decodedCode=null
09-02 11:29:19.714 28186 28186 D DpmFrameAnalyzer: analyze: result status=NO_CODE, code=null, source=null
09-02 11:29:19.781 28186 28475 D DpmFrameAnalyzer: analyze: bitmap converted, size=1080x1440, scanRoi=Rect(189, 369 - 891, 1071)
09-02 11:29:19.782 28186 28186 D DpmAnalyzer: analyze: frame=1080x1440, roi=Rect(189, 369 - 891, 1071), focus=FOCUSED, mode=SCAN
09-02 11:29:19.782 28186 28186 D DpmAnalyzer: analyze: THROTTLED by timing gate
09-02 11:29:19.782 28186 28186 D DpmFrameAnalyzer: analyze: result status=THROTTLED, code=null, source=null
09-02 11:29:19.782 28186 28475 D DpmFrameAnalyzer: analyze: frame received, format=35, size=1440x1080, rotation=90
09-02 11:29:19.861 28186 28475 D DpmFrameAnalyzer: analyze: bitmap converted, size=1080x1440, scanRoi=Rect(189, 369 - 891, 1071)
09-02 11:29:19.862 28186 28186 D DpmAnalyzer: analyze: frame=1080x1440, roi=Rect(189, 369 - 891, 1071), focus=FOCUSED, mode=SCAN
09-02 11:29:19.862 28186 28186 D DpmAnalyzer: analyze: THROTTLED by timing gate
09-02 11:29:19.862 28186 28186 D DpmFrameAnalyzer: analyze: result status=THROTTLED, code=null, source=null
09-02 11:29:19.862 28186 28475 D DpmFrameAnalyzer: analyze: frame received, format=35, size=1440x1080, rotation=90
09-02 11:29:19.928 28186 28475 D DpmFrameAnalyzer: analyze: bitmap converted, size=1080x1440, scanRoi=Rect(189, 369 - 891, 1071)
09-02 11:29:19.929 28186 28186 D DpmAnalyzer: analyze: frame=1080x1440, roi=Rect(189, 369 - 891, 1071), focus=FOCUSED, mode=SCAN
09-02 11:29:19.929 28186 28186 D DpmAnalyzer: analyze: starting performMultiStrategyDecode
09-02 11:29:19.929 28186 28186 D DpmAnalyzer: performMultiStrategyDecode: frame=1080x1440, roi=Rect(189, 369 - 891, 1071), strategies=1
09-02 11:29:19.929 28186 28475 D DpmFrameAnalyzer: analyze: frame received, format=35, size=1440x1080, rotation=90
09-02 11:29:19.951 28186 28186 D DpmAnalyzer: Stage1: ROI 702x702 → scaled 400x400
09-02 11:29:19.995 28186 28475 D DpmFrameAnalyzer: analyze: bitmap converted, size=1080x1440, scanRoi=Rect(189, 369 - 891, 1071)
09-02 11:29:19.996 28186 28186 D DpmAnalyzer: analyze: frame=1080x1440, roi=Rect(189, 369 - 891, 1071), focus=FOCUSED, mode=SCAN
09-02 11:29:19.996 28186 28186 D DpmAnalyzer: analyze: THROTTLED (already running)
09-02 11:29:19.996 28186 28186 D DpmFrameAnalyzer: analyze: result status=THROTTLED, code=null, source=null
09-02 11:29:19.996 28186 28475 D DpmFrameAnalyzer: analyze: frame received, format=35, size=1440x1080, rotation=90
09-02 11:29:20.030 28186 28186 D DpmAnalyzer: Stage1: MISS
09-02 11:29:20.030 28186 28186 D DpmAnalyzer: scanRoi present, skipping full-image stages
09-02 11:29:20.030 28186 28186 D DpmAnalyzer: analyze: decodedCode=null
09-02 11:29:20.030 28186 28186 D DpmFrameAnalyzer: analyze: result status=NO_CODE, code=null, source=null
09-02 11:29:20.086 28186 28475 D DpmFrameAnalyzer: analyze: bitmap converted, size=1080x1440, scanRoi=Rect(189, 369 - 891, 1071)
09-02 11:29:20.087 28186 28186 D DpmAnalyzer: analyze: frame=1080x1440, roi=Rect(189, 369 - 891, 1071), focus=FOCUSED, mode=SCAN
09-02 11:29:20.087 28186 28186 D DpmAnalyzer: analyze: THROTTLED by timing gate
09-02 11:29:20.087 28186 28186 D DpmFrameAnalyzer: analyze: result status=THROTTLED, code=null, source=null
09-02 11:29:20.087 28186 28475 D DpmFrameAnalyzer: analyze: frame received, format=35, size=1440x1080, rotation=90
09-02 11:29:20.156 28186 28475 D DpmFrameAnalyzer: analyze: bitmap converted, size=1080x1440, scanRoi=Rect(189, 369 - 891, 1071)
09-02 11:29:20.156 28186 28186 D DpmAnalyzer: analyze: frame=1080x1440, roi=Rect(189, 369 - 891, 1071), focus=FOCUSED, mode=SCAN
09-02 11:29:20.156 28186 28186 D DpmAnalyzer: analyze: THROTTLED by timing gate
09-02 11:29:20.156 28186 28186 D DpmFrameAnalyzer: analyze: result status=THROTTLED, code=null, source=null
09-02 11:29:20.157 28186 28475 D DpmFrameAnalyzer: analyze: frame received, format=35, size=1440x1080, rotation=90
09-02 11:29:20.221 28186 28475 D DpmFrameAnalyzer: analyze: bitmap converted, size=1080x1440, scanRoi=Rect(189, 369 - 891, 1071)
09-02 11:29:20.222 28186 28186 D DpmAnalyzer: analyze: frame=1080x1440, roi=Rect(189, 369 - 891, 1071), focus=FOCUSED, mode=SCAN
09-02 11:29:20.222 28186 28186 D DpmAnalyzer: analyze: THROTTLED by timing gate
09-02 11:29:20.222 28186 28186 D DpmFrameAnalyzer: analyze: result status=THROTTLED, code=null, source=null
09-02 11:29:20.222 28186 28475 D DpmFrameAnalyzer: analyze: frame received, format=35, size=1440x1080, rotation=90
09-02 11:29:20.286 28186 28475 D DpmFrameAnalyzer: analyze: bitmap converted, size=1080x1440, scanRoi=Rect(189, 369 - 891, 1071)
09-02 11:29:20.286 28186 28186 D DpmAnalyzer: analyze: frame=1080x1440, roi=Rect(189, 369 - 891, 1071), focus=FOCUSED, mode=SCAN
09-02 11:29:20.286 28186 28186 D DpmAnalyzer: analyze: starting performMultiStrategyDecode
09-02 11:29:20.286 28186 28186 D DpmAnalyzer: performMultiStrategyDecode: frame=1080x1440, roi=Rect(189, 369 - 891, 1071), strategies=1
09-02 11:29:20.287 28186 28475 D DpmFrameAnalyzer: analyze: frame received, format=35, size=1440x1080, rotation=90
09-02 11:29:20.302 28186 28186 D DpmAnalyzer: Stage1: ROI 702x702 → scaled 400x400
09-02 11:29:20.348 28186 28186 D DpmAnalyzer: Stage1: MISS
09-02 11:29:20.348 28186 28186 D DpmAnalyzer: scanRoi present, skipping full-image stages
09-02 11:29:20.348 28186 28186 D DpmAnalyzer: analyze: decodedCode=null
09-02 11:29:20.348 28186 28186 D DpmFrameAnalyzer: analyze: result status=NO_CODE, code=null, source=null
09-02 11:29:20.362 28186 28475 D DpmFrameAnalyzer: analyze: bitmap converted, size=1080x1440, scanRoi=Rect(189, 369 - 891, 1071)
09-02 11:29:20.362 28186 28186 D DpmAnalyzer: analyze: frame=1080x1440, roi=Rect(189, 369 - 891, 1071), focus=FOCUSED, mode=SCAN
09-02 11:29:20.363 28186 28186 D DpmAnalyzer: analyze: THROTTLED by timing gate
09-02 11:29:20.363 28186 28186 D DpmFrameAnalyzer: analyze: result status=THROTTLED, code=null, source=null
09-02 11:29:20.363 28186 28475 D DpmFrameAnalyzer: analyze: frame received, format=35, size=1440x1080, rotation=90
09-02 11:29:20.455 28186 28475 D DpmFrameAnalyzer: analyze: bitmap converted, size=1080x1440, scanRoi=Rect(189, 369 - 891, 1071)
09-02 11:29:20.456 28186 28186 D DpmAnalyzer: analyze: frame=1080x1440, roi=Rect(189, 369 - 891, 1071), focus=FOCUSED, mode=SCAN
09-02 11:29:20.456 28186 28186 D DpmAnalyzer: analyze: THROTTLED by timing gate
09-02 11:29:20.456 28186 28186 D DpmFrameAnalyzer: analyze: result status=THROTTLED, code=null, source=null
09-02 11:29:20.456 28186 28475 D DpmFrameAnalyzer: analyze: frame received, format=35, size=1440x1080, rotation=90
09-02 11:29:20.520 28186 28475 D DpmFrameAnalyzer: analyze: bitmap converted, size=1080x1440, scanRoi=Rect(189, 369 - 891, 1071)
09-02 11:29:20.521 28186 28186 D DpmAnalyzer: analyze: frame=1080x1440, roi=Rect(189, 369 - 891, 1071), focus=FOCUSED, mode=SCAN
09-02 11:29:20.521 28186 28186 D DpmAnalyzer: analyze: THROTTLED by timing gate
09-02 11:29:20.521 28186 28186 D DpmFrameAnalyzer: analyze: result status=THROTTLED, code=null, source=null
09-02 11:29:20.521 28186 28475 D DpmFrameAnalyzer: analyze: frame received, format=35, size=1440x1080, rotation=90
09-02 11:29:20.601 28186 28475 D DpmFrameAnalyzer: analyze: bitmap converted, size=1080x1440, scanRoi=Rect(189, 369 - 891, 1071)
09-02 11:29:20.601 28186 28186 D DpmAnalyzer: analyze: frame=1080x1440, roi=Rect(189, 369 - 891, 1071), focus=FOCUSED, mode=SCAN
09-02 11:29:20.602 28186 28186 D DpmAnalyzer: analyze: starting performMultiStrategyDecode
09-02 11:29:20.602 28186 28186 D DpmAnalyzer: performMultiStrategyDecode: frame=1080x1440, roi=Rect(189, 369 - 891, 1071), strategies=1
09-02 11:29:20.602 28186 28475 D DpmFrameAnalyzer: analyze: frame received, format=35, size=1440x1080, rotation=90
09-02 11:29:20.618 28186 28186 D DpmAnalyzer: Stage1: ROI 702x702 → scaled 400x400
09-02 11:29:20.681 28186 28475 D DpmFrameAnalyzer: analyze: bitmap converted, size=1080x1440, scanRoi=Rect(189, 369 - 891, 1071)
09-02 11:29:20.681 28186 28186 D DpmAnalyzer: analyze: frame=1080x1440, roi=Rect(189, 369 - 891, 1071), focus=FOCUSED, mode=SCAN
09-02 11:29:20.681 28186 28186 D DpmAnalyzer: analyze: THROTTLED (already running)
09-02 11:29:20.681 28186 28186 D DpmFrameAnalyzer: analyze: result status=THROTTLED, code=null, source=null
09-02 11:29:20.681 28186 28475 D DpmFrameAnalyzer: analyze: frame received, format=35, size=1440x1080, rotation=90
09-02 11:29:20.684 28186 28186 D DpmAnalyzer: Stage1: MISS
09-02 11:29:20.684 28186 28186 D DpmAnalyzer: scanRoi present, skipping full-image stages
09-02 11:29:20.684 28186 28186 D DpmAnalyzer: analyze: decodedCode=null
09-02 11:29:20.684 28186 28186 D DpmFrameAnalyzer: analyze: result status=NO_CODE, code=null, source=null
09-02 11:29:20.772 28186 28475 D DpmFrameAnalyzer: analyze: bitmap converted, size=1080x1440, scanRoi=Rect(189, 369 - 891, 1071)
09-02 11:29:20.772 28186 28186 D DpmAnalyzer: analyze: frame=1080x1440, roi=Rect(189, 369 - 891, 1071), focus=FOCUSED, mode=SCAN
09-02 11:29:20.772 28186 28186 D DpmAnalyzer: analyze: THROTTLED by timing gate
09-02 11:29:20.772 28186 28186 D DpmFrameAnalyzer: analyze: result status=THROTTLED, code=null, source=null
09-02 11:29:20.773 28186 28475 D DpmFrameAnalyzer: analyze: frame received, format=35, size=1440x1080, rotation=90
09-02 11:29:20.864 28186 28475 D DpmFrameAnalyzer: analyze: bitmap converted, size=1080x1440, scanRoi=Rect(189, 369 - 891, 1071)
09-02 11:29:20.865 28186 28186 D DpmAnalyzer: analyze: frame=1080x1440, roi=Rect(189, 369 - 891, 1071), focus=FOCUSED, mode=SCAN
09-02 11:29:20.865 28186 28186 D DpmAnalyzer: analyze: THROTTLED by timing gate
09-02 11:29:20.865 28186 28186 D DpmFrameAnalyzer: analyze: result status=THROTTLED, code=null, source=null
09-02 11:29:20.865 28186 28475 D DpmFrameAnalyzer: analyze: frame received, format=35, size=1440x1080, rotation=90
09-02 11:29:20.953 28186 28475 D DpmFrameAnalyzer: analyze: bitmap converted, size=1080x1440, scanRoi=Rect(189, 369 - 891, 1071)
09-02 11:29:20.954 28186 28186 D DpmAnalyzer: analyze: frame=1080x1440, roi=Rect(189, 369 - 891, 1071), focus=FOCUSED, mode=SCAN
09-02 11:29:20.954 28186 28186 D DpmAnalyzer: analyze: starting performMultiStrategyDecode
09-02 11:29:20.954 28186 28186 D DpmAnalyzer: performMultiStrategyDecode: frame=1080x1440, roi=Rect(189, 369 - 891, 1071), strategies=1
09-02 11:29:20.954 28186 28475 D DpmFrameAnalyzer: analyze: frame received, format=35, size=1440x1080, rotation=90
09-02 11:29:20.971 28186 28186 D DpmAnalyzer: Stage1: ROI 702x702 → scaled 400x400
09-02 11:29:21.020 28186 28475 D DpmFrameAnalyzer: analyze: bitmap converted, size=1080x1440, scanRoi=Rect(189, 369 - 891, 1071)
09-02 11:29:21.021 28186 28186 D DpmAnalyzer: analyze: frame=1080x1440, roi=Rect(189, 369 - 891, 1071), focus=FOCUSED, mode=SCAN
09-02 11:29:21.021 28186 28186 D DpmAnalyzer: analyze: THROTTLED (already running)
09-02 11:29:21.021 28186 28186 D DpmFrameAnalyzer: analyze: result status=THROTTLED, code=null, source=null
09-02 11:29:21.021 28186 28475 D DpmFrameAnalyzer: analyze: frame received, format=35, size=1440x1080, rotation=90
09-02 11:29:21.042 28186 28186 D DpmAnalyzer: Stage1: MISS
09-02 11:29:21.042 28186 28186 D DpmAnalyzer: scanRoi present, skipping full-image stages
09-02 11:29:21.042 28186 28186 D DpmAnalyzer: analyze: decodedCode=null
09-02 11:29:21.042 28186 28186 D DpmFrameAnalyzer: analyze: result status=NO_CODE, code=null, source=null
09-02 11:29:21.100 28186 28475 D DpmFrameAnalyzer: analyze: bitmap converted, size=1080x1440, scanRoi=Rect(189, 369 - 891, 1071)
09-02 11:29:21.101 28186 28186 D DpmAnalyzer: analyze: frame=1080x1440, roi=Rect(189, 369 - 891, 1071), focus=FOCUSED, mode=SCAN
09-02 11:29:21.101 28186 28186 D DpmAnalyzer: analyze: THROTTLED by timing gate
09-02 11:29:21.101 28186 28186 D DpmFrameAnalyzer: analyze: result status=THROTTLED, code=null, source=null
09-02 11:29:21.101 28186 28475 D DpmFrameAnalyzer: analyze: frame received, format=35, size=1440x1080, rotation=90
09-02 11:29:21.182 28186 28475 D DpmFrameAnalyzer: analyze: bitmap converted, size=1080x1440, scanRoi=Rect(189, 369 - 891, 1071)
09-02 11:29:21.182 28186 28186 D DpmAnalyzer: analyze: frame=1080x1440, roi=Rect(189, 369 - 891, 1071), focus=FOCUSED, mode=SCAN
09-02 11:29:21.182 28186 28186 D DpmAnalyzer: analyze: THROTTLED by timing gate
09-02 11:29:21.182 28186 28186 D DpmFrameAnalyzer: analyze: result status=THROTTLED, code=null, source=null
09-02 11:29:21.183 28186 28475 D DpmFrameAnalyzer: analyze: frame received, format=35, size=1440x1080, rotation=90
09-02 11:29:21.249 28186 28475 D DpmFrameAnalyzer: analyze: bitmap converted, size=1080x1440, scanRoi=Rect(189, 369 - 891, 1071)
09-02 11:29:21.250 28186 28186 D DpmAnalyzer: analyze: frame=1080x1440, roi=Rect(189, 369 - 891, 1071), focus=FOCUSED, mode=SCAN
09-02 11:29:21.250 28186 28186 D DpmAnalyzer: analyze: starting performMultiStrategyDecode
09-02 11:29:21.250 28186 28186 D DpmAnalyzer: performMultiStrategyDecode: frame=1080x1440, roi=Rect(189, 369 - 891, 1071), strategies=1
09-02 11:29:21.250 28186 28475 D DpmFrameAnalyzer: analyze: frame received, format=35, size=1440x1080, rotation=90
09-02 11:29:21.260 28186 28186 D DpmAnalyzer: Stage1: ROI 702x702 → scaled 400x400
09-02 11:29:21.323 28186 28475 D DpmFrameAnalyzer: analyze: bitmap converted, size=1080x1440, scanRoi=Rect(189, 369 - 891, 1071)
09-02 11:29:21.325 28186 28475 D DpmFrameAnalyzer: analyze: frame received, format=35, size=1440x1080, rotation=90
09-02 11:29:21.325 28186 28186 D DpmAnalyzer: Stage1: MISS
09-02 11:29:21.325 28186 28186 D DpmAnalyzer: scanRoi present, skipping full-image stages
09-02 11:29:21.325 28186 28186 D DpmAnalyzer: analyze: decodedCode=null
09-02 11:29:21.325 28186 28186 D DpmFrameAnalyzer: analyze: result status=NO_CODE, code=null, source=null
09-02 11:29:21.328 28186 28186 D DpmAnalyzer: analyze: frame=1080x1440, roi=Rect(189, 369 - 891, 1071), focus=FOCUSED, mode=SCAN
09-02 11:29:21.328 28186 28186 D DpmAnalyzer: analyze: THROTTLED by timing gate
09-02 11:29:21.328 28186 28186 D DpmFrameAnalyzer: analyze: result status=THROTTLED, code=null, source=null
09-02 11:29:21.413 28186 28475 D DpmFrameAnalyzer: analyze: bitmap converted, size=1080x1440, scanRoi=Rect(189, 369 - 891, 1071)
09-02 11:29:21.413 28186 28186 D DpmAnalyzer: analyze: frame=1080x1440, roi=Rect(189, 369 - 891, 1071), focus=FOCUSED, mode=SCAN
09-02 11:29:21.413 28186 28186 D DpmAnalyzer: analyze: THROTTLED by timing gate
09-02 11:29:21.413 28186 28186 D DpmFrameAnalyzer: analyze: result status=THROTTLED, code=null, source=null
09-02 11:29:21.413 28186 28475 D DpmFrameAnalyzer: analyze: frame received, format=35, size=1440x1080, rotation=90
09-02 11:29:21.485 28186 28475 D DpmFrameAnalyzer: analyze: bitmap converted, size=1080x1440, scanRoi=Rect(189, 369 - 891, 1071)
09-02 11:29:21.485 28186 28186 D DpmAnalyzer: analyze: frame=1080x1440, roi=Rect(189, 369 - 891, 1071), focus=FOCUSED, mode=SCAN
09-02 11:29:21.485 28186 28186 D DpmAnalyzer: analyze: THROTTLED by timing gate
09-02 11:29:21.485 28186 28186 D DpmFrameAnalyzer: analyze: result status=THROTTLED, code=null, source=null
09-02 11:29:21.485 28186 28475 D DpmFrameAnalyzer: analyze: frame received, format=35, size=1440x1080, rotation=90
09-02 11:29:21.552 28186 28475 D DpmFrameAnalyzer: analyze: bitmap converted, size=1080x1440, scanRoi=Rect(189, 369 - 891, 1071)
09-02 11:29:21.553 28186 28186 D DpmAnalyzer: analyze: frame=1080x1440, roi=Rect(189, 369 - 891, 1071), focus=FOCUSED, mode=SCAN
09-02 11:29:21.553 28186 28186 D DpmAnalyzer: analyze: starting performMultiStrategyDecode
09-02 11:29:21.553 28186 28186 D DpmAnalyzer: performMultiStrategyDecode: frame=1080x1440, roi=Rect(189, 369 - 891, 1071), strategies=1
09-02 11:29:21.553 28186 28475 D DpmFrameAnalyzer: analyze: frame received, format=35, size=1440x1080, rotation=90
09-02 11:29:21.574 28186 28186 D DpmAnalyzer: Stage1: ROI 702x702 → scaled 400x400
09-02 11:29:21.621 28186 28475 D DpmFrameAnalyzer: analyze: bitmap converted, size=1080x1440, scanRoi=Rect(189, 369 - 891, 1071)
09-02 11:29:21.621 28186 28186 D DpmAnalyzer: analyze: frame=1080x1440, roi=Rect(189, 369 - 891, 1071), focus=FOCUSED, mode=SCAN
09-02 11:29:21.621 28186 28186 D DpmAnalyzer: analyze: THROTTLED (already running)
09-02 11:29:21.621 28186 28186 D DpmFrameAnalyzer: analyze: result status=THROTTLED, code=null, source=null
09-02 11:29:21.622 28186 28475 D DpmFrameAnalyzer: analyze: frame received, format=35, size=1440x1080, rotation=90
09-02 11:29:21.628 28186 28186 D DpmAnalyzer: Stage1: MISS
09-02 11:29:21.628 28186 28186 D DpmAnalyzer: scanRoi present, skipping full-image stages
09-02 11:29:21.628 28186 28186 D DpmAnalyzer: analyze: decodedCode=null
09-02 11:29:21.628 28186 28186 D DpmFrameAnalyzer: analyze: result status=NO_CODE, code=null, source=null
09-02 11:29:21.697 28186 28475 D DpmFrameAnalyzer: analyze: bitmap converted, size=1080x1440, scanRoi=Rect(189, 369 - 891, 1071)
09-02 11:29:21.697 28186 28186 D DpmAnalyzer: analyze: frame=1080x1440, roi=Rect(189, 369 - 891, 1071), focus=FOCUSED, mode=SCAN
09-02 11:29:21.697 28186 28186 D DpmAnalyzer: analyze: THROTTLED by timing gate
09-02 11:29:21.697 28186 28186 D DpmFrameAnalyzer: analyze: result status=THROTTLED, code=null, source=null
09-02 11:29:21.698 28186 28475 D DpmFrameAnalyzer: analyze: frame received, format=35, size=1440x1080, rotation=90
09-02 11:29:21.772 28186 28475 D DpmFrameAnalyzer: analyze: bitmap converted, size=1080x1440, scanRoi=Rect(189, 369 - 891, 1071)
09-02 11:29:21.772 28186 28186 D DpmAnalyzer: analyze: frame=1080x1440, roi=Rect(189, 369 - 891, 1071), focus=FOCUSED, mode=SCAN
09-02 11:29:21.772 28186 28186 D DpmAnalyzer: analyze: THROTTLED by timing gate
09-02 11:29:21.772 28186 28186 D DpmFrameAnalyzer: analyze: result status=THROTTLED, code=null, source=null
09-02 11:29:21.773 28186 28475 D DpmFrameAnalyzer: analyze: frame received, format=35, size=1440x1080, rotation=90
09-02 11:29:21.848 28186 28475 D DpmFrameAnalyzer: analyze: bitmap converted, size=1080x1440, scanRoi=Rect(189, 369 - 891, 1071)
09-02 11:29:21.848 28186 28186 D DpmAnalyzer: analyze: frame=1080x1440, roi=Rect(189, 369 - 891, 1071), focus=FOCUSED, mode=SCAN
09-02 11:29:21.848 28186 28186 D DpmAnalyzer: analyze: starting performMultiStrategyDecode
09-02 11:29:21.848 28186 28186 D DpmAnalyzer: performMultiStrategyDecode: frame=1080x1440, roi=Rect(189, 369 - 891, 1071), strategies=1
09-02 11:29:21.848 28186 28475 D DpmFrameAnalyzer: analyze: frame received, format=35, size=1440x1080, rotation=90
09-02 11:29:21.863 28186 28186 D DpmAnalyzer: Stage1: ROI 702x702 → scaled 400x400
09-02 11:29:21.921 28186 28475 D DpmFrameAnalyzer: analyze: bitmap converted, size=1080x1440, scanRoi=Rect(189, 369 - 891, 1071)
09-02 11:29:21.921 28186 28186 D DpmAnalyzer: analyze: frame=1080x1440, roi=Rect(189, 369 - 891, 1071), focus=FOCUSED, mode=SCAN
09-02 11:29:21.921 28186 28186 D DpmAnalyzer: analyze: THROTTLED (already running)
09-02 11:29:21.921 28186 28186 D DpmFrameAnalyzer: analyze: result status=THROTTLED, code=null, source=null
09-02 11:29:21.922 28186 28475 D DpmFrameAnalyzer: analyze: frame received, format=35, size=1440x1080, rotation=90
09-02 11:29:21.927 28186 28186 D DpmAnalyzer: Stage1: MISS
09-02 11:29:21.927 28186 28186 D DpmAnalyzer: scanRoi present, skipping full-image stages
09-02 11:29:21.927 28186 28186 D DpmAnalyzer: analyze: decodedCode=null
09-02 11:29:21.927 28186 28186 D DpmFrameAnalyzer: analyze: result status=NO_CODE, code=null, source=null
09-02 11:29:22.015 28186 28475 D DpmFrameAnalyzer: analyze: bitmap converted, size=1080x1440, scanRoi=Rect(189, 369 - 891, 1071)
09-02 11:29:22.016 28186 28186 D DpmAnalyzer: analyze: frame=1080x1440, roi=Rect(189, 369 - 891, 1071), focus=FOCUSED, mode=SCAN
09-02 11:29:22.016 28186 28186 D DpmAnalyzer: analyze: THROTTLED by timing gate
09-02 11:29:22.016 28186 28186 D DpmFrameAnalyzer: analyze: result status=THROTTLED, code=null, source=null
09-02 11:29:22.016 28186 28475 D DpmFrameAnalyzer: analyze: frame received, format=35, size=1440x1080, rotation=90
09-02 11:29:22.095 28186 28475 D DpmFrameAnalyzer: analyze: bitmap converted, size=1080x1440, scanRoi=Rect(189, 369 - 891, 1071)
09-02 11:29:22.096 28186 28186 D DpmAnalyzer: analyze: frame=1080x1440, roi=Rect(189, 369 - 891, 1071), focus=FOCUSED, mode=SCAN
09-02 11:29:22.096 28186 28186 D DpmAnalyzer: analyze: THROTTLED by timing gate
09-02 11:29:22.096 28186 28186 D DpmFrameAnalyzer: analyze: result status=THROTTLED, code=null, source=null
09-02 11:29:22.096 28186 28475 D DpmFrameAnalyzer: analyze: frame received, format=35, size=1440x1080, rotation=90
09-02 11:29:22.164 28186 28475 D DpmFrameAnalyzer: analyze: bitmap converted, size=1080x1440, scanRoi=Rect(189, 369 - 891, 1071)
09-02 11:29:22.164 28186 28186 D DpmAnalyzer: analyze: frame=1080x1440, roi=Rect(189, 369 - 891, 1071), focus=FOCUSED, mode=SCAN
09-02 11:29:22.164 28186 28186 D DpmAnalyzer: analyze: starting performMultiStrategyDecode
09-02 11:29:22.164 28186 28186 D DpmAnalyzer: performMultiStrategyDecode: frame=1080x1440, roi=Rect(189, 369 - 891, 1071), strategies=1
09-02 11:29:22.165 28186 28475 D DpmFrameAnalyzer: analyze: frame received, format=35, size=1440x1080, rotation=90
09-02 11:29:22.182 28186 28186 D DpmAnalyzer: Stage1: ROI 702x702 → scaled 400x400
09-02 11:29:22.243 28186 28475 D DpmFrameAnalyzer: analyze: bitmap converted, size=1080x1440, scanRoi=Rect(189, 369 - 891, 1071)
09-02 11:29:22.244 28186 28186 D DpmAnalyzer: analyze: frame=1080x1440, roi=Rect(189, 369 - 891, 1071), focus=FOCUSED, mode=SCAN
09-02 11:29:22.244 28186 28186 D DpmAnalyzer: analyze: THROTTLED (already running)
09-02 11:29:22.244 28186 28186 D DpmFrameAnalyzer: analyze: result status=THROTTLED, code=null, source=null
09-02 11:29:22.244 28186 28475 D DpmFrameAnalyzer: analyze: frame received, format=35, size=1440x1080, rotation=90
09-02 11:29:22.248 28186 28186 D DpmAnalyzer: Stage1: MISS
09-02 11:29:22.248 28186 28186 D DpmAnalyzer: scanRoi present, skipping full-image stages
09-02 11:29:22.248 28186 28186 D DpmAnalyzer: analyze: decodedCode=null
09-02 11:29:22.248 28186 28186 D DpmFrameAnalyzer: analyze: result status=NO_CODE, code=null, source=null
09-02 11:29:22.331 28186 28475 D DpmFrameAnalyzer: analyze: bitmap converted, size=1080x1440, scanRoi=Rect(189, 369 - 891, 1071)
09-02 11:29:22.332 28186 28186 D DpmAnalyzer: analyze: frame=1080x1440, roi=Rect(189, 369 - 891, 1071), focus=FOCUSED, mode=SCAN
09-02 11:29:22.332 28186 28186 D DpmAnalyzer: analyze: THROTTLED by timing gate
09-02 11:29:22.332 28186 28186 D DpmFrameAnalyzer: analyze: result status=THROTTLED, code=null, source=null
09-02 11:29:22.332 28186 28475 D DpmFrameAnalyzer: analyze: frame received, format=35, size=1440x1080, rotation=90
09-02 11:29:22.405 28186 28475 D DpmFrameAnalyzer: analyze: bitmap converted, size=1080x1440, scanRoi=Rect(189, 369 - 891, 1071)
09-02 11:29:22.405 28186 28186 D DpmAnalyzer: analyze: frame=1080x1440, roi=Rect(189, 369 - 891, 1071), focus=FOCUSED, mode=SCAN
09-02 11:29:22.405 28186 28186 D DpmAnalyzer: analyze: THROTTLED by timing gate
09-02 11:29:22.405 28186 28186 D DpmFrameAnalyzer: analyze: result status=THROTTLED, code=null, source=null
09-02 11:29:22.406 28186 28475 D DpmFrameAnalyzer: analyze: frame received, format=35, size=1440x1080, rotation=90
09-02 11:29:22.480 28186 28475 D DpmFrameAnalyzer: analyze: bitmap converted, size=1080x1440, scanRoi=Rect(189, 369 - 891, 1071)
09-02 11:29:22.481 28186 28186 D DpmAnalyzer: analyze: frame=1080x1440, roi=Rect(189, 369 - 891, 1071), focus=FOCUSED, mode=SCAN
09-02 11:29:22.481 28186 28186 D DpmAnalyzer: analyze: starting performMultiStrategyDecode
09-02 11:29:22.481 28186 28475 D DpmFrameAnalyzer: analyze: frame received, format=35, size=1440x1080, rotation=90
09-02 11:29:22.481 28186 28186 D DpmAnalyzer: performMultiStrategyDecode: frame=1080x1440, roi=Rect(189, 369 - 891, 1071), strategies=1
09-02 11:29:22.496 28186 28186 D DpmAnalyzer: Stage1: ROI 702x702 → scaled 400x400
09-02 11:29:22.557 28186 28475 D DpmFrameAnalyzer: analyze: bitmap converted, size=1080x1440, scanRoi=Rect(189, 369 - 891, 1071)
09-02 11:29:22.557 28186 28475 D DpmFrameAnalyzer: analyze: frame received, format=35, size=1440x1080, rotation=90
09-02 11:29:22.652 28186 28475 D DpmFrameAnalyzer: analyze: bitmap converted, size=1080x1440, scanRoi=Rect(189, 369 - 891, 1071)
09-02 11:29:23.009 28186 28186 D DpmAnalyzer: Stage1: MISS
09-02 11:29:23.009 28186 28186 D DpmAnalyzer: scanRoi present, skipping full-image stages
09-02 11:29:23.009 28186 28186 D DpmAnalyzer: analyze: decodedCode=null
09-02 11:29:23.009 28186 28186 D DpmFrameAnalyzer: analyze: result status=NO_CODE, code=null, source=null
09-02 11:29:23.010 28186 28186 D DpmAnalyzer: analyze: frame=1080x1440, roi=Rect(189, 369 - 891, 1071), focus=FOCUSED, mode=SCAN
09-02 11:29:23.011 28186 28186 D DpmAnalyzer: analyze: THROTTLED by timing gate
09-02 11:29:23.011 28186 28186 D DpmFrameAnalyzer: analyze: result status=THROTTLED, code=null, source=null
09-02 11:29:23.011 28186 28186 D DpmAnalyzer: analyze: frame=1080x1440, roi=Rect(189, 369 - 891, 1071), focus=FOCUSED, mode=SCAN
09-02 11:29:23.011 28186 28186 D DpmAnalyzer: analyze: THROTTLED by timing gate
09-02 11:29:23.011 28186 28186 D DpmFrameAnalyzer: analyze: result status=THROTTLED, code=null, source=null
09-02 11:29:23.015 28186 28475 D DpmFrameAnalyzer: analyze: frame received, format=35, size=1440x1080, rotation=90
09-02 11:29:23.099 28186 28475 D DpmFrameAnalyzer: analyze: bitmap converted, size=1080x1440, scanRoi=Rect(189, 369 - 891, 1071)
09-02 11:29:23.099 28186 28186 D DpmAnalyzer: analyze: frame=1080x1440, roi=Rect(189, 369 - 891, 1071), focus=FOCUSED, mode=SCAN
09-02 11:29:23.099 28186 28186 D DpmAnalyzer: analyze: THROTTLED by timing gate
09-02 11:29:23.099 28186 28186 D DpmFrameAnalyzer: analyze: result status=THROTTLED, code=null, source=null
09-02 11:29:23.100 28186 28475 D DpmFrameAnalyzer: analyze: frame received, format=35, size=1440x1080, rotation=90
09-02 11:29:23.180 28186 28475 D DpmFrameAnalyzer: analyze: bitmap converted, size=1080x1440, scanRoi=Rect(189, 369 - 891, 1071)
09-02 11:29:23.180 28186 28186 D DpmAnalyzer: analyze: frame=1080x1440, roi=Rect(189, 369 - 891, 1071), focus=FOCUSED, mode=SCAN
09-02 11:29:23.180 28186 28186 D DpmAnalyzer: analyze: THROTTLED by timing gate
09-02 11:29:23.180 28186 28186 D DpmFrameAnalyzer: analyze: result status=THROTTLED, code=null, source=null
09-02 11:29:23.181 28186 28475 D DpmFrameAnalyzer: analyze: frame received, format=35, size=1440x1080, rotation=90
09-02 11:29:23.251 28186 28475 D DpmFrameAnalyzer: analyze: bitmap converted, size=1080x1440, scanRoi=Rect(189, 369 - 891, 1071)
09-02 11:29:23.251 28186 28186 D DpmAnalyzer: analyze: frame=1080x1440, roi=Rect(189, 369 - 891, 1071), focus=FOCUSED, mode=SCAN
09-02 11:29:23.251 28186 28186 D DpmAnalyzer: analyze: starting performMultiStrategyDecode
09-02 11:29:23.251 28186 28186 D DpmAnalyzer: performMultiStrategyDecode: frame=1080x1440, roi=Rect(189, 369 - 891, 1071), strategies=1
09-02 11:29:23.251 28186 28475 D DpmFrameAnalyzer: analyze: frame received, format=35, size=1440x1080, rotation=90
09-02 11:29:23.258 28186 28186 D DpmAnalyzer: Stage1: ROI 702x702 → scaled 400x400
09-02 11:29:23.318 28186 28186 D DpmAnalyzer: Stage1: MISS
09-02 11:29:23.318 28186 28186 D DpmAnalyzer: scanRoi present, skipping full-image stages
09-02 11:29:23.318 28186 28186 D DpmAnalyzer: analyze: decodedCode=null
09-02 11:29:23.318 28186 28186 D DpmFrameAnalyzer: analyze: result status=NO_CODE, code=null, source=null
09-02 11:29:23.332 28186 28475 D DpmFrameAnalyzer: analyze: bitmap converted, size=1080x1440, scanRoi=Rect(189, 369 - 891, 1071)
09-02 11:29:23.332 28186 28186 D DpmAnalyzer: analyze: frame=1080x1440, roi=Rect(189, 369 - 891, 1071), focus=FOCUSED, mode=SCAN
09-02 11:29:23.332 28186 28186 D DpmAnalyzer: analyze: THROTTLED by timing gate
09-02 11:29:23.332 28186 28186 D DpmFrameAnalyzer: analyze: result status=THROTTLED, code=null, source=null
09-02 11:29:23.333 28186 28475 D DpmFrameAnalyzer: analyze: frame received, format=35, size=1440x1080, rotation=90
09-02 11:29:23.421 28186 28475 D DpmFrameAnalyzer: analyze: bitmap converted, size=1080x1440, scanRoi=Rect(189, 369 - 891, 1071)
09-02 11:29:23.422 28186 28186 D DpmAnalyzer: analyze: frame=1080x1440, roi=Rect(189, 369 - 891, 1071), focus=FOCUSED, mode=SCAN
09-02 11:29:23.422 28186 28186 D DpmAnalyzer: analyze: THROTTLED by timing gate
09-02 11:29:23.422 28186 28186 D DpmFrameAnalyzer: analyze: result status=THROTTLED, code=null, source=null
09-02 11:29:23.422 28186 28475 D DpmFrameAnalyzer: analyze: frame received, format=35, size=1440x1080, rotation=90
09-02 11:29:23.498 28186 28475 D DpmFrameAnalyzer: analyze: bitmap converted, size=1080x1440, scanRoi=Rect(189, 369 - 891, 1071)
09-02 11:29:23.499 28186 28186 D DpmAnalyzer: analyze: frame=1080x1440, roi=Rect(189, 369 - 891, 1071), focus=FOCUSED, mode=SCAN
09-02 11:29:23.499 28186 28186 D DpmAnalyzer: analyze: THROTTLED by timing gate
09-02 11:29:23.499 28186 28186 D DpmFrameAnalyzer: analyze: result status=THROTTLED, code=null, source=null
09-02 11:29:23.499 28186 28475 D DpmFrameAnalyzer: analyze: frame received, format=35, size=1440x1080, rotation=90
09-02 11:29:23.567 28186 28475 D DpmFrameAnalyzer: analyze: bitmap converted, size=1080x1440, scanRoi=Rect(189, 369 - 891, 1071)
09-02 11:29:23.568 28186 28186 D DpmAnalyzer: analyze: frame=1080x1440, roi=Rect(189, 369 - 891, 1071), focus=FOCUSED, mode=SCAN
09-02 11:29:23.568 28186 28186 D DpmAnalyzer: analyze: starting performMultiStrategyDecode
09-02 11:29:23.568 28186 28186 D DpmAnalyzer: performMultiStrategyDecode: frame=1080x1440, roi=Rect(189, 369 - 891, 1071), strategies=1
09-02 11:29:23.568 28186 28475 D DpmFrameAnalyzer: analyze: frame received, format=35, size=1440x1080, rotation=90
09-02 11:29:23.580 28186 28186 D DpmAnalyzer: Stage1: ROI 702x702 → scaled 400x400
09-02 11:29:23.639 28186 28186 D DpmAnalyzer: Stage1: MISS
09-02 11:29:23.639 28186 28186 D DpmAnalyzer: scanRoi present, skipping full-image stages
09-02 11:29:23.639 28186 28186 D DpmAnalyzer: analyze: decodedCode=null
09-02 11:29:23.639 28186 28186 D DpmFrameAnalyzer: analyze: result status=NO_CODE, code=null, source=null
09-02 11:29:23.641 28186 28475 D DpmFrameAnalyzer: analyze: bitmap converted, size=1080x1440, scanRoi=Rect(189, 369 - 891, 1071)
09-02 11:29:23.641 28186 28186 D DpmAnalyzer: analyze: frame=1080x1440, roi=Rect(189, 369 - 891, 1071), focus=FOCUSED, mode=SCAN
09-02 11:29:23.642 28186 28186 D DpmAnalyzer: analyze: THROTTLED by timing gate
09-02 11:29:23.642 28186 28186 D DpmFrameAnalyzer: analyze: result status=THROTTLED, code=null, source=null
09-02 11:29:23.642 28186 28475 D DpmFrameAnalyzer: analyze: frame received, format=35, size=1440x1080, rotation=90
09-02 11:29:23.739 28186 28475 D DpmFrameAnalyzer: analyze: bitmap converted, size=1080x1440, scanRoi=Rect(189, 369 - 891, 1071)
09-02 11:29:23.740 28186 28186 D DpmAnalyzer: analyze: frame=1080x1440, roi=Rect(189, 369 - 891, 1071), focus=FOCUSED, mode=SCAN
09-02 11:29:23.740 28186 28186 D DpmAnalyzer: analyze: THROTTLED by timing gate
09-02 11:29:23.740 28186 28186 D DpmFrameAnalyzer: analyze: result status=THROTTLED, code=null, source=null
09-02 11:29:23.740 28186 28475 D DpmFrameAnalyzer: analyze: frame received, format=35, size=1440x1080, rotation=90
09-02 11:29:23.819 28186 28475 D DpmFrameAnalyzer: analyze: bitmap converted, size=1080x1440, scanRoi=Rect(189, 369 - 891, 1071)
09-02 11:29:23.819 28186 28186 D DpmAnalyzer: analyze: frame=1080x1440, roi=Rect(189, 369 - 891, 1071), focus=FOCUSED, mode=SCAN
09-02 11:29:23.819 28186 28186 D DpmAnalyzer: analyze: THROTTLED by timing gate
09-02 11:29:23.819 28186 28186 D DpmFrameAnalyzer: analyze: result status=THROTTLED, code=null, source=null
09-02 11:29:23.819 28186 28475 D DpmFrameAnalyzer: analyze: frame received, format=35, size=1440x1080, rotation=90
09-02 11:29:23.890 28186 28475 D DpmFrameAnalyzer: analyze: bitmap converted, size=1080x1440, scanRoi=Rect(189, 369 - 891, 1071)
09-02 11:29:23.891 28186 28186 D DpmAnalyzer: analyze: frame=1080x1440, roi=Rect(189, 369 - 891, 1071), focus=FOCUSED, mode=SCAN
09-02 11:29:23.891 28186 28186 D DpmAnalyzer: analyze: starting performMultiStrategyDecode
09-02 11:29:23.891 28186 28186 D DpmAnalyzer: performMultiStrategyDecode: frame=1080x1440, roi=Rect(189, 369 - 891, 1071), strategies=1
09-02 11:29:23.891 28186 28475 D DpmFrameAnalyzer: analyze: frame received, format=35, size=1440x1080, rotation=90
09-02 11:29:23.916 28186 28186 D DpmAnalyzer: Stage1: ROI 702x702 → scaled 400x400
09-02 11:29:23.967 28186 28475 D DpmFrameAnalyzer: analyze: bitmap converted, size=1080x1440, scanRoi=Rect(189, 369 - 891, 1071)
09-02 11:29:23.968 28186 28186 D DpmAnalyzer: analyze: frame=1080x1440, roi=Rect(189, 369 - 891, 1071), focus=FOCUSED, mode=SCAN
09-02 11:29:23.968 28186 28186 D DpmAnalyzer: analyze: THROTTLED (already running)
09-02 11:29:23.968 28186 28186 D DpmFrameAnalyzer: analyze: result status=THROTTLED, code=null, source=null
09-02 11:29:23.970 28186 28475 D DpmFrameAnalyzer: analyze: frame received, format=35, size=1440x1080, rotation=90
09-02 11:29:23.984 28186 28186 D DpmAnalyzer: Stage1: MISS
09-02 11:29:23.984 28186 28186 D DpmAnalyzer: scanRoi present, skipping full-image stages
09-02 11:29:23.984 28186 28186 D DpmAnalyzer: analyze: decodedCode=null
09-02 11:29:23.984 28186 28186 D DpmFrameAnalyzer: analyze: result status=NO_CODE, code=null, source=null
09-02 11:29:24.059 28186 28475 D DpmFrameAnalyzer: analyze: bitmap converted, size=1080x1440, scanRoi=Rect(189, 369 - 891, 1071)
09-02 11:29:24.060 28186 28186 D DpmAnalyzer: analyze: frame=1080x1440, roi=Rect(189, 369 - 891, 1071), focus=FOCUSED, mode=SCAN
09-02 11:29:24.060 28186 28186 D DpmAnalyzer: analyze: THROTTLED by timing gate
09-02 11:29:24.060 28186 28186 D DpmFrameAnalyzer: analyze: result status=THROTTLED, code=null, source=null
09-02 11:29:24.061 28186 28475 D DpmFrameAnalyzer: analyze: frame received, format=35, size=1440x1080, rotation=90
09-02 11:29:24.139 28186 28475 D DpmFrameAnalyzer: analyze: bitmap converted, size=1080x1440, scanRoi=Rect(189, 369 - 891, 1071)
09-02 11:29:24.139 28186 28186 D DpmAnalyzer: analyze: frame=1080x1440, roi=Rect(189, 369 - 891, 1071), focus=FOCUSED, mode=SCAN
09-02 11:29:24.139 28186 28186 D DpmAnalyzer: analyze: THROTTLED by timing gate
09-02 11:29:24.139 28186 28186 D DpmFrameAnalyzer: analyze: result status=THROTTLED, code=null, source=null
09-02 11:29:24.140 28186 28475 D DpmFrameAnalyzer: analyze: frame received, format=35, size=1440x1080, rotation=90
09-02 11:29:24.209 28186 28475 D DpmFrameAnalyzer: analyze: bitmap converted, size=1080x1440, scanRoi=Rect(189, 369 - 891, 1071)
09-02 11:29:24.209 28186 28186 D DpmAnalyzer: analyze: frame=1080x1440, roi=Rect(189, 369 - 891, 1071), focus=FOCUSED, mode=SCAN
09-02 11:29:24.209 28186 28186 D DpmAnalyzer: analyze: starting performMultiStrategyDecode
09-02 11:29:24.209 28186 28186 D DpmAnalyzer: performMultiStrategyDecode: frame=1080x1440, roi=Rect(189, 369 - 891, 1071), strategies=1
09-02 11:29:24.209 28186 28475 D DpmFrameAnalyzer: analyze: frame received, format=35, size=1440x1080, rotation=90
09-02 11:29:24.232 28186 28186 D DpmAnalyzer: Stage1: ROI 702x702 → scaled 400x400
09-02 11:29:24.283 28186 28475 D DpmFrameAnalyzer: analyze: bitmap converted, size=1080x1440, scanRoi=Rect(189, 369 - 891, 1071)
09-02 11:29:24.283 28186 28186 D DpmAnalyzer: analyze: frame=1080x1440, roi=Rect(189, 369 - 891, 1071), focus=FOCUSED, mode=SCAN
09-02 11:29:24.283 28186 28186 D DpmAnalyzer: analyze: THROTTLED (already running)
09-02 11:29:24.283 28186 28186 D DpmFrameAnalyzer: analyze: result status=THROTTLED, code=null, source=null
09-02 11:29:24.283 28186 28475 D DpmFrameAnalyzer: analyze: frame received, format=35, size=1440x1080, rotation=90
09-02 11:29:24.379 28186 28475 D DpmFrameAnalyzer: analyze: bitmap converted, size=1080x1440, scanRoi=Rect(189, 369 - 891, 1071)
09-02 11:29:24.483 28186 28186 D DpmAnalyzer: Stage1: HIT strategy=2, code=M968942280224B169AH005023044710
09-02 11:29:24.483 28186 28186 D DpmAnalyzer: analyze: decodedCode=DecodeResult(code=M968942280224B169AH005023044710, source=GRID)
09-02 11:29:24.484 28186 28186 D DpmFrameAnalyzer: analyze: result status=DECODED, code=M968942280224B169AH005023044710, source=GRID
09-02 11:29:24.485 28186 28186 D DpmAnalyzer: analyze: frame=1080x1440, roi=Rect(189, 369 - 891, 1071), focus=FOCUSED, mode=SCAN
09-02 11:29:24.485 28186 28186 D DpmAnalyzer: analyze: THROTTLED by timing gate
09-02 11:29:24.485 28186 28186 D DpmFrameAnalyzer: analyze: result status=THROTTLED, code=null, source=null
09-02 11:29:24.487 28186 28475 D DpmFrameAnalyzer: analyze: frame received, format=35, size=1440x1080, rotation=90
09-02 11:29:24.564 28186 28475 D DpmFrameAnalyzer: analyze: bitmap converted, size=1080x1440, scanRoi=Rect(189, 369 - 891, 1071)
09-02 11:29:24.565 28186 28186 D DpmAnalyzer: analyze: frame=1080x1440, roi=Rect(189, 369 - 891, 1071), focus=FOCUSED, mode=SCAN
09-02 11:29:24.565 28186 28186 D DpmAnalyzer: analyze: THROTTLED by timing gate
09-02 11:29:24.565 28186 28186 D DpmFrameAnalyzer: analyze: result status=THROTTLED, code=null, source=null
09-02 11:29:24.565 28186 28475 D DpmFrameAnalyzer: analyze: frame received, format=35, size=1440x1080, rotation=90
09-02 11:29:24.641 28186 28475 D DpmFrameAnalyzer: analyze: bitmap converted, size=1080x1440, scanRoi=Rect(189, 369 - 891, 1071)
09-02 11:29:24.642 28186 28186 D DpmAnalyzer: analyze: frame=1080x1440, roi=Rect(189, 369 - 891, 1071), focus=FOCUSED, mode=SCAN
09-02 11:29:24.642 28186 28186 D DpmAnalyzer: analyze: THROTTLED by timing gate
09-02 11:29:24.642 28186 28186 D DpmFrameAnalyzer: analyze: result status=THROTTLED, code=null, source=null
09-02 11:29:24.642 28186 28475 D DpmFrameAnalyzer: analyze: frame received, format=35, size=1440x1080, rotation=90
09-02 11:29:24.712 28186 28475 D DpmFrameAnalyzer: analyze: bitmap converted, size=1080x1440, scanRoi=Rect(189, 369 - 891, 1071)
09-02 11:29:24.713 28186 28186 D DpmAnalyzer: analyze: frame=1080x1440, roi=Rect(189, 369 - 891, 1071), focus=FOCUSED, mode=SCAN
09-02 11:29:24.713 28186 28186 D DpmAnalyzer: analyze: THROTTLED by timing gate
09-02 11:29:24.713 28186 28475 D DpmFrameAnalyzer: analyze: frame received, format=35, size=1440x1080, rotation=90
09-02 11:29:24.713 28186 28186 D DpmFrameAnalyzer: analyze: result status=THROTTLED, code=null, source=null
09-02 11:29:24.787 28186 28475 D DpmFrameAnalyzer: analyze: bitmap converted, size=1080x1440, scanRoi=Rect(189, 369 - 891, 1071)
09-02 11:29:24.787 28186 28186 D DpmAnalyzer: analyze: frame=1080x1440, roi=Rect(189, 369 - 891, 1071), focus=FOCUSED, mode=SCAN
09-02 11:29:24.788 28186 28186 D DpmAnalyzer: analyze: THROTTLED by timing gate
09-02 11:29:24.788 28186 28186 D DpmFrameAnalyzer: analyze: result status=THROTTLED, code=null, source=null
09-02 11:29:24.788 28186 28475 D DpmFrameAnalyzer: analyze: frame received, format=35, size=1440x1080, rotation=90
09-02 11:29:24.859 28186 28475 D DpmFrameAnalyzer: analyze: bitmap converted, size=1080x1440, scanRoi=Rect(189, 369 - 891, 1071)
09-02 11:29:24.859 28186 28186 D DpmAnalyzer: analyze: frame=1080x1440, roi=Rect(189, 369 - 891, 1071), focus=FOCUSED, mode=SCAN
09-02 11:29:24.860 28186 28186 D DpmAnalyzer: analyze: THROTTLED by timing gate
09-02 11:29:24.860 28186 28186 D DpmFrameAnalyzer: analyze: result status=THROTTLED, code=null, source=null
09-02 11:29:24.860 28186 28475 D DpmFrameAnalyzer: analyze: frame received, format=35, size=1440x1080, rotation=90
09-02 11:29:24.930 28186 28475 D DpmFrameAnalyzer: analyze: bitmap converted, size=1080x1440, scanRoi=Rect(189, 369 - 891, 1071)
09-02 11:29:24.931 28186 28186 D DpmAnalyzer: analyze: frame=1080x1440, roi=Rect(189, 369 - 891, 1071), focus=FOCUSED, mode=SCAN
09-02 11:29:24.931 28186 28186 D DpmAnalyzer: analyze: THROTTLED by timing gate
09-02 11:29:24.931 28186 28186 D DpmFrameAnalyzer: analyze: result status=THROTTLED, code=null, source=null
09-02 11:29:24.931 28186 28475 D DpmFrameAnalyzer: analyze: frame received, format=35, size=1440x1080, rotation=90
09-02 11:29:25.000 28186 28475 D DpmFrameAnalyzer: analyze: bitmap converted, size=1080x1440, scanRoi=Rect(189, 369 - 891, 1071)
09-02 11:29:25.000 28186 28186 D DpmAnalyzer: analyze: frame=1080x1440, roi=Rect(189, 369 - 891, 1071), focus=FOCUSED, mode=SCAN
09-02 11:29:25.001 28186 28186 D DpmAnalyzer: analyze: THROTTLED by timing gate
09-02 11:29:25.001 28186 28186 D DpmFrameAnalyzer: analyze: result status=THROTTLED, code=null, source=null
09-02 11:29:25.001 28186 28475 D DpmFrameAnalyzer: analyze: frame received, format=35, size=1440x1080, rotation=90
09-02 11:29:25.076 28186 28475 D DpmFrameAnalyzer: analyze: bitmap converted, size=1080x1440, scanRoi=Rect(189, 369 - 891, 1071)
09-02 11:29:25.077 28186 28186 D DpmAnalyzer: analyze: frame=1080x1440, roi=Rect(189, 369 - 891, 1071), focus=FOCUSED, mode=SCAN
09-02 11:29:25.077 28186 28186 D DpmAnalyzer: analyze: THROTTLED by timing gate
09-02 11:29:25.077 28186 28186 D DpmFrameAnalyzer: analyze: result status=THROTTLED, code=null, source=null
09-02 11:29:25.077 28186 28475 D DpmFrameAnalyzer: analyze: frame received, format=35, size=1440x1080, rotation=90
09-02 11:29:25.148 28186 28475 D DpmFrameAnalyzer: analyze: bitmap converted, size=1080x1440, scanRoi=Rect(189, 369 - 891, 1071)
09-02 11:29:25.148 28186 28186 D DpmAnalyzer: analyze: frame=1080x1440, roi=Rect(189, 369 - 891, 1071), focus=FOCUSED, mode=SCAN
09-02 11:29:25.148 28186 28186 D DpmAnalyzer: analyze: THROTTLED by timing gate
09-02 11:29:25.148 28186 28186 D DpmFrameAnalyzer: analyze: result status=THROTTLED, code=null, source=null
09-02 11:29:25.148 28186 28475 D DpmFrameAnalyzer: analyze: frame received, format=35, size=1440x1080, rotation=90
09-02 11:29:25.221 28186 28475 D DpmFrameAnalyzer: analyze: bitmap converted, size=1080x1440, scanRoi=Rect(189, 369 - 891, 1071)
09-02 11:29:25.221 28186 28186 D DpmAnalyzer: analyze: frame=1080x1440, roi=Rect(189, 369 - 891, 1071), focus=FOCUSED, mode=SCAN
09-02 11:29:25.221 28186 28186 D DpmAnalyzer: analyze: THROTTLED by timing gate
09-02 11:29:25.222 28186 28186 D DpmFrameAnalyzer: analyze: result status=THROTTLED, code=null, source=null
09-02 11:29:25.222 28186 28475 D DpmFrameAnalyzer: analyze: frame received, format=35, size=1440x1080, rotation=90
09-02 11:29:25.292 28186 28475 D DpmFrameAnalyzer: analyze: bitmap converted, size=1080x1440, scanRoi=Rect(189, 369 - 891, 1071)
09-02 11:29:25.292 28186 28186 D DpmAnalyzer: analyze: frame=1080x1440, roi=Rect(189, 369 - 891, 1071), focus=FOCUSED, mode=SCAN
09-02 11:29:25.292 28186 28186 D DpmAnalyzer: analyze: THROTTLED by timing gate
09-02 11:29:25.292 28186 28186 D DpmFrameAnalyzer: analyze: result status=THROTTLED, code=null, source=null
09-02 11:29:25.292 28186 28475 D DpmFrameAnalyzer: analyze: frame received, format=35, size=1440x1080, rotation=90
09-02 11:29:25.371 28186 28475 D DpmFrameAnalyzer: analyze: bitmap converted, size=1080x1440, scanRoi=Rect(189, 369 - 891, 1071)
09-02 11:29:25.371 28186 28186 D DpmAnalyzer: analyze: frame=1080x1440, roi=Rect(189, 369 - 891, 1071), focus=FOCUSED, mode=SCAN
09-02 11:29:25.371 28186 28186 D DpmAnalyzer: analyze: THROTTLED by timing gate
09-02 11:29:25.371 28186 28186 D DpmFrameAnalyzer: analyze: result status=THROTTLED, code=null, source=null
09-02 11:29:25.371 28186 28475 D DpmFrameAnalyzer: analyze: frame received, format=35, size=1440x1080, rotation=90
09-02 11:29:25.449 28186 28475 D DpmFrameAnalyzer: analyze: bitmap converted, size=1080x1440, scanRoi=Rect(189, 369 - 891, 1071)
09-02 11:29:25.449 28186 28186 D DpmAnalyzer: analyze: frame=1080x1440, roi=Rect(189, 369 - 891, 1071), focus=FOCUSED, mode=SCAN
09-02 11:29:25.449 28186 28186 D DpmAnalyzer: analyze: THROTTLED by timing gate
09-02 11:29:25.449 28186 28186 D DpmFrameAnalyzer: analyze: result status=THROTTLED, code=null, source=null
09-02 11:29:25.450 28186 28475 D DpmFrameAnalyzer: analyze: frame received, format=35, size=1440x1080, rotation=90
09-02 11:29:25.521 28186 28475 D DpmFrameAnalyzer: analyze: bitmap converted, size=1080x1440, scanRoi=Rect(189, 369 - 891, 1071)
09-02 11:29:25.521 28186 28186 D DpmAnalyzer: analyze: frame=1080x1440, roi=Rect(189, 369 - 891, 1071), focus=FOCUSED, mode=SCAN
09-02 11:29:25.521 28186 28186 D DpmAnalyzer: analyze: starting performMultiStrategyDecode
09-02 11:29:25.521 28186 28186 D DpmAnalyzer: performMultiStrategyDecode: frame=1080x1440, roi=Rect(189, 369 - 891, 1071), strategies=1
09-02 11:29:25.522 28186 28475 D DpmFrameAnalyzer: analyze: frame received, format=35, size=1440x1080, rotation=90
09-02 11:29:25.540 28186 28186 D DpmAnalyzer: Stage1: ROI 702x702 → scaled 400x400
09-02 11:29:25.597 28186 28475 D DpmFrameAnalyzer: analyze: bitmap converted, size=1080x1440, scanRoi=Rect(189, 369 - 891, 1071)
09-02 11:29:25.597 28186 28186 D DpmAnalyzer: analyze: frame=1080x1440, roi=Rect(189, 369 - 891, 1071), focus=FOCUSED, mode=SCAN
09-02 11:29:25.597 28186 28186 D DpmAnalyzer: analyze: THROTTLED (already running)
09-02 11:29:25.597 28186 28186 D DpmFrameAnalyzer: analyze: result status=THROTTLED, code=null, source=null
09-02 11:29:25.598 28186 28475 D DpmFrameAnalyzer: analyze: frame received, format=35, size=1440x1080, rotation=90
09-02 11:29:25.601 28186 28186 D DpmAnalyzer: Stage1: MISS
09-02 11:29:25.601 28186 28186 D DpmAnalyzer: scanRoi present, skipping full-image stages
09-02 11:29:25.601 28186 28186 D DpmAnalyzer: analyze: decodedCode=null
09-02 11:29:25.601 28186 28186 D DpmFrameAnalyzer: analyze: result status=NO_CODE, code=null, source=null
09-02 11:29:25.687 28186 28475 D DpmFrameAnalyzer: analyze: bitmap converted, size=1080x1440, scanRoi=Rect(189, 369 - 891, 1071)
09-02 11:29:25.687 28186 28186 D DpmAnalyzer: analyze: frame=1080x1440, roi=Rect(189, 369 - 891, 1071), focus=FOCUSED, mode=SCAN
09-02 11:29:25.687 28186 28186 D DpmAnalyzer: analyze: THROTTLED by timing gate
09-02 11:29:25.687 28186 28186 D DpmFrameAnalyzer: analyze: result status=THROTTLED, code=null, source=null
09-02 11:29:25.688 28186 28475 D DpmFrameAnalyzer: analyze: frame received, format=35, size=1440x1080, rotation=90
09-02 11:29:25.760 28186 28475 D DpmFrameAnalyzer: analyze: bitmap converted, size=1080x1440, scanRoi=Rect(189, 369 - 891, 1071)
09-02 11:29:25.760 28186 28186 D DpmAnalyzer: analyze: frame=1080x1440, roi=Rect(189, 369 - 891, 1071), focus=FOCUSED, mode=SCAN
09-02 11:29:25.760 28186 28186 D DpmAnalyzer: analyze: starting performMultiStrategyDecode
09-02 11:29:25.760 28186 28186 D DpmAnalyzer: performMultiStrategyDecode: frame=1080x1440, roi=Rect(189, 369 - 891, 1071), strategies=1
09-02 11:29:25.760 28186 28475 D DpmFrameAnalyzer: analyze: frame received, format=35, size=1440x1080, rotation=90
09-02 11:29:25.770 28186 28186 D DpmAnalyzer: Stage1: ROI 702x702 → scaled 400x400
09-02 11:29:25.831 28186 28186 D DpmAnalyzer: Stage1: MISS
09-02 11:29:25.831 28186 28186 D DpmAnalyzer: scanRoi present, skipping full-image stages
09-02 11:29:25.831 28186 28186 D DpmAnalyzer: analyze: decodedCode=null
09-02 11:29:25.831 28186 28186 D DpmFrameAnalyzer: analyze: result status=NO_CODE, code=null, source=null
09-02 11:29:25.833 28186 28475 D DpmFrameAnalyzer: analyze: bitmap converted, size=1080x1440, scanRoi=Rect(189, 369 - 891, 1071)
09-02 11:29:25.833 28186 28186 D DpmAnalyzer: analyze: frame=1080x1440, roi=Rect(189, 369 - 891, 1071), focus=FOCUSED, mode=SCAN
09-02 11:29:25.833 28186 28186 D DpmAnalyzer: analyze: THROTTLED by timing gate
09-02 11:29:25.833 28186 28186 D DpmFrameAnalyzer: analyze: result status=THROTTLED, code=null, source=null
09-02 11:29:25.833 28186 28475 D DpmFrameAnalyzer: analyze: frame received, format=35, size=1440x1080, rotation=90
09-02 11:29:25.922 28186 28475 D DpmFrameAnalyzer: analyze: bitmap converted, size=1080x1440, scanRoi=Rect(189, 369 - 891, 1071)
09-02 11:29:25.922 28186 28186 D DpmAnalyzer: analyze: frame=1080x1440, roi=Rect(189, 369 - 891, 1071), focus=FOCUSED, mode=SCAN
09-02 11:29:25.922 28186 28186 D DpmAnalyzer: analyze: THROTTLED by timing gate
09-02 11:29:25.922 28186 28186 D DpmFrameAnalyzer: analyze: result status=THROTTLED, code=null, source=null
09-02 11:29:25.922 28186 28475 D DpmFrameAnalyzer: analyze: frame received, format=35, size=1440x1080, rotation=90
09-02 11:29:25.999 28186 28475 D DpmFrameAnalyzer: analyze: bitmap converted, size=1080x1440, scanRoi=Rect(189, 369 - 891, 1071)
09-02 11:29:25.999 28186 28186 D DpmAnalyzer: analyze: frame=1080x1440, roi=Rect(189, 369 - 891, 1071), focus=FOCUSED, mode=SCAN
09-02 11:29:26.000 28186 28186 D DpmAnalyzer: analyze: starting performMultiStrategyDecode
09-02 11:29:26.000 28186 28186 D DpmAnalyzer: performMultiStrategyDecode: frame=1080x1440, roi=Rect(189, 369 - 891, 1071), strategies=1
09-02 11:29:26.000 28186 28475 D DpmFrameAnalyzer: analyze: frame received, format=35, size=1440x1080, rotation=90
09-02 11:29:26.016 28186 28186 D DpmAnalyzer: Stage1: ROI 702x702 → scaled 400x400
09-02 11:29:26.080 28186 28475 D DpmFrameAnalyzer: analyze: bitmap converted, size=1080x1440, scanRoi=Rect(189, 369 - 891, 1071)
09-02 11:29:26.080 28186 28186 D DpmAnalyzer: analyze: frame=1080x1440, roi=Rect(189, 369 - 891, 1071), focus=FOCUSED, mode=SCAN
09-02 11:29:26.081 28186 28186 D DpmAnalyzer: analyze: THROTTLED (already running)
09-02 11:29:26.081 28186 28186 D DpmFrameAnalyzer: analyze: result status=THROTTLED, code=null, source=null
09-02 11:29:26.081 28186 28475 D DpmFrameAnalyzer: analyze: frame received, format=35, size=1440x1080, rotation=90
09-02 11:29:26.090 28186 28186 D DpmAnalyzer: Stage1: MISS
09-02 11:29:26.090 28186 28186 D DpmAnalyzer: scanRoi present, skipping full-image stages
09-02 11:29:26.090 28186 28186 D DpmAnalyzer: analyze: decodedCode=null
09-02 11:29:26.090 28186 28186 D DpmFrameAnalyzer: analyze: result status=NO_CODE, code=null, source=null
09-02 11:29:26.170 28186 28475 D DpmFrameAnalyzer: analyze: bitmap converted, size=1080x1440, scanRoi=Rect(189, 369 - 891, 1071)
09-02 11:29:26.170 28186 28186 D DpmAnalyzer: analyze: frame=1080x1440, roi=Rect(189, 369 - 891, 1071), focus=FOCUSED, mode=SCAN
09-02 11:29:26.170 28186 28186 D DpmAnalyzer: analyze: THROTTLED by timing gate
09-02 11:29:26.170 28186 28475 D DpmFrameAnalyzer: analyze: frame received, format=35, size=1440x1080, rotation=90
09-02 11:29:26.170 28186 28186 D DpmFrameAnalyzer: analyze: result status=THROTTLED, code=null, source=null
09-02 11:29:26.243 28186 28475 D DpmFrameAnalyzer: analyze: bitmap converted, size=1080x1440, scanRoi=Rect(189, 369 - 891, 1071)
09-02 11:29:26.244 28186 28186 D DpmAnalyzer: analyze: frame=1080x1440, roi=Rect(189, 369 - 891, 1071), focus=FOCUSED, mode=SCAN
09-02 11:29:26.244 28186 28186 D DpmAnalyzer: analyze: starting performMultiStrategyDecode
09-02 11:29:26.244 28186 28186 D DpmAnalyzer: performMultiStrategyDecode: frame=1080x1440, roi=Rect(189, 369 - 891, 1071), strategies=1
09-02 11:29:26.244 28186 28475 D DpmFrameAnalyzer: analyze: frame received, format=35, size=1440x1080, rotation=90
09-02 11:29:26.259 28186 28186 D DpmAnalyzer: Stage1: ROI 702x702 → scaled 400x400
09-02 11:29:26.332 28186 28475 D DpmFrameAnalyzer: analyze: bitmap converted, size=1080x1440, scanRoi=Rect(189, 369 - 891, 1071)
09-02 11:29:26.333 28186 28475 D DpmFrameAnalyzer: analyze: frame received, format=35, size=1440x1080, rotation=90
09-02 11:29:26.433 28186 28475 D DpmFrameAnalyzer: analyze: bitmap converted, size=1080x1440, scanRoi=Rect(189, 369 - 891, 1071)
09-02 11:29:26.464 28186 28186 D DpmAnalyzer: Stage1: MISS
09-02 11:29:26.465 28186 28186 D DpmAnalyzer: scanRoi present, skipping full-image stages
09-02 11:29:26.465 28186 28186 D DpmAnalyzer: analyze: decodedCode=null
09-02 11:29:26.465 28186 28186 D DpmFrameAnalyzer: analyze: result status=NO_CODE, code=null, source=null
09-02 11:29:26.466 28186 28186 D DpmAnalyzer: analyze: frame=1080x1440, roi=Rect(189, 369 - 891, 1071), focus=FOCUSED, mode=SCAN
09-02 11:29:26.466 28186 28186 D DpmAnalyzer: analyze: THROTTLED by timing gate
09-02 11:29:26.466 28186 28186 D DpmFrameAnalyzer: analyze: result status=THROTTLED, code=null, source=null
09-02 11:29:26.467 28186 28186 D DpmAnalyzer: analyze: frame=1080x1440, roi=Rect(189, 369 - 891, 1071), focus=FOCUSED, mode=SCAN
09-02 11:29:26.467 28186 28186 D DpmAnalyzer: analyze: THROTTLED by timing gate
09-02 11:29:26.467 28186 28186 D DpmFrameAnalyzer: analyze: result status=THROTTLED, code=null, source=null
09-02 11:29:26.467 28186 28475 D DpmFrameAnalyzer: analyze: frame received, format=35, size=1440x1080, rotation=90
09-02 11:29:26.549 28186 28475 D DpmFrameAnalyzer: analyze: bitmap converted, size=1080x1440, scanRoi=Rect(189, 369 - 891, 1071)
09-02 11:29:26.549 28186 28186 D DpmAnalyzer: analyze: frame=1080x1440, roi=Rect(189, 369 - 891, 1071), focus=FOCUSED, mode=SCAN
09-02 11:29:26.549 28186 28186 D DpmAnalyzer: analyze: THROTTLED by timing gate
09-02 11:29:26.549 28186 28186 D DpmFrameAnalyzer: analyze: result status=THROTTLED, code=null, source=null
09-02 11:29:26.550 28186 28475 D DpmFrameAnalyzer: analyze: frame received, format=35, size=1440x1080, rotation=90
09-02 11:29:26.630 28186 28475 D DpmFrameAnalyzer: analyze: bitmap converted, size=1080x1440, scanRoi=Rect(189, 369 - 891, 1071)
09-02 11:29:26.631 28186 28186 D DpmAnalyzer: analyze: frame=1080x1440, roi=Rect(189, 369 - 891, 1071), focus=FOCUSED, mode=SCAN
09-02 11:29:26.631 28186 28186 D DpmAnalyzer: analyze: starting performMultiStrategyDecode
09-02 11:29:26.631 28186 28186 D DpmAnalyzer: performMultiStrategyDecode: frame=1080x1440, roi=Rect(189, 369 - 891, 1071), strategies=1
09-02 11:29:26.631 28186 28475 D DpmFrameAnalyzer: analyze: frame received, format=35, size=1440x1080, rotation=90
09-02 11:29:26.641 28186 28186 D DpmAnalyzer: Stage1: ROI 702x702 → scaled 400x400
09-02 11:29:26.701 28186 28186 D DpmAnalyzer: Stage1: MISS
09-02 11:29:26.701 28186 28186 D DpmAnalyzer: scanRoi present, skipping full-image stages
09-02 11:29:26.701 28186 28186 D DpmAnalyzer: analyze: decodedCode=null
09-02 11:29:26.701 28186 28186 D DpmFrameAnalyzer: analyze: result status=NO_CODE, code=null, source=null
09-02 11:29:26.717 28186 28475 D DpmFrameAnalyzer: analyze: bitmap converted, size=1080x1440, scanRoi=Rect(189, 369 - 891, 1071)
09-02 11:29:26.717 28186 28186 D DpmAnalyzer: analyze: frame=1080x1440, roi=Rect(189, 369 - 891, 1071), focus=FOCUSED, mode=SCAN
09-02 11:29:26.717 28186 28186 D DpmAnalyzer: analyze: THROTTLED by timing gate
09-02 11:29:26.717 28186 28186 D DpmFrameAnalyzer: analyze: result status=THROTTLED, code=null, source=null
09-02 11:29:26.717 28186 28475 D DpmFrameAnalyzer: analyze: frame received, format=35, size=1440x1080, rotation=90
09-02 11:29:26.802 28186 28475 D DpmFrameAnalyzer: analyze: bitmap converted, size=1080x1440, scanRoi=Rect(189, 369 - 891, 1071)
09-02 11:29:26.803 28186 28186 D DpmAnalyzer: analyze: frame=1080x1440, roi=Rect(189, 369 - 891, 1071), focus=FOCUSED, mode=SCAN
09-02 11:29:26.803 28186 28186 D DpmAnalyzer: analyze: starting performMultiStrategyDecode
09-02 11:29:26.803 28186 28186 D DpmAnalyzer: performMultiStrategyDecode: frame=1080x1440, roi=Rect(189, 369 - 891, 1071), strategies=1
09-02 11:29:26.803 28186 28475 D DpmFrameAnalyzer: analyze: frame received, format=35, size=1440x1080, rotation=90
09-02 11:29:26.821 28186 28186 D DpmAnalyzer: Stage1: ROI 702x702 → scaled 400x400
09-02 11:29:26.884 28186 28475 D DpmFrameAnalyzer: analyze: bitmap converted, size=1080x1440, scanRoi=Rect(189, 369 - 891, 1071)
09-02 11:29:26.884 28186 28186 D DpmAnalyzer: analyze: frame=1080x1440, roi=Rect(189, 369 - 891, 1071), focus=FOCUSED, mode=SCAN
09-02 11:29:26.884 28186 28186 D DpmAnalyzer: analyze: THROTTLED (already running)
09-02 11:29:26.884 28186 28186 D DpmFrameAnalyzer: analyze: result status=THROTTLED, code=null, source=null
09-02 11:29:26.885 28186 28475 D DpmFrameAnalyzer: analyze: frame received, format=35, size=1440x1080, rotation=90
09-02 11:29:26.902 28186 28186 D DpmAnalyzer: Stage1: MISS
09-02 11:29:26.903 28186 28186 D DpmAnalyzer: scanRoi present, skipping full-image stages
09-02 11:29:26.903 28186 28186 D DpmAnalyzer: analyze: decodedCode=null
09-02 11:29:26.903 28186 28186 D DpmFrameAnalyzer: analyze: result status=NO_CODE, code=null, source=null
09-02 11:29:26.985 28186 28475 D DpmFrameAnalyzer: analyze: bitmap converted, size=1080x1440, scanRoi=Rect(189, 369 - 891, 1071)
09-02 11:29:26.985 28186 28186 D DpmAnalyzer: analyze: frame=1080x1440, roi=Rect(189, 369 - 891, 1071), focus=FOCUSED, mode=SCAN
09-02 11:29:26.985 28186 28186 D DpmAnalyzer: analyze: THROTTLED by timing gate
09-02 11:29:26.986 28186 28186 D DpmFrameAnalyzer: analyze: result status=THROTTLED, code=null, source=null
09-02 11:29:26.986 28186 28475 D DpmFrameAnalyzer: analyze: frame received, format=35, size=1440x1080, rotation=90
09-02 11:29:27.066 28186 28475 D DpmFrameAnalyzer: analyze: bitmap converted, size=1080x1440, scanRoi=Rect(189, 369 - 891, 1071)
09-02 11:29:27.067 28186 28186 D DpmAnalyzer: analyze: frame=1080x1440, roi=Rect(189, 369 - 891, 1071), focus=FOCUSED, mode=SCAN
09-02 11:29:27.067 28186 28186 D DpmAnalyzer: analyze: starting performMultiStrategyDecode
09-02 11:29:27.067 28186 28186 D DpmAnalyzer: performMultiStrategyDecode: frame=1080x1440, roi=Rect(189, 369 - 891, 1071), strategies=1
09-02 11:29:27.067 28186 28475 D DpmFrameAnalyzer: analyze: frame received, format=35, size=1440x1080, rotation=90
09-02 11:29:27.082 28186 28186 D DpmAnalyzer: Stage1: ROI 702x702 → scaled 400x400
09-02 11:29:27.142 28186 28475 D DpmFrameAnalyzer: analyze: bitmap converted, size=1080x1440, scanRoi=Rect(189, 369 - 891, 1071)
09-02 11:29:27.142 28186 28475 D DpmFrameAnalyzer: analyze: frame received, format=35, size=1440x1080, rotation=90
09-02 11:29:27.143 28186 28186 D DpmAnalyzer: analyze: frame=1080x1440, roi=Rect(189, 369 - 891, 1071), focus=FOCUSED, mode=SCAN
09-02 11:29:27.143 28186 28186 D DpmAnalyzer: analyze: THROTTLED (already running)
09-02 11:29:27.143 28186 28186 D DpmFrameAnalyzer: analyze: result status=THROTTLED, code=null, source=null
09-02 11:29:27.156 28186 28186 D DpmAnalyzer: Stage1: MISS
09-02 11:29:27.157 28186 28186 D DpmAnalyzer: scanRoi present, skipping full-image stages
09-02 11:29:27.157 28186 28186 D DpmAnalyzer: analyze: decodedCode=null
09-02 11:29:27.157 28186 28186 D DpmFrameAnalyzer: analyze: result status=NO_CODE, code=null, source=null
09-02 11:29:27.233 28186 28475 D DpmFrameAnalyzer: analyze: bitmap converted, size=1080x1440, scanRoi=Rect(189, 369 - 891, 1071)
09-02 11:29:27.234 28186 28186 D DpmAnalyzer: analyze: frame=1080x1440, roi=Rect(189, 369 - 891, 1071), focus=FOCUSED, mode=SCAN
09-02 11:29:27.234 28186 28186 D DpmAnalyzer: analyze: THROTTLED by timing gate
09-02 11:29:27.234 28186 28186 D DpmFrameAnalyzer: analyze: result status=THROTTLED, code=null, source=null
09-02 11:29:27.234 28186 28475 D DpmFrameAnalyzer: analyze: frame received, format=35, size=1440x1080, rotation=90
09-02 11:29:27.308 28186 28475 D DpmFrameAnalyzer: analyze: bitmap converted, size=1080x1440, scanRoi=Rect(189, 369 - 891, 1071)
09-02 11:29:27.308 28186 28186 D DpmAnalyzer: analyze: frame=1080x1440, roi=Rect(189, 369 - 891, 1071), focus=FOCUSED, mode=SCAN
09-02 11:29:27.308 28186 28186 D DpmAnalyzer: analyze: starting performMultiStrategyDecode
09-02 11:29:27.308 28186 28186 D DpmAnalyzer: performMultiStrategyDecode: frame=1080x1440, roi=Rect(189, 369 - 891, 1071), strategies=1
09-02 11:29:27.308 28186 28475 D DpmFrameAnalyzer: analyze: frame received, format=35, size=1440x1080, rotation=90
09-02 11:29:27.318 28186 28186 D DpmAnalyzer: Stage1: ROI 702x702 → scaled 400x400
09-02 11:29:27.380 28186 28186 D DpmAnalyzer: Stage1: MISS
09-02 11:29:27.380 28186 28186 D DpmAnalyzer: scanRoi present, skipping full-image stages
09-02 11:29:27.380 28186 28186 D DpmAnalyzer: analyze: decodedCode=null
09-02 11:29:27.380 28186 28186 D DpmFrameAnalyzer: analyze: result status=NO_CODE, code=null, source=null
09-02 11:29:27.381 28186 28475 D DpmFrameAnalyzer: analyze: bitmap converted, size=1080x1440, scanRoi=Rect(189, 369 - 891, 1071)
09-02 11:29:27.382 28186 28186 D DpmAnalyzer: analyze: frame=1080x1440, roi=Rect(189, 369 - 891, 1071), focus=FOCUSED, mode=SCAN
09-02 11:29:27.382 28186 28186 D DpmAnalyzer: analyze: THROTTLED by timing gate
09-02 11:29:27.382 28186 28186 D DpmFrameAnalyzer: analyze: result status=THROTTLED, code=null, source=null
09-02 11:29:27.382 28186 28475 D DpmFrameAnalyzer: analyze: frame received, format=35, size=1440x1080, rotation=90
09-02 11:29:27.471 28186 28475 D DpmFrameAnalyzer: analyze: bitmap converted, size=1080x1440, scanRoi=Rect(189, 369 - 891, 1071)
09-02 11:29:27.471 28186 28186 D DpmAnalyzer: analyze: frame=1080x1440, roi=Rect(189, 369 - 891, 1071), focus=FOCUSED, mode=SCAN
09-02 11:29:27.471 28186 28186 D DpmAnalyzer: analyze: THROTTLED by timing gate
09-02 11:29:27.471 28186 28186 D DpmFrameAnalyzer: analyze: result status=THROTTLED, code=null, source=null
09-02 11:29:27.472 28186 28475 D DpmFrameAnalyzer: analyze: frame received, format=35, size=1440x1080, rotation=90
09-02 11:29:27.542 28186 28475 D DpmFrameAnalyzer: analyze: bitmap converted, size=1080x1440, scanRoi=Rect(189, 369 - 891, 1071)
09-02 11:29:27.543 28186 28186 D DpmAnalyzer: analyze: frame=1080x1440, roi=Rect(189, 369 - 891, 1071), focus=FOCUSED, mode=SCAN
09-02 11:29:27.543 28186 28186 D DpmAnalyzer: analyze: starting performMultiStrategyDecode
09-02 11:29:27.543 28186 28475 D DpmFrameAnalyzer: analyze: frame received, format=35, size=1440x1080, rotation=90
09-02 11:29:27.543 28186 28186 D DpmAnalyzer: performMultiStrategyDecode: frame=1080x1440, roi=Rect(189, 369 - 891, 1071), strategies=1
09-02 11:29:27.561 28186 28186 D DpmAnalyzer: Stage1: ROI 702x702 → scaled 400x400
09-02 11:29:27.619 28186 28475 D DpmFrameAnalyzer: analyze: bitmap converted, size=1080x1440, scanRoi=Rect(189, 369 - 891, 1071)
09-02 11:29:27.620 28186 28186 D DpmAnalyzer: analyze: frame=1080x1440, roi=Rect(189, 369 - 891, 1071), focus=FOCUSED, mode=SCAN
09-02 11:29:27.620 28186 28475 D DpmFrameAnalyzer: analyze: frame received, format=35, size=1440x1080, rotation=90
09-02 11:29:27.620 28186 28186 D DpmAnalyzer: analyze: THROTTLED (already running)
09-02 11:29:27.620 28186 28186 D DpmFrameAnalyzer: analyze: result status=THROTTLED, code=null, source=null
09-02 11:29:27.623 28186 28186 D DpmAnalyzer: Stage1: MISS
09-02 11:29:27.623 28186 28186 D DpmAnalyzer: scanRoi present, skipping full-image stages
09-02 11:29:27.623 28186 28186 D DpmAnalyzer: analyze: decodedCode=null
09-02 11:29:27.623 28186 28186 D DpmFrameAnalyzer: analyze: result status=NO_CODE, code=null, source=null
09-02 11:29:27.710 28186 28475 D DpmFrameAnalyzer: analyze: bitmap converted, size=1080x1440, scanRoi=Rect(189, 369 - 891, 1071)
09-02 11:29:27.710 28186 28186 D DpmAnalyzer: analyze: frame=1080x1440, roi=Rect(189, 369 - 891, 1071), focus=FOCUSED, mode=SCAN
09-02 11:29:27.710 28186 28186 D DpmAnalyzer: analyze: THROTTLED by timing gate
09-02 11:29:27.710 28186 28186 D DpmFrameAnalyzer: analyze: result status=THROTTLED, code=null, source=null
09-02 11:29:27.711 28186 28475 D DpmFrameAnalyzer: analyze: frame received, format=35, size=1440x1080, rotation=90
09-02 11:29:27.784 28186 28475 D DpmFrameAnalyzer: analyze: bitmap converted, size=1080x1440, scanRoi=Rect(189, 369 - 891, 1071)
09-02 11:29:27.785 28186 28186 D DpmAnalyzer: analyze: frame=1080x1440, roi=Rect(189, 369 - 891, 1071), focus=FOCUSED, mode=SCAN
09-02 11:29:27.785 28186 28186 D DpmAnalyzer: analyze: starting performMultiStrategyDecode
09-02 11:29:27.785 28186 28186 D DpmAnalyzer: performMultiStrategyDecode: frame=1080x1440, roi=Rect(189, 369 - 891, 1071), strategies=1
09-02 11:29:27.785 28186 28475 D DpmFrameAnalyzer: analyze: frame received, format=35, size=1440x1080, rotation=90
09-02 11:29:27.803 28186 28186 D DpmAnalyzer: Stage1: ROI 702x702 → scaled 400x400
09-02 11:29:27.859 28186 28475 D DpmFrameAnalyzer: analyze: bitmap converted, size=1080x1440, scanRoi=Rect(189, 369 - 891, 1071)
09-02 11:29:27.859 28186 28186 D DpmAnalyzer: Stage1: MISS
09-02 11:29:27.859 28186 28186 D DpmAnalyzer: scanRoi present, skipping full-image stages
09-02 11:29:27.859 28186 28186 D DpmAnalyzer: analyze: decodedCode=null
09-02 11:29:27.859 28186 28186 D DpmFrameAnalyzer: analyze: result status=NO_CODE, code=null, source=null
09-02 11:29:27.859 28186 28475 D DpmFrameAnalyzer: analyze: frame received, format=35, size=1440x1080, rotation=90
09-02 11:29:27.860 28186 28186 D DpmAnalyzer: analyze: frame=1080x1440, roi=Rect(189, 369 - 891, 1071), focus=FOCUSED, mode=SCAN
09-02 11:29:27.860 28186 28186 D DpmAnalyzer: analyze: THROTTLED by timing gate
09-02 11:29:27.860 28186 28186 D DpmFrameAnalyzer: analyze: result status=THROTTLED, code=null, source=null
09-02 11:29:27.957 28186 28475 D DpmFrameAnalyzer: analyze: bitmap converted, size=1080x1440, scanRoi=Rect(189, 369 - 891, 1071)
09-02 11:29:27.957 28186 28186 D DpmAnalyzer: analyze: frame=1080x1440, roi=Rect(189, 369 - 891, 1071), focus=FOCUSED, mode=SCAN
09-02 11:29:27.957 28186 28186 D DpmAnalyzer: analyze: THROTTLED by timing gate
09-02 11:29:27.957 28186 28186 D DpmFrameAnalyzer: analyze: result status=THROTTLED, code=null, source=null
09-02 11:29:27.958 28186 28475 D DpmFrameAnalyzer: analyze: frame received, format=35, size=1440x1080, rotation=90
09-02 11:29:28.034 28186 28475 D DpmFrameAnalyzer: analyze: bitmap converted, size=1080x1440, scanRoi=Rect(189, 369 - 891, 1071)
09-02 11:29:28.034 28186 28186 D DpmAnalyzer: analyze: frame=1080x1440, roi=Rect(189, 369 - 891, 1071), focus=FOCUSED, mode=SCAN
09-02 11:29:28.034 28186 28186 D DpmAnalyzer: analyze: starting performMultiStrategyDecode
09-02 11:29:28.034 28186 28186 D DpmAnalyzer: performMultiStrategyDecode: frame=1080x1440, roi=Rect(189, 369 - 891, 1071), strategies=1
09-02 11:29:28.035 28186 28475 D DpmFrameAnalyzer: analyze: frame received, format=35, size=1440x1080, rotation=90
09-02 11:29:28.059 28186 28186 D DpmAnalyzer: Stage1: ROI 702x702 → scaled 400x400
09-02 11:29:28.106 28186 28475 D DpmFrameAnalyzer: analyze: bitmap converted, size=1080x1440, scanRoi=Rect(189, 369 - 891, 1071)
09-02 11:29:28.106 28186 28186 D DpmAnalyzer: analyze: frame=1080x1440, roi=Rect(189, 369 - 891, 1071), focus=FOCUSED, mode=SCAN
09-02 11:29:28.106 28186 28186 D DpmAnalyzer: analyze: THROTTLED (already running)
09-02 11:29:28.106 28186 28186 D DpmFrameAnalyzer: analyze: result status=THROTTLED, code=null, source=null
09-02 11:29:28.107 28186 28475 D DpmFrameAnalyzer: analyze: frame received, format=35, size=1440x1080, rotation=90
09-02 11:29:28.127 28186 28186 D DpmAnalyzer: Stage1: MISS
09-02 11:29:28.128 28186 28186 D DpmAnalyzer: scanRoi present, skipping full-image stages
09-02 11:29:28.128 28186 28186 D DpmAnalyzer: analyze: decodedCode=null
09-02 11:29:28.128 28186 28186 D DpmFrameAnalyzer: analyze: result status=NO_CODE, code=null, source=null
09-02 11:29:28.210 28186 28475 D DpmFrameAnalyzer: analyze: bitmap converted, size=1080x1440, scanRoi=Rect(189, 369 - 891, 1071)
09-02 11:29:28.211 28186 28186 D DpmAnalyzer: analyze: frame=1080x1440, roi=Rect(189, 369 - 891, 1071), focus=FOCUSED, mode=SCAN
09-02 11:29:28.211 28186 28186 D DpmAnalyzer: analyze: THROTTLED by timing gate
09-02 11:29:28.211 28186 28186 D DpmFrameAnalyzer: analyze: result status=THROTTLED, code=null, source=null
09-02 11:29:28.212 28186 28475 D DpmFrameAnalyzer: analyze: frame received, format=35, size=1440x1080, rotation=90
09-02 11:29:28.287 28186 28475 D DpmFrameAnalyzer: analyze: bitmap converted, size=1080x1440, scanRoi=Rect(189, 369 - 891, 1071)
09-02 11:29:28.287 28186 28186 D DpmAnalyzer: analyze: frame=1080x1440, roi=Rect(189, 369 - 891, 1071), focus=FOCUSED, mode=SCAN
09-02 11:29:28.288 28186 28186 D DpmAnalyzer: analyze: starting performMultiStrategyDecode
09-02 11:29:28.288 28186 28186 D DpmAnalyzer: performMultiStrategyDecode: frame=1080x1440, roi=Rect(189, 369 - 891, 1071), strategies=1
09-02 11:29:28.288 28186 28475 D DpmFrameAnalyzer: analyze: frame received, format=35, size=1440x1080, rotation=90
09-02 11:29:28.298 28186 28186 D DpmAnalyzer: Stage1: ROI 702x702 → scaled 400x400
09-02 11:29:28.356 28186 28475 D DpmFrameAnalyzer: analyze: bitmap converted, size=1080x1440, scanRoi=Rect(189, 369 - 891, 1071)
09-02 11:29:28.357 28186 28475 D DpmFrameAnalyzer: analyze: frame received, format=35, size=1440x1080, rotation=90
09-02 11:29:28.358 28186 28186 D DpmAnalyzer: analyze: frame=1080x1440, roi=Rect(189, 369 - 891, 1071), focus=FOCUSED, mode=SCAN
09-02 11:29:28.358 28186 28186 D DpmAnalyzer: analyze: THROTTLED (already running)
09-02 11:29:28.358 28186 28186 D DpmFrameAnalyzer: analyze: result status=THROTTLED, code=null, source=null
09-02 11:29:28.379 28186 28186 D DpmAnalyzer: Stage1: MISS
09-02 11:29:28.379 28186 28186 D DpmAnalyzer: scanRoi present, skipping full-image stages
09-02 11:29:28.379 28186 28186 D DpmAnalyzer: analyze: decodedCode=null
09-02 11:29:28.379 28186 28186 D DpmFrameAnalyzer: analyze: result status=NO_CODE, code=null, source=null
09-02 11:29:28.426 28186 28475 D DpmFrameAnalyzer: analyze: bitmap converted, size=1080x1440, scanRoi=Rect(189, 369 - 891, 1071)
09-02 11:29:28.426 28186 28186 D DpmAnalyzer: analyze: frame=1080x1440, roi=Rect(189, 369 - 891, 1071), focus=FOCUSED, mode=SCAN
09-02 11:29:28.426 28186 28475 D DpmFrameAnalyzer: analyze: frame received, format=35, size=1440x1080, rotation=90
09-02 11:29:28.426 28186 28186 D DpmAnalyzer: analyze: THROTTLED by timing gate
09-02 11:29:28.426 28186 28186 D DpmFrameAnalyzer: analyze: result status=THROTTLED, code=null, source=null
09-02 11:29:28.496 28186 28475 D DpmFrameAnalyzer: analyze: bitmap converted, size=1080x1440, scanRoi=Rect(189, 369 - 891, 1071)
09-02 11:29:28.496 28186 28186 D DpmAnalyzer: analyze: frame=1080x1440, roi=Rect(189, 369 - 891, 1071), focus=FOCUSED, mode=SCAN
09-02 11:29:28.496 28186 28186 D DpmAnalyzer: analyze: starting performMultiStrategyDecode
09-02 11:29:28.496 28186 28186 D DpmAnalyzer: performMultiStrategyDecode: frame=1080x1440, roi=Rect(189, 369 - 891, 1071), strategies=1
09-02 11:29:28.496 28186 28475 D DpmFrameAnalyzer: analyze: frame received, format=35, size=1440x1080, rotation=90
09-02 11:29:28.505 28186 28186 D DpmAnalyzer: Stage1: ROI 702x702 → scaled 400x400
09-02 11:29:28.574 28186 28475 D DpmFrameAnalyzer: analyze: bitmap converted, size=1080x1440, scanRoi=Rect(189, 369 - 891, 1071)
09-02 11:29:28.575 28186 28186 D DpmAnalyzer: analyze: frame=1080x1440, roi=Rect(189, 369 - 891, 1071), focus=FOCUSED, mode=SCAN
09-02 11:29:28.575 28186 28186 D DpmAnalyzer: analyze: THROTTLED (already running)
09-02 11:29:28.575 28186 28186 D DpmFrameAnalyzer: analyze: result status=THROTTLED, code=null, source=null
09-02 11:29:28.576 28186 28186 D DpmAnalyzer: Stage1: MISS
09-02 11:29:28.576 28186 28186 D DpmAnalyzer: scanRoi present, skipping full-image stages
09-02 11:29:28.576 28186 28186 D DpmAnalyzer: analyze: decodedCode=null
09-02 11:29:28.576 28186 28186 D DpmFrameAnalyzer: analyze: result status=NO_CODE, code=null, source=null
09-02 11:29:28.577 28186 28475 D DpmFrameAnalyzer: analyze: frame received, format=35, size=1440x1080, rotation=90
09-02 11:29:28.674 28186 28475 D DpmFrameAnalyzer: analyze: bitmap converted, size=1080x1440, scanRoi=Rect(189, 369 - 891, 1071)
09-02 11:29:28.675 28186 28186 D DpmAnalyzer: analyze: frame=1080x1440, roi=Rect(189, 369 - 891, 1071), focus=FOCUSED, mode=SCAN
09-02 11:29:28.675 28186 28186 D DpmAnalyzer: analyze: THROTTLED by timing gate
09-02 11:29:28.675 28186 28186 D DpmFrameAnalyzer: analyze: result status=THROTTLED, code=null, source=null
09-02 11:29:28.675 28186 28475 D DpmFrameAnalyzer: analyze: frame received, format=35, size=1440x1080, rotation=90
09-02 11:29:28.757 28186 28475 D DpmFrameAnalyzer: analyze: bitmap converted, size=1080x1440, scanRoi=Rect(189, 369 - 891, 1071)
09-02 11:29:28.757 28186 28186 D DpmAnalyzer: analyze: frame=1080x1440, roi=Rect(189, 369 - 891, 1071), focus=FOCUSED, mode=SCAN
09-02 11:29:28.757 28186 28186 D DpmAnalyzer: analyze: starting performMultiStrategyDecode
09-02 11:29:28.757 28186 28186 D DpmAnalyzer: performMultiStrategyDecode: frame=1080x1440, roi=Rect(189, 369 - 891, 1071), strategies=1
09-02 11:29:28.758 28186 28475 D DpmFrameAnalyzer: analyze: frame received, format=35, size=1440x1080, rotation=90
09-02 11:29:28.769 28186 28186 D DpmAnalyzer: Stage1: ROI 702x702 → scaled 400x400
09-02 11:29:28.840 28186 28475 D DpmFrameAnalyzer: analyze: bitmap converted, size=1080x1440, scanRoi=Rect(189, 369 - 891, 1071)
09-02 11:29:28.841 28186 28475 D DpmFrameAnalyzer: analyze: frame received, format=35, size=1440x1080, rotation=90
09-02 11:29:28.842 28186 28186 D DpmAnalyzer: Stage1: MISS
09-02 11:29:28.842 28186 28186 D DpmAnalyzer: scanRoi present, skipping full-image stages
09-02 11:29:28.842 28186 28186 D DpmAnalyzer: analyze: decodedCode=null
09-02 11:29:28.842 28186 28186 D DpmFrameAnalyzer: analyze: result status=NO_CODE, code=null, source=null
09-02 11:29:28.843 28186 28186 D DpmAnalyzer: analyze: frame=1080x1440, roi=Rect(189, 369 - 891, 1071), focus=FOCUSED, mode=SCAN
09-02 11:29:28.843 28186 28186 D DpmAnalyzer: analyze: THROTTLED by timing gate
09-02 11:29:28.843 28186 28186 D DpmFrameAnalyzer: analyze: result status=THROTTLED, code=null, source=null
09-02 11:29:28.931 28186 28475 D DpmFrameAnalyzer: analyze: bitmap converted, size=1080x1440, scanRoi=Rect(189, 369 - 891, 1071)
09-02 11:29:28.931 28186 28186 D DpmAnalyzer: analyze: frame=1080x1440, roi=Rect(189, 369 - 891, 1071), focus=FOCUSED, mode=SCAN
09-02 11:29:28.931 28186 28186 D DpmAnalyzer: analyze: THROTTLED by timing gate
09-02 11:29:28.932 28186 28186 D DpmFrameAnalyzer: analyze: result status=THROTTLED, code=null, source=null
09-02 11:29:28.932 28186 28475 D DpmFrameAnalyzer: analyze: frame received, format=35, size=1440x1080, rotation=90
09-02 11:29:29.003 28186 28475 D DpmFrameAnalyzer: analyze: bitmap converted, size=1080x1440, scanRoi=Rect(189, 369 - 891, 1071)
09-02 11:29:29.004 28186 28186 D DpmAnalyzer: analyze: frame=1080x1440, roi=Rect(189, 369 - 891, 1071), focus=FOCUSED, mode=SCAN
09-02 11:29:29.004 28186 28186 D DpmAnalyzer: analyze: starting performMultiStrategyDecode
09-02 11:29:29.004 28186 28475 D DpmFrameAnalyzer: analyze: frame received, format=35, size=1440x1080, rotation=90
09-02 11:29:29.004 28186 28186 D DpmAnalyzer: performMultiStrategyDecode: frame=1080x1440, roi=Rect(189, 369 - 891, 1071), strategies=1
09-02 11:29:29.013 28186 28186 D DpmAnalyzer: Stage1: ROI 702x702 → scaled 400x400
09-02 11:29:29.083 28186 28475 D DpmFrameAnalyzer: analyze: bitmap converted, size=1080x1440, scanRoi=Rect(189, 369 - 891, 1071)
09-02 11:29:29.083 28186 28186 D DpmAnalyzer: analyze: frame=1080x1440, roi=Rect(189, 369 - 891, 1071), focus=FOCUSED, mode=SCAN
09-02 11:29:29.083 28186 28186 D DpmAnalyzer: analyze: THROTTLED (already running)
09-02 11:29:29.083 28186 28186 D DpmFrameAnalyzer: analyze: result status=THROTTLED, code=null, source=null
09-02 11:29:29.084 28186 28475 D DpmFrameAnalyzer: analyze: frame received, format=35, size=1440x1080, rotation=90
09-02 11:29:29.094 28186 28186 D DpmAnalyzer: Stage1: MISS
09-02 11:29:29.094 28186 28186 D DpmAnalyzer: scanRoi present, skipping full-image stages
09-02 11:29:29.094 28186 28186 D DpmAnalyzer: analyze: decodedCode=null
09-02 11:29:29.094 28186 28186 D DpmFrameAnalyzer: analyze: result status=NO_CODE, code=null, source=null
09-02 11:29:29.185 28186 28475 D DpmFrameAnalyzer: analyze: bitmap converted, size=1080x1440, scanRoi=Rect(189, 369 - 891, 1071)
09-02 11:29:29.186 28186 28186 D DpmAnalyzer: analyze: frame=1080x1440, roi=Rect(189, 369 - 891, 1071), focus=FOCUSED, mode=SCAN
09-02 11:29:29.186 28186 28186 D DpmAnalyzer: analyze: THROTTLED by timing gate
09-02 11:29:29.186 28186 28186 D DpmFrameAnalyzer: analyze: result status=THROTTLED, code=null, source=null
09-02 11:29:29.186 28186 28475 D DpmFrameAnalyzer: analyze: frame received, format=35, size=1440x1080, rotation=90
09-02 11:29:29.263 28186 28475 D DpmFrameAnalyzer: analyze: bitmap converted, size=1080x1440, scanRoi=Rect(189, 369 - 891, 1071)
09-02 11:29:29.263 28186 28186 D DpmAnalyzer: analyze: frame=1080x1440, roi=Rect(189, 369 - 891, 1071), focus=FOCUSED, mode=SCAN
09-02 11:29:29.263 28186 28186 D DpmAnalyzer: analyze: starting performMultiStrategyDecode
09-02 11:29:29.263 28186 28186 D DpmAnalyzer: performMultiStrategyDecode: frame=1080x1440, roi=Rect(189, 369 - 891, 1071), strategies=1
09-02 11:29:29.264 28186 28475 D DpmFrameAnalyzer: analyze: frame received, format=35, size=1440x1080, rotation=90
09-02 11:29:29.276 28186 28186 D DpmAnalyzer: Stage1: ROI 702x702 → scaled 400x400
09-02 11:29:29.340 28186 28475 D DpmFrameAnalyzer: analyze: bitmap converted, size=1080x1440, scanRoi=Rect(189, 369 - 891, 1071)
09-02 11:29:29.340 28186 28475 D DpmFrameAnalyzer: analyze: frame received, format=35, size=1440x1080, rotation=90
09-02 11:29:29.340 28186 28186 D DpmAnalyzer: analyze: frame=1080x1440, roi=Rect(189, 369 - 891, 1071), focus=FOCUSED, mode=SCAN
09-02 11:29:29.340 28186 28186 D DpmAnalyzer: analyze: THROTTLED (already running)
09-02 11:29:29.341 28186 28186 D DpmFrameAnalyzer: analyze: result status=THROTTLED, code=null, source=null
09-02 11:29:29.438 28186 28475 D DpmFrameAnalyzer: analyze: bitmap converted, size=1080x1440, scanRoi=Rect(189, 369 - 891, 1071)
09-02 11:29:29.876 28186 28186 D DpmAnalyzer: Stage1: MISS
09-02 11:29:29.876 28186 28186 D DpmAnalyzer: scanRoi present, skipping full-image stages
09-02 11:29:29.876 28186 28186 D DpmAnalyzer: analyze: decodedCode=null
09-02 11:29:29.876 28186 28186 D DpmFrameAnalyzer: analyze: result status=NO_CODE, code=null, source=null
09-02 11:29:29.877 28186 28186 D DpmAnalyzer: analyze: frame=1080x1440, roi=Rect(189, 369 - 891, 1071), focus=FOCUSED, mode=SCAN
09-02 11:29:29.877 28186 28186 D DpmAnalyzer: analyze: THROTTLED by timing gate
09-02 11:29:29.877 28186 28186 D DpmFrameAnalyzer: analyze: result status=THROTTLED, code=null, source=null
09-02 11:29:29.879 28186 28475 D DpmFrameAnalyzer: analyze: frame received, format=35, size=1440x1080, rotation=90
09-02 11:29:29.976 28186 28475 D DpmFrameAnalyzer: analyze: bitmap converted, size=1080x1440, scanRoi=Rect(189, 369 - 891, 1071)
09-02 11:29:29.976 28186 28186 D DpmAnalyzer: analyze: frame=1080x1440, roi=Rect(189, 369 - 891, 1071), focus=FOCUSED, mode=SCAN
09-02 11:29:29.976 28186 28186 D DpmAnalyzer: analyze: starting performMultiStrategyDecode
09-02 11:29:29.976 28186 28186 D DpmAnalyzer: performMultiStrategyDecode: frame=1080x1440, roi=Rect(189, 369 - 891, 1071), strategies=1
09-02 11:29:29.977 28186 28475 D DpmFrameAnalyzer: analyze: frame received, format=35, size=1440x1080, rotation=90
09-02 11:29:29.986 28186 28186 D DpmAnalyzer: Stage1: ROI 702x702 → scaled 400x400
09-02 11:29:30.057 28186 28186 D DpmAnalyzer: Stage1: MISS
09-02 11:29:30.057 28186 28186 D DpmAnalyzer: scanRoi present, skipping full-image stages
09-02 11:29:30.057 28186 28186 D DpmAnalyzer: analyze: decodedCode=null
09-02 11:29:30.057 28186 28186 D DpmFrameAnalyzer: analyze: result status=NO_CODE, code=null, source=null
09-02 11:29:30.067 28186 28475 D DpmFrameAnalyzer: analyze: bitmap converted, size=1080x1440, scanRoi=Rect(189, 369 - 891, 1071)
09-02 11:29:30.068 28186 28186 D DpmAnalyzer: analyze: frame=1080x1440, roi=Rect(189, 369 - 891, 1071), focus=FOCUSED, mode=SCAN
09-02 11:29:30.068 28186 28186 D DpmAnalyzer: analyze: THROTTLED by timing gate
09-02 11:29:30.068 28186 28475 D DpmFrameAnalyzer: analyze: frame received, format=35, size=1440x1080, rotation=90
09-02 11:29:30.068 28186 28186 D DpmFrameAnalyzer: analyze: result status=THROTTLED, code=null, source=null
09-02 11:29:30.162 28186 28475 D DpmFrameAnalyzer: analyze: bitmap converted, size=1080x1440, scanRoi=Rect(189, 369 - 891, 1071)
09-02 11:29:30.162 28186 28186 D DpmAnalyzer: analyze: frame=1080x1440, roi=Rect(189, 369 - 891, 1071), focus=FOCUSED, mode=SCAN
09-02 11:29:30.163 28186 28186 D DpmAnalyzer: analyze: starting performMultiStrategyDecode
09-02 11:29:30.163 28186 28186 D DpmAnalyzer: performMultiStrategyDecode: frame=1080x1440, roi=Rect(189, 369 - 891, 1071), strategies=1
09-02 11:29:30.163 28186 28475 D DpmFrameAnalyzer: analyze: frame received, format=35, size=1440x1080, rotation=90
09-02 11:29:30.180 28186 28186 D DpmAnalyzer: Stage1: ROI 702x702 → scaled 400x400
09-02 11:29:30.244 28186 28475 D DpmFrameAnalyzer: analyze: bitmap converted, size=1080x1440, scanRoi=Rect(189, 369 - 891, 1071)
09-02 11:29:30.245 28186 28475 D DpmFrameAnalyzer: analyze: frame received, format=35, size=1440x1080, rotation=90
09-02 11:29:30.247 28186 28186 D DpmAnalyzer: analyze: frame=1080x1440, roi=Rect(189, 369 - 891, 1071), focus=FOCUSED, mode=SCAN
09-02 11:29:30.247 28186 28186 D DpmAnalyzer: analyze: THROTTLED (already running)
09-02 11:29:30.247 28186 28186 D DpmFrameAnalyzer: analyze: result status=THROTTLED, code=null, source=null
09-02 11:29:30.262 28186 28186 D DpmAnalyzer: Stage1: MISS
09-02 11:29:30.262 28186 28186 D DpmAnalyzer: scanRoi present, skipping full-image stages
09-02 11:29:30.262 28186 28186 D DpmAnalyzer: analyze: decodedCode=null
09-02 11:29:30.262 28186 28186 D DpmFrameAnalyzer: analyze: result status=NO_CODE, code=null, source=null
09-02 11:29:30.343 28186 28475 D DpmFrameAnalyzer: analyze: bitmap converted, size=1080x1440, scanRoi=Rect(189, 369 - 891, 1071)
09-02 11:29:30.343 28186 28186 D DpmAnalyzer: analyze: frame=1080x1440, roi=Rect(189, 369 - 891, 1071), focus=FOCUSED, mode=SCAN
09-02 11:29:30.343 28186 28186 D DpmAnalyzer: analyze: THROTTLED by timing gate
09-02 11:29:30.343 28186 28186 D DpmFrameAnalyzer: analyze: result status=THROTTLED, code=null, source=null
09-02 11:29:30.344 28186 28475 D DpmFrameAnalyzer: analyze: frame received, format=35, size=1440x1080, rotation=90
09-02 11:29:30.427 28186 28475 D DpmFrameAnalyzer: analyze: bitmap converted, size=1080x1440, scanRoi=Rect(189, 369 - 891, 1071)
09-02 11:29:30.428 28186 28186 D DpmAnalyzer: analyze: frame=1080x1440, roi=Rect(189, 369 - 891, 1071), focus=FOCUSED, mode=SCAN
09-02 11:29:30.428 28186 28186 D DpmAnalyzer: analyze: starting performMultiStrategyDecode
09-02 11:29:30.428 28186 28186 D DpmAnalyzer: performMultiStrategyDecode: frame=1080x1440, roi=Rect(189, 369 - 891, 1071), strategies=1
09-02 11:29:30.428 28186 28475 D DpmFrameAnalyzer: analyze: frame received, format=35, size=1440x1080, rotation=90
09-02 11:29:30.443 28186 28186 D DpmAnalyzer: Stage1: ROI 702x702 → scaled 400x400
09-02 11:29:30.511 28186 28475 D DpmFrameAnalyzer: analyze: bitmap converted, size=1080x1440, scanRoi=Rect(189, 369 - 891, 1071)
09-02 11:29:30.511 28186 28186 D DpmAnalyzer: analyze: frame=1080x1440, roi=Rect(189, 369 - 891, 1071), focus=FOCUSED, mode=SCAN
09-02 11:29:30.511 28186 28186 D DpmAnalyzer: analyze: THROTTLED (already running)
09-02 11:29:30.511 28186 28186 D DpmFrameAnalyzer: analyze: result status=THROTTLED, code=null, source=null
09-02 11:29:30.513 28186 28475 D DpmFrameAnalyzer: analyze: frame received, format=35, size=1440x1080, rotation=90
09-02 11:29:30.519 28186 28186 D DpmAnalyzer: Stage1: MISS
09-02 11:29:30.519 28186 28186 D DpmAnalyzer: scanRoi present, skipping full-image stages
09-02 11:29:30.520 28186 28186 D DpmAnalyzer: analyze: decodedCode=null
09-02 11:29:30.520 28186 28186 D DpmFrameAnalyzer: analyze: result status=NO_CODE, code=null, source=null
09-02 11:29:30.615 28186 28475 D DpmFrameAnalyzer: analyze: bitmap converted, size=1080x1440, scanRoi=Rect(189, 369 - 891, 1071)
09-02 11:29:30.615 28186 28186 D DpmAnalyzer: analyze: frame=1080x1440, roi=Rect(189, 369 - 891, 1071), focus=FOCUSED, mode=SCAN
09-02 11:29:30.616 28186 28186 D DpmAnalyzer: analyze: THROTTLED by timing gate
09-02 11:29:30.616 28186 28186 D DpmFrameAnalyzer: analyze: result status=THROTTLED, code=null, source=null
09-02 11:29:30.616 28186 28475 D DpmFrameAnalyzer: analyze: frame received, format=35, size=1440x1080, rotation=90
09-02 11:29:30.707 28186 28475 D DpmFrameAnalyzer: analyze: bitmap converted, size=1080x1440, scanRoi=Rect(189, 369 - 891, 1071)
09-02 11:29:30.707 28186 28186 D DpmAnalyzer: analyze: frame=1080x1440, roi=Rect(189, 369 - 891, 1071), focus=FOCUSED, mode=SCAN
09-02 11:29:30.707 28186 28186 D DpmAnalyzer: analyze: starting performMultiStrategyDecode
09-02 11:29:30.707 28186 28186 D DpmAnalyzer: performMultiStrategyDecode: frame=1080x1440, roi=Rect(189, 369 - 891, 1071), strategies=1
09-02 11:29:30.710 28186 28475 D DpmFrameAnalyzer: analyze: frame received, format=35, size=1440x1080, rotation=90
09-02 11:29:30.716 28186 28186 D DpmAnalyzer: Stage1: ROI 702x702 → scaled 400x400
09-02 11:29:30.797 28186 28475 D DpmFrameAnalyzer: analyze: bitmap converted, size=1080x1440, scanRoi=Rect(189, 369 - 891, 1071)
09-02 11:29:30.798 28186 28475 D DpmFrameAnalyzer: analyze: frame received, format=35, size=1440x1080, rotation=90
09-02 11:29:30.895 28186 28475 D DpmFrameAnalyzer: analyze: bitmap converted, size=1080x1440, scanRoi=Rect(189, 369 - 891, 1071)
09-02 11:29:31.122 28186 28186 D DpmAnalyzer: Stage1: MISS
09-02 11:29:31.122 28186 28186 D DpmAnalyzer: scanRoi present, skipping full-image stages
09-02 11:29:31.122 28186 28186 D DpmAnalyzer: analyze: decodedCode=null
09-02 11:29:31.122 28186 28186 D DpmFrameAnalyzer: analyze: result status=NO_CODE, code=null, source=null
09-02 11:29:31.122 28186 28186 D DpmAnalyzer: analyze: frame=1080x1440, roi=Rect(189, 369 - 891, 1071), focus=FOCUSED, mode=SCAN
09-02 11:29:31.123 28186 28186 D DpmAnalyzer: analyze: THROTTLED by timing gate
09-02 11:29:31.123 28186 28186 D DpmFrameAnalyzer: analyze: result status=THROTTLED, code=null, source=null
09-02 11:29:31.125 28186 28186 D DpmAnalyzer: analyze: frame=1080x1440, roi=Rect(189, 369 - 891, 1071), focus=FOCUSED, mode=SCAN
09-02 11:29:31.125 28186 28186 D DpmAnalyzer: analyze: THROTTLED by timing gate
09-02 11:29:31.125 28186 28186 D DpmFrameAnalyzer: analyze: result status=THROTTLED, code=null, source=null
09-02 11:29:31.126 28186 28475 D DpmFrameAnalyzer: analyze: frame received, format=35, size=1440x1080, rotation=90
09-02 11:29:31.203 28186 28475 D DpmFrameAnalyzer: analyze: bitmap converted, size=1080x1440, scanRoi=Rect(189, 369 - 891, 1071)
09-02 11:29:31.203 28186 28186 D DpmAnalyzer: analyze: frame=1080x1440, roi=Rect(189, 369 - 891, 1071), focus=FOCUSED, mode=SCAN
09-02 11:29:31.203 28186 28186 D DpmAnalyzer: analyze: THROTTLED by timing gate
09-02 11:29:31.203 28186 28186 D DpmFrameAnalyzer: analyze: result status=THROTTLED, code=null, source=null
09-02 11:29:31.203 28186 28475 D DpmFrameAnalyzer: analyze: frame received, format=35, size=1440x1080, rotation=90
09-02 11:29:31.279 28186 28475 D DpmFrameAnalyzer: analyze: bitmap converted, size=1080x1440, scanRoi=Rect(189, 369 - 891, 1071)
09-02 11:29:31.279 28186 28186 D DpmAnalyzer: analyze: frame=1080x1440, roi=Rect(189, 369 - 891, 1071), focus=FOCUSED, mode=SCAN
09-02 11:29:31.279 28186 28186 D DpmAnalyzer: analyze: starting performMultiStrategyDecode
09-02 11:29:31.279 28186 28186 D DpmAnalyzer: performMultiStrategyDecode: frame=1080x1440, roi=Rect(189, 369 - 891, 1071), strategies=1
09-02 11:29:31.279 28186 28475 D DpmFrameAnalyzer: analyze: frame received, format=35, size=1440x1080, rotation=90
09-02 11:29:31.284 28186 28186 D DpmAnalyzer: Stage1: ROI 702x702 → scaled 400x400
09-02 11:29:31.351 28186 28186 D DpmAnalyzer: Stage1: MISS
09-02 11:29:31.351 28186 28186 D DpmAnalyzer: scanRoi present, skipping full-image stages
09-02 11:29:31.351 28186 28186 D DpmAnalyzer: analyze: decodedCode=null
09-02 11:29:31.351 28186 28186 D DpmFrameAnalyzer: analyze: result status=NO_CODE, code=null, source=null
09-02 11:29:31.363 28186 28475 D DpmFrameAnalyzer: analyze: bitmap converted, size=1080x1440, scanRoi=Rect(189, 369 - 891, 1071)
09-02 11:29:31.363 28186 28186 D DpmAnalyzer: analyze: frame=1080x1440, roi=Rect(189, 369 - 891, 1071), focus=FOCUSED, mode=SCAN
09-02 11:29:31.363 28186 28186 D DpmAnalyzer: analyze: THROTTLED by timing gate
09-02 11:29:31.363 28186 28186 D DpmFrameAnalyzer: analyze: result status=THROTTLED, code=null, source=null
09-02 11:29:31.364 28186 28475 D DpmFrameAnalyzer: analyze: frame received, format=35, size=1440x1080, rotation=90
09-02 11:29:31.460 28186 28475 D DpmFrameAnalyzer: analyze: bitmap converted, size=1080x1440, scanRoi=Rect(189, 369 - 891, 1071)
09-02 11:29:31.460 28186 28186 D DpmAnalyzer: analyze: frame=1080x1440, roi=Rect(189, 369 - 891, 1071), focus=FOCUSED, mode=SCAN
09-02 11:29:31.460 28186 28186 D DpmAnalyzer: analyze: starting performMultiStrategyDecode
09-02 11:29:31.460 28186 28186 D DpmAnalyzer: performMultiStrategyDecode: frame=1080x1440, roi=Rect(189, 369 - 891, 1071), strategies=1
09-02 11:29:31.461 28186 28475 D DpmFrameAnalyzer: analyze: frame received, format=35, size=1440x1080, rotation=90
09-02 11:29:31.466 28186 28186 D DpmAnalyzer: Stage1: ROI 702x702 → scaled 400x400
09-02 11:29:31.535 28186 28186 D DpmAnalyzer: Stage1: MISS
09-02 11:29:31.535 28186 28186 D DpmAnalyzer: scanRoi present, skipping full-image stages
09-02 11:29:31.535 28186 28186 D DpmAnalyzer: analyze: decodedCode=null
09-02 11:29:31.535 28186 28186 D DpmFrameAnalyzer: analyze: result status=NO_CODE, code=null, source=null
09-02 11:29:31.554 28186 28475 D DpmFrameAnalyzer: analyze: bitmap converted, size=1080x1440, scanRoi=Rect(189, 369 - 891, 1071)
09-02 11:29:31.554 28186 28186 D DpmAnalyzer: analyze: frame=1080x1440, roi=Rect(189, 369 - 891, 1071), focus=FOCUSED, mode=SCAN
09-02 11:29:31.554 28186 28186 D DpmAnalyzer: analyze: THROTTLED by timing gate
09-02 11:29:31.554 28186 28186 D DpmFrameAnalyzer: analyze: result status=THROTTLED, code=null, source=null
09-02 11:29:31.555 28186 28475 D DpmFrameAnalyzer: analyze: frame received, format=35, size=1440x1080, rotation=90
09-02 11:29:31.644 28186 28475 D DpmFrameAnalyzer: analyze: bitmap converted, size=1080x1440, scanRoi=Rect(189, 369 - 891, 1071)
09-02 11:29:31.644 28186 28186 D DpmAnalyzer: analyze: frame=1080x1440, roi=Rect(189, 369 - 891, 1071), focus=FOCUSED, mode=SCAN
09-02 11:29:31.644 28186 28186 D DpmAnalyzer: analyze: starting performMultiStrategyDecode
09-02 11:29:31.644 28186 28186 D DpmAnalyzer: performMultiStrategyDecode: frame=1080x1440, roi=Rect(189, 369 - 891, 1071), strategies=1
09-02 11:29:31.645 28186 28475 D DpmFrameAnalyzer: analyze: frame received, format=35, size=1440x1080, rotation=90
09-02 11:29:31.660 28186 28186 D DpmAnalyzer: Stage1: ROI 702x702 → scaled 400x400
09-02 11:29:31.739 28186 28475 D DpmFrameAnalyzer: analyze: bitmap converted, size=1080x1440, scanRoi=Rect(189, 369 - 891, 1071)
09-02 11:29:31.740 28186 28475 D DpmFrameAnalyzer: analyze: frame received, format=35, size=1440x1080, rotation=90
09-02 11:29:31.740 28186 28186 D DpmAnalyzer: Stage1: MISS
09-02 11:29:31.740 28186 28186 D DpmAnalyzer: scanRoi present, skipping full-image stages
09-02 11:29:31.740 28186 28186 D DpmAnalyzer: analyze: decodedCode=null
09-02 11:29:31.740 28186 28186 D DpmFrameAnalyzer: analyze: result status=NO_CODE, code=null, source=null
09-02 11:29:31.741 28186 28186 D DpmAnalyzer: analyze: frame=1080x1440, roi=Rect(189, 369 - 891, 1071), focus=FOCUSED, mode=SCAN
09-02 11:29:31.741 28186 28186 D DpmAnalyzer: analyze: THROTTLED by timing gate
09-02 11:29:31.741 28186 28186 D DpmFrameAnalyzer: analyze: result status=THROTTLED, code=null, source=null
09-02 11:29:31.828 28186 28475 D DpmFrameAnalyzer: analyze: bitmap converted, size=1080x1440, scanRoi=Rect(189, 369 - 891, 1071)
09-02 11:29:31.828 28186 28186 D DpmAnalyzer: analyze: frame=1080x1440, roi=Rect(189, 369 - 891, 1071), focus=FOCUSED, mode=SCAN
09-02 11:29:31.829 28186 28186 D DpmAnalyzer: analyze: THROTTLED by timing gate
09-02 11:29:31.829 28186 28186 D DpmFrameAnalyzer: analyze: result status=THROTTLED, code=null, source=null
09-02 11:29:31.829 28186 28475 D DpmFrameAnalyzer: analyze: frame received, format=35, size=1440x1080, rotation=90
09-02 11:29:31.899 28186 28475 D DpmFrameAnalyzer: analyze: bitmap converted, size=1080x1440, scanRoi=Rect(189, 369 - 891, 1071)
09-02 11:29:31.899 28186 28186 D DpmAnalyzer: analyze: frame=1080x1440, roi=Rect(189, 369 - 891, 1071), focus=FOCUSED, mode=SCAN
09-02 11:29:31.900 28186 28186 D DpmAnalyzer: analyze: starting performMultiStrategyDecode
09-02 11:29:31.900 28186 28186 D DpmAnalyzer: performMultiStrategyDecode: frame=1080x1440, roi=Rect(189, 369 - 891, 1071), strategies=1
09-02 11:29:31.900 28186 28475 D DpmFrameAnalyzer: analyze: frame received, format=35, size=1440x1080, rotation=90
09-02 11:29:31.916 28186 28186 D DpmAnalyzer: Stage1: ROI 702x702 → scaled 400x400
09-02 11:29:31.983 28186 28475 D DpmFrameAnalyzer: analyze: bitmap converted, size=1080x1440, scanRoi=Rect(189, 369 - 891, 1071)
09-02 11:29:31.984 28186 28475 D DpmFrameAnalyzer: analyze: frame received, format=35, size=1440x1080, rotation=90
09-02 11:29:32.080 28186 28475 D DpmFrameAnalyzer: analyze: bitmap converted, size=1080x1440, scanRoi=Rect(189, 369 - 891, 1071)
09-02 11:29:32.121 28186 28186 D DpmAnalyzer: Stage1: MISS
09-02 11:29:32.121 28186 28186 D DpmAnalyzer: scanRoi present, skipping full-image stages
09-02 11:29:32.121 28186 28186 D DpmAnalyzer: analyze: decodedCode=null
09-02 11:29:32.121 28186 28186 D DpmFrameAnalyzer: analyze: result status=NO_CODE, code=null, source=null
09-02 11:29:32.123 28186 28186 D DpmAnalyzer: analyze: frame=1080x1440, roi=Rect(189, 369 - 891, 1071), focus=FOCUSED, mode=SCAN
09-02 11:29:32.123 28186 28186 D DpmAnalyzer: analyze: THROTTLED by timing gate
09-02 11:29:32.123 28186 28186 D DpmFrameAnalyzer: analyze: result status=THROTTLED, code=null, source=null
09-02 11:29:32.124 28186 28186 D DpmAnalyzer: analyze: frame=1080x1440, roi=Rect(189, 369 - 891, 1071), focus=FOCUSED, mode=SCAN
09-02 11:29:32.124 28186 28186 D DpmAnalyzer: analyze: THROTTLED by timing gate
09-02 11:29:32.124 28186 28186 D DpmFrameAnalyzer: analyze: result status=THROTTLED, code=null, source=null
09-02 11:29:32.126 28186 28475 D DpmFrameAnalyzer: analyze: frame received, format=35, size=1440x1080, rotation=90
09-02 11:29:32.222 28186 28475 D DpmFrameAnalyzer: analyze: bitmap converted, size=1080x1440, scanRoi=Rect(189, 369 - 891, 1071)
09-02 11:29:32.222 28186 28186 D DpmAnalyzer: analyze: frame=1080x1440, roi=Rect(189, 369 - 891, 1071), focus=FOCUSED, mode=SCAN
09-02 11:29:32.222 28186 28186 D DpmAnalyzer: analyze: starting performMultiStrategyDecode
09-02 11:29:32.222 28186 28186 D DpmAnalyzer: performMultiStrategyDecode: frame=1080x1440, roi=Rect(189, 369 - 891, 1071), strategies=1
09-02 11:29:32.223 28186 28475 D DpmFrameAnalyzer: analyze: frame received, format=35, size=1440x1080, rotation=90
09-02 11:29:32.232 28186 28186 D DpmAnalyzer: Stage1: ROI 702x702 → scaled 400x400
09-02 11:29:32.290 28186 28186 D DpmAnalyzer: Stage1: MISS
09-02 11:29:32.290 28186 28186 D DpmAnalyzer: scanRoi present, skipping full-image stages
09-02 11:29:32.290 28186 28186 D DpmAnalyzer: analyze: decodedCode=null
09-02 11:29:32.290 28186 28186 D DpmFrameAnalyzer: analyze: result status=NO_CODE, code=null, source=null
09-02 11:29:32.298 28186 28475 D DpmFrameAnalyzer: analyze: bitmap converted, size=1080x1440, scanRoi=Rect(189, 369 - 891, 1071)
09-02 11:29:32.298 28186 28186 D DpmAnalyzer: analyze: frame=1080x1440, roi=Rect(189, 369 - 891, 1071), focus=FOCUSED, mode=SCAN
09-02 11:29:32.298 28186 28186 D DpmAnalyzer: analyze: THROTTLED by timing gate
09-02 11:29:32.298 28186 28186 D DpmFrameAnalyzer: analyze: result status=THROTTLED, code=null, source=null
09-02 11:29:32.299 28186 28475 D DpmFrameAnalyzer: analyze: frame received, format=35, size=1440x1080, rotation=90
09-02 11:29:32.390 28186 28475 D DpmFrameAnalyzer: analyze: bitmap converted, size=1080x1440, scanRoi=Rect(189, 369 - 891, 1071)
09-02 11:29:32.390 28186 28186 D DpmAnalyzer: analyze: frame=1080x1440, roi=Rect(189, 369 - 891, 1071), focus=FOCUSED, mode=SCAN
09-02 11:29:32.390 28186 28186 D DpmAnalyzer: analyze: starting performMultiStrategyDecode
09-02 11:29:32.390 28186 28186 D DpmAnalyzer: performMultiStrategyDecode: frame=1080x1440, roi=Rect(189, 369 - 891, 1071), strategies=1
09-02 11:29:32.391 28186 28475 D DpmFrameAnalyzer: analyze: frame received, format=35, size=1440x1080, rotation=90
09-02 11:29:32.419 28186 28186 D DpmAnalyzer: Stage1: ROI 702x702 → scaled 400x400
09-02 11:29:32.465 28186 28475 D DpmFrameAnalyzer: analyze: bitmap converted, size=1080x1440, scanRoi=Rect(189, 369 - 891, 1071)
09-02 11:29:32.465 28186 28186 D DpmAnalyzer: analyze: frame=1080x1440, roi=Rect(189, 369 - 891, 1071), focus=FOCUSED, mode=SCAN
09-02 11:29:32.465 28186 28186 D DpmAnalyzer: analyze: THROTTLED (already running)
09-02 11:29:32.465 28186 28186 D DpmFrameAnalyzer: analyze: result status=THROTTLED, code=null, source=null
09-02 11:29:32.465 28186 28475 D DpmFrameAnalyzer: analyze: frame received, format=35, size=1440x1080, rotation=90
09-02 11:29:32.488 28186 28186 D DpmAnalyzer: Stage1: MISS
09-02 11:29:32.488 28186 28186 D DpmAnalyzer: scanRoi present, skipping full-image stages
09-02 11:29:32.488 28186 28186 D DpmAnalyzer: analyze: decodedCode=null
09-02 11:29:32.488 28186 28186 D DpmFrameAnalyzer: analyze: result status=NO_CODE, code=null, source=null
09-02 11:29:32.558 28186 28475 D DpmFrameAnalyzer: analyze: bitmap converted, size=1080x1440, scanRoi=Rect(189, 369 - 891, 1071)
09-02 11:29:32.559 28186 28186 D DpmAnalyzer: analyze: frame=1080x1440, roi=Rect(189, 369 - 891, 1071), focus=FOCUSED, mode=SCAN
09-02 11:29:32.559 28186 28186 D DpmAnalyzer: analyze: THROTTLED by timing gate
09-02 11:29:32.559 28186 28186 D DpmFrameAnalyzer: analyze: result status=THROTTLED, code=null, source=null
09-02 11:29:32.559 28186 28475 D DpmFrameAnalyzer: analyze: frame received, format=35, size=1440x1080, rotation=90
09-02 11:29:32.629 28186 28475 D DpmFrameAnalyzer: analyze: bitmap converted, size=1080x1440, scanRoi=Rect(189, 369 - 891, 1071)
09-02 11:29:32.629 28186 28186 D DpmAnalyzer: analyze: frame=1080x1440, roi=Rect(189, 369 - 891, 1071), focus=FOCUSED, mode=SCAN
09-02 11:29:32.629 28186 28186 D DpmAnalyzer: analyze: starting performMultiStrategyDecode
09-02 11:29:32.629 28186 28186 D DpmAnalyzer: performMultiStrategyDecode: frame=1080x1440, roi=Rect(189, 369 - 891, 1071), strategies=1
09-02 11:29:32.630 28186 28475 D DpmFrameAnalyzer: analyze: frame received, format=35, size=1440x1080, rotation=90
09-02 11:29:32.639 28186 28186 D DpmAnalyzer: Stage1: ROI 702x702 → scaled 400x400
09-02 11:29:32.708 28186 28475 D DpmFrameAnalyzer: analyze: bitmap converted, size=1080x1440, scanRoi=Rect(189, 369 - 891, 1071)
09-02 11:29:32.709 28186 28186 D DpmAnalyzer: analyze: frame=1080x1440, roi=Rect(189, 369 - 891, 1071), focus=FOCUSED, mode=SCAN
09-02 11:29:32.709 28186 28186 D DpmAnalyzer: analyze: THROTTLED (already running)
09-02 11:29:32.709 28186 28186 D DpmFrameAnalyzer: analyze: result status=THROTTLED, code=null, source=null
09-02 11:29:32.709 28186 28475 D DpmFrameAnalyzer: analyze: frame received, format=35, size=1440x1080, rotation=90
09-02 11:29:32.724 28186 28186 D DpmAnalyzer: Stage1: MISS
09-02 11:29:32.724 28186 28186 D DpmAnalyzer: scanRoi present, skipping full-image stages
09-02 11:29:32.724 28186 28186 D DpmAnalyzer: analyze: decodedCode=null
09-02 11:29:32.724 28186 28186 D DpmFrameAnalyzer: analyze: result status=NO_CODE, code=null, source=null
09-02 11:29:32.801 28186 28475 D DpmFrameAnalyzer: analyze: bitmap converted, size=1080x1440, scanRoi=Rect(189, 369 - 891, 1071)
09-02 11:29:32.802 28186 28186 D DpmAnalyzer: analyze: frame=1080x1440, roi=Rect(189, 369 - 891, 1071), focus=FOCUSED, mode=SCAN
09-02 11:29:32.802 28186 28186 D DpmAnalyzer: analyze: THROTTLED by timing gate
09-02 11:29:32.802 28186 28475 D DpmFrameAnalyzer: analyze: frame received, format=35, size=1440x1080, rotation=90
09-02 11:29:32.803 28186 28186 D DpmFrameAnalyzer: analyze: result status=THROTTLED, code=null, source=null
09-02 11:29:32.890 28186 28475 D DpmFrameAnalyzer: analyze: bitmap converted, size=1080x1440, scanRoi=Rect(189, 369 - 891, 1071)
09-02 11:29:32.890 28186 28186 D DpmAnalyzer: analyze: frame=1080x1440, roi=Rect(189, 369 - 891, 1071), focus=FOCUSED, mode=SCAN
09-02 11:29:32.890 28186 28186 D DpmAnalyzer: analyze: starting performMultiStrategyDecode
09-02 11:29:32.890 28186 28186 D DpmAnalyzer: performMultiStrategyDecode: frame=1080x1440, roi=Rect(189, 369 - 891, 1071), strategies=1
09-02 11:29:32.891 28186 28475 D DpmFrameAnalyzer: analyze: frame received, format=35, size=1440x1080, rotation=90
09-02 11:29:32.899 28186 28186 D DpmAnalyzer: Stage1: ROI 702x702 → scaled 400x400
09-02 11:29:32.969 28186 28186 D DpmAnalyzer: Stage1: MISS
09-02 11:29:32.969 28186 28186 D DpmAnalyzer: scanRoi present, skipping full-image stages
09-02 11:29:32.969 28186 28186 D DpmAnalyzer: analyze: decodedCode=null
09-02 11:29:32.969 28186 28186 D DpmFrameAnalyzer: analyze: result status=NO_CODE, code=null, source=null
09-02 11:29:32.971 28186 28475 D DpmFrameAnalyzer: analyze: bitmap converted, size=1080x1440, scanRoi=Rect(189, 369 - 891, 1071)
09-02 11:29:32.972 28186 28186 D DpmAnalyzer: analyze: frame=1080x1440, roi=Rect(189, 369 - 891, 1071), focus=FOCUSED, mode=SCAN
09-02 11:29:32.972 28186 28186 D DpmAnalyzer: analyze: THROTTLED by timing gate
09-02 11:29:32.972 28186 28186 D DpmFrameAnalyzer: analyze: result status=THROTTLED, code=null, source=null
09-02 11:29:32.972 28186 28475 D DpmFrameAnalyzer: analyze: frame received, format=35, size=1440x1080, rotation=90
09-02 11:29:33.069 28186 28475 D DpmFrameAnalyzer: analyze: bitmap converted, size=1080x1440, scanRoi=Rect(189, 369 - 891, 1071)
09-02 11:29:33.069 28186 28186 D DpmAnalyzer: analyze: frame=1080x1440, roi=Rect(189, 369 - 891, 1071), focus=FOCUSED, mode=SCAN
09-02 11:29:33.069 28186 28186 D DpmAnalyzer: analyze: starting performMultiStrategyDecode
09-02 11:29:33.069 28186 28186 D DpmAnalyzer: performMultiStrategyDecode: frame=1080x1440, roi=Rect(189, 369 - 891, 1071), strategies=1
09-02 11:29:33.070 28186 28475 D DpmFrameAnalyzer: analyze: frame received, format=35, size=1440x1080, rotation=90
09-02 11:29:33.081 28186 28186 D DpmAnalyzer: Stage1: ROI 702x702 → scaled 400x400
09-02 11:29:33.132 28186 28186 D DpmAnalyzer: Stage1: MISS
09-02 11:29:33.132 28186 28186 D DpmAnalyzer: scanRoi present, skipping full-image stages
09-02 11:29:33.132 28186 28186 D DpmAnalyzer: analyze: decodedCode=null
09-02 11:29:33.132 28186 28186 D DpmFrameAnalyzer: analyze: result status=NO_CODE, code=null, source=null
09-02 11:29:33.155 28186 28475 D DpmFrameAnalyzer: analyze: bitmap converted, size=1080x1440, scanRoi=Rect(189, 369 - 891, 1071)
09-02 11:29:33.155 28186 28186 D DpmAnalyzer: analyze: frame=1080x1440, roi=Rect(189, 369 - 891, 1071), focus=FOCUSED, mode=SCAN
09-02 11:29:33.155 28186 28186 D DpmAnalyzer: analyze: THROTTLED by timing gate
09-02 11:29:33.155 28186 28186 D DpmFrameAnalyzer: analyze: result status=THROTTLED, code=null, source=null
09-02 11:29:33.155 28186 28475 D DpmFrameAnalyzer: analyze: frame received, format=35, size=1440x1080, rotation=90
09-02 11:29:33.254 28186 28475 D DpmFrameAnalyzer: analyze: bitmap converted, size=1080x1440, scanRoi=Rect(189, 369 - 891, 1071)
09-02 11:29:33.255 28186 28186 D DpmAnalyzer: analyze: frame=1080x1440, roi=Rect(189, 369 - 891, 1071), focus=FOCUSED, mode=SCAN
09-02 11:29:33.255 28186 28186 D DpmAnalyzer: analyze: starting performMultiStrategyDecode
09-02 11:29:33.255 28186 28186 D DpmAnalyzer: performMultiStrategyDecode: frame=1080x1440, roi=Rect(189, 369 - 891, 1071), strategies=1
09-02 11:29:33.255 28186 28475 D DpmFrameAnalyzer: analyze: frame received, format=35, size=1440x1080, rotation=90
09-02 11:29:33.266 28186 28186 D DpmAnalyzer: Stage1: ROI 702x702 → scaled 400x400
09-02 11:29:33.329 28186 28186 D DpmAnalyzer: Stage1: MISS
09-02 11:29:33.329 28186 28186 D DpmAnalyzer: scanRoi present, skipping full-image stages
09-02 11:29:33.329 28186 28186 D DpmAnalyzer: analyze: decodedCode=null
09-02 11:29:33.329 28186 28186 D DpmFrameAnalyzer: analyze: result status=NO_CODE, code=null, source=null
09-02 11:29:33.343 28186 28475 D DpmFrameAnalyzer: analyze: bitmap converted, size=1080x1440, scanRoi=Rect(189, 369 - 891, 1071)
09-02 11:29:33.344 28186 28186 D DpmAnalyzer: analyze: frame=1080x1440, roi=Rect(189, 369 - 891, 1071), focus=FOCUSED, mode=SCAN
09-02 11:29:33.344 28186 28186 D DpmAnalyzer: analyze: THROTTLED by timing gate
09-02 11:29:33.344 28186 28186 D DpmFrameAnalyzer: analyze: result status=THROTTLED, code=null, source=null
09-02 11:29:33.344 28186 28475 D DpmFrameAnalyzer: analyze: frame received, format=35, size=1440x1080, rotation=90
09-02 11:29:33.428 28186 28475 D DpmFrameAnalyzer: analyze: bitmap converted, size=1080x1440, scanRoi=Rect(189, 369 - 891, 1071)
09-02 11:29:33.429 28186 28186 D DpmAnalyzer: analyze: frame=1080x1440, roi=Rect(189, 369 - 891, 1071), focus=FOCUSED, mode=SCAN
09-02 11:29:33.429 28186 28186 D DpmAnalyzer: analyze: THROTTLED by timing gate
09-02 11:29:33.429 28186 28186 D DpmFrameAnalyzer: analyze: result status=THROTTLED, code=null, source=null
09-02 11:29:33.429 28186 28475 D DpmFrameAnalyzer: analyze: frame received, format=35, size=1440x1080, rotation=90
09-02 11:29:33.508 28186 28475 D DpmFrameAnalyzer: analyze: bitmap converted, size=1080x1440, scanRoi=Rect(189, 369 - 891, 1071)
09-02 11:29:33.508 28186 28186 D DpmAnalyzer: analyze: frame=1080x1440, roi=Rect(189, 369 - 891, 1071), focus=FOCUSED, mode=SCAN
09-02 11:29:33.509 28186 28186 D DpmAnalyzer: analyze: THROTTLED by timing gate
09-02 11:29:33.509 28186 28186 D DpmFrameAnalyzer: analyze: result status=THROTTLED, code=null, source=null
09-02 11:29:33.509 28186 28475 D DpmFrameAnalyzer: analyze: frame received, format=35, size=1440x1080, rotation=90
09-02 11:29:33.580 28186 28475 D DpmFrameAnalyzer: analyze: bitmap converted, size=1080x1440, scanRoi=Rect(189, 369 - 891, 1071)
09-02 11:29:33.580 28186 28186 D DpmAnalyzer: analyze: frame=1080x1440, roi=Rect(189, 369 - 891, 1071), focus=FOCUSED, mode=SCAN
09-02 11:29:33.580 28186 28186 D DpmAnalyzer: analyze: starting performMultiStrategyDecode
09-02 11:29:33.580 28186 28186 D DpmAnalyzer: performMultiStrategyDecode: frame=1080x1440, roi=Rect(189, 369 - 891, 1071), strategies=1
09-02 11:29:33.581 28186 28475 D DpmFrameAnalyzer: analyze: frame received, format=35, size=1440x1080, rotation=90
09-02 11:29:33.595 28186 28186 D DpmAnalyzer: Stage1: ROI 702x702 → scaled 400x400
09-02 11:29:33.654 28186 28475 D DpmFrameAnalyzer: analyze: bitmap converted, size=1080x1440, scanRoi=Rect(189, 369 - 891, 1071)
09-02 11:29:33.655 28186 28186 D DpmAnalyzer: analyze: frame=1080x1440, roi=Rect(189, 369 - 891, 1071), focus=FOCUSED, mode=SCAN
09-02 11:29:33.655 28186 28186 D DpmAnalyzer: analyze: THROTTLED (already running)
09-02 11:29:33.655 28186 28186 D DpmFrameAnalyzer: analyze: result status=THROTTLED, code=null, source=null
09-02 11:29:33.657 28186 28475 D DpmFrameAnalyzer: analyze: frame received, format=35, size=1440x1080, rotation=90
09-02 11:29:33.675 28186 28186 D DpmAnalyzer: Stage1: MISS
09-02 11:29:33.675 28186 28186 D DpmAnalyzer: scanRoi present, skipping full-image stages
09-02 11:29:33.675 28186 28186 D DpmAnalyzer: analyze: decodedCode=null
09-02 11:29:33.675 28186 28186 D DpmFrameAnalyzer: analyze: result status=NO_CODE, code=null, source=null
09-02 11:29:33.751 28186 28475 D DpmFrameAnalyzer: analyze: bitmap converted, size=1080x1440, scanRoi=Rect(189, 369 - 891, 1071)
09-02 11:29:33.752 28186 28186 D DpmAnalyzer: analyze: frame=1080x1440, roi=Rect(189, 369 - 891, 1071), focus=FOCUSED, mode=SCAN
09-02 11:29:33.752 28186 28186 D DpmAnalyzer: analyze: THROTTLED by timing gate
09-02 11:29:33.752 28186 28186 D DpmFrameAnalyzer: analyze: result status=THROTTLED, code=null, source=null
09-02 11:29:33.752 28186 28475 D DpmFrameAnalyzer: analyze: frame received, format=35, size=1440x1080, rotation=90
09-02 11:29:33.828 28186 28475 D DpmFrameAnalyzer: analyze: bitmap converted, size=1080x1440, scanRoi=Rect(189, 369 - 891, 1071)
09-02 11:29:33.828 28186 28186 D DpmAnalyzer: analyze: frame=1080x1440, roi=Rect(189, 369 - 891, 1071), focus=FOCUSED, mode=SCAN
09-02 11:29:33.828 28186 28186 D DpmAnalyzer: analyze: THROTTLED by timing gate
09-02 11:29:33.828 28186 28186 D DpmFrameAnalyzer: analyze: result status=THROTTLED, code=null, source=null
09-02 11:29:33.829 28186 28475 D DpmFrameAnalyzer: analyze: frame received, format=35, size=1440x1080, rotation=90
09-02 11:29:33.899 28186 28475 D DpmFrameAnalyzer: analyze: bitmap converted, size=1080x1440, scanRoi=Rect(189, 369 - 891, 1071)
09-02 11:29:33.899 28186 28186 D DpmAnalyzer: analyze: frame=1080x1440, roi=Rect(189, 369 - 891, 1071), focus=FOCUSED, mode=SCAN
09-02 11:29:33.899 28186 28186 D DpmAnalyzer: analyze: starting performMultiStrategyDecode
09-02 11:29:33.899 28186 28186 D DpmAnalyzer: performMultiStrategyDecode: frame=1080x1440, roi=Rect(189, 369 - 891, 1071), strategies=1
09-02 11:29:33.900 28186 28475 D DpmFrameAnalyzer: analyze: frame received, format=35, size=1440x1080, rotation=90
09-02 11:29:33.920 28186 28186 D DpmAnalyzer: Stage1: ROI 702x702 → scaled 400x400
09-02 11:29:33.968 28186 28475 D DpmFrameAnalyzer: analyze: bitmap converted, size=1080x1440, scanRoi=Rect(189, 369 - 891, 1071)
09-02 11:29:33.969 28186 28186 D DpmAnalyzer: analyze: frame=1080x1440, roi=Rect(189, 369 - 891, 1071), focus=FOCUSED, mode=SCAN
09-02 11:29:33.969 28186 28186 D DpmAnalyzer: analyze: THROTTLED (already running)
09-02 11:29:33.969 28186 28186 D DpmFrameAnalyzer: analyze: result status=THROTTLED, code=null, source=null
09-02 11:29:33.969 28186 28475 D DpmFrameAnalyzer: analyze: frame received, format=35, size=1440x1080, rotation=90
09-02 11:29:33.987 28186 28186 D DpmAnalyzer: Stage1: MISS
09-02 11:29:33.987 28186 28186 D DpmAnalyzer: scanRoi present, skipping full-image stages
09-02 11:29:33.987 28186 28186 D DpmAnalyzer: analyze: decodedCode=null
09-02 11:29:33.987 28186 28186 D DpmFrameAnalyzer: analyze: result status=NO_CODE, code=null, source=null
09-02 11:29:34.064 28186 28475 D DpmFrameAnalyzer: analyze: bitmap converted, size=1080x1440, scanRoi=Rect(189, 369 - 891, 1071)
09-02 11:29:34.064 28186 28186 D DpmAnalyzer: analyze: frame=1080x1440, roi=Rect(189, 369 - 891, 1071), focus=FOCUSED, mode=SCAN
09-02 11:29:34.064 28186 28186 D DpmAnalyzer: analyze: THROTTLED by timing gate
09-02 11:29:34.064 28186 28186 D DpmFrameAnalyzer: analyze: result status=THROTTLED, code=null, source=null
09-02 11:29:34.065 28186 28475 D DpmFrameAnalyzer: analyze: frame received, format=35, size=1440x1080, rotation=90
09-02 11:29:34.148 28186 28475 D DpmFrameAnalyzer: analyze: bitmap converted, size=1080x1440, scanRoi=Rect(189, 369 - 891, 1071)
09-02 11:29:34.149 28186 28186 D DpmAnalyzer: analyze: frame=1080x1440, roi=Rect(189, 369 - 891, 1071), focus=FOCUSED, mode=SCAN
09-02 11:29:34.149 28186 28186 D DpmAnalyzer: analyze: THROTTLED by timing gate
09-02 11:29:34.149 28186 28186 D DpmFrameAnalyzer: analyze: result status=THROTTLED, code=null, source=null
09-02 11:29:34.149 28186 28475 D DpmFrameAnalyzer: analyze: frame received, format=35, size=1440x1080, rotation=90
09-02 11:29:34.243 28186 28475 D DpmFrameAnalyzer: analyze: bitmap converted, size=1080x1440, scanRoi=Rect(189, 369 - 891, 1071)
09-02 11:29:34.244 28186 28186 D DpmAnalyzer: analyze: frame=1080x1440, roi=Rect(189, 369 - 891, 1071), focus=FOCUSED, mode=SCAN
09-02 11:29:34.244 28186 28186 D DpmAnalyzer: analyze: starting performMultiStrategyDecode
09-02 11:29:34.244 28186 28186 D DpmAnalyzer: performMultiStrategyDecode: frame=1080x1440, roi=Rect(189, 369 - 891, 1071), strategies=1
09-02 11:29:34.246 28186 28475 D DpmFrameAnalyzer: analyze: frame received, format=35, size=1440x1080, rotation=90
09-02 11:29:34.270 28186 28186 D DpmAnalyzer: Stage1: ROI 702x702 → scaled 400x400
09-02 11:29:34.334 28186 28475 D DpmFrameAnalyzer: analyze: bitmap converted, size=1080x1440, scanRoi=Rect(189, 369 - 891, 1071)
09-02 11:29:34.335 28186 28186 D DpmAnalyzer: Stage1: MISS
09-02 11:29:34.335 28186 28186 D DpmAnalyzer: scanRoi present, skipping full-image stages
09-02 11:29:34.335 28186 28186 D DpmAnalyzer: analyze: decodedCode=null
09-02 11:29:34.335 28186 28186 D DpmFrameAnalyzer: analyze: result status=NO_CODE, code=null, source=null
09-02 11:29:34.335 28186 28475 D DpmFrameAnalyzer: analyze: frame received, format=35, size=1440x1080, rotation=90
09-02 11:29:34.337 28186 28186 D DpmAnalyzer: analyze: frame=1080x1440, roi=Rect(189, 369 - 891, 1071), focus=FOCUSED, mode=SCAN
09-02 11:29:34.337 28186 28186 D DpmAnalyzer: analyze: THROTTLED by timing gate
09-02 11:29:34.337 28186 28186 D DpmFrameAnalyzer: analyze: result status=THROTTLED, code=null, source=null
09-02 11:29:34.426 28186 28475 D DpmFrameAnalyzer: analyze: bitmap converted, size=1080x1440, scanRoi=Rect(189, 369 - 891, 1071)
09-02 11:29:34.427 28186 28186 D DpmAnalyzer: analyze: frame=1080x1440, roi=Rect(189, 369 - 891, 1071), focus=FOCUSED, mode=SCAN
09-02 11:29:34.427 28186 28186 D DpmAnalyzer: analyze: THROTTLED by timing gate
09-02 11:29:34.427 28186 28186 D DpmFrameAnalyzer: analyze: result status=THROTTLED, code=null, source=null
09-02 11:29:34.427 28186 28475 D DpmFrameAnalyzer: analyze: frame received, format=35, size=1440x1080, rotation=90
09-02 11:29:34.503 28186 28475 D DpmFrameAnalyzer: analyze: bitmap converted, size=1080x1440, scanRoi=Rect(189, 369 - 891, 1071)
09-02 11:29:34.504 28186 28186 D DpmAnalyzer: analyze: frame=1080x1440, roi=Rect(189, 369 - 891, 1071), focus=FOCUSED, mode=SCAN
09-02 11:29:34.504 28186 28186 D DpmAnalyzer: analyze: THROTTLED by timing gate
09-02 11:29:34.504 28186 28186 D DpmFrameAnalyzer: analyze: result status=THROTTLED, code=null, source=null
09-02 11:29:34.504 28186 28475 D DpmFrameAnalyzer: analyze: frame received, format=35, size=1440x1080, rotation=90
09-02 11:29:34.573 28186 28475 D DpmFrameAnalyzer: analyze: bitmap converted, size=1080x1440, scanRoi=Rect(189, 369 - 891, 1071)
09-02 11:29:34.574 28186 28186 D DpmAnalyzer: analyze: frame=1080x1440, roi=Rect(189, 369 - 891, 1071), focus=FOCUSED, mode=SCAN
09-02 11:29:34.574 28186 28186 D DpmAnalyzer: analyze: starting performMultiStrategyDecode
09-02 11:29:34.574 28186 28475 D DpmFrameAnalyzer: analyze: frame received, format=35, size=1440x1080, rotation=90
09-02 11:29:34.574 28186 28186 D DpmAnalyzer: performMultiStrategyDecode: frame=1080x1440, roi=Rect(189, 369 - 891, 1071), strategies=1
09-02 11:29:34.599 28186 28186 D DpmAnalyzer: Stage1: ROI 702x702 → scaled 400x400
09-02 11:29:34.654 28186 28475 D DpmFrameAnalyzer: analyze: bitmap converted, size=1080x1440, scanRoi=Rect(189, 369 - 891, 1071)
09-02 11:29:34.654 28186 28186 D DpmAnalyzer: analyze: frame=1080x1440, roi=Rect(189, 369 - 891, 1071), focus=FOCUSED, mode=SCAN
09-02 11:29:34.654 28186 28186 D DpmAnalyzer: analyze: THROTTLED (already running)
09-02 11:29:34.654 28186 28186 D DpmFrameAnalyzer: analyze: result status=THROTTLED, code=null, source=null
09-02 11:29:34.655 28186 28475 D DpmFrameAnalyzer: analyze: frame received, format=35, size=1440x1080, rotation=90
09-02 11:29:34.658 28186 28186 D DpmAnalyzer: Stage1: MISS
09-02 11:29:34.658 28186 28186 D DpmAnalyzer: scanRoi present, skipping full-image stages
09-02 11:29:34.658 28186 28186 D DpmAnalyzer: analyze: decodedCode=null
09-02 11:29:34.658 28186 28186 D DpmFrameAnalyzer: analyze: result status=NO_CODE, code=null, source=null
09-02 11:29:34.750 28186 28475 D DpmFrameAnalyzer: analyze: bitmap converted, size=1080x1440, scanRoi=Rect(189, 369 - 891, 1071)
09-02 11:29:34.750 28186 28186 D DpmAnalyzer: analyze: frame=1080x1440, roi=Rect(189, 369 - 891, 1071), focus=FOCUSED, mode=SCAN
09-02 11:29:34.751 28186 28186 D DpmAnalyzer: analyze: THROTTLED by timing gate
09-02 11:29:34.751 28186 28186 D DpmFrameAnalyzer: analyze: result status=THROTTLED, code=null, source=null
09-02 11:29:34.751 28186 28475 D DpmFrameAnalyzer: analyze: frame received, format=35, size=1440x1080, rotation=90
09-02 11:29:34.826 28186 28475 D DpmFrameAnalyzer: analyze: bitmap converted, size=1080x1440, scanRoi=Rect(189, 369 - 891, 1071)
09-02 11:29:34.826 28186 28186 D DpmAnalyzer: analyze: frame=1080x1440, roi=Rect(189, 369 - 891, 1071), focus=FOCUSED, mode=SCAN
09-02 11:29:34.826 28186 28186 D DpmAnalyzer: analyze: THROTTLED by timing gate
09-02 11:29:34.826 28186 28186 D DpmFrameAnalyzer: analyze: result status=THROTTLED, code=null, source=null
09-02 11:29:34.826 28186 28475 D DpmFrameAnalyzer: analyze: frame received, format=35, size=1440x1080, rotation=90
09-02 11:29:34.892 28186 28475 D DpmFrameAnalyzer: analyze: bitmap converted, size=1080x1440, scanRoi=Rect(189, 369 - 891, 1071)
09-02 11:29:34.892 28186 28186 D DpmAnalyzer: analyze: frame=1080x1440, roi=Rect(189, 369 - 891, 1071), focus=FOCUSED, mode=SCAN
09-02 11:29:34.893 28186 28186 D DpmAnalyzer: analyze: starting performMultiStrategyDecode
09-02 11:29:34.893 28186 28186 D DpmAnalyzer: performMultiStrategyDecode: frame=1080x1440, roi=Rect(189, 369 - 891, 1071), strategies=1
09-02 11:29:34.894 28186 28475 D DpmFrameAnalyzer: analyze: frame received, format=35, size=1440x1080, rotation=90
09-02 11:29:34.902 28186 28186 D DpmAnalyzer: Stage1: ROI 702x702 → scaled 400x400
09-02 11:29:34.976 28186 28475 D DpmFrameAnalyzer: analyze: bitmap converted, size=1080x1440, scanRoi=Rect(189, 369 - 891, 1071)
09-02 11:29:34.976 28186 28186 D DpmAnalyzer: analyze: frame=1080x1440, roi=Rect(189, 369 - 891, 1071), focus=FOCUSED, mode=SCAN
09-02 11:29:34.976 28186 28186 D DpmAnalyzer: analyze: THROTTLED (already running)
09-02 11:29:34.976 28186 28186 D DpmFrameAnalyzer: analyze: result status=THROTTLED, code=null, source=null
09-02 11:29:34.977 28186 28475 D DpmFrameAnalyzer: analyze: frame received, format=35, size=1440x1080, rotation=90
09-02 11:29:34.978 28186 28186 D DpmAnalyzer: Stage1: MISS
09-02 11:29:34.979 28186 28186 D DpmAnalyzer: scanRoi present, skipping full-image stages
09-02 11:29:34.979 28186 28186 D DpmAnalyzer: analyze: decodedCode=null
09-02 11:29:34.979 28186 28186 D DpmFrameAnalyzer: analyze: result status=NO_CODE, code=null, source=null
09-02 11:29:35.069 28186 28475 D DpmFrameAnalyzer: analyze: bitmap converted, size=1080x1440, scanRoi=Rect(189, 369 - 891, 1071)
09-02 11:29:35.070 28186 28186 D DpmAnalyzer: analyze: frame=1080x1440, roi=Rect(189, 369 - 891, 1071), focus=FOCUSED, mode=SCAN
09-02 11:29:35.070 28186 28186 D DpmAnalyzer: analyze: THROTTLED by timing gate
09-02 11:29:35.070 28186 28186 D DpmFrameAnalyzer: analyze: result status=THROTTLED, code=null, source=null
09-02 11:29:35.070 28186 28475 D DpmFrameAnalyzer: analyze: frame received, format=35, size=1440x1080, rotation=90
09-02 11:29:35.145 28186 28475 D DpmFrameAnalyzer: analyze: bitmap converted, size=1080x1440, scanRoi=Rect(189, 369 - 891, 1071)
09-02 11:29:35.145 28186 28186 D DpmAnalyzer: analyze: frame=1080x1440, roi=Rect(189, 369 - 891, 1071), focus=FOCUSED, mode=SCAN
09-02 11:29:35.145 28186 28186 D DpmAnalyzer: analyze: THROTTLED by timing gate
09-02 11:29:35.145 28186 28186 D DpmFrameAnalyzer: analyze: result status=THROTTLED, code=null, source=null
09-02 11:29:35.146 28186 28475 D DpmFrameAnalyzer: analyze: frame received, format=35, size=1440x1080, rotation=90
09-02 11:29:35.210 28186 28475 D DpmFrameAnalyzer: analyze: bitmap converted, size=1080x1440, scanRoi=Rect(189, 369 - 891, 1071)
09-02 11:29:35.211 28186 28186 D DpmAnalyzer: analyze: frame=1080x1440, roi=Rect(189, 369 - 891, 1071), focus=FOCUSED, mode=SCAN
09-02 11:29:35.211 28186 28475 D DpmFrameAnalyzer: analyze: frame received, format=35, size=1440x1080, rotation=90
09-02 11:29:35.211 28186 28186 D DpmAnalyzer: analyze: starting performMultiStrategyDecode
09-02 11:29:35.212 28186 28186 D DpmAnalyzer: performMultiStrategyDecode: frame=1080x1440, roi=Rect(189, 369 - 891, 1071), strategies=1
09-02 11:29:35.237 28186 28186 D DpmAnalyzer: Stage1: ROI 702x702 → scaled 400x400
09-02 11:29:35.277 28186 28475 D DpmFrameAnalyzer: analyze: bitmap converted, size=1080x1440, scanRoi=Rect(189, 369 - 891, 1071)
09-02 11:29:35.277 28186 28475 D DpmFrameAnalyzer: analyze: frame received, format=35, size=1440x1080, rotation=90
09-02 11:29:35.279 28186 28186 D DpmAnalyzer: analyze: frame=1080x1440, roi=Rect(189, 369 - 891, 1071), focus=FOCUSED, mode=SCAN
09-02 11:29:35.279 28186 28186 D DpmAnalyzer: analyze: THROTTLED (already running)
09-02 11:29:35.279 28186 28186 D DpmFrameAnalyzer: analyze: result status=THROTTLED, code=null, source=null
09-02 11:29:35.298 28186 28186 D DpmAnalyzer: Stage1: MISS
09-02 11:29:35.298 28186 28186 D DpmAnalyzer: scanRoi present, skipping full-image stages
09-02 11:29:35.298 28186 28186 D DpmAnalyzer: analyze: decodedCode=null
09-02 11:29:35.298 28186 28186 D DpmFrameAnalyzer: analyze: result status=NO_CODE, code=null, source=null
09-02 11:29:35.355 28186 28475 D DpmFrameAnalyzer: analyze: bitmap converted, size=1080x1440, scanRoi=Rect(189, 369 - 891, 1071)
09-02 11:29:35.355 28186 28186 D DpmAnalyzer: analyze: frame=1080x1440, roi=Rect(189, 369 - 891, 1071), focus=FOCUSED, mode=SCAN
09-02 11:29:35.355 28186 28186 D DpmAnalyzer: analyze: THROTTLED by timing gate
09-02 11:29:35.355 28186 28186 D DpmFrameAnalyzer: analyze: result status=THROTTLED, code=null, source=null
09-02 11:29:35.356 28186 28475 D DpmFrameAnalyzer: analyze: frame received, format=35, size=1440x1080, rotation=90
09-02 11:29:35.441 28186 28475 D DpmFrameAnalyzer: analyze: bitmap converted, size=1080x1440, scanRoi=Rect(189, 369 - 891, 1071)
09-02 11:29:35.441 28186 28186 D DpmAnalyzer: analyze: frame=1080x1440, roi=Rect(189, 369 - 891, 1071), focus=FOCUSED, mode=SCAN
09-02 11:29:35.441 28186 28186 D DpmAnalyzer: analyze: THROTTLED by timing gate
09-02 11:29:35.441 28186 28186 D DpmFrameAnalyzer: analyze: result status=THROTTLED, code=null, source=null
09-02 11:29:35.442 28186 28475 D DpmFrameAnalyzer: analyze: frame received, format=35, size=1440x1080, rotation=90
09-02 11:29:35.523 28186 28475 D DpmFrameAnalyzer: analyze: bitmap converted, size=1080x1440, scanRoi=Rect(189, 369 - 891, 1071)
09-02 11:29:35.524 28186 28186 D DpmAnalyzer: analyze: frame=1080x1440, roi=Rect(189, 369 - 891, 1071), focus=FOCUSED, mode=SCAN
09-02 11:29:35.524 28186 28186 D DpmAnalyzer: analyze: starting performMultiStrategyDecode
09-02 11:29:35.524 28186 28186 D DpmAnalyzer: performMultiStrategyDecode: frame=1080x1440, roi=Rect(189, 369 - 891, 1071), strategies=1
09-02 11:29:35.524 28186 28475 D DpmFrameAnalyzer: analyze: frame received, format=35, size=1440x1080, rotation=90
09-02 11:29:35.537 28186 28186 D DpmAnalyzer: Stage1: ROI 702x702 → scaled 400x400
09-02 11:29:35.611 28186 28475 D DpmFrameAnalyzer: analyze: bitmap converted, size=1080x1440, scanRoi=Rect(189, 369 - 891, 1071)
09-02 11:29:35.611 28186 28186 D DpmAnalyzer: Stage1: MISS
09-02 11:29:35.611 28186 28186 D DpmAnalyzer: scanRoi present, skipping full-image stages
09-02 11:29:35.611 28186 28186 D DpmAnalyzer: analyze: decodedCode=null
09-02 11:29:35.611 28186 28186 D DpmFrameAnalyzer: analyze: result status=NO_CODE, code=null, source=null
09-02 11:29:35.613 28186 28186 D DpmAnalyzer: analyze: frame=1080x1440, roi=Rect(189, 369 - 891, 1071), focus=FOCUSED, mode=SCAN
09-02 11:29:35.613 28186 28186 D DpmAnalyzer: analyze: THROTTLED by timing gate
09-02 11:29:35.613 28186 28186 D DpmFrameAnalyzer: analyze: result status=THROTTLED, code=null, source=null
09-02 11:29:35.614 28186 28475 D DpmFrameAnalyzer: analyze: frame received, format=35, size=1440x1080, rotation=90
09-02 11:29:35.709 28186 28475 D DpmFrameAnalyzer: analyze: bitmap converted, size=1080x1440, scanRoi=Rect(189, 369 - 891, 1071)
09-02 11:29:35.709 28186 28186 D DpmAnalyzer: analyze: frame=1080x1440, roi=Rect(189, 369 - 891, 1071), focus=FOCUSED, mode=SCAN
09-02 11:29:35.709 28186 28186 D DpmAnalyzer: analyze: THROTTLED by timing gate
09-02 11:29:35.709 28186 28186 D DpmFrameAnalyzer: analyze: result status=THROTTLED, code=null, source=null
09-02 11:29:35.709 28186 28475 D DpmFrameAnalyzer: analyze: frame received, format=35, size=1440x1080, rotation=90
09-02 11:29:35.792 28186 28475 D DpmFrameAnalyzer: analyze: bitmap converted, size=1080x1440, scanRoi=Rect(189, 369 - 891, 1071)
09-02 11:29:35.792 28186 28186 D DpmAnalyzer: analyze: frame=1080x1440, roi=Rect(189, 369 - 891, 1071), focus=FOCUSED, mode=SCAN
09-02 11:29:35.792 28186 28186 D DpmAnalyzer: analyze: THROTTLED by timing gate
09-02 11:29:35.793 28186 28475 D DpmFrameAnalyzer: analyze: frame received, format=35, size=1440x1080, rotation=90
09-02 11:29:35.793 28186 28186 D DpmFrameAnalyzer: analyze: result status=THROTTLED, code=null, source=null
09-02 11:29:35.864 28186 28475 D DpmFrameAnalyzer: analyze: bitmap converted, size=1080x1440, scanRoi=Rect(189, 369 - 891, 1071)
09-02 11:29:35.864 28186 28186 D DpmAnalyzer: analyze: frame=1080x1440, roi=Rect(189, 369 - 891, 1071), focus=FOCUSED, mode=SCAN
09-02 11:29:35.864 28186 28186 D DpmAnalyzer: analyze: starting performMultiStrategyDecode
09-02 11:29:35.864 28186 28186 D DpmAnalyzer: performMultiStrategyDecode: frame=1080x1440, roi=Rect(189, 369 - 891, 1071), strategies=1
09-02 11:29:35.864 28186 28475 D DpmFrameAnalyzer: analyze: frame received, format=35, size=1440x1080, rotation=90
09-02 11:29:35.878 28186 28186 D DpmAnalyzer: Stage1: ROI 702x702 → scaled 400x400
09-02 11:29:35.937 28186 28475 D DpmFrameAnalyzer: analyze: bitmap converted, size=1080x1440, scanRoi=Rect(189, 369 - 891, 1071)
09-02 11:29:35.937 28186 28186 D DpmAnalyzer: analyze: frame=1080x1440, roi=Rect(189, 369 - 891, 1071), focus=FOCUSED, mode=SCAN
09-02 11:29:35.937 28186 28186 D DpmAnalyzer: analyze: THROTTLED (already running)
09-02 11:29:35.937 28186 28186 D DpmFrameAnalyzer: analyze: result status=THROTTLED, code=null, source=null
09-02 11:29:35.937 28186 28475 D DpmFrameAnalyzer: analyze: frame received, format=35, size=1440x1080, rotation=90
09-02 11:29:35.945 28186 28186 D DpmAnalyzer: Stage1: MISS
09-02 11:29:35.945 28186 28186 D DpmAnalyzer: scanRoi present, skipping full-image stages
09-02 11:29:35.946 28186 28186 D DpmAnalyzer: analyze: decodedCode=null
09-02 11:29:35.946 28186 28186 D DpmFrameAnalyzer: analyze: result status=NO_CODE, code=null, source=null
09-02 11:29:36.028 28186 28475 D DpmFrameAnalyzer: analyze: bitmap converted, size=1080x1440, scanRoi=Rect(189, 369 - 891, 1071)
09-02 11:29:36.029 28186 28186 D DpmAnalyzer: analyze: frame=1080x1440, roi=Rect(189, 369 - 891, 1071), focus=FOCUSED, mode=SCAN
09-02 11:29:36.029 28186 28186 D DpmAnalyzer: analyze: THROTTLED by timing gate
09-02 11:29:36.029 28186 28186 D DpmFrameAnalyzer: analyze: result status=THROTTLED, code=null, source=null
09-02 11:29:36.029 28186 28475 D DpmFrameAnalyzer: analyze: frame received, format=35, size=1440x1080, rotation=90
09-02 11:29:36.105 28186 28475 D DpmFrameAnalyzer: analyze: bitmap converted, size=1080x1440, scanRoi=Rect(189, 369 - 891, 1071)
09-02 11:29:36.105 28186 28186 D DpmAnalyzer: analyze: frame=1080x1440, roi=Rect(189, 369 - 891, 1071), focus=FOCUSED, mode=SCAN
09-02 11:29:36.105 28186 28186 D DpmAnalyzer: analyze: THROTTLED by timing gate
09-02 11:29:36.105 28186 28186 D DpmFrameAnalyzer: analyze: result status=THROTTLED, code=null, source=null
09-02 11:29:36.105 28186 28475 D DpmFrameAnalyzer: analyze: frame received, format=35, size=1440x1080, rotation=90
09-02 11:29:36.189 28186 28475 D DpmFrameAnalyzer: analyze: bitmap converted, size=1080x1440, scanRoi=Rect(189, 369 - 891, 1071)
09-02 11:29:36.189 28186 28186 D DpmAnalyzer: analyze: frame=1080x1440, roi=Rect(189, 369 - 891, 1071), focus=FOCUSED, mode=SCAN
09-02 11:29:36.189 28186 28186 D DpmAnalyzer: analyze: starting performMultiStrategyDecode
09-02 11:29:36.190 28186 28186 D DpmAnalyzer: performMultiStrategyDecode: frame=1080x1440, roi=Rect(189, 369 - 891, 1071), strategies=1
09-02 11:29:36.190 28186 28475 D DpmFrameAnalyzer: analyze: frame received, format=35, size=1440x1080, rotation=90
09-02 11:29:36.202 28186 28186 D DpmAnalyzer: Stage1: ROI 702x702 → scaled 400x400
09-02 11:29:36.286 28186 28475 D DpmFrameAnalyzer: analyze: bitmap converted, size=1080x1440, scanRoi=Rect(189, 369 - 891, 1071)
09-02 11:29:36.286 28186 28475 D DpmFrameAnalyzer: analyze: frame received, format=35, size=1440x1080, rotation=90
09-02 11:29:36.422 28186 28475 D DpmFrameAnalyzer: analyze: bitmap converted, size=1080x1440, scanRoi=Rect(189, 369 - 891, 1071)
09-02 11:29:36.457 28186 28186 D DpmAnalyzer: analyze: frame=1080x1440, roi=Rect(189, 369 - 891, 1071), focus=FOCUSED, mode=SCAN
09-02 11:29:36.457 28186 28186 D DpmAnalyzer: analyze: THROTTLED (already running)
09-02 11:29:36.457 28186 28186 D DpmFrameAnalyzer: analyze: result status=THROTTLED, code=null, source=null
09-02 11:29:36.694 28186 28186 E DpmFrameAnalyzer: analyze: exception during DpmAnalyzer.analyze
09-02 11:29:36.694 28186 28186 E DpmFrameAnalyzer: kotlinx.coroutines.JobCancellationException: StandaloneCoroutine was cancelled; job=StandaloneCoroutine{Cancelling}@d0147ec
09-02 11:29:42.081 28186 28186 D CameraPreview: 连接成功，mode=DPM_SCAN, sessionId: ed124560-57b7-466a-abdd-eabe0e5ffcb2
09-02 11:29:42.135 28186 28186 D CameraPreview: 连接成功，mode=DPM_SCAN, sessionId: d79a8545-a698-4459-8992-a8274d6d4a48
09-02 11:29:42.754 28186 28749 D DpmFrameAnalyzer: analyze: frame received, format=35, size=1440x1080, rotation=90
09-02 11:29:42.815 28186 28749 D DpmFrameAnalyzer: analyze: bitmap converted, size=1080x1440, scanRoi=Rect(189, 369 - 891, 1071)
09-02 11:29:42.815 28186 28186 D DpmAnalyzer: analyze: frame=1080x1440, roi=Rect(189, 369 - 891, 1071), focus=FOCUSED, mode=SCAN
09-02 11:29:42.815 28186 28186 D DpmAnalyzer: analyze: starting performMultiStrategyDecode
09-02 11:29:42.815 28186 28186 D DpmAnalyzer: performMultiStrategyDecode: frame=1080x1440, roi=Rect(189, 369 - 891, 1071), strategies=1
09-02 11:29:42.815 28186 28749 D DpmFrameAnalyzer: analyze: frame received, format=35, size=1440x1080, rotation=90
09-02 11:29:42.820 28186 28186 D DpmAnalyzer: Stage1: ROI 702x702 → scaled 400x400
09-02 11:29:42.856 28186 28186 D DpmAnalyzer: Stage1: MISS
09-02 11:29:42.856 28186 28186 D DpmAnalyzer: scanRoi present, skipping full-image stages
09-02 11:29:42.856 28186 28186 D DpmAnalyzer: analyze: decodedCode=null
09-02 11:29:42.856 28186 28186 D DpmFrameAnalyzer: analyze: result status=NO_CODE, code=null, source=null
09-02 11:29:42.866 28186 28749 D DpmFrameAnalyzer: analyze: bitmap converted, size=1080x1440, scanRoi=Rect(189, 369 - 891, 1071)
09-02 11:29:42.866 28186 28186 D DpmAnalyzer: analyze: frame=1080x1440, roi=Rect(189, 369 - 891, 1071), focus=FOCUSED, mode=SCAN
09-02 11:29:42.866 28186 28186 D DpmAnalyzer: analyze: THROTTLED by timing gate
09-02 11:29:42.866 28186 28186 D DpmFrameAnalyzer: analyze: result status=THROTTLED, code=null, source=null
09-02 11:29:42.867 28186 28749 D DpmFrameAnalyzer: analyze: frame received, format=35, size=1440x1080, rotation=90
09-02 11:29:42.919 28186 28749 D DpmFrameAnalyzer: analyze: bitmap converted, size=1080x1440, scanRoi=Rect(189, 369 - 891, 1071)
09-02 11:29:42.919 28186 28186 D DpmAnalyzer: analyze: frame=1080x1440, roi=Rect(189, 369 - 891, 1071), focus=FOCUSED, mode=SCAN
09-02 11:29:42.919 28186 28186 D DpmAnalyzer: analyze: THROTTLED by timing gate
09-02 11:29:42.919 28186 28186 D DpmFrameAnalyzer: analyze: result status=THROTTLED, code=null, source=null
09-02 11:29:42.919 28186 28749 D DpmFrameAnalyzer: analyze: frame received, format=35, size=1440x1080, rotation=90
09-02 11:29:42.971 28186 28749 D DpmFrameAnalyzer: analyze: bitmap converted, size=1080x1440, scanRoi=Rect(189, 369 - 891, 1071)
09-02 11:29:42.971 28186 28186 D DpmAnalyzer: analyze: frame=1080x1440, roi=Rect(189, 369 - 891, 1071), focus=FOCUSED, mode=SCAN
09-02 11:29:42.971 28186 28186 D DpmAnalyzer: analyze: starting performMultiStrategyDecode
09-02 11:29:42.971 28186 28186 D DpmAnalyzer: performMultiStrategyDecode: frame=1080x1440, roi=Rect(189, 369 - 891, 1071), strategies=1
09-02 11:29:42.971 28186 28749 D DpmFrameAnalyzer: analyze: frame received, format=35, size=1440x1080, rotation=90
09-02 11:29:42.980 28186 28186 D DpmAnalyzer: Stage1: ROI 702x702 → scaled 400x400
09-02 11:29:43.023 28186 28749 D DpmFrameAnalyzer: analyze: bitmap converted, size=1080x1440, scanRoi=Rect(189, 369 - 891, 1071)
09-02 11:29:43.023 28186 28186 D DpmAnalyzer: Stage1: MISS
09-02 11:29:43.023 28186 28186 D DpmAnalyzer: scanRoi present, skipping full-image stages
09-02 11:29:43.023 28186 28186 D DpmAnalyzer: analyze: decodedCode=null
09-02 11:29:43.023 28186 28186 D DpmFrameAnalyzer: analyze: result status=NO_CODE, code=null, source=null
09-02 11:29:43.023 28186 28749 D DpmFrameAnalyzer: analyze: frame received, format=35, size=1440x1080, rotation=90
09-02 11:29:43.024 28186 28186 D DpmAnalyzer: analyze: frame=1080x1440, roi=Rect(189, 369 - 891, 1071), focus=FOCUSED, mode=SCAN
09-02 11:29:43.024 28186 28186 D DpmAnalyzer: analyze: THROTTLED by timing gate
09-02 11:29:43.024 28186 28186 D DpmFrameAnalyzer: analyze: result status=THROTTLED, code=null, source=null
09-02 11:29:43.083 28186 28749 D DpmFrameAnalyzer: analyze: bitmap converted, size=1080x1440, scanRoi=Rect(189, 369 - 891, 1071)
09-02 11:29:43.083 28186 28186 D DpmAnalyzer: analyze: frame=1080x1440, roi=Rect(189, 369 - 891, 1071), focus=FOCUSED, mode=SCAN
09-02 11:29:43.083 28186 28186 D DpmAnalyzer: analyze: THROTTLED by timing gate
09-02 11:29:43.083 28186 28186 D DpmFrameAnalyzer: analyze: result status=THROTTLED, code=null, source=null
09-02 11:29:43.083 28186 28749 D DpmFrameAnalyzer: analyze: frame received, format=35, size=1440x1080, rotation=90
09-02 11:29:43.154 28186 28749 D DpmFrameAnalyzer: analyze: bitmap converted, size=1080x1440, scanRoi=Rect(189, 369 - 891, 1071)
09-02 11:29:43.155 28186 28186 D DpmAnalyzer: analyze: frame=1080x1440, roi=Rect(189, 369 - 891, 1071), focus=FOCUSED, mode=SCAN
09-02 11:29:43.155 28186 28186 D DpmAnalyzer: analyze: starting performMultiStrategyDecode
09-02 11:29:43.155 28186 28749 D DpmFrameAnalyzer: analyze: frame received, format=35, size=1440x1080, rotation=90
09-02 11:29:43.155 28186 28186 D DpmAnalyzer: performMultiStrategyDecode: frame=1080x1440, roi=Rect(189, 369 - 891, 1071), strategies=1
09-02 11:29:43.165 28186 28186 D DpmAnalyzer: Stage1: ROI 702x702 → scaled 400x400
09-02 11:29:43.220 28186 28749 D DpmFrameAnalyzer: analyze: bitmap converted, size=1080x1440, scanRoi=Rect(189, 369 - 891, 1071)
09-02 11:29:43.221 28186 28749 D DpmFrameAnalyzer: analyze: frame received, format=35, size=1440x1080, rotation=90
09-02 11:29:43.303 28186 28749 D DpmFrameAnalyzer: analyze: bitmap converted, size=1080x1440, scanRoi=Rect(189, 369 - 891, 1071)
09-02 11:29:43.353 28186 28186 D DpmAnalyzer: Stage1: MISS
09-02 11:29:43.353 28186 28186 D DpmAnalyzer: scanRoi present, skipping full-image stages
09-02 11:29:43.353 28186 28186 D DpmAnalyzer: analyze: decodedCode=null
09-02 11:29:43.353 28186 28186 D DpmFrameAnalyzer: analyze: result status=NO_CODE, code=null, source=null
09-02 11:29:43.354 28186 28186 D DpmAnalyzer: analyze: frame=1080x1440, roi=Rect(189, 369 - 891, 1071), focus=FOCUSED, mode=SCAN
09-02 11:29:43.354 28186 28186 D DpmAnalyzer: analyze: THROTTLED by timing gate
09-02 11:29:43.354 28186 28186 D DpmFrameAnalyzer: analyze: result status=THROTTLED, code=null, source=null
09-02 11:29:43.355 28186 28186 D DpmAnalyzer: analyze: frame=1080x1440, roi=Rect(189, 369 - 891, 1071), focus=FOCUSED, mode=SCAN
09-02 11:29:43.355 28186 28186 D DpmAnalyzer: analyze: THROTTLED by timing gate
09-02 11:29:43.355 28186 28186 D DpmFrameAnalyzer: analyze: result status=THROTTLED, code=null, source=null
09-02 11:29:43.356 28186 28749 D DpmFrameAnalyzer: analyze: frame received, format=35, size=1440x1080, rotation=90
09-02 11:29:43.433 28186 28749 D DpmFrameAnalyzer: analyze: bitmap converted, size=1080x1440, scanRoi=Rect(189, 369 - 891, 1071)
09-02 11:29:43.433 28186 28186 D DpmAnalyzer: analyze: frame=1080x1440, roi=Rect(189, 369 - 891, 1071), focus=FOCUSED, mode=SCAN
09-02 11:29:43.433 28186 28186 D DpmAnalyzer: analyze: THROTTLED by timing gate
09-02 11:29:43.434 28186 28186 D DpmFrameAnalyzer: analyze: result status=THROTTLED, code=null, source=null
09-02 11:29:43.434 28186 28749 D DpmFrameAnalyzer: analyze: frame received, format=35, size=1440x1080, rotation=90
09-02 11:29:43.501 28186 28749 D DpmFrameAnalyzer: analyze: bitmap converted, size=1080x1440, scanRoi=Rect(189, 369 - 891, 1071)
09-02 11:29:43.502 28186 28186 D DpmAnalyzer: analyze: frame=1080x1440, roi=Rect(189, 369 - 891, 1071), focus=FOCUSED, mode=SCAN
09-02 11:29:43.502 28186 28186 D DpmAnalyzer: analyze: starting performMultiStrategyDecode
09-02 11:29:43.502 28186 28186 D DpmAnalyzer: performMultiStrategyDecode: frame=1080x1440, roi=Rect(189, 369 - 891, 1071), strategies=1
09-02 11:29:43.502 28186 28749 D DpmFrameAnalyzer: analyze: frame received, format=35, size=1440x1080, rotation=90
09-02 11:29:43.511 28186 28186 D DpmAnalyzer: Stage1: ROI 702x702 → scaled 400x400
09-02 11:29:43.566 28186 28186 D DpmAnalyzer: Stage1: MISS
09-02 11:29:43.566 28186 28186 D DpmAnalyzer: scanRoi present, skipping full-image stages
09-02 11:29:43.566 28186 28186 D DpmAnalyzer: analyze: decodedCode=null
09-02 11:29:43.566 28186 28186 D DpmFrameAnalyzer: analyze: result status=NO_CODE, code=null, source=null
09-02 11:29:43.575 28186 28749 D DpmFrameAnalyzer: analyze: bitmap converted, size=1080x1440, scanRoi=Rect(189, 369 - 891, 1071)
09-02 11:29:43.575 28186 28186 D DpmAnalyzer: analyze: frame=1080x1440, roi=Rect(189, 369 - 891, 1071), focus=FOCUSED, mode=SCAN
09-02 11:29:43.575 28186 28186 D DpmAnalyzer: analyze: THROTTLED by timing gate
09-02 11:29:43.575 28186 28186 D DpmFrameAnalyzer: analyze: result status=THROTTLED, code=null, source=null
09-02 11:29:43.576 28186 28749 D DpmFrameAnalyzer: analyze: frame received, format=35, size=1440x1080, rotation=90
09-02 11:29:43.653 28186 28749 D DpmFrameAnalyzer: analyze: bitmap converted, size=1080x1440, scanRoi=Rect(189, 369 - 891, 1071)
09-02 11:29:43.654 28186 28186 D DpmAnalyzer: analyze: frame=1080x1440, roi=Rect(189, 369 - 891, 1071), focus=FOCUSED, mode=SCAN
09-02 11:29:43.654 28186 28186 D DpmAnalyzer: analyze: THROTTLED by timing gate
09-02 11:29:43.654 28186 28186 D DpmFrameAnalyzer: analyze: result status=THROTTLED, code=null, source=null
09-02 11:29:43.654 28186 28749 D DpmFrameAnalyzer: analyze: frame received, format=35, size=1440x1080, rotation=90
09-02 11:29:43.729 28186 28749 D DpmFrameAnalyzer: analyze: bitmap converted, size=1080x1440, scanRoi=Rect(189, 369 - 891, 1071)
09-02 11:29:43.730 28186 28186 D DpmAnalyzer: analyze: frame=1080x1440, roi=Rect(189, 369 - 891, 1071), focus=FOCUSED, mode=SCAN
09-02 11:29:43.730 28186 28186 D DpmAnalyzer: analyze: starting performMultiStrategyDecode
09-02 11:29:43.730 28186 28186 D DpmAnalyzer: performMultiStrategyDecode: frame=1080x1440, roi=Rect(189, 369 - 891, 1071), strategies=1
09-02 11:29:43.730 28186 28749 D DpmFrameAnalyzer: analyze: frame received, format=35, size=1440x1080, rotation=90
09-02 11:29:43.740 28186 28186 D DpmAnalyzer: Stage1: ROI 702x702 → scaled 400x400
09-02 11:29:43.795 28186 28186 D DpmAnalyzer: Stage1: MISS
09-02 11:29:43.795 28186 28186 D DpmAnalyzer: scanRoi present, skipping full-image stages
09-02 11:29:43.795 28186 28186 D DpmAnalyzer: analyze: decodedCode=null
09-02 11:29:43.795 28186 28186 D DpmFrameAnalyzer: analyze: result status=NO_CODE, code=null, source=null
09-02 11:29:43.809 28186 28749 D DpmFrameAnalyzer: analyze: bitmap converted, size=1080x1440, scanRoi=Rect(189, 369 - 891, 1071)
09-02 11:29:43.809 28186 28186 D DpmAnalyzer: analyze: frame=1080x1440, roi=Rect(189, 369 - 891, 1071), focus=FOCUSED, mode=SCAN
09-02 11:29:43.809 28186 28186 D DpmAnalyzer: analyze: THROTTLED by timing gate
09-02 11:29:43.809 28186 28186 D DpmFrameAnalyzer: analyze: result status=THROTTLED, code=null, source=null
09-02 11:29:43.809 28186 28749 D DpmFrameAnalyzer: analyze: frame received, format=35, size=1440x1080, rotation=90
09-02 11:29:43.901 28186 28749 D DpmFrameAnalyzer: analyze: bitmap converted, size=1080x1440, scanRoi=Rect(189, 369 - 891, 1071)
09-02 11:29:43.901 28186 28186 D DpmAnalyzer: analyze: frame=1080x1440, roi=Rect(189, 369 - 891, 1071), focus=FOCUSED, mode=SCAN
09-02 11:29:43.901 28186 28186 D DpmAnalyzer: analyze: starting performMultiStrategyDecode
09-02 11:29:43.901 28186 28186 D DpmAnalyzer: performMultiStrategyDecode: frame=1080x1440, roi=Rect(189, 369 - 891, 1071), strategies=1
09-02 11:29:43.901 28186 28749 D DpmFrameAnalyzer: analyze: frame received, format=35, size=1440x1080, rotation=90
09-02 11:29:43.911 28186 28186 D DpmAnalyzer: Stage1: ROI 702x702 → scaled 400x400
09-02 11:29:43.968 28186 28186 D DpmAnalyzer: Stage1: MISS
09-02 11:29:43.968 28186 28186 D DpmAnalyzer: scanRoi present, skipping full-image stages
09-02 11:29:43.968 28186 28186 D DpmAnalyzer: analyze: decodedCode=null
09-02 11:29:43.968 28186 28186 D DpmFrameAnalyzer: analyze: result status=NO_CODE, code=null, source=null
09-02 11:29:43.986 28186 28749 D DpmFrameAnalyzer: analyze: bitmap converted, size=1080x1440, scanRoi=Rect(189, 369 - 891, 1071)
09-02 11:29:43.987 28186 28186 D DpmAnalyzer: analyze: frame=1080x1440, roi=Rect(189, 369 - 891, 1071), focus=FOCUSED, mode=SCAN
09-02 11:29:43.987 28186 28186 D DpmAnalyzer: analyze: THROTTLED by timing gate
09-02 11:29:43.987 28186 28186 D DpmFrameAnalyzer: analyze: result status=THROTTLED, code=null, source=null
09-02 11:29:43.987 28186 28749 D DpmFrameAnalyzer: analyze: frame received, format=35, size=1440x1080, rotation=90
09-02 11:29:44.078 28186 28749 D DpmFrameAnalyzer: analyze: bitmap converted, size=1080x1440, scanRoi=Rect(189, 369 - 891, 1071)
09-02 11:29:44.078 28186 28186 D DpmAnalyzer: analyze: frame=1080x1440, roi=Rect(189, 369 - 891, 1071), focus=FOCUSED, mode=SCAN
09-02 11:29:44.079 28186 28186 D DpmAnalyzer: analyze: starting performMultiStrategyDecode
09-02 11:29:44.079 28186 28186 D DpmAnalyzer: performMultiStrategyDecode: frame=1080x1440, roi=Rect(189, 369 - 891, 1071), strategies=1
09-02 11:29:44.079 28186 28749 D DpmFrameAnalyzer: analyze: frame received, format=35, size=1440x1080, rotation=90
09-02 11:29:44.101 28186 28186 D DpmAnalyzer: Stage1: ROI 702x702 → scaled 400x400
09-02 11:29:44.148 28186 28749 D DpmFrameAnalyzer: analyze: bitmap converted, size=1080x1440, scanRoi=Rect(189, 369 - 891, 1071)
09-02 11:29:44.149 28186 28749 D DpmFrameAnalyzer: analyze: frame received, format=35, size=1440x1080, rotation=90
09-02 11:29:44.201 28186 28186 D DpmAnalyzer: Stage1: HIT strategy=2, code=M968942280224B169AH005023044710
09-02 11:29:44.202 28186 28186 D DpmAnalyzer: analyze: decodedCode=DecodeResult(code=M968942280224B169AH005023044710, source=GRID)
09-02 11:29:44.202 28186 28186 D DpmFrameAnalyzer: analyze: result status=DECODED, code=M968942280224B169AH005023044710, source=GRID
09-02 11:29:44.203 28186 28186 D DpmAnalyzer: analyze: frame=1080x1440, roi=Rect(189, 369 - 891, 1071), focus=FOCUSED, mode=SCAN
09-02 11:29:44.203 28186 28186 D DpmAnalyzer: analyze: THROTTLED by timing gate
09-02 11:29:44.203 28186 28186 D DpmFrameAnalyzer: analyze: result status=THROTTLED, code=null, source=null
09-02 11:29:44.241 28186 28749 D DpmFrameAnalyzer: analyze: bitmap converted, size=1080x1440, scanRoi=Rect(189, 369 - 891, 1071)
09-02 11:29:44.241 28186 28186 D DpmAnalyzer: analyze: frame=1080x1440, roi=Rect(189, 369 - 891, 1071), focus=FOCUSED, mode=SCAN
09-02 11:29:44.241 28186 28186 D DpmAnalyzer: analyze: THROTTLED by timing gate
09-02 11:29:44.241 28186 28186 D DpmFrameAnalyzer: analyze: result status=THROTTLED, code=null, source=null
09-02 11:29:44.242 28186 28749 D DpmFrameAnalyzer: analyze: frame received, format=35, size=1440x1080, rotation=90
09-02 11:29:44.339 28186 28749 D DpmFrameAnalyzer: analyze: bitmap converted, size=1080x1440, scanRoi=Rect(189, 369 - 891, 1071)
09-02 11:29:44.339 28186 28186 D DpmAnalyzer: analyze: frame=1080x1440, roi=Rect(189, 369 - 891, 1071), focus=FOCUSED, mode=SCAN
09-02 11:29:44.339 28186 28186 D DpmAnalyzer: analyze: THROTTLED by timing gate
09-02 11:29:44.339 28186 28186 D DpmFrameAnalyzer: analyze: result status=THROTTLED, code=null, source=null
09-02 11:29:44.340 28186 28749 D DpmFrameAnalyzer: analyze: frame received, format=35, size=1440x1080, rotation=90
09-02 11:29:44.416 28186 28749 D DpmFrameAnalyzer: analyze: bitmap converted, size=1080x1440, scanRoi=Rect(189, 369 - 891, 1071)
09-02 11:29:44.417 28186 28186 D DpmAnalyzer: analyze: frame=1080x1440, roi=Rect(189, 369 - 891, 1071), focus=FOCUSED, mode=SCAN
09-02 11:29:44.417 28186 28186 D DpmAnalyzer: analyze: THROTTLED by timing gate
09-02 11:29:44.417 28186 28186 D DpmFrameAnalyzer: analyze: result status=THROTTLED, code=null, source=null
09-02 11:29:44.418 28186 28749 D DpmFrameAnalyzer: analyze: frame received, format=35, size=1440x1080, rotation=90
09-02 11:29:44.486 28186 28749 D DpmFrameAnalyzer: analyze: bitmap converted, size=1080x1440, scanRoi=Rect(189, 369 - 891, 1071)
09-02 11:29:44.487 28186 28186 D DpmAnalyzer: analyze: frame=1080x1440, roi=Rect(189, 369 - 891, 1071), focus=FOCUSED, mode=SCAN
09-02 11:29:44.487 28186 28186 D DpmAnalyzer: analyze: THROTTLED by timing gate
09-02 11:29:44.487 28186 28186 D DpmFrameAnalyzer: analyze: result status=THROTTLED, code=null, source=null
09-02 11:29:44.487 28186 28749 D DpmFrameAnalyzer: analyze: frame received, format=35, size=1440x1080, rotation=90
09-02 11:29:44.560 28186 28749 D DpmFrameAnalyzer: analyze: bitmap converted, size=1080x1440, scanRoi=Rect(189, 369 - 891, 1071)
09-02 11:29:44.560 28186 28186 D DpmAnalyzer: analyze: frame=1080x1440, roi=Rect(189, 369 - 891, 1071), focus=FOCUSED, mode=SCAN
09-02 11:29:44.560 28186 28186 D DpmAnalyzer: analyze: THROTTLED by timing gate
09-02 11:29:44.561 28186 28186 D DpmFrameAnalyzer: analyze: result status=THROTTLED, code=null, source=null
09-02 11:29:44.561 28186 28749 D DpmFrameAnalyzer: analyze: frame received, format=35, size=1440x1080, rotation=90
09-02 11:29:44.630 28186 28749 D DpmFrameAnalyzer: analyze: bitmap converted, size=1080x1440, scanRoi=Rect(189, 369 - 891, 1071)
09-02 11:29:44.630 28186 28186 D DpmAnalyzer: analyze: frame=1080x1440, roi=Rect(189, 369 - 891, 1071), focus=FOCUSED, mode=SCAN
09-02 11:29:44.630 28186 28186 D DpmAnalyzer: analyze: THROTTLED by timing gate
09-02 11:29:44.630 28186 28186 D DpmFrameAnalyzer: analyze: result status=THROTTLED, code=null, source=null
09-02 11:29:44.630 28186 28749 D DpmFrameAnalyzer: analyze: frame received, format=35, size=1440x1080, rotation=90
09-02 11:29:44.703 28186 28749 D DpmFrameAnalyzer: analyze: bitmap converted, size=1080x1440, scanRoi=Rect(189, 369 - 891, 1071)
09-02 11:29:44.703 28186 28186 D DpmAnalyzer: analyze: frame=1080x1440, roi=Rect(189, 369 - 891, 1071), focus=FOCUSED, mode=SCAN
09-02 11:29:44.703 28186 28186 D DpmAnalyzer: analyze: THROTTLED by timing gate
09-02 11:29:44.703 28186 28186 D DpmFrameAnalyzer: analyze: result status=THROTTLED, code=null, source=null
09-02 11:29:44.704 28186 28749 D DpmFrameAnalyzer: analyze: frame received, format=35, size=1440x1080, rotation=90
09-02 11:29:44.782 28186 28749 D DpmFrameAnalyzer: analyze: bitmap converted, size=1080x1440, scanRoi=Rect(189, 369 - 891, 1071)
09-02 11:29:44.782 28186 28186 D DpmAnalyzer: analyze: frame=1080x1440, roi=Rect(189, 369 - 891, 1071), focus=FOCUSED, mode=SCAN
09-02 11:29:44.782 28186 28186 D DpmAnalyzer: analyze: THROTTLED by timing gate
09-02 11:29:44.782 28186 28186 D DpmFrameAnalyzer: analyze: result status=THROTTLED, code=null, source=null
09-02 11:29:44.783 28186 28749 D DpmFrameAnalyzer: analyze: frame received, format=35, size=1440x1080, rotation=90
09-02 11:29:44.855 28186 28749 D DpmFrameAnalyzer: analyze: bitmap converted, size=1080x1440, scanRoi=Rect(189, 369 - 891, 1071)
09-02 11:29:44.855 28186 28186 D DpmAnalyzer: analyze: frame=1080x1440, roi=Rect(189, 369 - 891, 1071), focus=FOCUSED, mode=SCAN
09-02 11:29:44.855 28186 28186 D DpmAnalyzer: analyze: THROTTLED by timing gate
09-02 11:29:44.855 28186 28186 D DpmFrameAnalyzer: analyze: result status=THROTTLED, code=null, source=null
09-02 11:29:44.856 28186 28749 D DpmFrameAnalyzer: analyze: frame received, format=35, size=1440x1080, rotation=90
09-02 11:29:44.928 28186 28749 D DpmFrameAnalyzer: analyze: bitmap converted, size=1080x1440, scanRoi=Rect(189, 369 - 891, 1071)
09-02 11:29:44.928 28186 28186 D DpmAnalyzer: analyze: frame=1080x1440, roi=Rect(189, 369 - 891, 1071), focus=FOCUSED, mode=SCAN
09-02 11:29:44.928 28186 28186 D DpmAnalyzer: analyze: THROTTLED by timing gate
09-02 11:29:44.928 28186 28186 D DpmFrameAnalyzer: analyze: result status=THROTTLED, code=null, source=null
09-02 11:29:44.929 28186 28749 D DpmFrameAnalyzer: analyze: frame received, format=35, size=1440x1080, rotation=90
09-02 11:29:44.997 28186 28749 D DpmFrameAnalyzer: analyze: bitmap converted, size=1080x1440, scanRoi=Rect(189, 369 - 891, 1071)
09-02 11:29:44.998 28186 28186 D DpmAnalyzer: analyze: frame=1080x1440, roi=Rect(189, 369 - 891, 1071), focus=FOCUSED, mode=SCAN
09-02 11:29:44.998 28186 28186 D DpmAnalyzer: analyze: THROTTLED by timing gate
09-02 11:29:44.998 28186 28186 D DpmFrameAnalyzer: analyze: result status=THROTTLED, code=null, source=null
09-02 11:29:44.998 28186 28749 D DpmFrameAnalyzer: analyze: frame received, format=35, size=1440x1080, rotation=90
09-02 11:29:45.069 28186 28749 D DpmFrameAnalyzer: analyze: bitmap converted, size=1080x1440, scanRoi=Rect(189, 369 - 891, 1071)
09-02 11:29:45.070 28186 28186 D DpmAnalyzer: analyze: frame=1080x1440, roi=Rect(189, 369 - 891, 1071), focus=FOCUSED, mode=SCAN
09-02 11:29:45.070 28186 28186 D DpmAnalyzer: analyze: THROTTLED by timing gate
09-02 11:29:45.070 28186 28186 D DpmFrameAnalyzer: analyze: result status=THROTTLED, code=null, source=null
09-02 11:29:45.070 28186 28749 D DpmFrameAnalyzer: analyze: frame received, format=35, size=1440x1080, rotation=90
09-02 11:29:45.147 28186 28749 D DpmFrameAnalyzer: analyze: bitmap converted, size=1080x1440, scanRoi=Rect(189, 369 - 891, 1071)
09-02 11:29:45.147 28186 28186 D DpmAnalyzer: analyze: frame=1080x1440, roi=Rect(189, 369 - 891, 1071), focus=FOCUSED, mode=SCAN
09-02 11:29:45.147 28186 28186 D DpmAnalyzer: analyze: THROTTLED by timing gate
09-02 11:29:45.147 28186 28186 D DpmFrameAnalyzer: analyze: result status=THROTTLED, code=null, source=null
09-02 11:29:45.147 28186 28749 D DpmFrameAnalyzer: analyze: frame received, format=35, size=1440x1080, rotation=90
09-02 11:29:45.217 28186 28749 D DpmFrameAnalyzer: analyze: bitmap converted, size=1080x1440, scanRoi=Rect(189, 369 - 891, 1071)
09-02 11:29:45.217 28186 28186 D DpmAnalyzer: analyze: frame=1080x1440, roi=Rect(189, 369 - 891, 1071), focus=FOCUSED, mode=SCAN
09-02 11:29:45.217 28186 28186 D DpmAnalyzer: analyze: starting performMultiStrategyDecode
09-02 11:29:45.217 28186 28186 D DpmAnalyzer: performMultiStrategyDecode: frame=1080x1440, roi=Rect(189, 369 - 891, 1071), strategies=1
09-02 11:29:45.218 28186 28749 D DpmFrameAnalyzer: analyze: frame received, format=35, size=1440x1080, rotation=90
09-02 11:29:45.235 28186 28186 D DpmAnalyzer: Stage1: ROI 702x702 → scaled 400x400
09-02 11:29:45.293 28186 28749 D DpmFrameAnalyzer: analyze: bitmap converted, size=1080x1440, scanRoi=Rect(189, 369 - 891, 1071)
09-02 11:29:45.294 28186 28186 D DpmAnalyzer: analyze: frame=1080x1440, roi=Rect(189, 369 - 891, 1071), focus=FOCUSED, mode=SCAN
09-02 11:29:45.294 28186 28186 D DpmAnalyzer: analyze: THROTTLED (already running)
09-02 11:29:45.294 28186 28186 D DpmFrameAnalyzer: analyze: result status=THROTTLED, code=null, source=null
09-02 11:29:45.295 28186 28749 D DpmFrameAnalyzer: analyze: frame received, format=35, size=1440x1080, rotation=90
09-02 11:29:45.302 28186 28186 D DpmAnalyzer: Stage1: MISS
09-02 11:29:45.302 28186 28186 D DpmAnalyzer: scanRoi present, skipping full-image stages
09-02 11:29:45.302 28186 28186 D DpmAnalyzer: analyze: decodedCode=null
09-02 11:29:45.302 28186 28186 D DpmFrameAnalyzer: analyze: result status=NO_CODE, code=null, source=null
09-02 11:29:45.386 28186 28749 D DpmFrameAnalyzer: analyze: bitmap converted, size=1080x1440, scanRoi=Rect(189, 369 - 891, 1071)
09-02 11:29:45.387 28186 28186 D DpmAnalyzer: analyze: frame=1080x1440, roi=Rect(189, 369 - 891, 1071), focus=FOCUSED, mode=SCAN
09-02 11:29:45.387 28186 28186 D DpmAnalyzer: analyze: THROTTLED by timing gate
09-02 11:29:45.387 28186 28186 D DpmFrameAnalyzer: analyze: result status=THROTTLED, code=null, source=null
09-02 11:29:45.387 28186 28749 D DpmFrameAnalyzer: analyze: frame received, format=35, size=1440x1080, rotation=90
09-02 11:29:45.465 28186 28749 D DpmFrameAnalyzer: analyze: bitmap converted, size=1080x1440, scanRoi=Rect(189, 369 - 891, 1071)
09-02 11:29:45.466 28186 28186 D DpmAnalyzer: analyze: frame=1080x1440, roi=Rect(189, 369 - 891, 1071), focus=FOCUSED, mode=SCAN
09-02 11:29:45.466 28186 28186 D DpmAnalyzer: analyze: starting performMultiStrategyDecode
09-02 11:29:45.466 28186 28186 D DpmAnalyzer: performMultiStrategyDecode: frame=1080x1440, roi=Rect(189, 369 - 891, 1071), strategies=1
09-02 11:29:45.466 28186 28749 D DpmFrameAnalyzer: analyze: frame received, format=35, size=1440x1080, rotation=90
09-02 11:29:45.479 28186 28186 D DpmAnalyzer: Stage1: ROI 702x702 → scaled 400x400
09-02 11:29:45.540 28186 28186 D DpmAnalyzer: Stage1: MISS
09-02 11:29:45.540 28186 28186 D DpmAnalyzer: scanRoi present, skipping full-image stages
09-02 11:29:45.540 28186 28186 D DpmAnalyzer: analyze: decodedCode=null
09-02 11:29:45.540 28186 28186 D DpmFrameAnalyzer: analyze: result status=NO_CODE, code=null, source=null
09-02 11:29:45.542 28186 28749 D DpmFrameAnalyzer: analyze: bitmap converted, size=1080x1440, scanRoi=Rect(189, 369 - 891, 1071)
09-02 11:29:45.542 28186 28186 D DpmAnalyzer: analyze: frame=1080x1440, roi=Rect(189, 369 - 891, 1071), focus=FOCUSED, mode=SCAN
09-02 11:29:45.542 28186 28186 D DpmAnalyzer: analyze: THROTTLED by timing gate
09-02 11:29:45.542 28186 28186 D DpmFrameAnalyzer: analyze: result status=THROTTLED, code=null, source=null
09-02 11:29:45.542 28186 28749 D DpmFrameAnalyzer: analyze: frame received, format=35, size=1440x1080, rotation=90
09-02 11:29:45.636 28186 28749 D DpmFrameAnalyzer: analyze: bitmap converted, size=1080x1440, scanRoi=Rect(189, 369 - 891, 1071)
09-02 11:29:45.637 28186 28186 D DpmAnalyzer: analyze: frame=1080x1440, roi=Rect(189, 369 - 891, 1071), focus=FOCUSED, mode=SCAN
09-02 11:29:45.637 28186 28186 D DpmAnalyzer: analyze: THROTTLED by timing gate
09-02 11:29:45.637 28186 28186 D DpmFrameAnalyzer: analyze: result status=THROTTLED, code=null, source=null
09-02 11:29:45.637 28186 28749 D DpmFrameAnalyzer: analyze: frame received, format=35, size=1440x1080, rotation=90
09-02 11:29:45.709 28186 28749 D DpmFrameAnalyzer: analyze: bitmap converted, size=1080x1440, scanRoi=Rect(189, 369 - 891, 1071)
09-02 11:29:45.709 28186 28186 D DpmAnalyzer: analyze: frame=1080x1440, roi=Rect(189, 369 - 891, 1071), focus=FOCUSED, mode=SCAN
09-02 11:29:45.709 28186 28186 D DpmAnalyzer: analyze: starting performMultiStrategyDecode
09-02 11:29:45.709 28186 28186 D DpmAnalyzer: performMultiStrategyDecode: frame=1080x1440, roi=Rect(189, 369 - 891, 1071), strategies=1
09-02 11:29:45.710 28186 28749 D DpmFrameAnalyzer: analyze: frame received, format=35, size=1440x1080, rotation=90
09-02 11:29:45.732 28186 28186 D DpmAnalyzer: Stage1: ROI 702x702 → scaled 400x400
09-02 11:29:45.776 28186 28749 D DpmFrameAnalyzer: analyze: bitmap converted, size=1080x1440, scanRoi=Rect(189, 369 - 891, 1071)
09-02 11:29:45.777 28186 28186 D DpmAnalyzer: analyze: frame=1080x1440, roi=Rect(189, 369 - 891, 1071), focus=FOCUSED, mode=SCAN
09-02 11:29:45.777 28186 28186 D DpmAnalyzer: analyze: THROTTLED (already running)
09-02 11:29:45.777 28186 28186 D DpmFrameAnalyzer: analyze: result status=THROTTLED, code=null, source=null
09-02 11:29:45.777 28186 28749 D DpmFrameAnalyzer: analyze: frame received, format=35, size=1440x1080, rotation=90
09-02 11:29:45.814 28186 28186 D DpmAnalyzer: Stage1: MISS
09-02 11:29:45.814 28186 28186 D DpmAnalyzer: scanRoi present, skipping full-image stages
09-02 11:29:45.814 28186 28186 D DpmAnalyzer: analyze: decodedCode=null
09-02 11:29:45.814 28186 28186 D DpmFrameAnalyzer: analyze: result status=NO_CODE, code=null, source=null
09-02 11:29:45.863 28186 28749 D DpmFrameAnalyzer: analyze: bitmap converted, size=1080x1440, scanRoi=Rect(189, 369 - 891, 1071)
09-02 11:29:45.864 28186 28186 D DpmAnalyzer: analyze: frame=1080x1440, roi=Rect(189, 369 - 891, 1071), focus=FOCUSED, mode=SCAN
09-02 11:29:45.864 28186 28186 D DpmAnalyzer: analyze: THROTTLED by timing gate
09-02 11:29:45.864 28186 28186 D DpmFrameAnalyzer: analyze: result status=THROTTLED, code=null, source=null
09-02 11:29:45.864 28186 28749 D DpmFrameAnalyzer: analyze: frame received, format=35, size=1440x1080, rotation=90
09-02 11:29:45.945 28186 28749 D DpmFrameAnalyzer: analyze: bitmap converted, size=1080x1440, scanRoi=Rect(189, 369 - 891, 1071)
09-02 11:29:45.945 28186 28186 D DpmAnalyzer: analyze: frame=1080x1440, roi=Rect(189, 369 - 891, 1071), focus=FOCUSED, mode=SCAN
09-02 11:29:45.945 28186 28186 D DpmAnalyzer: analyze: starting performMultiStrategyDecode
09-02 11:29:45.945 28186 28186 D DpmAnalyzer: performMultiStrategyDecode: frame=1080x1440, roi=Rect(189, 369 - 891, 1071), strategies=1
09-02 11:29:45.946 28186 28749 D DpmFrameAnalyzer: analyze: frame received, format=35, size=1440x1080, rotation=90
09-02 11:29:45.954 28186 28186 D DpmAnalyzer: Stage1: ROI 702x702 → scaled 400x400
09-02 11:29:46.019 28186 28749 D DpmFrameAnalyzer: analyze: bitmap converted, size=1080x1440, scanRoi=Rect(189, 369 - 891, 1071)
09-02 11:29:46.020 28186 28749 D DpmFrameAnalyzer: analyze: frame received, format=35, size=1440x1080, rotation=90
09-02 11:29:46.110 28186 28749 D DpmFrameAnalyzer: analyze: bitmap converted, size=1080x1440, scanRoi=Rect(189, 369 - 891, 1071)
09-02 11:29:46.145 28186 28186 D DpmAnalyzer: Stage1: MISS
09-02 11:29:46.145 28186 28186 D DpmAnalyzer: scanRoi present, skipping full-image stages
09-02 11:29:46.145 28186 28186 D DpmAnalyzer: analyze: decodedCode=null
09-02 11:29:46.145 28186 28186 D DpmFrameAnalyzer: analyze: result status=NO_CODE, code=null, source=null
09-02 11:29:46.146 28186 28186 D DpmAnalyzer: analyze: frame=1080x1440, roi=Rect(189, 369 - 891, 1071), focus=FOCUSED, mode=SCAN
09-02 11:29:46.146 28186 28186 D DpmAnalyzer: analyze: THROTTLED by timing gate
09-02 11:29:46.146 28186 28186 D DpmFrameAnalyzer: analyze: result status=THROTTLED, code=null, source=null
09-02 11:29:46.147 28186 28186 D DpmAnalyzer: analyze: frame=1080x1440, roi=Rect(189, 369 - 891, 1071), focus=FOCUSED, mode=SCAN
09-02 11:29:46.147 28186 28186 D DpmAnalyzer: analyze: THROTTLED by timing gate
09-02 11:29:46.147 28186 28186 D DpmFrameAnalyzer: analyze: result status=THROTTLED, code=null, source=null
09-02 11:29:46.148 28186 28749 D DpmFrameAnalyzer: analyze: frame received, format=35, size=1440x1080, rotation=90
09-02 11:29:46.227 28186 28749 D DpmFrameAnalyzer: analyze: bitmap converted, size=1080x1440, scanRoi=Rect(189, 369 - 891, 1071)
09-02 11:29:46.227 28186 28186 D DpmAnalyzer: analyze: frame=1080x1440, roi=Rect(189, 369 - 891, 1071), focus=FOCUSED, mode=SCAN
09-02 11:29:46.227 28186 28186 D DpmAnalyzer: analyze: THROTTLED by timing gate
09-02 11:29:46.227 28186 28186 D DpmFrameAnalyzer: analyze: result status=THROTTLED, code=null, source=null
09-02 11:29:46.228 28186 28749 D DpmFrameAnalyzer: analyze: frame received, format=35, size=1440x1080, rotation=90
09-02 11:29:46.297 28186 28749 D DpmFrameAnalyzer: analyze: bitmap converted, size=1080x1440, scanRoi=Rect(189, 369 - 891, 1071)
09-02 11:29:46.297 28186 28186 D DpmAnalyzer: analyze: frame=1080x1440, roi=Rect(189, 369 - 891, 1071), focus=FOCUSED, mode=SCAN
09-02 11:29:46.297 28186 28186 D DpmAnalyzer: analyze: starting performMultiStrategyDecode
09-02 11:29:46.297 28186 28186 D DpmAnalyzer: performMultiStrategyDecode: frame=1080x1440, roi=Rect(189, 369 - 891, 1071), strategies=1
09-02 11:29:46.298 28186 28749 D DpmFrameAnalyzer: analyze: frame received, format=35, size=1440x1080, rotation=90
09-02 11:29:46.321 28186 28186 D DpmAnalyzer: Stage1: ROI 702x702 → scaled 400x400
09-02 11:29:46.363 28186 28186 D DpmAnalyzer: Stage1: MISS
09-02 11:29:46.363 28186 28186 D DpmAnalyzer: scanRoi present, skipping full-image stages
09-02 11:29:46.363 28186 28186 D DpmAnalyzer: analyze: decodedCode=null
09-02 11:29:46.363 28186 28186 D DpmFrameAnalyzer: analyze: result status=NO_CODE, code=null, source=null
09-02 11:29:46.371 28186 28749 D DpmFrameAnalyzer: analyze: bitmap converted, size=1080x1440, scanRoi=Rect(189, 369 - 891, 1071)
09-02 11:29:46.371 28186 28186 D DpmAnalyzer: analyze: frame=1080x1440, roi=Rect(189, 369 - 891, 1071), focus=FOCUSED, mode=SCAN
09-02 11:29:46.371 28186 28186 D DpmAnalyzer: analyze: THROTTLED by timing gate
09-02 11:29:46.371 28186 28186 D DpmFrameAnalyzer: analyze: result status=THROTTLED, code=null, source=null
09-02 11:29:46.371 28186 28749 D DpmFrameAnalyzer: analyze: frame received, format=35, size=1440x1080, rotation=90
09-02 11:29:46.459 28186 28749 D DpmFrameAnalyzer: analyze: bitmap converted, size=1080x1440, scanRoi=Rect(189, 369 - 891, 1071)
09-02 11:29:46.460 28186 28186 D DpmAnalyzer: analyze: frame=1080x1440, roi=Rect(189, 369 - 891, 1071), focus=FOCUSED, mode=SCAN
09-02 11:29:46.460 28186 28186 D DpmAnalyzer: analyze: THROTTLED by timing gate
09-02 11:29:46.460 28186 28186 D DpmFrameAnalyzer: analyze: result status=THROTTLED, code=null, source=null
09-02 11:29:46.460 28186 28749 D DpmFrameAnalyzer: analyze: frame received, format=35, size=1440x1080, rotation=90
09-02 11:29:46.539 28186 28749 D DpmFrameAnalyzer: analyze: bitmap converted, size=1080x1440, scanRoi=Rect(189, 369 - 891, 1071)
09-02 11:29:46.539 28186 28186 D DpmAnalyzer: analyze: frame=1080x1440, roi=Rect(189, 369 - 891, 1071), focus=FOCUSED, mode=SCAN
09-02 11:29:46.539 28186 28186 D DpmAnalyzer: analyze: starting performMultiStrategyDecode
09-02 11:29:46.539 28186 28186 D DpmAnalyzer: performMultiStrategyDecode: frame=1080x1440, roi=Rect(189, 369 - 891, 1071), strategies=1
09-02 11:29:46.540 28186 28749 D DpmFrameAnalyzer: analyze: frame received, format=35, size=1440x1080, rotation=90
09-02 11:29:46.558 28186 28186 D DpmAnalyzer: Stage1: ROI 702x702 → scaled 400x400
09-02 11:29:46.606 28186 28749 D DpmFrameAnalyzer: analyze: bitmap converted, size=1080x1440, scanRoi=Rect(189, 369 - 891, 1071)
09-02 11:29:46.607 28186 28186 D DpmAnalyzer: analyze: frame=1080x1440, roi=Rect(189, 369 - 891, 1071), focus=FOCUSED, mode=SCAN
09-02 11:29:46.607 28186 28186 D DpmAnalyzer: analyze: THROTTLED (already running)
09-02 11:29:46.607 28186 28186 D DpmFrameAnalyzer: analyze: result status=THROTTLED, code=null, source=null
09-02 11:29:46.607 28186 28749 D DpmFrameAnalyzer: analyze: frame received, format=35, size=1440x1080, rotation=90
09-02 11:29:46.622 28186 28186 D DpmAnalyzer: Stage1: MISS
09-02 11:29:46.622 28186 28186 D DpmAnalyzer: scanRoi present, skipping full-image stages
09-02 11:29:46.622 28186 28186 D DpmAnalyzer: analyze: decodedCode=null
09-02 11:29:46.622 28186 28186 D DpmFrameAnalyzer: analyze: result status=NO_CODE, code=null, source=null
09-02 11:29:46.697 28186 28749 D DpmFrameAnalyzer: analyze: bitmap converted, size=1080x1440, scanRoi=Rect(189, 369 - 891, 1071)
09-02 11:29:46.698 28186 28186 D DpmAnalyzer: analyze: frame=1080x1440, roi=Rect(189, 369 - 891, 1071), focus=FOCUSED, mode=SCAN
09-02 11:29:46.698 28186 28186 D DpmAnalyzer: analyze: THROTTLED by timing gate
09-02 11:29:46.698 28186 28186 D DpmFrameAnalyzer: analyze: result status=THROTTLED, code=null, source=null
09-02 11:29:46.698 28186 28749 D DpmFrameAnalyzer: analyze: frame received, format=35, size=1440x1080, rotation=90
09-02 11:29:46.795 28186 28749 D DpmFrameAnalyzer: analyze: bitmap converted, size=1080x1440, scanRoi=Rect(189, 369 - 891, 1071)
09-02 11:29:46.795 28186 28186 D DpmAnalyzer: analyze: frame=1080x1440, roi=Rect(189, 369 - 891, 1071), focus=FOCUSED, mode=SCAN
09-02 11:29:46.795 28186 28186 D DpmAnalyzer: analyze: starting performMultiStrategyDecode
09-02 11:29:46.795 28186 28186 D DpmAnalyzer: performMultiStrategyDecode: frame=1080x1440, roi=Rect(189, 369 - 891, 1071), strategies=1
09-02 11:29:46.795 28186 28749 D DpmFrameAnalyzer: analyze: frame received, format=35, size=1440x1080, rotation=90
09-02 11:29:46.802 28186 28186 D DpmAnalyzer: Stage1: ROI 702x702 → scaled 400x400
09-02 11:29:46.871 28186 28186 D DpmAnalyzer: Stage1: MISS
09-02 11:29:46.871 28186 28186 D DpmAnalyzer: scanRoi present, skipping full-image stages
09-02 11:29:46.871 28186 28186 D DpmAnalyzer: analyze: decodedCode=null
09-02 11:29:46.871 28186 28186 D DpmFrameAnalyzer: analyze: result status=NO_CODE, code=null, source=null
09-02 11:29:46.889 28186 28749 D DpmFrameAnalyzer: analyze: bitmap converted, size=1080x1440, scanRoi=Rect(189, 369 - 891, 1071)
09-02 11:29:46.890 28186 28186 D DpmAnalyzer: analyze: frame=1080x1440, roi=Rect(189, 369 - 891, 1071), focus=FOCUSED, mode=SCAN
09-02 11:29:46.890 28186 28186 D DpmAnalyzer: analyze: THROTTLED by timing gate
09-02 11:29:46.890 28186 28186 D DpmFrameAnalyzer: analyze: result status=THROTTLED, code=null, source=null
09-02 11:29:46.890 28186 28749 D DpmFrameAnalyzer: analyze: frame received, format=35, size=1440x1080, rotation=90
09-02 11:29:46.988 28186 28749 D DpmFrameAnalyzer: analyze: bitmap converted, size=1080x1440, scanRoi=Rect(189, 369 - 891, 1071)
09-02 11:29:46.988 28186 28186 D DpmAnalyzer: analyze: frame=1080x1440, roi=Rect(189, 369 - 891, 1071), focus=FOCUSED, mode=SCAN
09-02 11:29:46.988 28186 28186 D DpmAnalyzer: analyze: starting performMultiStrategyDecode
09-02 11:29:46.988 28186 28186 D DpmAnalyzer: performMultiStrategyDecode: frame=1080x1440, roi=Rect(189, 369 - 891, 1071), strategies=1
09-02 11:29:46.989 28186 28749 D DpmFrameAnalyzer: analyze: frame received, format=35, size=1440x1080, rotation=90
09-02 11:29:46.999 28186 28186 D DpmAnalyzer: Stage1: ROI 702x702 → scaled 400x400
09-02 11:29:47.075 28186 28749 D DpmFrameAnalyzer: analyze: bitmap converted, size=1080x1440, scanRoi=Rect(189, 369 - 891, 1071)
09-02 11:29:47.075 28186 28749 D DpmFrameAnalyzer: analyze: frame received, format=35, size=1440x1080, rotation=90
09-02 11:29:47.077 28186 28186 D DpmAnalyzer: Stage1: MISS
09-02 11:29:47.077 28186 28186 D DpmAnalyzer: scanRoi present, skipping full-image stages
09-02 11:29:47.077 28186 28186 D DpmAnalyzer: analyze: decodedCode=null
09-02 11:29:47.077 28186 28186 D DpmFrameAnalyzer: analyze: result status=NO_CODE, code=null, source=null
09-02 11:29:47.079 28186 28186 D DpmAnalyzer: analyze: frame=1080x1440, roi=Rect(189, 369 - 891, 1071), focus=FOCUSED, mode=SCAN
09-02 11:29:47.079 28186 28186 D DpmAnalyzer: analyze: THROTTLED by timing gate
09-02 11:29:47.079 28186 28186 D DpmFrameAnalyzer: analyze: result status=THROTTLED, code=null, source=null
09-02 11:29:47.166 28186 28749 D DpmFrameAnalyzer: analyze: bitmap converted, size=1080x1440, scanRoi=Rect(189, 369 - 891, 1071)
09-02 11:29:47.167 28186 28186 D DpmAnalyzer: analyze: frame=1080x1440, roi=Rect(189, 369 - 891, 1071), focus=FOCUSED, mode=SCAN
09-02 11:29:47.167 28186 28186 D DpmAnalyzer: analyze: THROTTLED by timing gate
09-02 11:29:47.167 28186 28186 D DpmFrameAnalyzer: analyze: result status=THROTTLED, code=null, source=null
09-02 11:29:47.167 28186 28749 D DpmFrameAnalyzer: analyze: frame received, format=35, size=1440x1080, rotation=90
09-02 11:29:47.240 28186 28749 D DpmFrameAnalyzer: analyze: bitmap converted, size=1080x1440, scanRoi=Rect(189, 369 - 891, 1071)
09-02 11:29:47.241 28186 28186 D DpmAnalyzer: analyze: frame=1080x1440, roi=Rect(189, 369 - 891, 1071), focus=FOCUSED, mode=SCAN
09-02 11:29:47.241 28186 28186 D DpmAnalyzer: analyze: starting performMultiStrategyDecode
09-02 11:29:47.241 28186 28186 D DpmAnalyzer: performMultiStrategyDecode: frame=1080x1440, roi=Rect(189, 369 - 891, 1071), strategies=1
09-02 11:29:47.241 28186 28749 D DpmFrameAnalyzer: analyze: frame received, format=35, size=1440x1080, rotation=90
09-02 11:29:47.250 28186 28186 D DpmAnalyzer: Stage1: ROI 702x702 → scaled 400x400
09-02 11:29:47.309 28186 28186 D DpmAnalyzer: Stage1: MISS
09-02 11:29:47.309 28186 28186 D DpmAnalyzer: scanRoi present, skipping full-image stages
09-02 11:29:47.309 28186 28186 D DpmAnalyzer: analyze: decodedCode=null
09-02 11:29:47.309 28186 28186 D DpmFrameAnalyzer: analyze: result status=NO_CODE, code=null, source=null
09-02 11:29:47.312 28186 28749 D DpmFrameAnalyzer: analyze: bitmap converted, size=1080x1440, scanRoi=Rect(189, 369 - 891, 1071)
09-02 11:29:47.313 28186 28186 D DpmAnalyzer: analyze: frame=1080x1440, roi=Rect(189, 369 - 891, 1071), focus=FOCUSED, mode=SCAN
09-02 11:29:47.313 28186 28186 D DpmAnalyzer: analyze: THROTTLED by timing gate
09-02 11:29:47.313 28186 28186 D DpmFrameAnalyzer: analyze: result status=THROTTLED, code=null, source=null
09-02 11:29:47.313 28186 28749 D DpmFrameAnalyzer: analyze: frame received, format=35, size=1440x1080, rotation=90
09-02 11:29:47.410 28186 28749 D DpmFrameAnalyzer: analyze: bitmap converted, size=1080x1440, scanRoi=Rect(189, 369 - 891, 1071)
09-02 11:29:47.410 28186 28186 D DpmAnalyzer: analyze: frame=1080x1440, roi=Rect(189, 369 - 891, 1071), focus=FOCUSED, mode=SCAN
09-02 11:29:47.410 28186 28186 D DpmAnalyzer: analyze: starting performMultiStrategyDecode
09-02 11:29:47.410 28186 28186 D DpmAnalyzer: performMultiStrategyDecode: frame=1080x1440, roi=Rect(189, 369 - 891, 1071), strategies=1
09-02 11:29:47.410 28186 28749 D DpmFrameAnalyzer: analyze: frame received, format=35, size=1440x1080, rotation=90
09-02 11:29:47.435 28186 28186 D DpmAnalyzer: Stage1: ROI 702x702 → scaled 400x400
09-02 11:29:47.485 28186 28749 D DpmFrameAnalyzer: analyze: bitmap converted, size=1080x1440, scanRoi=Rect(189, 369 - 891, 1071)
09-02 11:29:47.486 28186 28749 D DpmFrameAnalyzer: analyze: frame received, format=35, size=1440x1080, rotation=90
09-02 11:29:47.487 28186 28186 D DpmAnalyzer: analyze: frame=1080x1440, roi=Rect(189, 369 - 891, 1071), focus=FOCUSED, mode=SCAN
09-02 11:29:47.487 28186 28186 D DpmAnalyzer: analyze: THROTTLED (already running)
09-02 11:29:47.487 28186 28186 D DpmFrameAnalyzer: analyze: result status=THROTTLED, code=null, source=null
09-02 11:29:47.498 28186 28186 D DpmAnalyzer: Stage1: MISS
09-02 11:29:47.498 28186 28186 D DpmAnalyzer: scanRoi present, skipping full-image stages
09-02 11:29:47.498 28186 28186 D DpmAnalyzer: analyze: decodedCode=null
09-02 11:29:47.498 28186 28186 D DpmFrameAnalyzer: analyze: result status=NO_CODE, code=null, source=null
09-02 11:29:47.555 28186 28749 D DpmFrameAnalyzer: analyze: bitmap converted, size=1080x1440, scanRoi=Rect(189, 369 - 891, 1071)
09-02 11:29:47.555 28186 28186 D DpmAnalyzer: analyze: frame=1080x1440, roi=Rect(189, 369 - 891, 1071), focus=FOCUSED, mode=SCAN
09-02 11:29:47.555 28186 28186 D DpmAnalyzer: analyze: THROTTLED by timing gate
09-02 11:29:47.555 28186 28186 D DpmFrameAnalyzer: analyze: result status=THROTTLED, code=null, source=null
09-02 11:29:47.556 28186 28749 D DpmFrameAnalyzer: analyze: frame received, format=35, size=1440x1080, rotation=90
09-02 11:29:47.621 28186 28749 D DpmFrameAnalyzer: analyze: bitmap converted, size=1080x1440, scanRoi=Rect(189, 369 - 891, 1071)
09-02 11:29:47.621 28186 28186 D DpmAnalyzer: analyze: frame=1080x1440, roi=Rect(189, 369 - 891, 1071), focus=FOCUSED, mode=SCAN
09-02 11:29:47.622 28186 28186 D DpmAnalyzer: analyze: starting performMultiStrategyDecode
09-02 11:29:47.622 28186 28186 D DpmAnalyzer: performMultiStrategyDecode: frame=1080x1440, roi=Rect(189, 369 - 891, 1071), strategies=1
09-02 11:29:47.622 28186 28749 D DpmFrameAnalyzer: analyze: frame received, format=35, size=1440x1080, rotation=90
09-02 11:29:47.641 28186 28186 D DpmAnalyzer: Stage1: ROI 702x702 → scaled 400x400
09-02 11:29:47.701 28186 28749 D DpmFrameAnalyzer: analyze: bitmap converted, size=1080x1440, scanRoi=Rect(189, 369 - 891, 1071)
09-02 11:29:47.702 28186 28186 D DpmAnalyzer: analyze: frame=1080x1440, roi=Rect(189, 369 - 891, 1071), focus=FOCUSED, mode=SCAN
09-02 11:29:47.702 28186 28186 D DpmAnalyzer: analyze: THROTTLED (already running)
09-02 11:29:47.702 28186 28186 D DpmFrameAnalyzer: analyze: result status=THROTTLED, code=null, source=null
09-02 11:29:47.702 28186 28749 D DpmFrameAnalyzer: analyze: frame received, format=35, size=1440x1080, rotation=90
09-02 11:29:47.713 28186 28186 D DpmAnalyzer: Stage1: MISS
09-02 11:29:47.713 28186 28186 D DpmAnalyzer: scanRoi present, skipping full-image stages
09-02 11:29:47.713 28186 28186 D DpmAnalyzer: analyze: decodedCode=null
09-02 11:29:47.713 28186 28186 D DpmFrameAnalyzer: analyze: result status=NO_CODE, code=null, source=null
09-02 11:29:47.799 28186 28749 D DpmFrameAnalyzer: analyze: bitmap converted, size=1080x1440, scanRoi=Rect(189, 369 - 891, 1071)
09-02 11:29:47.800 28186 28186 D DpmAnalyzer: analyze: frame=1080x1440, roi=Rect(189, 369 - 891, 1071), focus=FOCUSED, mode=SCAN
09-02 11:29:47.800 28186 28186 D DpmAnalyzer: analyze: THROTTLED by timing gate
09-02 11:29:47.800 28186 28186 D DpmFrameAnalyzer: analyze: result status=THROTTLED, code=null, source=null
09-02 11:29:47.800 28186 28749 D DpmFrameAnalyzer: analyze: frame received, format=35, size=1440x1080, rotation=90
09-02 11:29:47.884 28186 28749 D DpmFrameAnalyzer: analyze: bitmap converted, size=1080x1440, scanRoi=Rect(189, 369 - 891, 1071)
09-02 11:29:47.885 28186 28186 D DpmAnalyzer: analyze: frame=1080x1440, roi=Rect(189, 369 - 891, 1071), focus=FOCUSED, mode=SCAN
09-02 11:29:47.885 28186 28186 D DpmAnalyzer: analyze: starting performMultiStrategyDecode
09-02 11:29:47.885 28186 28186 D DpmAnalyzer: performMultiStrategyDecode: frame=1080x1440, roi=Rect(189, 369 - 891, 1071), strategies=1
09-02 11:29:47.885 28186 28749 D DpmFrameAnalyzer: analyze: frame received, format=35, size=1440x1080, rotation=90
09-02 11:29:47.895 28186 28186 D DpmAnalyzer: Stage1: ROI 702x702 → scaled 400x400
09-02 11:29:47.966 28186 28749 D DpmFrameAnalyzer: analyze: bitmap converted, size=1080x1440, scanRoi=Rect(189, 369 - 891, 1071)
09-02 11:29:47.967 28186 28749 D DpmFrameAnalyzer: analyze: frame received, format=35, size=1440x1080, rotation=90
09-02 11:29:48.063 28186 28749 D DpmFrameAnalyzer: analyze: bitmap converted, size=1080x1440, scanRoi=Rect(189, 369 - 891, 1071)
09-02 11:29:48.178 28186 28186 D DpmAnalyzer: Stage1: MISS
09-02 11:29:48.178 28186 28186 D DpmAnalyzer: scanRoi present, skipping full-image stages
09-02 11:29:48.178 28186 28186 D DpmAnalyzer: analyze: decodedCode=null
09-02 11:29:48.178 28186 28186 D DpmFrameAnalyzer: analyze: result status=NO_CODE, code=null, source=null
09-02 11:29:48.179 28186 28186 D DpmAnalyzer: analyze: frame=1080x1440, roi=Rect(189, 369 - 891, 1071), focus=FOCUSED, mode=SCAN
09-02 11:29:48.179 28186 28186 D DpmAnalyzer: analyze: THROTTLED by timing gate
09-02 11:29:48.179 28186 28186 D DpmFrameAnalyzer: analyze: result status=THROTTLED, code=null, source=null
09-02 11:29:48.180 28186 28186 D DpmAnalyzer: analyze: frame=1080x1440, roi=Rect(189, 369 - 891, 1071), focus=FOCUSED, mode=SCAN
09-02 11:29:48.180 28186 28186 D DpmAnalyzer: analyze: THROTTLED by timing gate
09-02 11:29:48.180 28186 28186 D DpmFrameAnalyzer: analyze: result status=THROTTLED, code=null, source=null
09-02 11:29:48.182 28186 28749 D DpmFrameAnalyzer: analyze: frame received, format=35, size=1440x1080, rotation=90
09-02 11:29:48.262 28186 28749 D DpmFrameAnalyzer: analyze: bitmap converted, size=1080x1440, scanRoi=Rect(189, 369 - 891, 1071)
09-02 11:29:48.262 28186 28186 D DpmAnalyzer: analyze: frame=1080x1440, roi=Rect(189, 369 - 891, 1071), focus=FOCUSED, mode=SCAN
09-02 11:29:48.262 28186 28186 D DpmAnalyzer: analyze: THROTTLED by timing gate
09-02 11:29:48.263 28186 28186 D DpmFrameAnalyzer: analyze: result status=THROTTLED, code=null, source=null
09-02 11:29:48.263 28186 28749 D DpmFrameAnalyzer: analyze: frame received, format=35, size=1440x1080, rotation=90
09-02 11:29:48.348 28186 28749 D DpmFrameAnalyzer: analyze: bitmap converted, size=1080x1440, scanRoi=Rect(189, 369 - 891, 1071)
09-02 11:29:48.349 28186 28186 D DpmAnalyzer: analyze: frame=1080x1440, roi=Rect(189, 369 - 891, 1071), focus=FOCUSED, mode=SCAN
09-02 11:29:48.349 28186 28186 D DpmAnalyzer: analyze: starting performMultiStrategyDecode
09-02 11:29:48.349 28186 28186 D DpmAnalyzer: performMultiStrategyDecode: frame=1080x1440, roi=Rect(189, 369 - 891, 1071), strategies=1
09-02 11:29:48.349 28186 28749 D DpmFrameAnalyzer: analyze: frame received, format=35, size=1440x1080, rotation=90
09-02 11:29:48.360 28186 28186 D DpmAnalyzer: Stage1: ROI 702x702 → scaled 400x400
09-02 11:29:48.443 28186 28749 D DpmFrameAnalyzer: analyze: bitmap converted, size=1080x1440, scanRoi=Rect(189, 369 - 891, 1071)
09-02 11:29:48.443 28186 28186 D DpmAnalyzer: analyze: frame=1080x1440, roi=Rect(189, 369 - 891, 1071), focus=FOCUSED, mode=SCAN
09-02 11:29:48.443 28186 28186 D DpmAnalyzer: analyze: THROTTLED (already running)
09-02 11:29:48.443 28186 28186 D DpmFrameAnalyzer: analyze: result status=THROTTLED, code=null, source=null
09-02 11:29:48.444 28186 28749 D DpmFrameAnalyzer: analyze: frame received, format=35, size=1440x1080, rotation=90
09-02 11:29:48.456 28186 28186 D DpmAnalyzer: Stage1: MISS
09-02 11:29:48.456 28186 28186 D DpmAnalyzer: scanRoi present, skipping full-image stages
09-02 11:29:48.456 28186 28186 D DpmAnalyzer: analyze: decodedCode=null
09-02 11:29:48.456 28186 28186 D DpmFrameAnalyzer: analyze: result status=NO_CODE, code=null, source=null
09-02 11:29:48.538 28186 28749 D DpmFrameAnalyzer: analyze: bitmap converted, size=1080x1440, scanRoi=Rect(189, 369 - 891, 1071)
09-02 11:29:48.539 28186 28186 D DpmAnalyzer: analyze: frame=1080x1440, roi=Rect(189, 369 - 891, 1071), focus=FOCUSED, mode=SCAN
09-02 11:29:48.539 28186 28186 D DpmAnalyzer: analyze: THROTTLED by timing gate
09-02 11:29:48.539 28186 28186 D DpmFrameAnalyzer: analyze: result status=THROTTLED, code=null, source=null
09-02 11:29:48.539 28186 28749 D DpmFrameAnalyzer: analyze: frame received, format=35, size=1440x1080, rotation=90
09-02 11:29:48.637 28186 28749 D DpmFrameAnalyzer: analyze: bitmap converted, size=1080x1440, scanRoi=Rect(189, 369 - 891, 1071)
09-02 11:29:48.637 28186 28186 D DpmAnalyzer: analyze: frame=1080x1440, roi=Rect(189, 369 - 891, 1071), focus=FOCUSED, mode=SCAN
09-02 11:29:48.637 28186 28186 D DpmAnalyzer: analyze: starting performMultiStrategyDecode
09-02 11:29:48.637 28186 28186 D DpmAnalyzer: performMultiStrategyDecode: frame=1080x1440, roi=Rect(189, 369 - 891, 1071), strategies=1
09-02 11:29:48.638 28186 28749 D DpmFrameAnalyzer: analyze: frame received, format=35, size=1440x1080, rotation=90
09-02 11:29:48.663 28186 28186 D DpmAnalyzer: Stage1: ROI 702x702 → scaled 400x400
09-02 11:29:48.740 28186 28749 D DpmFrameAnalyzer: analyze: bitmap converted, size=1080x1440, scanRoi=Rect(189, 369 - 891, 1071)
09-02 11:29:48.740 28186 28186 D DpmAnalyzer: analyze: frame=1080x1440, roi=Rect(189, 369 - 891, 1071), focus=FOCUSED, mode=SCAN
09-02 11:29:48.741 28186 28186 D DpmAnalyzer: analyze: THROTTLED (already running)
09-02 11:29:48.741 28186 28186 D DpmFrameAnalyzer: analyze: result status=THROTTLED, code=null, source=null
09-02 11:29:48.742 28186 28749 D DpmFrameAnalyzer: analyze: frame received, format=35, size=1440x1080, rotation=90
09-02 11:29:48.754 28186 28186 D DpmAnalyzer: Stage1: MISS
09-02 11:29:48.754 28186 28186 D DpmAnalyzer: scanRoi present, skipping full-image stages
09-02 11:29:48.754 28186 28186 D DpmAnalyzer: analyze: decodedCode=null
09-02 11:29:48.754 28186 28186 D DpmFrameAnalyzer: analyze: result status=NO_CODE, code=null, source=null
09-02 11:29:48.845 28186 28749 D DpmFrameAnalyzer: analyze: bitmap converted, size=1080x1440, scanRoi=Rect(189, 369 - 891, 1071)
09-02 11:29:48.845 28186 28186 D DpmAnalyzer: analyze: frame=1080x1440, roi=Rect(189, 369 - 891, 1071), focus=FOCUSED, mode=SCAN
09-02 11:29:48.845 28186 28186 D DpmAnalyzer: analyze: THROTTLED by timing gate
09-02 11:29:48.845 28186 28186 D DpmFrameAnalyzer: analyze: result status=THROTTLED, code=null, source=null
09-02 11:29:48.846 28186 28749 D DpmFrameAnalyzer: analyze: frame received, format=35, size=1440x1080, rotation=90
09-02 11:29:48.938 28186 28749 D DpmFrameAnalyzer: analyze: bitmap converted, size=1080x1440, scanRoi=Rect(189, 369 - 891, 1071)
09-02 11:29:48.938 28186 28186 D DpmAnalyzer: analyze: frame=1080x1440, roi=Rect(189, 369 - 891, 1071), focus=FOCUSED, mode=SCAN
09-02 11:29:48.938 28186 28186 D DpmAnalyzer: analyze: starting performMultiStrategyDecode
09-02 11:29:48.938 28186 28186 D DpmAnalyzer: performMultiStrategyDecode: frame=1080x1440, roi=Rect(189, 369 - 891, 1071), strategies=1
09-02 11:29:48.939 28186 28749 D DpmFrameAnalyzer: analyze: frame received, format=35, size=1440x1080, rotation=90
09-02 11:29:48.948 28186 28186 D DpmAnalyzer: Stage1: ROI 702x702 → scaled 400x400
09-02 11:29:49.032 28186 28749 D DpmFrameAnalyzer: analyze: bitmap converted, size=1080x1440, scanRoi=Rect(189, 369 - 891, 1071)
09-02 11:29:49.032 28186 28186 D DpmAnalyzer: analyze: frame=1080x1440, roi=Rect(189, 369 - 891, 1071), focus=FOCUSED, mode=SCAN
09-02 11:29:49.032 28186 28186 D DpmAnalyzer: analyze: THROTTLED (already running)
09-02 11:29:49.032 28186 28186 D DpmFrameAnalyzer: analyze: result status=THROTTLED, code=null, source=null
09-02 11:29:49.033 28186 28749 D DpmFrameAnalyzer: analyze: frame received, format=35, size=1440x1080, rotation=90
09-02 11:29:49.054 28186 28186 D DpmAnalyzer: Stage1: MISS
09-02 11:29:49.054 28186 28186 D DpmAnalyzer: scanRoi present, skipping full-image stages
09-02 11:29:49.054 28186 28186 D DpmAnalyzer: analyze: decodedCode=null
09-02 11:29:49.054 28186 28186 D DpmFrameAnalyzer: analyze: result status=NO_CODE, code=null, source=null
09-02 11:29:49.128 28186 28749 D DpmFrameAnalyzer: analyze: bitmap converted, size=1080x1440, scanRoi=Rect(189, 369 - 891, 1071)
09-02 11:29:49.129 28186 28186 D DpmAnalyzer: analyze: frame=1080x1440, roi=Rect(189, 369 - 891, 1071), focus=FOCUSED, mode=SCAN
09-02 11:29:49.129 28186 28186 D DpmAnalyzer: analyze: THROTTLED by timing gate
09-02 11:29:49.129 28186 28186 D DpmFrameAnalyzer: analyze: result status=THROTTLED, code=null, source=null
09-02 11:29:49.129 28186 28749 D DpmFrameAnalyzer: analyze: frame received, format=35, size=1440x1080, rotation=90
09-02 11:29:49.223 28186 28749 D DpmFrameAnalyzer: analyze: bitmap converted, size=1080x1440, scanRoi=Rect(189, 369 - 891, 1071)
09-02 11:29:49.224 28186 28186 D DpmAnalyzer: analyze: frame=1080x1440, roi=Rect(189, 369 - 891, 1071), focus=FOCUSED, mode=SCAN
09-02 11:29:49.224 28186 28186 D DpmAnalyzer: analyze: starting performMultiStrategyDecode
09-02 11:29:49.224 28186 28186 D DpmAnalyzer: performMultiStrategyDecode: frame=1080x1440, roi=Rect(189, 369 - 891, 1071), strategies=1
09-02 11:29:49.225 28186 28749 D DpmFrameAnalyzer: analyze: frame received, format=35, size=1440x1080, rotation=90
09-02 11:29:49.230 28186 28186 D DpmAnalyzer: Stage1: ROI 702x702 → scaled 400x400
09-02 11:29:49.322 28186 28186 D DpmAnalyzer: Stage1: MISS
09-02 11:29:49.322 28186 28186 D DpmAnalyzer: scanRoi present, skipping full-image stages
09-02 11:29:49.322 28186 28186 D DpmAnalyzer: analyze: decodedCode=null
09-02 11:29:49.322 28186 28186 D DpmFrameAnalyzer: analyze: result status=NO_CODE, code=null, source=null
09-02 11:29:49.327 28186 28749 D DpmFrameAnalyzer: analyze: bitmap converted, size=1080x1440, scanRoi=Rect(189, 369 - 891, 1071)
