09-02 11:13:34.799 24978 24978 D CameraPreview: 连接成功，mode=INSPECTION, sessionId: 268a9fef-44bb-4a47-a4fe-1b722049ae33
09-02 11:13:34.820  1580  2828 I HwCameraServiceProxy: Start notify service:com.huawei.camera, com.huawei.camera.controller.hm.HmCameraControllerService
09-02 11:13:34.831  1580  2525 I HwCameraServiceProxy: Start notify service:com.huawei.camera, com.huawei.camera.controller.hm.HmCameraControllerService
09-02 11:13:34.946  1580  2707 I HwCameraServiceProxy: Start notify service:com.huawei.camera, com.huawei.camera.controller.hm.HmCameraControllerService
09-02 11:13:34.979 24978 24978 D CameraPreview: 连接成功，mode=INSPECTION, sessionId: 25417ba9-44ba-4425-9a28-fc2e88032a49
09-02 11:13:35.046  1580  2707 I HwCameraServiceProxy: Start notify service:com.huawei.camera, com.huawei.camera.controller.hm.HmCameraControllerService
09-02 11:13:35.058  1580  2509 I HwCameraServiceProxy: Start notify service:com.huawei.camera, com.huawei.camera.controller.hm.HmCameraControllerService
09-02 11:13:35.102  1580  2509 I HwCameraServiceProxy: Start notify service:com.huawei.camera, com.huawei.camera.controller.hm.HmCameraControllerService
09-02 11:13:35.132 24978 24978 D CameraPreview: === 画幅诊断 ===
09-02 11:13:35.132 24978 24978 D CameraPreview: PreviewView: 1080x1039
09-02 11:13:35.132 24978 24978 D CameraPreview: 流尺寸: 640x480
09-02 11:13:35.132 24978 24978 D CameraPreview: 旋转: 90°
09-02 11:13:35.132 24978 24978 D CameraPreview: 旋转后: 480x640
09-02 11:13:35.132 24978 24978 D CameraPreview: contentRect: Rect(151, 0 - 930, 1039)
09-02 11:13:35.264 15200 15346 I fwkit_kams_stubmanager: [fwkit StubManagerService.java:35] getSPNByComponent:com.huawei.hms.mlkit.service, com.huawei.hms.mlkit.service, true
09-02 11:13:35.265 15200 15346 I fwkit_kbct_dsp: [fwkit KitBroadcastDispatcher.java:88] action:android.intent.action.PACKAGE_ADDED,receiver:com.huawei.hms.mlkit.service.receiver.MLKitBroadcastReceiver|com.huawei.hwid.container2
09-02 11:13:35.266 21738 22065 I fwkit_kac_kitloader: [fwkit KitLoaderManager.java:134] kit loaded mlkit_30700301 already exits, cost :0 ms
09-02 11:13:35.276 21738 21738 I MLKitBroadcastReceiver: packageName = com.wearable.inspection.mobile, dependency = 
09-02 11:13:35.472  1580  2707 I HwCameraServiceProxy: Start notify service:com.huawei.camera, com.huawei.camera.controller.hm.HmCameraControllerService
09-02 11:13:39.265  1580  2838 I HwCameraServiceProxy: Start notify service:com.huawei.camera, com.huawei.camera.controller.hm.HmCameraControllerService
09-02 11:13:39.278  1580  2838 I HwCameraServiceProxy: Start notify service:com.huawei.camera, com.huawei.camera.controller.hm.HmCameraControllerService
09-02 11:13:39.326 24978 24978 D DpmScanViewModel: startScan: sessionId=b41369fe-eefb-4e05-9300-7c3d0e7cb36d, controller=com.wearable.inspection.mobile.camera.CameraController@9d3ece1
09-02 11:13:39.339  1580  7234 I HwCameraServiceProxy: Start notify service:com.huawei.camera, com.huawei.camera.controller.hm.HmCameraControllerService
09-02 11:13:39.346  1580  2706 I HwCameraServiceProxy: Start notify service:com.huawei.camera, com.huawei.camera.controller.hm.HmCameraControllerService
09-02 11:13:39.371 24978 25257 I DynamiteModule: Considering local module com.google.mlkit.dynamite.barcode:10000 and remote module com.google.mlkit.dynamite.barcode:0
09-02 11:13:39.371 24978 25257 I DynamiteModule: Selected local version of com.google.mlkit.dynamite.barcode
09-02 11:13:39.375 24978 24978 D CameraController: setFrameAnalyzer: attaching analyzer to use case
09-02 11:13:39.375 24978 24978 D CameraPreview: 连接成功，mode=DPM_SCAN, sessionId: b41369fe-eefb-4e05-9300-7c3d0e7cb36d
09-02 11:13:39.426 24978 24978 D CameraPreview: === 画幅诊断 ===
09-02 11:13:39.426 24978 24978 D CameraPreview: PreviewView: 1080x2002
09-02 11:13:39.426 24978 24978 D CameraPreview: 流尺寸: 640x480
09-02 11:13:39.426 24978 24978 D CameraPreview: 旋转: 90°
09-02 11:13:39.426 24978 24978 D CameraPreview: 旋转后: 480x640
09-02 11:13:39.426 24978 24978 D CameraPreview: contentRect: Rect(0, 281 - 1080, 1721)
09-02 11:13:39.446 24978 24978 D DpmScanViewModel: startScan: sessionId=aec34445-3a15-4f0d-8e21-ecd24ca9fb49, controller=com.wearable.inspection.mobile.camera.CameraController@9d3ece1
09-02 11:13:39.447 24978 24978 D CameraController: setFrameAnalyzer: attaching analyzer to use case
09-02 11:13:39.447 24978 24978 D CameraPreview: 连接成功，mode=DPM_SCAN, sessionId: aec34445-3a15-4f0d-8e21-ecd24ca9fb49
09-02 11:13:39.450  1580  2838 I HwCameraServiceProxy: Start notify service:com.huawei.camera, com.huawei.camera.controller.hm.HmCameraControllerService
09-02 11:13:39.468  1580  2706 I HwCameraServiceProxy: Start notify service:com.huawei.camera, com.huawei.camera.controller.hm.HmCameraControllerService
09-02 11:13:39.472  1580  2838 I HwCameraServiceProxy: Start notify service:com.huawei.camera, com.huawei.camera.controller.hm.HmCameraControllerService
09-02 11:13:39.511  1580  2828 I HwCameraServiceProxy: Start notify service:com.huawei.camera, com.huawei.camera.controller.hm.HmCameraControllerService
09-02 11:13:39.861 24978 25317 D DpmFrameAnalyzer: analyze: frame received, format=35, size=640x480, rotation=90
09-02 11:13:39.862  1580  2828 I HwCameraServiceProxy: Start notify service:com.huawei.camera, com.huawei.camera.controller.hm.HmCameraControllerService
09-02 11:13:39.893 24978 25317 D DpmFrameAnalyzer: analyze: bitmap converted, size=480x640, scanRoi=Rect(67, 147 - 412, 492)
09-02 11:13:39.894 24978 24978 D DpmAnalyzer: analyze: frame=480x640, roi=Rect(67, 147 - 412, 492), focus=FOCUSED, mode=SCAN
09-02 11:13:39.895 24978 24978 D DpmAnalyzer: analyze: starting performMultiStrategyDecode
09-02 11:13:39.897 24978 24978 D DpmAnalyzer: performMultiStrategyDecode: frame=480x640, roi=Rect(67, 147 - 412, 492), strategies=1
09-02 11:13:39.903 24978 24978 D DpmAnalyzer: Stage1: ROI 345x345 → scaled 345x345
09-02 11:13:39.924 24978 25317 D DpmFrameAnalyzer: analyze: frame received, format=35, size=640x480, rotation=90
09-02 11:13:39.937 24978 25317 D DpmFrameAnalyzer: analyze: bitmap converted, size=480x640, scanRoi=Rect(67, 147 - 412, 492)
09-02 11:13:39.949 24978 24978 D DpmAnalyzer: analyze: frame=480x640, roi=Rect(67, 147 - 412, 492), focus=FOCUSED, mode=SCAN
09-02 11:13:39.949 24978 24978 D DpmAnalyzer: analyze: THROTTLED (already running)
09-02 11:13:39.950 24978 24978 D DpmFrameAnalyzer: analyze: result status=THROTTLED, code=null, source=null
09-02 11:13:39.951 24978 25317 D DpmFrameAnalyzer: analyze: frame received, format=35, size=640x480, rotation=90
09-02 11:13:39.964 24978 25317 D DpmFrameAnalyzer: analyze: bitmap converted, size=480x640, scanRoi=Rect(67, 147 - 412, 492)
09-02 11:13:39.964 24978 24978 D DpmAnalyzer: analyze: frame=480x640, roi=Rect(67, 147 - 412, 492), focus=FOCUSED, mode=SCAN
09-02 11:13:39.964 24978 24978 D DpmAnalyzer: analyze: THROTTLED (already running)
09-02 11:13:39.964 24978 24978 D DpmFrameAnalyzer: analyze: result status=THROTTLED, code=null, source=null
09-02 11:13:39.975 24978 24978 D DpmAnalyzer: Stage1: MISS
09-02 11:13:39.975 24978 24978 D DpmAnalyzer: scanRoi present, skipping full-image stages
09-02 11:13:39.975 24978 24978 D DpmAnalyzer: analyze: decodedCode=null
09-02 11:13:39.975 24978 24978 D DpmFrameAnalyzer: analyze: result status=NO_CODE, code=null, source=null
09-02 11:13:39.981 24978 25317 D DpmFrameAnalyzer: analyze: frame received, format=35, size=640x480, rotation=90
09-02 11:13:39.992 24978 25317 D DpmFrameAnalyzer: analyze: bitmap converted, size=480x640, scanRoi=Rect(67, 147 - 412, 492)
09-02 11:13:39.992 24978 24978 D DpmAnalyzer: analyze: frame=480x640, roi=Rect(67, 147 - 412, 492), focus=FOCUSED, mode=SCAN
09-02 11:13:39.992 24978 24978 D DpmAnalyzer: analyze: THROTTLED by timing gate
09-02 11:13:39.992 24978 24978 D DpmFrameAnalyzer: analyze: result status=THROTTLED, code=null, source=null
09-02 11:13:40.019 24978 25317 D DpmFrameAnalyzer: analyze: frame received, format=35, size=640x480, rotation=90
09-02 11:13:40.030 24978 25317 D DpmFrameAnalyzer: analyze: bitmap converted, size=480x640, scanRoi=Rect(67, 147 - 412, 492)
09-02 11:13:40.030 24978 24978 D DpmAnalyzer: analyze: frame=480x640, roi=Rect(67, 147 - 412, 492), focus=FOCUSED, mode=SCAN
09-02 11:13:40.030 24978 24978 D DpmAnalyzer: analyze: THROTTLED by timing gate
09-02 11:13:40.030 24978 24978 D DpmFrameAnalyzer: analyze: result status=THROTTLED, code=null, source=null
09-02 11:13:40.058 24978 25317 D DpmFrameAnalyzer: analyze: frame received, format=35, size=640x480, rotation=90
09-02 11:13:40.069 24978 25317 D DpmFrameAnalyzer: analyze: bitmap converted, size=480x640, scanRoi=Rect(67, 147 - 412, 492)
09-02 11:13:40.072 24978 24978 D DpmAnalyzer: analyze: frame=480x640, roi=Rect(67, 147 - 412, 492), focus=FOCUSED, mode=SCAN
09-02 11:13:40.072 24978 24978 D DpmAnalyzer: analyze: THROTTLED by timing gate
09-02 11:13:40.072 24978 24978 D DpmFrameAnalyzer: analyze: result status=THROTTLED, code=null, source=null
09-02 11:13:40.097 24978 25317 D DpmFrameAnalyzer: analyze: frame received, format=35, size=640x480, rotation=90
09-02 11:13:40.112 24978 25317 D DpmFrameAnalyzer: analyze: bitmap converted, size=480x640, scanRoi=Rect(67, 147 - 412, 492)
09-02 11:13:40.113 24978 24978 D DpmAnalyzer: analyze: frame=480x640, roi=Rect(67, 147 - 412, 492), focus=FOCUSED, mode=SCAN
09-02 11:13:40.113 24978 24978 D DpmAnalyzer: analyze: starting performMultiStrategyDecode
09-02 11:13:40.113 24978 24978 D DpmAnalyzer: performMultiStrategyDecode: frame=480x640, roi=Rect(67, 147 - 412, 492), strategies=1
09-02 11:13:40.117 24978 24978 D DpmAnalyzer: Stage1: ROI 345x345 → scaled 345x345
09-02 11:13:40.140 24978 25317 D DpmFrameAnalyzer: analyze: frame received, format=35, size=640x480, rotation=90
09-02 11:13:40.155 24978 25317 D DpmFrameAnalyzer: analyze: bitmap converted, size=480x640, scanRoi=Rect(67, 147 - 412, 492)
09-02 11:13:40.156 24978 24978 D DpmAnalyzer: analyze: frame=480x640, roi=Rect(67, 147 - 412, 492), focus=FOCUSED, mode=SCAN
09-02 11:13:40.156 24978 24978 D DpmAnalyzer: analyze: THROTTLED (already running)
09-02 11:13:40.156 24978 24978 D DpmFrameAnalyzer: analyze: result status=THROTTLED, code=null, source=null
09-02 11:13:40.161 24978 24978 D DpmAnalyzer: Stage1: MISS
09-02 11:13:40.161 24978 24978 D DpmAnalyzer: scanRoi present, skipping full-image stages
09-02 11:13:40.161 24978 24978 D DpmAnalyzer: analyze: decodedCode=null
09-02 11:13:40.161 24978 24978 D DpmFrameAnalyzer: analyze: result status=NO_CODE, code=null, source=null
09-02 11:13:40.177 24978 25317 D DpmFrameAnalyzer: analyze: frame received, format=35, size=640x480, rotation=90
09-02 11:13:40.193 24978 25317 D DpmFrameAnalyzer: analyze: bitmap converted, size=480x640, scanRoi=Rect(67, 147 - 412, 492)
09-02 11:13:40.194 24978 24978 D DpmAnalyzer: analyze: frame=480x640, roi=Rect(67, 147 - 412, 492), focus=FOCUSED, mode=SCAN
09-02 11:13:40.194 24978 24978 D DpmAnalyzer: analyze: THROTTLED by timing gate
09-02 11:13:40.194 24978 24978 D DpmFrameAnalyzer: analyze: result status=THROTTLED, code=null, source=null
09-02 11:13:40.222 24978 25317 D DpmFrameAnalyzer: analyze: frame received, format=35, size=640x480, rotation=90
09-02 11:13:40.237 24978 25317 D DpmFrameAnalyzer: analyze: bitmap converted, size=480x640, scanRoi=Rect(67, 147 - 412, 492)
09-02 11:13:40.239 24978 24978 D DpmAnalyzer: analyze: frame=480x640, roi=Rect(67, 147 - 412, 492), focus=FOCUSED, mode=SCAN
09-02 11:13:40.239 24978 24978 D DpmAnalyzer: analyze: THROTTLED by timing gate
09-02 11:13:40.239 24978 24978 D DpmFrameAnalyzer: analyze: result status=THROTTLED, code=null, source=null
09-02 11:13:40.258 24978 25317 D DpmFrameAnalyzer: analyze: frame received, format=35, size=640x480, rotation=90
09-02 11:13:40.272 24978 25317 D DpmFrameAnalyzer: analyze: bitmap converted, size=480x640, scanRoi=Rect(67, 147 - 412, 492)
09-02 11:13:40.273 24978 24978 D DpmAnalyzer: analyze: frame=480x640, roi=Rect(67, 147 - 412, 492), focus=FOCUSED, mode=SCAN
09-02 11:13:40.273 24978 24978 D DpmAnalyzer: analyze: starting performMultiStrategyDecode
09-02 11:13:40.273 24978 24978 D DpmAnalyzer: performMultiStrategyDecode: frame=480x640, roi=Rect(67, 147 - 412, 492), strategies=1
09-02 11:13:40.277 24978 24978 D DpmAnalyzer: Stage1: ROI 345x345 → scaled 345x345
09-02 11:13:40.292 24978 25317 D DpmFrameAnalyzer: analyze: frame received, format=35, size=640x480, rotation=90
09-02 11:13:40.303 24978 25317 D DpmFrameAnalyzer: analyze: bitmap converted, size=480x640, scanRoi=Rect(67, 147 - 412, 492)
09-02 11:13:40.307 24978 24978 D DpmAnalyzer: analyze: frame=480x640, roi=Rect(67, 147 - 412, 492), focus=FOCUSED, mode=SCAN
09-02 11:13:40.307 24978 24978 D DpmAnalyzer: analyze: THROTTLED (already running)
09-02 11:13:40.307 24978 24978 D DpmFrameAnalyzer: analyze: result status=THROTTLED, code=null, source=null
09-02 11:13:40.319 24978 24978 D DpmAnalyzer: Stage1: MISS
09-02 11:13:40.319 24978 24978 D DpmAnalyzer: scanRoi present, skipping full-image stages
09-02 11:13:40.319 24978 24978 D DpmAnalyzer: analyze: decodedCode=null
09-02 11:13:40.319 24978 24978 D DpmFrameAnalyzer: analyze: result status=NO_CODE, code=null, source=null
09-02 11:13:40.335 24978 25317 D DpmFrameAnalyzer: analyze: frame received, format=35, size=640x480, rotation=90
09-02 11:13:40.350 24978 25317 D DpmFrameAnalyzer: analyze: bitmap converted, size=480x640, scanRoi=Rect(67, 147 - 412, 492)
09-02 11:13:40.351 24978 24978 D DpmAnalyzer: analyze: frame=480x640, roi=Rect(67, 147 - 412, 492), focus=FOCUSED, mode=SCAN
09-02 11:13:40.351 24978 24978 D DpmAnalyzer: analyze: THROTTLED by timing gate
09-02 11:13:40.351 24978 24978 D DpmFrameAnalyzer: analyze: result status=THROTTLED, code=null, source=null
09-02 11:13:40.375 24978 25317 D DpmFrameAnalyzer: analyze: frame received, format=35, size=640x480, rotation=90
09-02 11:13:40.395 24978 25317 D DpmFrameAnalyzer: analyze: bitmap converted, size=480x640, scanRoi=Rect(67, 147 - 412, 492)
09-02 11:13:40.396 24978 24978 D DpmAnalyzer: analyze: frame=480x640, roi=Rect(67, 147 - 412, 492), focus=FOCUSED, mode=SCAN
09-02 11:13:40.396 24978 24978 D DpmAnalyzer: analyze: THROTTLED by timing gate
09-02 11:13:40.396 24978 24978 D DpmFrameAnalyzer: analyze: result status=THROTTLED, code=null, source=null
09-02 11:13:40.413 24978 25317 D DpmFrameAnalyzer: analyze: frame received, format=35, size=640x480, rotation=90
09-02 11:13:40.434 24978 25317 D DpmFrameAnalyzer: analyze: bitmap converted, size=480x640, scanRoi=Rect(67, 147 - 412, 492)
09-02 11:13:40.436 24978 24978 D DpmAnalyzer: analyze: frame=480x640, roi=Rect(67, 147 - 412, 492), focus=FOCUSED, mode=SCAN
09-02 11:13:40.436 24978 24978 D DpmAnalyzer: analyze: starting performMultiStrategyDecode
09-02 11:13:40.436 24978 24978 D DpmAnalyzer: performMultiStrategyDecode: frame=480x640, roi=Rect(67, 147 - 412, 492), strategies=1
09-02 11:13:40.442 24978 24978 D DpmAnalyzer: Stage1: ROI 345x345 → scaled 345x345
09-02 11:13:40.464 24978 25317 D DpmFrameAnalyzer: analyze: frame received, format=35, size=640x480, rotation=90
09-02 11:13:40.490 24978 25317 D DpmFrameAnalyzer: analyze: bitmap converted, size=480x640, scanRoi=Rect(67, 147 - 412, 492)
09-02 11:13:40.491 24978 24978 D DpmAnalyzer: Stage1: MISS
09-02 11:13:40.491 24978 24978 D DpmAnalyzer: scanRoi present, skipping full-image stages
09-02 11:13:40.492 24978 24978 D DpmAnalyzer: analyze: decodedCode=null
09-02 11:13:40.492 24978 24978 D DpmFrameAnalyzer: analyze: result status=NO_CODE, code=null, source=null
09-02 11:13:40.494 24978 24978 D DpmAnalyzer: analyze: frame=480x640, roi=Rect(67, 147 - 412, 492), focus=FOCUSED, mode=SCAN
09-02 11:13:40.494 24978 24978 D DpmAnalyzer: analyze: THROTTLED by timing gate
09-02 11:13:40.494 24978 24978 D DpmFrameAnalyzer: analyze: result status=THROTTLED, code=null, source=null
09-02 11:13:40.496 24978 25317 D DpmFrameAnalyzer: analyze: frame received, format=35, size=640x480, rotation=90
09-02 11:13:40.517 24978 25317 D DpmFrameAnalyzer: analyze: bitmap converted, size=480x640, scanRoi=Rect(67, 147 - 412, 492)
09-02 11:13:40.518 24978 24978 D DpmAnalyzer: analyze: frame=480x640, roi=Rect(67, 147 - 412, 492), focus=FOCUSED, mode=SCAN
09-02 11:13:40.518 24978 24978 D DpmAnalyzer: analyze: THROTTLED by timing gate
09-02 11:13:40.518 24978 24978 D DpmFrameAnalyzer: analyze: result status=THROTTLED, code=null, source=null
09-02 11:13:40.529 24978 25317 D DpmFrameAnalyzer: analyze: frame received, format=35, size=640x480, rotation=90
09-02 11:13:40.547 24978 25317 D DpmFrameAnalyzer: analyze: bitmap converted, size=480x640, scanRoi=Rect(67, 147 - 412, 492)
09-02 11:13:40.553 24978 24978 D DpmAnalyzer: analyze: frame=480x640, roi=Rect(67, 147 - 412, 492), focus=FOCUSED, mode=SCAN
09-02 11:13:40.553 24978 24978 D DpmAnalyzer: analyze: THROTTLED by timing gate
09-02 11:13:40.553 24978 24978 D DpmFrameAnalyzer: analyze: result status=THROTTLED, code=null, source=null
09-02 11:13:40.575 24978 25317 D DpmFrameAnalyzer: analyze: frame received, format=35, size=640x480, rotation=90
09-02 11:13:40.594 24978 25317 D DpmFrameAnalyzer: analyze: bitmap converted, size=480x640, scanRoi=Rect(67, 147 - 412, 492)
09-02 11:13:40.595 24978 24978 D DpmAnalyzer: analyze: frame=480x640, roi=Rect(67, 147 - 412, 492), focus=FOCUSED, mode=SCAN
09-02 11:13:40.595 24978 24978 D DpmAnalyzer: analyze: starting performMultiStrategyDecode
09-02 11:13:40.595 24978 24978 D DpmAnalyzer: performMultiStrategyDecode: frame=480x640, roi=Rect(67, 147 - 412, 492), strategies=1
09-02 11:13:40.601 24978 24978 D DpmAnalyzer: Stage1: ROI 345x345 → scaled 345x345
09-02 11:13:40.618 24978 25317 D DpmFrameAnalyzer: analyze: frame received, format=35, size=640x480, rotation=90
09-02 11:13:40.639 24978 25317 D DpmFrameAnalyzer: analyze: bitmap converted, size=480x640, scanRoi=Rect(67, 147 - 412, 492)
09-02 11:13:40.641 24978 24978 D DpmAnalyzer: analyze: frame=480x640, roi=Rect(67, 147 - 412, 492), focus=FOCUSED, mode=SCAN
09-02 11:13:40.641 24978 24978 D DpmAnalyzer: analyze: THROTTLED (already running)
09-02 11:13:40.641 24978 24978 D DpmFrameAnalyzer: analyze: result status=THROTTLED, code=null, source=null
09-02 11:13:40.650 24978 24978 D DpmAnalyzer: Stage1: MISS
09-02 11:13:40.650 24978 24978 D DpmAnalyzer: scanRoi present, skipping full-image stages
09-02 11:13:40.651 24978 24978 D DpmAnalyzer: analyze: decodedCode=null
09-02 11:13:40.651 24978 24978 D DpmFrameAnalyzer: analyze: result status=NO_CODE, code=null, source=null
09-02 11:13:40.659 24978 25317 D DpmFrameAnalyzer: analyze: frame received, format=35, size=640x480, rotation=90
09-02 11:13:40.679 24978 25317 D DpmFrameAnalyzer: analyze: bitmap converted, size=480x640, scanRoi=Rect(67, 147 - 412, 492)
09-02 11:13:40.680 24978 24978 D DpmAnalyzer: analyze: frame=480x640, roi=Rect(67, 147 - 412, 492), focus=FOCUSED, mode=SCAN
09-02 11:13:40.680 24978 24978 D DpmAnalyzer: analyze: THROTTLED by timing gate
09-02 11:13:40.680 24978 24978 D DpmFrameAnalyzer: analyze: result status=THROTTLED, code=null, source=null
09-02 11:13:40.693 24978 25317 D DpmFrameAnalyzer: analyze: frame received, format=35, size=640x480, rotation=90
09-02 11:13:40.710 24978 25317 D DpmFrameAnalyzer: analyze: bitmap converted, size=480x640, scanRoi=Rect(67, 147 - 412, 492)
09-02 11:13:40.710 24978 24978 D DpmAnalyzer: analyze: frame=480x640, roi=Rect(67, 147 - 412, 492), focus=FOCUSED, mode=SCAN
09-02 11:13:40.710 24978 24978 D DpmAnalyzer: analyze: THROTTLED by timing gate
09-02 11:13:40.711 24978 24978 D DpmFrameAnalyzer: analyze: result status=THROTTLED, code=null, source=null
09-02 11:13:40.727 24978 25317 D DpmFrameAnalyzer: analyze: frame received, format=35, size=640x480, rotation=90
09-02 11:13:40.746 24978 25317 D DpmFrameAnalyzer: analyze: bitmap converted, size=480x640, scanRoi=Rect(67, 147 - 412, 492)
09-02 11:13:40.747 24978 24978 D DpmAnalyzer: analyze: frame=480x640, roi=Rect(67, 147 - 412, 492), focus=FOCUSED, mode=SCAN
09-02 11:13:40.747 24978 24978 D DpmAnalyzer: analyze: THROTTLED by timing gate
09-02 11:13:40.747 24978 24978 D DpmFrameAnalyzer: analyze: result status=THROTTLED, code=null, source=null
09-02 11:13:40.769 24978 25317 D DpmFrameAnalyzer: analyze: frame received, format=35, size=640x480, rotation=90
09-02 11:13:40.795 24978 25317 D DpmFrameAnalyzer: analyze: bitmap converted, size=480x640, scanRoi=Rect(67, 147 - 412, 492)
09-02 11:13:40.795 24978 24978 D DpmAnalyzer: analyze: frame=480x640, roi=Rect(67, 147 - 412, 492), focus=FOCUSED, mode=SCAN
09-02 11:13:40.796 24978 24978 D DpmAnalyzer: analyze: starting performMultiStrategyDecode
09-02 11:13:40.796 24978 24978 D DpmAnalyzer: performMultiStrategyDecode: frame=480x640, roi=Rect(67, 147 - 412, 492), strategies=1
09-02 11:13:40.801 24978 24978 D DpmAnalyzer: Stage1: ROI 345x345 → scaled 345x345
09-02 11:13:40.819 24978 25317 D DpmFrameAnalyzer: analyze: frame received, format=35, size=640x480, rotation=90
09-02 11:13:40.841 24978 25317 D DpmFrameAnalyzer: analyze: bitmap converted, size=480x640, scanRoi=Rect(67, 147 - 412, 492)
09-02 11:13:40.842 24978 24978 D DpmAnalyzer: analyze: frame=480x640, roi=Rect(67, 147 - 412, 492), focus=FOCUSED, mode=SCAN
09-02 11:13:40.842 24978 24978 D DpmAnalyzer: analyze: THROTTLED (already running)
09-02 11:13:40.842 24978 24978 D DpmFrameAnalyzer: analyze: result status=THROTTLED, code=null, source=null
09-02 11:13:40.849 24978 25317 D DpmFrameAnalyzer: analyze: frame received, format=35, size=640x480, rotation=90
09-02 11:13:40.860 24978 24978 D DpmAnalyzer: Stage1: MISS
09-02 11:13:40.861 24978 24978 D DpmAnalyzer: scanRoi present, skipping full-image stages
09-02 11:13:40.861 24978 24978 D DpmAnalyzer: analyze: decodedCode=null
09-02 11:13:40.861 24978 24978 D DpmFrameAnalyzer: analyze: result status=NO_CODE, code=null, source=null
09-02 11:13:40.868 24978 25317 D DpmFrameAnalyzer: analyze: bitmap converted, size=480x640, scanRoi=Rect(67, 147 - 412, 492)
09-02 11:13:40.870 24978 24978 D DpmAnalyzer: analyze: frame=480x640, roi=Rect(67, 147 - 412, 492), focus=FOCUSED, mode=SCAN
09-02 11:13:40.870 24978 24978 D DpmAnalyzer: analyze: THROTTLED by timing gate
09-02 11:13:40.870 24978 24978 D DpmFrameAnalyzer: analyze: result status=THROTTLED, code=null, source=null
09-02 11:13:40.894 24978 25317 D DpmFrameAnalyzer: analyze: frame received, format=35, size=640x480, rotation=90
09-02 11:13:40.913 24978 25317 D DpmFrameAnalyzer: analyze: bitmap converted, size=480x640, scanRoi=Rect(67, 147 - 412, 492)
09-02 11:13:40.914 24978 24978 D DpmAnalyzer: analyze: frame=480x640, roi=Rect(67, 147 - 412, 492), focus=FOCUSED, mode=SCAN
09-02 11:13:40.914 24978 24978 D DpmAnalyzer: analyze: THROTTLED by timing gate
09-02 11:13:40.914 24978 24978 D DpmFrameAnalyzer: analyze: result status=THROTTLED, code=null, source=null
09-02 11:13:40.926 24978 25317 D DpmFrameAnalyzer: analyze: frame received, format=35, size=640x480, rotation=90
09-02 11:13:40.944 24978 25317 D DpmFrameAnalyzer: analyze: bitmap converted, size=480x640, scanRoi=Rect(67, 147 - 412, 492)
09-02 11:13:40.944 24978 24978 D DpmAnalyzer: analyze: frame=480x640, roi=Rect(67, 147 - 412, 492), focus=FOCUSED, mode=SCAN
09-02 11:13:40.944 24978 24978 D DpmAnalyzer: analyze: THROTTLED by timing gate
09-02 11:13:40.944 24978 24978 D DpmFrameAnalyzer: analyze: result status=THROTTLED, code=null, source=null
09-02 11:13:40.969 24978 25317 D DpmFrameAnalyzer: analyze: frame received, format=35, size=640x480, rotation=90
09-02 11:13:40.992 24978 25317 D DpmFrameAnalyzer: analyze: bitmap converted, size=480x640, scanRoi=Rect(67, 147 - 412, 492)
09-02 11:13:40.993 24978 24978 D DpmAnalyzer: analyze: frame=480x640, roi=Rect(67, 147 - 412, 492), focus=FOCUSED, mode=SCAN
09-02 11:13:40.993 24978 24978 D DpmAnalyzer: analyze: starting performMultiStrategyDecode
09-02 11:13:40.993 24978 24978 D DpmAnalyzer: performMultiStrategyDecode: frame=480x640, roi=Rect(67, 147 - 412, 492), strategies=1
09-02 11:13:40.998 24978 24978 D DpmAnalyzer: Stage1: ROI 345x345 → scaled 345x345
09-02 11:13:41.011 24978 25317 D DpmFrameAnalyzer: analyze: frame received, format=35, size=640x480, rotation=90
09-02 11:13:41.029 24978 25317 D DpmFrameAnalyzer: analyze: bitmap converted, size=480x640, scanRoi=Rect(67, 147 - 412, 492)
09-02 11:13:41.030 24978 24978 D DpmAnalyzer: analyze: frame=480x640, roi=Rect(67, 147 - 412, 492), focus=FOCUSED, mode=SCAN
09-02 11:13:41.030 24978 24978 D DpmAnalyzer: analyze: THROTTLED (already running)
09-02 11:13:41.030 24978 24978 D DpmFrameAnalyzer: analyze: result status=THROTTLED, code=null, source=null
09-02 11:13:41.045 24978 25317 D DpmFrameAnalyzer: analyze: frame received, format=35, size=640x480, rotation=90
09-02 11:13:41.047 24978 24978 D DpmAnalyzer: Stage1: MISS
09-02 11:13:41.047 24978 24978 D DpmAnalyzer: scanRoi present, skipping full-image stages
09-02 11:13:41.047 24978 24978 D DpmAnalyzer: analyze: decodedCode=null
09-02 11:13:41.047 24978 24978 D DpmFrameAnalyzer: analyze: result status=NO_CODE, code=null, source=null
09-02 11:13:41.063 24978 25317 D DpmFrameAnalyzer: analyze: bitmap converted, size=480x640, scanRoi=Rect(67, 147 - 412, 492)
09-02 11:13:41.063 24978 24978 D DpmAnalyzer: analyze: frame=480x640, roi=Rect(67, 147 - 412, 492), focus=FOCUSED, mode=SCAN
09-02 11:13:41.063 24978 24978 D DpmAnalyzer: analyze: THROTTLED by timing gate
09-02 11:13:41.063 24978 24978 D DpmFrameAnalyzer: analyze: result status=THROTTLED, code=null, source=null
09-02 11:13:41.085 24978 25317 D DpmFrameAnalyzer: analyze: frame received, format=35, size=640x480, rotation=90
09-02 11:13:41.107 24978 25317 D DpmFrameAnalyzer: analyze: bitmap converted, size=480x640, scanRoi=Rect(67, 147 - 412, 492)
09-02 11:13:41.107 24978 24978 D DpmAnalyzer: analyze: frame=480x640, roi=Rect(67, 147 - 412, 492), focus=FOCUSED, mode=SCAN
09-02 11:13:41.107 24978 24978 D DpmAnalyzer: analyze: THROTTLED by timing gate
09-02 11:13:41.107 24978 24978 D DpmFrameAnalyzer: analyze: result status=THROTTLED, code=null, source=null
09-02 11:13:41.124 24978 25317 D DpmFrameAnalyzer: analyze: frame received, format=35, size=640x480, rotation=90
09-02 11:13:41.149 24978 25317 D DpmFrameAnalyzer: analyze: bitmap converted, size=480x640, scanRoi=Rect(67, 147 - 412, 492)
09-02 11:13:41.151 24978 24978 D DpmAnalyzer: analyze: frame=480x640, roi=Rect(67, 147 - 412, 492), focus=FOCUSED, mode=SCAN
09-02 11:13:41.151 24978 24978 D DpmAnalyzer: analyze: starting performMultiStrategyDecode
09-02 11:13:41.152 24978 24978 D DpmAnalyzer: performMultiStrategyDecode: frame=480x640, roi=Rect(67, 147 - 412, 492), strategies=1
09-02 11:13:41.157 24978 24978 D DpmAnalyzer: Stage1: ROI 345x345 → scaled 345x345
09-02 11:13:41.171 24978 25317 D DpmFrameAnalyzer: analyze: frame received, format=35, size=640x480, rotation=90
09-02 11:13:41.191 24978 25317 D DpmFrameAnalyzer: analyze: bitmap converted, size=480x640, scanRoi=Rect(67, 147 - 412, 492)
09-02 11:13:41.191 24978 24978 D DpmAnalyzer: analyze: frame=480x640, roi=Rect(67, 147 - 412, 492), focus=FOCUSED, mode=SCAN
09-02 11:13:41.191 24978 24978 D DpmAnalyzer: analyze: THROTTLED (already running)
09-02 11:13:41.191 24978 24978 D DpmFrameAnalyzer: analyze: result status=THROTTLED, code=null, source=null
09-02 11:13:41.209 24978 25317 D DpmFrameAnalyzer: analyze: frame received, format=35, size=640x480, rotation=90
09-02 11:13:41.213 24978 24978 D DpmAnalyzer: Stage1: MISS
09-02 11:13:41.213 24978 24978 D DpmAnalyzer: scanRoi present, skipping full-image stages
09-02 11:13:41.213 24978 24978 D DpmAnalyzer: analyze: decodedCode=null
09-02 11:13:41.213 24978 24978 D DpmFrameAnalyzer: analyze: result status=NO_CODE, code=null, source=null
09-02 11:13:41.233 24978 25317 D DpmFrameAnalyzer: analyze: bitmap converted, size=480x640, scanRoi=Rect(67, 147 - 412, 492)
09-02 11:13:41.233 24978 24978 D DpmAnalyzer: analyze: frame=480x640, roi=Rect(67, 147 - 412, 492), focus=FOCUSED, mode=SCAN
09-02 11:13:41.234 24978 24978 D DpmAnalyzer: analyze: THROTTLED by timing gate
09-02 11:13:41.234 24978 24978 D DpmFrameAnalyzer: analyze: result status=THROTTLED, code=null, source=null
09-02 11:13:41.241 24978 25317 D DpmFrameAnalyzer: analyze: frame received, format=35, size=640x480, rotation=90
09-02 11:13:41.259 24978 25317 D DpmFrameAnalyzer: analyze: bitmap converted, size=480x640, scanRoi=Rect(67, 147 - 412, 492)
09-02 11:13:41.260 24978 24978 D DpmAnalyzer: analyze: frame=480x640, roi=Rect(67, 147 - 412, 492), focus=FOCUSED, mode=SCAN
09-02 11:13:41.260 24978 24978 D DpmAnalyzer: analyze: THROTTLED by timing gate
09-02 11:13:41.260 24978 24978 D DpmFrameAnalyzer: analyze: result status=THROTTLED, code=null, source=null
09-02 11:13:41.283 24978 25317 D DpmFrameAnalyzer: analyze: frame received, format=35, size=640x480, rotation=90
09-02 11:13:41.303 24978 25317 D DpmFrameAnalyzer: analyze: bitmap converted, size=480x640, scanRoi=Rect(67, 147 - 412, 492)
09-02 11:13:41.306 24978 24978 D DpmAnalyzer: analyze: frame=480x640, roi=Rect(67, 147 - 412, 492), focus=FOCUSED, mode=SCAN
09-02 11:13:41.306 24978 24978 D DpmAnalyzer: analyze: THROTTLED by timing gate
09-02 11:13:41.306 24978 24978 D DpmFrameAnalyzer: analyze: result status=THROTTLED, code=null, source=null
09-02 11:13:41.324 24978 25317 D DpmFrameAnalyzer: analyze: frame received, format=35, size=640x480, rotation=90
09-02 11:13:41.346 24978 25317 D DpmFrameAnalyzer: analyze: bitmap converted, size=480x640, scanRoi=Rect(67, 147 - 412, 492)
09-02 11:13:41.347 24978 24978 D DpmAnalyzer: analyze: frame=480x640, roi=Rect(67, 147 - 412, 492), focus=FOCUSED, mode=SCAN
09-02 11:13:41.347 24978 24978 D DpmAnalyzer: analyze: starting performMultiStrategyDecode
09-02 11:13:41.347 24978 24978 D DpmAnalyzer: performMultiStrategyDecode: frame=480x640, roi=Rect(67, 147 - 412, 492), strategies=1
09-02 11:13:41.352 24978 24978 D DpmAnalyzer: Stage1: ROI 345x345 → scaled 345x345
09-02 11:13:41.388 24978 25317 D DpmFrameAnalyzer: analyze: frame received, format=35, size=640x480, rotation=90
09-02 11:13:41.434 24978 25317 D DpmFrameAnalyzer: analyze: bitmap converted, size=480x640, scanRoi=Rect(67, 147 - 412, 492)
09-02 11:13:41.436 24978 25317 D DpmFrameAnalyzer: analyze: frame received, format=35, size=640x480, rotation=90
09-02 11:13:41.437 24978 24978 D DpmAnalyzer: analyze: frame=480x640, roi=Rect(67, 147 - 412, 492), focus=FOCUSED, mode=SCAN
09-02 11:13:41.437 24978 24978 D DpmAnalyzer: analyze: THROTTLED (already running)
09-02 11:13:41.437 24978 24978 D DpmFrameAnalyzer: analyze: result status=THROTTLED, code=null, source=null
09-02 11:13:41.454 24978 24978 D DpmAnalyzer: Stage1: MISS
09-02 11:13:41.454 24978 24978 D DpmAnalyzer: scanRoi present, skipping full-image stages
09-02 11:13:41.454 24978 24978 D DpmAnalyzer: analyze: decodedCode=null
09-02 11:13:41.454 24978 24978 D DpmFrameAnalyzer: analyze: result status=NO_CODE, code=null, source=null
09-02 11:13:41.455 24978 25317 D DpmFrameAnalyzer: analyze: bitmap converted, size=480x640, scanRoi=Rect(67, 147 - 412, 492)
09-02 11:13:41.456 24978 24978 D DpmAnalyzer: analyze: frame=480x640, roi=Rect(67, 147 - 412, 492), focus=FOCUSED, mode=SCAN
09-02 11:13:41.456 24978 24978 D DpmAnalyzer: analyze: THROTTLED by timing gate
09-02 11:13:41.456 24978 24978 D DpmFrameAnalyzer: analyze: result status=THROTTLED, code=null, source=null
09-02 11:13:41.456 24978 25317 D DpmFrameAnalyzer: analyze: frame received, format=35, size=640x480, rotation=90
09-02 11:13:41.470 24978 25317 D DpmFrameAnalyzer: analyze: bitmap converted, size=480x640, scanRoi=Rect(67, 147 - 412, 492)
09-02 11:13:41.470 24978 24978 D DpmAnalyzer: analyze: frame=480x640, roi=Rect(67, 147 - 412, 492), focus=FOCUSED, mode=SCAN
09-02 11:13:41.470 24978 24978 D DpmAnalyzer: analyze: THROTTLED by timing gate
09-02 11:13:41.470 24978 24978 D DpmFrameAnalyzer: analyze: result status=THROTTLED, code=null, source=null
09-02 11:13:41.477 24978 25317 D DpmFrameAnalyzer: analyze: frame received, format=35, size=640x480, rotation=90
09-02 11:13:41.493 24978 25317 D DpmFrameAnalyzer: analyze: bitmap converted, size=480x640, scanRoi=Rect(67, 147 - 412, 492)
09-02 11:13:41.493 24978 24978 D DpmAnalyzer: analyze: frame=480x640, roi=Rect(67, 147 - 412, 492), focus=FOCUSED, mode=SCAN
09-02 11:13:41.493 24978 24978 D DpmAnalyzer: analyze: THROTTLED by timing gate
09-02 11:13:41.494 24978 24978 D DpmFrameAnalyzer: analyze: result status=THROTTLED, code=null, source=null
09-02 11:13:41.513 24978 25317 D DpmFrameAnalyzer: analyze: frame received, format=35, size=640x480, rotation=90
09-02 11:13:41.530 24978 25317 D DpmFrameAnalyzer: analyze: bitmap converted, size=480x640, scanRoi=Rect(67, 147 - 412, 492)
09-02 11:13:41.533 24978 24978 D DpmAnalyzer: analyze: frame=480x640, roi=Rect(67, 147 - 412, 492), focus=FOCUSED, mode=SCAN
09-02 11:13:41.533 24978 24978 D DpmAnalyzer: analyze: THROTTLED by timing gate
09-02 11:13:41.533 24978 24978 D DpmFrameAnalyzer: analyze: result status=THROTTLED, code=null, source=null
09-02 11:13:41.551 24978 25317 D DpmFrameAnalyzer: analyze: frame received, format=35, size=640x480, rotation=90
09-02 11:13:41.573 24978 25317 D DpmFrameAnalyzer: analyze: bitmap converted, size=480x640, scanRoi=Rect(67, 147 - 412, 492)
09-02 11:13:41.573 24978 24978 D DpmAnalyzer: analyze: frame=480x640, roi=Rect(67, 147 - 412, 492), focus=FOCUSED, mode=SCAN
09-02 11:13:41.573 24978 24978 D DpmAnalyzer: analyze: starting performMultiStrategyDecode
09-02 11:13:41.573 24978 24978 D DpmAnalyzer: performMultiStrategyDecode: frame=480x640, roi=Rect(67, 147 - 412, 492), strategies=1
09-02 11:13:41.579 24978 24978 D DpmAnalyzer: Stage1: ROI 345x345 → scaled 345x345
09-02 11:13:41.609 24978 25317 D DpmFrameAnalyzer: analyze: frame received, format=35, size=640x480, rotation=90
09-02 11:13:41.641 24978 25317 D DpmFrameAnalyzer: analyze: bitmap converted, size=480x640, scanRoi=Rect(67, 147 - 412, 492)
09-02 11:13:41.642 24978 24978 D DpmAnalyzer: analyze: frame=480x640, roi=Rect(67, 147 - 412, 492), focus=FOCUSED, mode=SCAN
09-02 11:13:41.642 24978 24978 D DpmAnalyzer: analyze: THROTTLED (already running)
09-02 11:13:41.642 24978 24978 D DpmFrameAnalyzer: analyze: result status=THROTTLED, code=null, source=null
09-02 11:13:41.643 24978 25317 D DpmFrameAnalyzer: analyze: frame received, format=35, size=640x480, rotation=90
09-02 11:13:41.661 24978 24978 D DpmAnalyzer: Stage1: MISS
09-02 11:13:41.661 24978 24978 D DpmAnalyzer: scanRoi present, skipping full-image stages
09-02 11:13:41.661 24978 24978 D DpmAnalyzer: analyze: decodedCode=null
09-02 11:13:41.661 24978 24978 D DpmFrameAnalyzer: analyze: result status=NO_CODE, code=null, source=null
09-02 11:13:41.666 24978 25317 D DpmFrameAnalyzer: analyze: bitmap converted, size=480x640, scanRoi=Rect(67, 147 - 412, 492)
09-02 11:13:41.667 24978 24978 D DpmAnalyzer: analyze: frame=480x640, roi=Rect(67, 147 - 412, 492), focus=FOCUSED, mode=SCAN
09-02 11:13:41.667 24978 24978 D DpmAnalyzer: analyze: THROTTLED by timing gate
09-02 11:13:41.667 24978 24978 D DpmFrameAnalyzer: analyze: result status=THROTTLED, code=null, source=null
09-02 11:13:41.674 24978 25317 D DpmFrameAnalyzer: analyze: frame received, format=35, size=640x480, rotation=90
09-02 11:13:41.695 24978 25317 D DpmFrameAnalyzer: analyze: bitmap converted, size=480x640, scanRoi=Rect(67, 147 - 412, 492)
09-02 11:13:41.695 24978 24978 D DpmAnalyzer: analyze: frame=480x640, roi=Rect(67, 147 - 412, 492), focus=FOCUSED, mode=SCAN
09-02 11:13:41.695 24978 24978 D DpmAnalyzer: analyze: THROTTLED by timing gate
09-02 11:13:41.695 24978 24978 D DpmFrameAnalyzer: analyze: result status=THROTTLED, code=null, source=null
09-02 11:13:41.715 24978 25317 D DpmFrameAnalyzer: analyze: frame received, format=35, size=640x480, rotation=90
09-02 11:13:41.735 24978 25317 D DpmFrameAnalyzer: analyze: bitmap converted, size=480x640, scanRoi=Rect(67, 147 - 412, 492)
09-02 11:13:41.737 24978 24978 D DpmAnalyzer: analyze: frame=480x640, roi=Rect(67, 147 - 412, 492), focus=FOCUSED, mode=SCAN
09-02 11:13:41.738 24978 24978 D DpmAnalyzer: analyze: THROTTLED by timing gate
09-02 11:13:41.738 24978 24978 D DpmFrameAnalyzer: analyze: result status=THROTTLED, code=null, source=null
09-02 11:13:41.746 24978 25317 D DpmFrameAnalyzer: analyze: frame received, format=35, size=640x480, rotation=90
09-02 11:13:41.765 24978 25317 D DpmFrameAnalyzer: analyze: bitmap converted, size=480x640, scanRoi=Rect(67, 147 - 412, 492)
09-02 11:13:41.765 24978 24978 D DpmAnalyzer: analyze: frame=480x640, roi=Rect(67, 147 - 412, 492), focus=FOCUSED, mode=SCAN
09-02 11:13:41.765 24978 24978 D DpmAnalyzer: analyze: starting performMultiStrategyDecode
09-02 11:13:41.765 24978 24978 D DpmAnalyzer: performMultiStrategyDecode: frame=480x640, roi=Rect(67, 147 - 412, 492), strategies=1
09-02 11:13:41.768 24978 24978 D DpmAnalyzer: Stage1: ROI 345x345 → scaled 345x345
09-02 11:13:41.797 24978 25317 D DpmFrameAnalyzer: analyze: frame received, format=35, size=640x480, rotation=90
09-02 11:13:41.810 24978 24978 D DpmAnalyzer: Stage1: MISS
09-02 11:13:41.811 24978 24978 D DpmAnalyzer: scanRoi present, skipping full-image stages
09-02 11:13:41.811 24978 24978 D DpmAnalyzer: analyze: decodedCode=null
09-02 11:13:41.811 24978 24978 D DpmFrameAnalyzer: analyze: result status=NO_CODE, code=null, source=null
09-02 11:13:41.824 24978 25317 D DpmFrameAnalyzer: analyze: bitmap converted, size=480x640, scanRoi=Rect(67, 147 - 412, 492)
09-02 11:13:41.824 24978 24978 D DpmAnalyzer: analyze: frame=480x640, roi=Rect(67, 147 - 412, 492), focus=FOCUSED, mode=SCAN
09-02 11:13:41.824 24978 24978 D DpmAnalyzer: analyze: THROTTLED by timing gate
09-02 11:13:41.824 24978 24978 D DpmFrameAnalyzer: analyze: result status=THROTTLED, code=null, source=null
09-02 11:13:41.826 24978 25317 D DpmFrameAnalyzer: analyze: frame received, format=35, size=640x480, rotation=90
09-02 11:13:41.847 24978 25317 D DpmFrameAnalyzer: analyze: bitmap converted, size=480x640, scanRoi=Rect(67, 147 - 412, 492)
09-02 11:13:41.848 24978 24978 D DpmAnalyzer: analyze: frame=480x640, roi=Rect(67, 147 - 412, 492), focus=FOCUSED, mode=SCAN
09-02 11:13:41.848 24978 24978 D DpmAnalyzer: analyze: THROTTLED by timing gate
09-02 11:13:41.848 24978 24978 D DpmFrameAnalyzer: analyze: result status=THROTTLED, code=null, source=null
09-02 11:13:41.870 24978 25317 D DpmFrameAnalyzer: analyze: frame received, format=35, size=640x480, rotation=90
09-02 11:13:41.891 24978 25317 D DpmFrameAnalyzer: analyze: bitmap converted, size=480x640, scanRoi=Rect(67, 147 - 412, 492)
09-02 11:13:41.892 24978 24978 D DpmAnalyzer: analyze: frame=480x640, roi=Rect(67, 147 - 412, 492), focus=FOCUSED, mode=SCAN
09-02 11:13:41.892 24978 24978 D DpmAnalyzer: analyze: THROTTLED by timing gate
09-02 11:13:41.892 24978 24978 D DpmFrameAnalyzer: analyze: result status=THROTTLED, code=null, source=null
09-02 11:13:41.907 24978 25317 D DpmFrameAnalyzer: analyze: frame received, format=35, size=640x480, rotation=90
09-02 11:13:41.933 24978 25317 D DpmFrameAnalyzer: analyze: bitmap converted, size=480x640, scanRoi=Rect(67, 147 - 412, 492)
09-02 11:13:41.933 24978 24978 D DpmAnalyzer: analyze: frame=480x640, roi=Rect(67, 147 - 412, 492), focus=FOCUSED, mode=SCAN
09-02 11:13:41.933 24978 24978 D DpmAnalyzer: analyze: starting performMultiStrategyDecode
09-02 11:13:41.933 24978 24978 D DpmAnalyzer: performMultiStrategyDecode: frame=480x640, roi=Rect(67, 147 - 412, 492), strategies=1
09-02 11:13:41.936 24978 24978 D DpmAnalyzer: Stage1: ROI 345x345 → scaled 345x345
09-02 11:13:41.951 24978 25317 D DpmFrameAnalyzer: analyze: frame received, format=35, size=640x480, rotation=90
09-02 11:13:41.973 24978 25317 D DpmFrameAnalyzer: analyze: bitmap converted, size=480x640, scanRoi=Rect(67, 147 - 412, 492)
09-02 11:13:41.974 24978 24978 D DpmAnalyzer: analyze: frame=480x640, roi=Rect(67, 147 - 412, 492), focus=FOCUSED, mode=SCAN
09-02 11:13:41.974 24978 24978 D DpmAnalyzer: analyze: THROTTLED (already running)
09-02 11:13:41.974 24978 24978 D DpmFrameAnalyzer: analyze: result status=THROTTLED, code=null, source=null
09-02 11:13:41.988 24978 25317 D DpmFrameAnalyzer: analyze: frame received, format=35, size=640x480, rotation=90
09-02 11:13:41.992 24978 24978 D DpmAnalyzer: Stage1: MISS
09-02 11:13:41.992 24978 24978 D DpmAnalyzer: scanRoi present, skipping full-image stages
09-02 11:13:41.992 24978 24978 D DpmAnalyzer: analyze: decodedCode=null
09-02 11:13:41.992 24978 24978 D DpmFrameAnalyzer: analyze: result status=NO_CODE, code=null, source=null
09-02 11:13:42.006 24978 25317 D DpmFrameAnalyzer: analyze: bitmap converted, size=480x640, scanRoi=Rect(67, 147 - 412, 492)
09-02 11:13:42.006 24978 24978 D DpmAnalyzer: analyze: frame=480x640, roi=Rect(67, 147 - 412, 492), focus=FOCUSED, mode=SCAN
09-02 11:13:42.006 24978 24978 D DpmAnalyzer: analyze: THROTTLED by timing gate
09-02 11:13:42.006 24978 24978 D DpmFrameAnalyzer: analyze: result status=THROTTLED, code=null, source=null
09-02 11:13:42.025 24978 25317 D DpmFrameAnalyzer: analyze: frame received, format=35, size=640x480, rotation=90
09-02 11:13:42.050 24978 25317 D DpmFrameAnalyzer: analyze: bitmap converted, size=480x640, scanRoi=Rect(67, 147 - 412, 492)
09-02 11:13:42.050 24978 24978 D DpmAnalyzer: analyze: frame=480x640, roi=Rect(67, 147 - 412, 492), focus=FOCUSED, mode=SCAN
09-02 11:13:42.050 24978 24978 D DpmAnalyzer: analyze: THROTTLED by timing gate
09-02 11:13:42.050 24978 24978 D DpmFrameAnalyzer: analyze: result status=THROTTLED, code=null, source=null
09-02 11:13:42.067 24978 25317 D DpmFrameAnalyzer: analyze: frame received, format=35, size=640x480, rotation=90
09-02 11:13:42.087 24978 25317 D DpmFrameAnalyzer: analyze: bitmap converted, size=480x640, scanRoi=Rect(67, 147 - 412, 492)
09-02 11:13:42.088 24978 24978 D DpmAnalyzer: analyze: frame=480x640, roi=Rect(67, 147 - 412, 492), focus=FOCUSED, mode=SCAN
09-02 11:13:42.088 24978 24978 D DpmAnalyzer: analyze: THROTTLED by timing gate
09-02 11:13:42.088 24978 24978 D DpmFrameAnalyzer: analyze: result status=THROTTLED, code=null, source=null
09-02 11:13:42.108 24978 25317 D DpmFrameAnalyzer: analyze: frame received, format=35, size=640x480, rotation=90
09-02 11:13:42.135 24978 25317 D DpmFrameAnalyzer: analyze: bitmap converted, size=480x640, scanRoi=Rect(67, 147 - 412, 492)
09-02 11:13:42.137 24978 24978 D DpmAnalyzer: analyze: frame=480x640, roi=Rect(67, 147 - 412, 492), focus=FOCUSED, mode=SCAN
09-02 11:13:42.137 24978 24978 D DpmAnalyzer: analyze: starting performMultiStrategyDecode
09-02 11:13:42.137 24978 24978 D DpmAnalyzer: performMultiStrategyDecode: frame=480x640, roi=Rect(67, 147 - 412, 492), strategies=1
09-02 11:13:42.140 24978 24978 D DpmAnalyzer: Stage1: ROI 345x345 → scaled 345x345
09-02 11:13:42.156 24978 25317 D DpmFrameAnalyzer: analyze: frame received, format=35, size=640x480, rotation=90
09-02 11:13:42.181 24978 25317 D DpmFrameAnalyzer: analyze: bitmap converted, size=480x640, scanRoi=Rect(67, 147 - 412, 492)
09-02 11:13:42.184 24978 24978 D DpmAnalyzer: analyze: frame=480x640, roi=Rect(67, 147 - 412, 492), focus=FOCUSED, mode=SCAN
09-02 11:13:42.184 24978 24978 D DpmAnalyzer: analyze: THROTTLED (already running)
09-02 11:13:42.184 24978 24978 D DpmFrameAnalyzer: analyze: result status=THROTTLED, code=null, source=null
09-02 11:13:42.194 24978 25317 D DpmFrameAnalyzer: analyze: frame received, format=35, size=640x480, rotation=90
09-02 11:13:42.199 24978 24978 D DpmAnalyzer: Stage1: MISS
09-02 11:13:42.199 24978 24978 D DpmAnalyzer: scanRoi present, skipping full-image stages
09-02 11:13:42.199 24978 24978 D DpmAnalyzer: analyze: decodedCode=null
09-02 11:13:42.199 24978 24978 D DpmFrameAnalyzer: analyze: result status=NO_CODE, code=null, source=null
09-02 11:13:42.215 24978 25317 D DpmFrameAnalyzer: analyze: bitmap converted, size=480x640, scanRoi=Rect(67, 147 - 412, 492)
09-02 11:13:42.216 24978 24978 D DpmAnalyzer: analyze: frame=480x640, roi=Rect(67, 147 - 412, 492), focus=FOCUSED, mode=SCAN
09-02 11:13:42.216 24978 24978 D DpmAnalyzer: analyze: THROTTLED by timing gate
09-02 11:13:42.216 24978 24978 D DpmFrameAnalyzer: analyze: result status=THROTTLED, code=null, source=null
09-02 11:13:42.221 24978 25317 D DpmFrameAnalyzer: analyze: frame received, format=35, size=640x480, rotation=90
09-02 11:13:42.239 24978 25317 D DpmFrameAnalyzer: analyze: bitmap converted, size=480x640, scanRoi=Rect(67, 147 - 412, 492)
09-02 11:13:42.240 24978 24978 D DpmAnalyzer: analyze: frame=480x640, roi=Rect(67, 147 - 412, 492), focus=FOCUSED, mode=SCAN
09-02 11:13:42.240 24978 24978 D DpmAnalyzer: analyze: THROTTLED by timing gate
09-02 11:13:42.240 24978 24978 D DpmFrameAnalyzer: analyze: result status=THROTTLED, code=null, source=null
09-02 11:13:42.261 24978 25317 D DpmFrameAnalyzer: analyze: frame received, format=35, size=640x480, rotation=90
09-02 11:13:42.280 24978 25317 D DpmFrameAnalyzer: analyze: bitmap converted, size=480x640, scanRoi=Rect(67, 147 - 412, 492)
09-02 11:13:42.283 24978 24978 D DpmAnalyzer: analyze: frame=480x640, roi=Rect(67, 147 - 412, 492), focus=FOCUSED, mode=SCAN
09-02 11:13:42.283 24978 24978 D DpmAnalyzer: analyze: THROTTLED by timing gate
09-02 11:13:42.283 24978 24978 D DpmFrameAnalyzer: analyze: result status=THROTTLED, code=null, source=null
09-02 11:13:42.301 24978 25317 D DpmFrameAnalyzer: analyze: frame received, format=35, size=640x480, rotation=90
09-02 11:13:42.320 24978 25317 D DpmFrameAnalyzer: analyze: bitmap converted, size=480x640, scanRoi=Rect(67, 147 - 412, 492)
09-02 11:13:42.321 24978 24978 D DpmAnalyzer: analyze: frame=480x640, roi=Rect(67, 147 - 412, 492), focus=FOCUSED, mode=SCAN
09-02 11:13:42.321 24978 24978 D DpmAnalyzer: analyze: starting performMultiStrategyDecode
09-02 11:13:42.321 24978 24978 D DpmAnalyzer: performMultiStrategyDecode: frame=480x640, roi=Rect(67, 147 - 412, 492), strategies=1
09-02 11:13:42.324 24978 24978 D DpmAnalyzer: Stage1: ROI 345x345 → scaled 345x345
09-02 11:13:42.342 24978 25317 D DpmFrameAnalyzer: analyze: frame received, format=35, size=640x480, rotation=90
09-02 11:13:42.363 24978 25317 D DpmFrameAnalyzer: analyze: bitmap converted, size=480x640, scanRoi=Rect(67, 147 - 412, 492)
09-02 11:13:42.365 24978 24978 D DpmAnalyzer: analyze: frame=480x640, roi=Rect(67, 147 - 412, 492), focus=FOCUSED, mode=SCAN
09-02 11:13:42.365 24978 24978 D DpmAnalyzer: analyze: THROTTLED (already running)
09-02 11:13:42.365 24978 24978 D DpmFrameAnalyzer: analyze: result status=THROTTLED, code=null, source=null
09-02 11:13:42.377 24978 24978 D DpmAnalyzer: Stage1: MISS
09-02 11:13:42.377 24978 24978 D DpmAnalyzer: scanRoi present, skipping full-image stages
09-02 11:13:42.377 24978 24978 D DpmAnalyzer: analyze: decodedCode=null
09-02 11:13:42.377 24978 24978 D DpmFrameAnalyzer: analyze: result status=NO_CODE, code=null, source=null
09-02 11:13:42.381 24978 25317 D DpmFrameAnalyzer: analyze: frame received, format=35, size=640x480, rotation=90
09-02 11:13:42.403 24978 25317 D DpmFrameAnalyzer: analyze: bitmap converted, size=480x640, scanRoi=Rect(67, 147 - 412, 492)
09-02 11:13:42.404 24978 24978 D DpmAnalyzer: analyze: frame=480x640, roi=Rect(67, 147 - 412, 492), focus=FOCUSED, mode=SCAN
09-02 11:13:42.404 24978 24978 D DpmAnalyzer: analyze: THROTTLED by timing gate
09-02 11:13:42.405 24978 24978 D DpmFrameAnalyzer: analyze: result status=THROTTLED, code=null, source=null
09-02 11:13:42.421 24978 25317 D DpmFrameAnalyzer: analyze: frame received, format=35, size=640x480, rotation=90
09-02 11:13:42.443 24978 25317 D DpmFrameAnalyzer: analyze: bitmap converted, size=480x640, scanRoi=Rect(67, 147 - 412, 492)
09-02 11:13:42.443 24978 24978 D DpmAnalyzer: analyze: frame=480x640, roi=Rect(67, 147 - 412, 492), focus=FOCUSED, mode=SCAN
09-02 11:13:42.443 24978 24978 D DpmAnalyzer: analyze: THROTTLED by timing gate
09-02 11:13:42.443 24978 24978 D DpmFrameAnalyzer: analyze: result status=THROTTLED, code=null, source=null
09-02 11:13:42.460 24978 25317 D DpmFrameAnalyzer: analyze: frame received, format=35, size=640x480, rotation=90
09-02 11:13:42.482 24978 25317 D DpmFrameAnalyzer: analyze: bitmap converted, size=480x640, scanRoi=Rect(67, 147 - 412, 492)
09-02 11:13:42.483 24978 24978 D DpmAnalyzer: analyze: frame=480x640, roi=Rect(67, 147 - 412, 492), focus=FOCUSED, mode=SCAN
09-02 11:13:42.483 24978 24978 D DpmAnalyzer: analyze: starting performMultiStrategyDecode
09-02 11:13:42.483 24978 24978 D DpmAnalyzer: performMultiStrategyDecode: frame=480x640, roi=Rect(67, 147 - 412, 492), strategies=1
09-02 11:13:42.485 24978 24978 D DpmAnalyzer: Stage1: ROI 345x345 → scaled 345x345
09-02 11:13:42.501 24978 25317 D DpmFrameAnalyzer: analyze: frame received, format=35, size=640x480, rotation=90
09-02 11:13:42.522 24978 25317 D DpmFrameAnalyzer: analyze: bitmap converted, size=480x640, scanRoi=Rect(67, 147 - 412, 492)
09-02 11:13:42.522 24978 24978 D DpmAnalyzer: analyze: frame=480x640, roi=Rect(67, 147 - 412, 492), focus=FOCUSED, mode=SCAN
09-02 11:13:42.523 24978 24978 D DpmAnalyzer: analyze: THROTTLED (already running)
09-02 11:13:42.523 24978 24978 D DpmFrameAnalyzer: analyze: result status=THROTTLED, code=null, source=null
09-02 11:13:42.528 24978 24978 D DpmAnalyzer: Stage1: MISS
09-02 11:13:42.528 24978 24978 D DpmAnalyzer: scanRoi present, skipping full-image stages
09-02 11:13:42.528 24978 24978 D DpmAnalyzer: analyze: decodedCode=null
09-02 11:13:42.528 24978 24978 D DpmFrameAnalyzer: analyze: result status=NO_CODE, code=null, source=null
09-02 11:13:42.530 24978 25317 D DpmFrameAnalyzer: analyze: frame received, format=35, size=640x480, rotation=90
09-02 11:13:42.547 24978 25317 D DpmFrameAnalyzer: analyze: bitmap converted, size=480x640, scanRoi=Rect(67, 147 - 412, 492)
09-02 11:13:42.548 24978 24978 D DpmAnalyzer: analyze: frame=480x640, roi=Rect(67, 147 - 412, 492), focus=FOCUSED, mode=SCAN
09-02 11:13:42.548 24978 24978 D DpmAnalyzer: analyze: THROTTLED by timing gate
09-02 11:13:42.548 24978 24978 D DpmFrameAnalyzer: analyze: result status=THROTTLED, code=null, source=null
09-02 11:13:42.581 24978 25317 D DpmFrameAnalyzer: analyze: frame received, format=35, size=640x480, rotation=90
09-02 11:13:42.601 24978 25317 D DpmFrameAnalyzer: analyze: bitmap converted, size=480x640, scanRoi=Rect(67, 147 - 412, 492)
09-02 11:13:42.604 24978 24978 D DpmAnalyzer: analyze: frame=480x640, roi=Rect(67, 147 - 412, 492), focus=FOCUSED, mode=SCAN
09-02 11:13:42.604 24978 24978 D DpmAnalyzer: analyze: THROTTLED by timing gate
09-02 11:13:42.604 24978 24978 D DpmFrameAnalyzer: analyze: result status=THROTTLED, code=null, source=null
09-02 11:13:42.617 24978 25317 D DpmFrameAnalyzer: analyze: frame received, format=35, size=640x480, rotation=90
09-02 11:13:42.637 24978 25317 D DpmFrameAnalyzer: analyze: bitmap converted, size=480x640, scanRoi=Rect(67, 147 - 412, 492)
09-02 11:13:42.637 24978 24978 D DpmAnalyzer: analyze: frame=480x640, roi=Rect(67, 147 - 412, 492), focus=FOCUSED, mode=SCAN
09-02 11:13:42.637 24978 24978 D DpmAnalyzer: analyze: starting performMultiStrategyDecode
09-02 11:13:42.637 24978 24978 D DpmAnalyzer: performMultiStrategyDecode: frame=480x640, roi=Rect(67, 147 - 412, 492), strategies=1
09-02 11:13:42.642 24978 24978 D DpmAnalyzer: Stage1: ROI 345x345 → scaled 345x345
09-02 11:13:42.659 24978 25317 D DpmFrameAnalyzer: analyze: frame received, format=35, size=640x480, rotation=90
09-02 11:13:42.680 24978 25317 D DpmFrameAnalyzer: analyze: bitmap converted, size=480x640, scanRoi=Rect(67, 147 - 412, 492)
09-02 11:13:42.683 24978 24978 D DpmAnalyzer: analyze: frame=480x640, roi=Rect(67, 147 - 412, 492), focus=FOCUSED, mode=SCAN
09-02 11:13:42.683 24978 24978 D DpmAnalyzer: analyze: THROTTLED (already running)
09-02 11:13:42.683 24978 24978 D DpmFrameAnalyzer: analyze: result status=THROTTLED, code=null, source=null
09-02 11:13:42.693 24978 25317 D DpmFrameAnalyzer: analyze: frame received, format=35, size=640x480, rotation=90
09-02 11:13:42.698 24978 24978 D DpmAnalyzer: Stage1: MISS
09-02 11:13:42.698 24978 24978 D DpmAnalyzer: scanRoi present, skipping full-image stages
09-02 11:13:42.698 24978 24978 D DpmAnalyzer: analyze: decodedCode=null
09-02 11:13:42.698 24978 24978 D DpmFrameAnalyzer: analyze: result status=NO_CODE, code=null, source=null
09-02 11:13:42.709 24978 25317 D DpmFrameAnalyzer: analyze: bitmap converted, size=480x640, scanRoi=Rect(67, 147 - 412, 492)
09-02 11:13:42.709 24978 24978 D DpmAnalyzer: analyze: frame=480x640, roi=Rect(67, 147 - 412, 492), focus=FOCUSED, mode=SCAN
09-02 11:13:42.709 24978 24978 D DpmAnalyzer: analyze: THROTTLED by timing gate
09-02 11:13:42.709 24978 24978 D DpmFrameAnalyzer: analyze: result status=THROTTLED, code=null, source=null
09-02 11:13:42.734 24978 25317 D DpmFrameAnalyzer: analyze: frame received, format=35, size=640x480, rotation=90
09-02 11:13:42.756 24978 25317 D DpmFrameAnalyzer: analyze: bitmap converted, size=480x640, scanRoi=Rect(67, 147 - 412, 492)
09-02 11:13:42.756 24978 24978 D DpmAnalyzer: analyze: frame=480x640, roi=Rect(67, 147 - 412, 492), focus=FOCUSED, mode=SCAN
09-02 11:13:42.756 24978 24978 D DpmAnalyzer: analyze: THROTTLED by timing gate
09-02 11:13:42.756 24978 24978 D DpmFrameAnalyzer: analyze: result status=THROTTLED, code=null, source=null
09-02 11:13:42.773 24978 25317 D DpmFrameAnalyzer: analyze: frame received, format=35, size=640x480, rotation=90
09-02 11:13:42.796 24978 25317 D DpmFrameAnalyzer: analyze: bitmap converted, size=480x640, scanRoi=Rect(67, 147 - 412, 492)
09-02 11:13:42.797 24978 24978 D DpmAnalyzer: analyze: frame=480x640, roi=Rect(67, 147 - 412, 492), focus=FOCUSED, mode=SCAN
09-02 11:13:42.797 24978 24978 D DpmAnalyzer: analyze: THROTTLED by timing gate
09-02 11:13:42.797 24978 24978 D DpmFrameAnalyzer: analyze: result status=THROTTLED, code=null, source=null
09-02 11:13:42.816 24978 25317 D DpmFrameAnalyzer: analyze: frame received, format=35, size=640x480, rotation=90
09-02 11:13:42.837 24978 25317 D DpmFrameAnalyzer: analyze: bitmap converted, size=480x640, scanRoi=Rect(67, 147 - 412, 492)
09-02 11:13:42.838 24978 24978 D DpmAnalyzer: analyze: frame=480x640, roi=Rect(67, 147 - 412, 492), focus=FOCUSED, mode=SCAN
09-02 11:13:42.838 24978 24978 D DpmAnalyzer: analyze: starting performMultiStrategyDecode
09-02 11:13:42.838 24978 24978 D DpmAnalyzer: performMultiStrategyDecode: frame=480x640, roi=Rect(67, 147 - 412, 492), strategies=1
09-02 11:13:42.844 24978 24978 D DpmAnalyzer: Stage1: ROI 345x345 → scaled 345x345
09-02 11:13:42.869 24978 25317 D DpmFrameAnalyzer: analyze: frame received, format=35, size=640x480, rotation=90
09-02 11:13:42.894 24978 25317 D DpmFrameAnalyzer: analyze: bitmap converted, size=480x640, scanRoi=Rect(67, 147 - 412, 492)
09-02 11:13:42.895 24978 24978 D DpmAnalyzer: analyze: frame=480x640, roi=Rect(67, 147 - 412, 492), focus=FOCUSED, mode=SCAN
09-02 11:13:42.895 24978 24978 D DpmAnalyzer: analyze: THROTTLED (already running)
09-02 11:13:42.895 24978 24978 D DpmFrameAnalyzer: analyze: result status=THROTTLED, code=null, source=null
09-02 11:13:42.900 24978 25317 D DpmFrameAnalyzer: analyze: frame received, format=35, size=640x480, rotation=90
09-02 11:13:42.917 24978 24978 D DpmAnalyzer: Stage1: MISS
09-02 11:13:42.917 24978 24978 D DpmAnalyzer: scanRoi present, skipping full-image stages
09-02 11:13:42.917 24978 24978 D DpmAnalyzer: analyze: decodedCode=null
09-02 11:13:42.917 24978 24978 D DpmFrameAnalyzer: analyze: result status=NO_CODE, code=null, source=null
09-02 11:13:42.924 24978 25317 D DpmFrameAnalyzer: analyze: bitmap converted, size=480x640, scanRoi=Rect(67, 147 - 412, 492)
09-02 11:13:42.924 24978 24978 D DpmAnalyzer: analyze: frame=480x640, roi=Rect(67, 147 - 412, 492), focus=FOCUSED, mode=SCAN
09-02 11:13:42.925 24978 24978 D DpmAnalyzer: analyze: THROTTLED by timing gate
09-02 11:13:42.925 24978 24978 D DpmFrameAnalyzer: analyze: result status=THROTTLED, code=null, source=null
09-02 11:13:42.927 24978 25317 D DpmFrameAnalyzer: analyze: frame received, format=35, size=640x480, rotation=90
09-02 11:13:42.950 24978 25317 D DpmFrameAnalyzer: analyze: bitmap converted, size=480x640, scanRoi=Rect(67, 147 - 412, 492)
09-02 11:13:42.950 24978 24978 D DpmAnalyzer: analyze: frame=480x640, roi=Rect(67, 147 - 412, 492), focus=FOCUSED, mode=SCAN
09-02 11:13:42.950 24978 24978 D DpmAnalyzer: analyze: THROTTLED by timing gate
09-02 11:13:42.950 24978 24978 D DpmFrameAnalyzer: analyze: result status=THROTTLED, code=null, source=null
09-02 11:13:42.969 24978 25317 D DpmFrameAnalyzer: analyze: frame received, format=35, size=640x480, rotation=90
09-02 11:13:42.992 24978 25317 D DpmFrameAnalyzer: analyze: bitmap converted, size=480x640, scanRoi=Rect(67, 147 - 412, 492)
09-02 11:13:42.992 24978 24978 D DpmAnalyzer: analyze: frame=480x640, roi=Rect(67, 147 - 412, 492), focus=FOCUSED, mode=SCAN
09-02 11:13:42.993 24978 24978 D DpmAnalyzer: analyze: THROTTLED by timing gate
09-02 11:13:42.993 24978 24978 D DpmFrameAnalyzer: analyze: result status=THROTTLED, code=null, source=null
09-02 11:13:43.005 24978 25317 D DpmFrameAnalyzer: analyze: frame received, format=35, size=640x480, rotation=90
09-02 11:13:43.026 24978 25317 D DpmFrameAnalyzer: analyze: bitmap converted, size=480x640, scanRoi=Rect(67, 147 - 412, 492)
09-02 11:13:43.026 24978 24978 D DpmAnalyzer: analyze: frame=480x640, roi=Rect(67, 147 - 412, 492), focus=FOCUSED, mode=SCAN
09-02 11:13:43.026 24978 24978 D DpmAnalyzer: analyze: starting performMultiStrategyDecode
09-02 11:13:43.026 24978 24978 D DpmAnalyzer: performMultiStrategyDecode: frame=480x640, roi=Rect(67, 147 - 412, 492), strategies=1
09-02 11:13:43.034 24978 24978 D DpmAnalyzer: Stage1: ROI 345x345 → scaled 345x345
09-02 11:13:43.070 24978 25317 D DpmFrameAnalyzer: analyze: frame received, format=35, size=640x480, rotation=90
09-02 11:13:43.090 24978 25317 D DpmFrameAnalyzer: analyze: bitmap converted, size=480x640, scanRoi=Rect(67, 147 - 412, 492)
09-02 11:13:43.091 24978 24978 D DpmAnalyzer: analyze: frame=480x640, roi=Rect(67, 147 - 412, 492), focus=FOCUSED, mode=SCAN
09-02 11:13:43.091 24978 24978 D DpmAnalyzer: analyze: THROTTLED (already running)
09-02 11:13:43.091 24978 24978 D DpmFrameAnalyzer: analyze: result status=THROTTLED, code=null, source=null
09-02 11:13:43.092 24978 25317 D DpmFrameAnalyzer: analyze: frame received, format=35, size=640x480, rotation=90
09-02 11:13:43.114 24978 25317 D DpmFrameAnalyzer: analyze: bitmap converted, size=480x640, scanRoi=Rect(67, 147 - 412, 492)
09-02 11:13:43.115 24978 24978 D DpmAnalyzer: analyze: frame=480x640, roi=Rect(67, 147 - 412, 492), focus=FOCUSED, mode=SCAN
09-02 11:13:43.115 24978 24978 D DpmAnalyzer: analyze: THROTTLED (already running)
09-02 11:13:43.115 24978 24978 D DpmFrameAnalyzer: analyze: result status=THROTTLED, code=null, source=null
09-02 11:13:43.118 24978 24978 D DpmAnalyzer: Stage1: MISS
09-02 11:13:43.118 24978 24978 D DpmAnalyzer: scanRoi present, skipping full-image stages
09-02 11:13:43.118 24978 24978 D DpmAnalyzer: analyze: decodedCode=null
09-02 11:13:43.118 24978 24978 D DpmFrameAnalyzer: analyze: result status=NO_CODE, code=null, source=null
09-02 11:13:43.129 24978 25317 D DpmFrameAnalyzer: analyze: frame received, format=35, size=640x480, rotation=90
09-02 11:13:43.148 24978 25317 D DpmFrameAnalyzer: analyze: bitmap converted, size=480x640, scanRoi=Rect(67, 147 - 412, 492)
09-02 11:13:43.148 24978 24978 D DpmAnalyzer: analyze: frame=480x640, roi=Rect(67, 147 - 412, 492), focus=FOCUSED, mode=SCAN
09-02 11:13:43.149 24978 24978 D DpmAnalyzer: analyze: THROTTLED by timing gate
09-02 11:13:43.149 24978 24978 D DpmFrameAnalyzer: analyze: result status=THROTTLED, code=null, source=null
09-02 11:13:43.161 24978 25317 D DpmFrameAnalyzer: analyze: frame received, format=35, size=640x480, rotation=90
09-02 11:13:43.180 24978 25317 D DpmFrameAnalyzer: analyze: bitmap converted, size=480x640, scanRoi=Rect(67, 147 - 412, 492)
09-02 11:13:43.182 24978 24978 D DpmAnalyzer: analyze: frame=480x640, roi=Rect(67, 147 - 412, 492), focus=FOCUSED, mode=SCAN
09-02 11:13:43.182 24978 24978 D DpmAnalyzer: analyze: THROTTLED by timing gate
09-02 11:13:43.182 24978 24978 D DpmFrameAnalyzer: analyze: result status=THROTTLED, code=null, source=null
09-02 11:13:43.206 24978 25317 D DpmFrameAnalyzer: analyze: frame received, format=35, size=640x480, rotation=90
09-02 11:13:43.226 24978 25317 D DpmFrameAnalyzer: analyze: bitmap converted, size=480x640, scanRoi=Rect(67, 147 - 412, 492)
09-02 11:13:43.227 24978 24978 D DpmAnalyzer: analyze: frame=480x640, roi=Rect(67, 147 - 412, 492), focus=FOCUSED, mode=SCAN
09-02 11:13:43.227 24978 24978 D DpmAnalyzer: analyze: starting performMultiStrategyDecode
09-02 11:13:43.227 24978 24978 D DpmAnalyzer: performMultiStrategyDecode: frame=480x640, roi=Rect(67, 147 - 412, 492), strategies=1
09-02 11:13:43.230 24978 24978 D DpmAnalyzer: Stage1: ROI 345x345 → scaled 345x345
09-02 11:13:43.249 24978 25317 D DpmFrameAnalyzer: analyze: frame received, format=35, size=640x480, rotation=90
09-02 11:13:43.271 24978 25317 D DpmFrameAnalyzer: analyze: bitmap converted, size=480x640, scanRoi=Rect(67, 147 - 412, 492)
09-02 11:13:43.272 24978 24978 D DpmAnalyzer: analyze: frame=480x640, roi=Rect(67, 147 - 412, 492), focus=FOCUSED, mode=SCAN
09-02 11:13:43.272 24978 24978 D DpmAnalyzer: analyze: THROTTLED (already running)
09-02 11:13:43.272 24978 24978 D DpmFrameAnalyzer: analyze: result status=THROTTLED, code=null, source=null
09-02 11:13:43.277 24978 24978 D DpmAnalyzer: Stage1: MISS
09-02 11:13:43.277 24978 24978 D DpmAnalyzer: scanRoi present, skipping full-image stages
09-02 11:13:43.277 24978 24978 D DpmAnalyzer: analyze: decodedCode=null
09-02 11:13:43.277 24978 24978 D DpmFrameAnalyzer: analyze: result status=NO_CODE, code=null, source=null
09-02 11:13:43.281 24978 25317 D DpmFrameAnalyzer: analyze: frame received, format=35, size=640x480, rotation=90
09-02 11:13:43.297 24978 25317 D DpmFrameAnalyzer: analyze: bitmap converted, size=480x640, scanRoi=Rect(67, 147 - 412, 492)
09-02 11:13:43.298 24978 24978 D DpmAnalyzer: analyze: frame=480x640, roi=Rect(67, 147 - 412, 492), focus=FOCUSED, mode=SCAN
09-02 11:13:43.298 24978 24978 D DpmAnalyzer: analyze: THROTTLED by timing gate
09-02 11:13:43.298 24978 24978 D DpmFrameAnalyzer: analyze: result status=THROTTLED, code=null, source=null
09-02 11:13:43.324 24978 25317 D DpmFrameAnalyzer: analyze: frame received, format=35, size=640x480, rotation=90
09-02 11:13:43.340 24978 25317 D DpmFrameAnalyzer: analyze: bitmap converted, size=480x640, scanRoi=Rect(67, 147 - 412, 492)
09-02 11:13:43.341 24978 24978 D DpmAnalyzer: analyze: frame=480x640, roi=Rect(67, 147 - 412, 492), focus=FOCUSED, mode=SCAN
09-02 11:13:43.341 24978 24978 D DpmAnalyzer: analyze: THROTTLED by timing gate
09-02 11:13:43.341 24978 24978 D DpmFrameAnalyzer: analyze: result status=THROTTLED, code=null, source=null
09-02 11:13:43.358 24978 25317 D DpmFrameAnalyzer: analyze: frame received, format=35, size=640x480, rotation=90
09-02 11:13:43.378 24978 25317 D DpmFrameAnalyzer: analyze: bitmap converted, size=480x640, scanRoi=Rect(67, 147 - 412, 492)
09-02 11:13:43.379 24978 24978 D DpmAnalyzer: analyze: frame=480x640, roi=Rect(67, 147 - 412, 492), focus=FOCUSED, mode=SCAN
09-02 11:13:43.379 24978 24978 D DpmAnalyzer: analyze: starting performMultiStrategyDecode
09-02 11:13:43.379 24978 24978 D DpmAnalyzer: performMultiStrategyDecode: frame=480x640, roi=Rect(67, 147 - 412, 492), strategies=1
09-02 11:13:43.383 24978 24978 D DpmAnalyzer: Stage1: ROI 345x345 → scaled 345x345
09-02 11:13:43.401 24978 25317 D DpmFrameAnalyzer: analyze: frame received, format=35, size=640x480, rotation=90
09-02 11:13:43.422 24978 25317 D DpmFrameAnalyzer: analyze: bitmap converted, size=480x640, scanRoi=Rect(67, 147 - 412, 492)
09-02 11:13:43.422 24978 24978 D DpmAnalyzer: analyze: frame=480x640, roi=Rect(67, 147 - 412, 492), focus=FOCUSED, mode=SCAN
09-02 11:13:43.422 24978 24978 D DpmAnalyzer: analyze: THROTTLED (already running)
09-02 11:13:43.422 24978 24978 D DpmFrameAnalyzer: analyze: result status=THROTTLED, code=null, source=null
09-02 11:13:43.431 24978 24978 D DpmAnalyzer: Stage1: MISS
09-02 11:13:43.431 24978 24978 D DpmAnalyzer: scanRoi present, skipping full-image stages
09-02 11:13:43.431 24978 24978 D DpmAnalyzer: analyze: decodedCode=null
09-02 11:13:43.431 24978 24978 D DpmFrameAnalyzer: analyze: result status=NO_CODE, code=null, source=null
09-02 11:13:43.439 24978 25317 D DpmFrameAnalyzer: analyze: frame received, format=35, size=640x480, rotation=90
09-02 11:13:43.457 24978 25317 D DpmFrameAnalyzer: analyze: bitmap converted, size=480x640, scanRoi=Rect(67, 147 - 412, 492)
09-02 11:13:43.457 24978 24978 D DpmAnalyzer: analyze: frame=480x640, roi=Rect(67, 147 - 412, 492), focus=FOCUSED, mode=SCAN
09-02 11:13:43.457 24978 24978 D DpmAnalyzer: analyze: THROTTLED by timing gate
09-02 11:13:43.457 24978 24978 D DpmFrameAnalyzer: analyze: result status=THROTTLED, code=null, source=null
09-02 11:13:43.476 24978 25317 D DpmFrameAnalyzer: analyze: frame received, format=35, size=640x480, rotation=90
09-02 11:13:43.494 24978 25317 D DpmFrameAnalyzer: analyze: bitmap converted, size=480x640, scanRoi=Rect(67, 147 - 412, 492)
09-02 11:13:43.494 24978 24978 D DpmAnalyzer: analyze: frame=480x640, roi=Rect(67, 147 - 412, 492), focus=FOCUSED, mode=SCAN
09-02 11:13:43.494 24978 24978 D DpmAnalyzer: analyze: THROTTLED by timing gate
09-02 11:13:43.494 24978 24978 D DpmFrameAnalyzer: analyze: result status=THROTTLED, code=null, source=null
09-02 11:13:43.520 24978 25317 D DpmFrameAnalyzer: analyze: frame received, format=35, size=640x480, rotation=90
09-02 11:13:43.540 24978 25317 D DpmFrameAnalyzer: analyze: bitmap converted, size=480x640, scanRoi=Rect(67, 147 - 412, 492)
09-02 11:13:43.541 24978 24978 D DpmAnalyzer: analyze: frame=480x640, roi=Rect(67, 147 - 412, 492), focus=FOCUSED, mode=SCAN
09-02 11:13:43.541 24978 24978 D DpmAnalyzer: analyze: starting performMultiStrategyDecode
09-02 11:13:43.541 24978 24978 D DpmAnalyzer: performMultiStrategyDecode: frame=480x640, roi=Rect(67, 147 - 412, 492), strategies=1
09-02 11:13:43.546 24978 24978 D DpmAnalyzer: Stage1: ROI 345x345 → scaled 345x345
09-02 11:13:43.570 24978 25317 D DpmFrameAnalyzer: analyze: frame received, format=35, size=640x480, rotation=90
09-02 11:13:43.589 24978 25317 D DpmFrameAnalyzer: analyze: bitmap converted, size=480x640, scanRoi=Rect(67, 147 - 412, 492)
09-02 11:13:43.590 24978 24978 D DpmAnalyzer: analyze: frame=480x640, roi=Rect(67, 147 - 412, 492), focus=FOCUSED, mode=SCAN
09-02 11:13:43.590 24978 24978 D DpmAnalyzer: analyze: THROTTLED (already running)
09-02 11:13:43.590 24978 24978 D DpmFrameAnalyzer: analyze: result status=THROTTLED, code=null, source=null
09-02 11:13:43.597 24978 25317 D DpmFrameAnalyzer: analyze: frame received, format=35, size=640x480, rotation=90
09-02 11:13:43.606 24978 24978 D DpmAnalyzer: Stage1: MISS
09-02 11:13:43.606 24978 24978 D DpmAnalyzer: scanRoi present, skipping full-image stages
09-02 11:13:43.606 24978 24978 D DpmAnalyzer: analyze: decodedCode=null
09-02 11:13:43.607 24978 24978 D DpmFrameAnalyzer: analyze: result status=NO_CODE, code=null, source=null
09-02 11:13:43.620 24978 25317 D DpmFrameAnalyzer: analyze: bitmap converted, size=480x640, scanRoi=Rect(67, 147 - 412, 492)
09-02 11:13:43.620 24978 24978 D DpmAnalyzer: analyze: frame=480x640, roi=Rect(67, 147 - 412, 492), focus=FOCUSED, mode=SCAN
09-02 11:13:43.620 24978 24978 D DpmAnalyzer: analyze: THROTTLED by timing gate
09-02 11:13:43.620 24978 24978 D DpmFrameAnalyzer: analyze: result status=THROTTLED, code=null, source=null
09-02 11:13:43.636 24978 25317 D DpmFrameAnalyzer: analyze: frame received, format=35, size=640x480, rotation=90
09-02 11:13:43.653 24978 25317 D DpmFrameAnalyzer: analyze: bitmap converted, size=480x640, scanRoi=Rect(67, 147 - 412, 492)
09-02 11:13:43.653 24978 24978 D DpmAnalyzer: analyze: frame=480x640, roi=Rect(67, 147 - 412, 492), focus=FOCUSED, mode=SCAN
09-02 11:13:43.653 24978 24978 D DpmAnalyzer: analyze: THROTTLED by timing gate
09-02 11:13:43.653 24978 24978 D DpmFrameAnalyzer: analyze: result status=THROTTLED, code=null, source=null
09-02 11:13:43.674 24978 25317 D DpmFrameAnalyzer: analyze: frame received, format=35, size=640x480, rotation=90
09-02 11:13:43.694 24978 25317 D DpmFrameAnalyzer: analyze: bitmap converted, size=480x640, scanRoi=Rect(67, 147 - 412, 492)
09-02 11:13:43.695 24978 24978 D DpmAnalyzer: analyze: frame=480x640, roi=Rect(67, 147 - 412, 492), focus=FOCUSED, mode=SCAN
09-02 11:13:43.695 24978 24978 D DpmAnalyzer: analyze: THROTTLED by timing gate
09-02 11:13:43.695 24978 24978 D DpmFrameAnalyzer: analyze: result status=THROTTLED, code=null, source=null
09-02 11:13:43.715 24978 25317 D DpmFrameAnalyzer: analyze: frame received, format=35, size=640x480, rotation=90
09-02 11:13:43.735 24978 25317 D DpmFrameAnalyzer: analyze: bitmap converted, size=480x640, scanRoi=Rect(67, 147 - 412, 492)
09-02 11:13:43.736 24978 24978 D DpmAnalyzer: analyze: frame=480x640, roi=Rect(67, 147 - 412, 492), focus=FOCUSED, mode=SCAN
09-02 11:13:43.736 24978 24978 D DpmAnalyzer: analyze: starting performMultiStrategyDecode
09-02 11:13:43.736 24978 24978 D DpmAnalyzer: performMultiStrategyDecode: frame=480x640, roi=Rect(67, 147 - 412, 492), strategies=1
09-02 11:13:43.741 24978 24978 D DpmAnalyzer: Stage1: ROI 345x345 → scaled 345x345
09-02 11:13:43.770 24978 25317 D DpmFrameAnalyzer: analyze: frame received, format=35, size=640x480, rotation=90
09-02 11:13:43.802 24978 25317 D DpmFrameAnalyzer: analyze: bitmap converted, size=480x640, scanRoi=Rect(67, 147 - 412, 492)
09-02 11:13:43.803 24978 24978 D DpmAnalyzer: analyze: frame=480x640, roi=Rect(67, 147 - 412, 492), focus=FOCUSED, mode=SCAN
09-02 11:13:43.803 24978 25317 D DpmFrameAnalyzer: analyze: frame received, format=35, size=640x480, rotation=90
09-02 11:13:43.803 24978 24978 D DpmAnalyzer: analyze: THROTTLED (already running)
09-02 11:13:43.803 24978 24978 D DpmFrameAnalyzer: analyze: result status=THROTTLED, code=null, source=null
09-02 11:13:43.824 24978 24978 D DpmAnalyzer: Stage1: MISS
09-02 11:13:43.824 24978 24978 D DpmAnalyzer: scanRoi present, skipping full-image stages
09-02 11:13:43.824 24978 24978 D DpmAnalyzer: analyze: decodedCode=null
09-02 11:13:43.824 24978 24978 D DpmFrameAnalyzer: analyze: result status=NO_CODE, code=null, source=null
09-02 11:13:43.825 24978 25317 D DpmFrameAnalyzer: analyze: bitmap converted, size=480x640, scanRoi=Rect(67, 147 - 412, 492)
09-02 11:13:43.825 24978 24978 D DpmAnalyzer: analyze: frame=480x640, roi=Rect(67, 147 - 412, 492), focus=FOCUSED, mode=SCAN
09-02 11:13:43.825 24978 24978 D DpmAnalyzer: analyze: THROTTLED by timing gate
09-02 11:13:43.826 24978 24978 D DpmFrameAnalyzer: analyze: result status=THROTTLED, code=null, source=null
09-02 11:13:43.835 24978 25317 D DpmFrameAnalyzer: analyze: frame received, format=35, size=640x480, rotation=90
09-02 11:13:43.856 24978 25317 D DpmFrameAnalyzer: analyze: bitmap converted, size=480x640, scanRoi=Rect(67, 147 - 412, 492)
09-02 11:13:43.857 24978 24978 D DpmAnalyzer: analyze: frame=480x640, roi=Rect(67, 147 - 412, 492), focus=FOCUSED, mode=SCAN
09-02 11:13:43.857 24978 24978 D DpmAnalyzer: analyze: THROTTLED by timing gate
09-02 11:13:43.857 24978 24978 D DpmFrameAnalyzer: analyze: result status=THROTTLED, code=null, source=null
09-02 11:13:43.873 24978 25317 D DpmFrameAnalyzer: analyze: frame received, format=35, size=640x480, rotation=90
09-02 11:13:43.885 24978 25317 D DpmFrameAnalyzer: analyze: bitmap converted, size=480x640, scanRoi=Rect(67, 147 - 412, 492)
09-02 11:13:43.886 24978 24978 D DpmAnalyzer: analyze: frame=480x640, roi=Rect(67, 147 - 412, 492), focus=FOCUSED, mode=SCAN
09-02 11:13:43.887 24978 24978 D DpmAnalyzer: analyze: THROTTLED by timing gate
09-02 11:13:43.887 24978 24978 D DpmFrameAnalyzer: analyze: result status=THROTTLED, code=null, source=null
09-02 11:13:43.909 24978 25317 D DpmFrameAnalyzer: analyze: frame received, format=35, size=640x480, rotation=90
09-02 11:13:43.931 24978 25317 D DpmFrameAnalyzer: analyze: bitmap converted, size=480x640, scanRoi=Rect(67, 147 - 412, 492)
09-02 11:13:43.932 24978 24978 D DpmAnalyzer: analyze: frame=480x640, roi=Rect(67, 147 - 412, 492), focus=FOCUSED, mode=SCAN
09-02 11:13:43.932 24978 24978 D DpmAnalyzer: analyze: starting performMultiStrategyDecode
09-02 11:13:43.932 24978 24978 D DpmAnalyzer: performMultiStrategyDecode: frame=480x640, roi=Rect(67, 147 - 412, 492), strategies=1
09-02 11:13:43.934 24978 24978 D DpmAnalyzer: Stage1: ROI 345x345 → scaled 345x345
09-02 11:13:43.956 24978 25317 D DpmFrameAnalyzer: analyze: frame received, format=35, size=640x480, rotation=90
09-02 11:13:43.980 24978 25317 D DpmFrameAnalyzer: analyze: bitmap converted, size=480x640, scanRoi=Rect(67, 147 - 412, 492)
09-02 11:13:43.983 24978 24978 D DpmAnalyzer: analyze: frame=480x640, roi=Rect(67, 147 - 412, 492), focus=FOCUSED, mode=SCAN
09-02 11:13:43.983 24978 24978 D DpmAnalyzer: analyze: THROTTLED (already running)
09-02 11:13:43.983 24978 24978 D DpmFrameAnalyzer: analyze: result status=THROTTLED, code=null, source=null
09-02 11:13:43.985 24978 24978 D DpmAnalyzer: Stage1: MISS
09-02 11:13:43.985 24978 24978 D DpmAnalyzer: scanRoi present, skipping full-image stages
09-02 11:13:43.985 24978 24978 D DpmAnalyzer: analyze: decodedCode=null
09-02 11:13:43.985 24978 24978 D DpmFrameAnalyzer: analyze: result status=NO_CODE, code=null, source=null
09-02 11:13:44.000 24978 25317 D DpmFrameAnalyzer: analyze: frame received, format=35, size=640x480, rotation=90
09-02 11:13:44.022 24978 25317 D DpmFrameAnalyzer: analyze: bitmap converted, size=480x640, scanRoi=Rect(67, 147 - 412, 492)
09-02 11:13:44.022 24978 24978 D DpmAnalyzer: analyze: frame=480x640, roi=Rect(67, 147 - 412, 492), focus=FOCUSED, mode=SCAN
09-02 11:13:44.023 24978 24978 D DpmAnalyzer: analyze: THROTTLED by timing gate
09-02 11:13:44.023 24978 24978 D DpmFrameAnalyzer: analyze: result status=THROTTLED, code=null, source=null
09-02 11:13:44.024 24978 25317 D DpmFrameAnalyzer: analyze: frame received, format=35, size=640x480, rotation=90
09-02 11:13:44.043 24978 25317 D DpmFrameAnalyzer: analyze: bitmap converted, size=480x640, scanRoi=Rect(67, 147 - 412, 492)
09-02 11:13:44.043 24978 24978 D DpmAnalyzer: analyze: frame=480x640, roi=Rect(67, 147 - 412, 492), focus=FOCUSED, mode=SCAN
09-02 11:13:44.043 24978 24978 D DpmAnalyzer: analyze: THROTTLED by timing gate
09-02 11:13:44.044 24978 24978 D DpmFrameAnalyzer: analyze: result status=THROTTLED, code=null, source=null
09-02 11:13:44.067 24978 25317 D DpmFrameAnalyzer: analyze: frame received, format=35, size=640x480, rotation=90
09-02 11:13:44.086 24978 25317 D DpmFrameAnalyzer: analyze: bitmap converted, size=480x640, scanRoi=Rect(67, 147 - 412, 492)
09-02 11:13:44.086 24978 24978 D DpmAnalyzer: analyze: frame=480x640, roi=Rect(67, 147 - 412, 492), focus=FOCUSED, mode=SCAN
09-02 11:13:44.086 24978 24978 D DpmAnalyzer: analyze: starting performMultiStrategyDecode
09-02 11:13:44.086 24978 24978 D DpmAnalyzer: performMultiStrategyDecode: frame=480x640, roi=Rect(67, 147 - 412, 492), strategies=1
09-02 11:13:44.093 24978 24978 D DpmAnalyzer: Stage1: ROI 345x345 → scaled 345x345
09-02 11:13:44.113 24978 25317 D DpmFrameAnalyzer: analyze: frame received, format=35, size=640x480, rotation=90
09-02 11:13:44.134 24978 25317 D DpmFrameAnalyzer: analyze: bitmap converted, size=480x640, scanRoi=Rect(67, 147 - 412, 492)
09-02 11:13:44.135 24978 24978 D DpmAnalyzer: analyze: frame=480x640, roi=Rect(67, 147 - 412, 492), focus=FOCUSED, mode=SCAN
09-02 11:13:44.135 24978 24978 D DpmAnalyzer: analyze: THROTTLED (already running)
09-02 11:13:44.135 24978 24978 D DpmFrameAnalyzer: analyze: result status=THROTTLED, code=null, source=null
09-02 11:13:44.145 24978 25317 D DpmFrameAnalyzer: analyze: frame received, format=35, size=640x480, rotation=90
09-02 11:13:44.145 24978 24978 D DpmAnalyzer: Stage1: MISS
09-02 11:13:44.145 24978 24978 D DpmAnalyzer: scanRoi present, skipping full-image stages
09-02 11:13:44.145 24978 24978 D DpmAnalyzer: analyze: decodedCode=null
09-02 11:13:44.145 24978 24978 D DpmFrameAnalyzer: analyze: result status=NO_CODE, code=null, source=null
09-02 11:13:44.168 24978 25317 D DpmFrameAnalyzer: analyze: bitmap converted, size=480x640, scanRoi=Rect(67, 147 - 412, 492)
09-02 11:13:44.169 24978 24978 D DpmAnalyzer: analyze: frame=480x640, roi=Rect(67, 147 - 412, 492), focus=FOCUSED, mode=SCAN
09-02 11:13:44.169 24978 24978 D DpmAnalyzer: analyze: THROTTLED by timing gate
09-02 11:13:44.169 24978 24978 D DpmFrameAnalyzer: analyze: result status=THROTTLED, code=null, source=null
09-02 11:13:44.178 24978 25317 D DpmFrameAnalyzer: analyze: frame received, format=35, size=640x480, rotation=90
09-02 11:13:44.203 24978 25317 D DpmFrameAnalyzer: analyze: bitmap converted, size=480x640, scanRoi=Rect(67, 147 - 412, 492)
09-02 11:13:44.203 24978 24978 D DpmAnalyzer: analyze: frame=480x640, roi=Rect(67, 147 - 412, 492), focus=FOCUSED, mode=SCAN
09-02 11:13:44.204 24978 24978 D DpmAnalyzer: analyze: THROTTLED by timing gate
09-02 11:13:44.204 24978 24978 D DpmFrameAnalyzer: analyze: result status=THROTTLED, code=null, source=null
09-02 11:13:44.225 24978 25317 D DpmFrameAnalyzer: analyze: frame received, format=35, size=640x480, rotation=90
09-02 11:13:44.248 24978 25317 D DpmFrameAnalyzer: analyze: bitmap converted, size=480x640, scanRoi=Rect(67, 147 - 412, 492)
09-02 11:13:44.249 24978 24978 D DpmAnalyzer: analyze: frame=480x640, roi=Rect(67, 147 - 412, 492), focus=FOCUSED, mode=SCAN
09-02 11:13:44.249 24978 24978 D DpmAnalyzer: analyze: starting performMultiStrategyDecode
09-02 11:13:44.249 24978 24978 D DpmAnalyzer: performMultiStrategyDecode: frame=480x640, roi=Rect(67, 147 - 412, 492), strategies=1
09-02 11:13:44.258 24978 24978 D DpmAnalyzer: Stage1: ROI 345x345 → scaled 345x345
09-02 11:13:44.277 24978 25317 D DpmFrameAnalyzer: analyze: frame received, format=35, size=640x480, rotation=90
09-02 11:13:44.304 24978 25317 D DpmFrameAnalyzer: analyze: bitmap converted, size=480x640, scanRoi=Rect(67, 147 - 412, 492)
09-02 11:13:44.304 24978 24978 D DpmAnalyzer: analyze: frame=480x640, roi=Rect(67, 147 - 412, 492), focus=FOCUSED, mode=SCAN
09-02 11:13:44.304 24978 24978 D DpmAnalyzer: analyze: THROTTLED (already running)
09-02 11:13:44.304 24978 24978 D DpmFrameAnalyzer: analyze: result status=THROTTLED, code=null, source=null
09-02 11:13:44.308 24978 25317 D DpmFrameAnalyzer: analyze: frame received, format=35, size=640x480, rotation=90
09-02 11:13:44.321 24978 24978 D DpmAnalyzer: Stage1: MISS
09-02 11:13:44.321 24978 24978 D DpmAnalyzer: scanRoi present, skipping full-image stages
09-02 11:13:44.322 24978 24978 D DpmAnalyzer: analyze: decodedCode=null
09-02 11:13:44.322 24978 24978 D DpmFrameAnalyzer: analyze: result status=NO_CODE, code=null, source=null
09-02 11:13:44.325 24978 25317 D DpmFrameAnalyzer: analyze: bitmap converted, size=480x640, scanRoi=Rect(67, 147 - 412, 492)
09-02 11:13:44.326 24978 24978 D DpmAnalyzer: analyze: frame=480x640, roi=Rect(67, 147 - 412, 492), focus=FOCUSED, mode=SCAN
09-02 11:13:44.326 24978 24978 D DpmAnalyzer: analyze: THROTTLED by timing gate
09-02 11:13:44.326 24978 24978 D DpmFrameAnalyzer: analyze: result status=THROTTLED, code=null, source=null
09-02 11:13:44.340 24978 25317 D DpmFrameAnalyzer: analyze: frame received, format=35, size=640x480, rotation=90
09-02 11:13:44.360 24978 25317 D DpmFrameAnalyzer: analyze: bitmap converted, size=480x640, scanRoi=Rect(67, 147 - 412, 492)
09-02 11:13:44.360 24978 24978 D DpmAnalyzer: analyze: frame=480x640, roi=Rect(67, 147 - 412, 492), focus=FOCUSED, mode=SCAN
09-02 11:13:44.361 24978 24978 D DpmAnalyzer: analyze: THROTTLED by timing gate
09-02 11:13:44.361 24978 24978 D DpmFrameAnalyzer: analyze: result status=THROTTLED, code=null, source=null
09-02 11:13:44.381 24978 25317 D DpmFrameAnalyzer: analyze: frame received, format=35, size=640x480, rotation=90
09-02 11:13:44.399 24978 25317 D DpmFrameAnalyzer: analyze: bitmap converted, size=480x640, scanRoi=Rect(67, 147 - 412, 492)
09-02 11:13:44.399 24978 24978 D DpmAnalyzer: analyze: frame=480x640, roi=Rect(67, 147 - 412, 492), focus=FOCUSED, mode=SCAN
09-02 11:13:44.399 24978 24978 D DpmAnalyzer: analyze: THROTTLED by timing gate
09-02 11:13:44.399 24978 24978 D DpmFrameAnalyzer: analyze: result status=THROTTLED, code=null, source=null
09-02 11:13:44.425 24978 25317 D DpmFrameAnalyzer: analyze: frame received, format=35, size=640x480, rotation=90
09-02 11:13:44.443 24978 25317 D DpmFrameAnalyzer: analyze: bitmap converted, size=480x640, scanRoi=Rect(67, 147 - 412, 492)
09-02 11:13:44.444 24978 24978 D DpmAnalyzer: analyze: frame=480x640, roi=Rect(67, 147 - 412, 492), focus=FOCUSED, mode=SCAN
09-02 11:13:44.444 24978 24978 D DpmAnalyzer: analyze: starting performMultiStrategyDecode
09-02 11:13:44.444 24978 24978 D DpmAnalyzer: performMultiStrategyDecode: frame=480x640, roi=Rect(67, 147 - 412, 492), strategies=1
09-02 11:13:44.447 24978 24978 D DpmAnalyzer: Stage1: ROI 345x345 → scaled 345x345
09-02 11:13:44.466 24978 25317 D DpmFrameAnalyzer: analyze: frame received, format=35, size=640x480, rotation=90
09-02 11:13:44.486 24978 25317 D DpmFrameAnalyzer: analyze: bitmap converted, size=480x640, scanRoi=Rect(67, 147 - 412, 492)
09-02 11:13:44.487 24978 24978 D DpmAnalyzer: analyze: frame=480x640, roi=Rect(67, 147 - 412, 492), focus=FOCUSED, mode=SCAN
09-02 11:13:44.487 24978 24978 D DpmAnalyzer: analyze: THROTTLED (already running)
09-02 11:13:44.487 24978 24978 D DpmFrameAnalyzer: analyze: result status=THROTTLED, code=null, source=null
09-02 11:13:44.500 24978 25317 D DpmFrameAnalyzer: analyze: frame received, format=35, size=640x480, rotation=90
09-02 11:13:44.513 24978 24978 D DpmAnalyzer: Stage1: MISS
09-02 11:13:44.513 24978 24978 D DpmAnalyzer: scanRoi present, skipping full-image stages
09-02 11:13:44.513 24978 24978 D DpmAnalyzer: analyze: decodedCode=null
09-02 11:13:44.513 24978 24978 D DpmFrameAnalyzer: analyze: result status=NO_CODE, code=null, source=null
09-02 11:13:44.522 24978 25317 D DpmFrameAnalyzer: analyze: bitmap converted, size=480x640, scanRoi=Rect(67, 147 - 412, 492)
09-02 11:13:44.523 24978 24978 D DpmAnalyzer: analyze: frame=480x640, roi=Rect(67, 147 - 412, 492), focus=FOCUSED, mode=SCAN
09-02 11:13:44.523 24978 24978 D DpmAnalyzer: analyze: THROTTLED by timing gate
09-02 11:13:44.523 24978 24978 D DpmFrameAnalyzer: analyze: result status=THROTTLED, code=null, source=null
09-02 11:13:44.540 24978 25317 D DpmFrameAnalyzer: analyze: frame received, format=35, size=640x480, rotation=90
09-02 11:13:44.563 24978 25317 D DpmFrameAnalyzer: analyze: bitmap converted, size=480x640, scanRoi=Rect(67, 147 - 412, 492)
09-02 11:13:44.565 24978 24978 D DpmAnalyzer: analyze: frame=480x640, roi=Rect(67, 147 - 412, 492), focus=FOCUSED, mode=SCAN
09-02 11:13:44.565 24978 24978 D DpmAnalyzer: analyze: THROTTLED by timing gate
09-02 11:13:44.565 24978 24978 D DpmFrameAnalyzer: analyze: result status=THROTTLED, code=null, source=null
09-02 11:13:44.579 24978 25317 D DpmFrameAnalyzer: analyze: frame received, format=35, size=640x480, rotation=90
09-02 11:13:44.601 24978 25317 D DpmFrameAnalyzer: analyze: bitmap converted, size=480x640, scanRoi=Rect(67, 147 - 412, 492)
09-02 11:13:44.602 24978 24978 D DpmAnalyzer: analyze: frame=480x640, roi=Rect(67, 147 - 412, 492), focus=FOCUSED, mode=SCAN
09-02 11:13:44.602 24978 24978 D DpmAnalyzer: analyze: THROTTLED by timing gate
09-02 11:13:44.602 24978 24978 D DpmFrameAnalyzer: analyze: result status=THROTTLED, code=null, source=null
09-02 11:13:44.616 24978 25317 D DpmFrameAnalyzer: analyze: frame received, format=35, size=640x480, rotation=90
09-02 11:13:44.637 24978 25317 D DpmFrameAnalyzer: analyze: bitmap converted, size=480x640, scanRoi=Rect(67, 147 - 412, 492)
09-02 11:13:44.637 24978 24978 D DpmAnalyzer: analyze: frame=480x640, roi=Rect(67, 147 - 412, 492), focus=FOCUSED, mode=SCAN
09-02 11:13:44.637 24978 24978 D DpmAnalyzer: analyze: starting performMultiStrategyDecode
09-02 11:13:44.637 24978 24978 D DpmAnalyzer: performMultiStrategyDecode: frame=480x640, roi=Rect(67, 147 - 412, 492), strategies=1
09-02 11:13:44.644 24978 24978 D DpmAnalyzer: Stage1: ROI 345x345 → scaled 345x345
09-02 11:13:44.659 24978 25317 D DpmFrameAnalyzer: analyze: frame received, format=35, size=640x480, rotation=90
09-02 11:13:44.679 24978 25317 D DpmFrameAnalyzer: analyze: bitmap converted, size=480x640, scanRoi=Rect(67, 147 - 412, 492)
09-02 11:13:44.681 24978 24978 D DpmAnalyzer: analyze: frame=480x640, roi=Rect(67, 147 - 412, 492), focus=FOCUSED, mode=SCAN
09-02 11:13:44.681 24978 24978 D DpmAnalyzer: analyze: THROTTLED (already running)
09-02 11:13:44.681 24978 24978 D DpmFrameAnalyzer: analyze: result status=THROTTLED, code=null, source=null
09-02 11:13:44.694 24978 24978 D DpmAnalyzer: Stage1: MISS
09-02 11:13:44.694 24978 24978 D DpmAnalyzer: scanRoi present, skipping full-image stages
09-02 11:13:44.694 24978 24978 D DpmAnalyzer: analyze: decodedCode=null
09-02 11:13:44.695 24978 24978 D DpmFrameAnalyzer: analyze: result status=NO_CODE, code=null, source=null
09-02 11:13:44.697 24978 25317 D DpmFrameAnalyzer: analyze: frame received, format=35, size=640x480, rotation=90
09-02 11:13:44.721 24978 25317 D DpmFrameAnalyzer: analyze: bitmap converted, size=480x640, scanRoi=Rect(67, 147 - 412, 492)
09-02 11:13:44.721 24978 24978 D DpmAnalyzer: analyze: frame=480x640, roi=Rect(67, 147 - 412, 492), focus=FOCUSED, mode=SCAN
09-02 11:13:44.721 24978 24978 D DpmAnalyzer: analyze: THROTTLED by timing gate
09-02 11:13:44.721 24978 24978 D DpmFrameAnalyzer: analyze: result status=THROTTLED, code=null, source=null
09-02 11:13:44.733 24978 25317 D DpmFrameAnalyzer: analyze: frame received, format=35, size=640x480, rotation=90
09-02 11:13:44.751 24978 25317 D DpmFrameAnalyzer: analyze: bitmap converted, size=480x640, scanRoi=Rect(67, 147 - 412, 492)
09-02 11:13:44.752 24978 24978 D DpmAnalyzer: analyze: frame=480x640, roi=Rect(67, 147 - 412, 492), focus=FOCUSED, mode=SCAN
09-02 11:13:44.752 24978 24978 D DpmAnalyzer: analyze: THROTTLED by timing gate
09-02 11:13:44.752 24978 24978 D DpmFrameAnalyzer: analyze: result status=THROTTLED, code=null, source=null
09-02 11:13:44.777 24978 25317 D DpmFrameAnalyzer: analyze: frame received, format=35, size=640x480, rotation=90
09-02 11:13:44.799 24978 25317 D DpmFrameAnalyzer: analyze: bitmap converted, size=480x640, scanRoi=Rect(67, 147 - 412, 492)
09-02 11:13:44.800 24978 24978 D DpmAnalyzer: analyze: frame=480x640, roi=Rect(67, 147 - 412, 492), focus=FOCUSED, mode=SCAN
09-02 11:13:44.800 24978 24978 D DpmAnalyzer: analyze: starting performMultiStrategyDecode
09-02 11:13:44.800 24978 24978 D DpmAnalyzer: performMultiStrategyDecode: frame=480x640, roi=Rect(67, 147 - 412, 492), strategies=1
09-02 11:13:44.808 24978 24978 D DpmAnalyzer: Stage1: ROI 345x345 → scaled 345x345
09-02 11:13:44.818 24978 25317 D DpmFrameAnalyzer: analyze: frame received, format=35, size=640x480, rotation=90
09-02 11:13:44.837 24978 25317 D DpmFrameAnalyzer: analyze: bitmap converted, size=480x640, scanRoi=Rect(67, 147 - 412, 492)
09-02 11:13:44.838 24978 24978 D DpmAnalyzer: analyze: frame=480x640, roi=Rect(67, 147 - 412, 492), focus=FOCUSED, mode=SCAN
09-02 11:13:44.838 24978 24978 D DpmAnalyzer: analyze: THROTTLED (already running)
09-02 11:13:44.838 24978 24978 D DpmFrameAnalyzer: analyze: result status=THROTTLED, code=null, source=null
09-02 11:13:44.852 24978 25317 D DpmFrameAnalyzer: analyze: frame received, format=35, size=640x480, rotation=90
09-02 11:13:44.856 24978 24978 D DpmAnalyzer: Stage1: MISS
09-02 11:13:44.856 24978 24978 D DpmAnalyzer: scanRoi present, skipping full-image stages
09-02 11:13:44.856 24978 24978 D DpmAnalyzer: analyze: decodedCode=null
09-02 11:13:44.856 24978 24978 D DpmFrameAnalyzer: analyze: result status=NO_CODE, code=null, source=null
09-02 11:13:44.871 24978 25317 D DpmFrameAnalyzer: analyze: bitmap converted, size=480x640, scanRoi=Rect(67, 147 - 412, 492)
09-02 11:13:44.872 24978 24978 D DpmAnalyzer: analyze: frame=480x640, roi=Rect(67, 147 - 412, 492), focus=FOCUSED, mode=SCAN
09-02 11:13:44.872 24978 24978 D DpmAnalyzer: analyze: THROTTLED by timing gate
09-02 11:13:44.872 24978 24978 D DpmFrameAnalyzer: analyze: result status=THROTTLED, code=null, source=null
09-02 11:13:44.891 24978 25317 D DpmFrameAnalyzer: analyze: frame received, format=35, size=640x480, rotation=90
09-02 11:13:44.910 24978 25317 D DpmFrameAnalyzer: analyze: bitmap converted, size=480x640, scanRoi=Rect(67, 147 - 412, 492)
09-02 11:13:44.911 24978 24978 D DpmAnalyzer: analyze: frame=480x640, roi=Rect(67, 147 - 412, 492), focus=FOCUSED, mode=SCAN
09-02 11:13:44.911 24978 24978 D DpmAnalyzer: analyze: THROTTLED by timing gate
09-02 11:13:44.911 24978 24978 D DpmFrameAnalyzer: analyze: result status=THROTTLED, code=null, source=null
09-02 11:13:44.929 24978 25317 D DpmFrameAnalyzer: analyze: frame received, format=35, size=640x480, rotation=90
09-02 11:13:44.950 24978 25317 D DpmFrameAnalyzer: analyze: bitmap converted, size=480x640, scanRoi=Rect(67, 147 - 412, 492)
09-02 11:13:44.955 24978 24978 D DpmAnalyzer: analyze: frame=480x640, roi=Rect(67, 147 - 412, 492), focus=FOCUSED, mode=SCAN
09-02 11:13:44.955 24978 24978 D DpmAnalyzer: analyze: THROTTLED by timing gate
09-02 11:13:44.955 24978 24978 D DpmFrameAnalyzer: analyze: result status=THROTTLED, code=null, source=null
09-02 11:13:44.974 24978 25317 D DpmFrameAnalyzer: analyze: frame received, format=35, size=640x480, rotation=90
09-02 11:13:44.997 24978 25317 D DpmFrameAnalyzer: analyze: bitmap converted, size=480x640, scanRoi=Rect(67, 147 - 412, 492)
09-02 11:13:44.998 24978 24978 D DpmAnalyzer: analyze: frame=480x640, roi=Rect(67, 147 - 412, 492), focus=FOCUSED, mode=SCAN
09-02 11:13:44.998 24978 24978 D DpmAnalyzer: analyze: starting performMultiStrategyDecode
09-02 11:13:44.998 24978 24978 D DpmAnalyzer: performMultiStrategyDecode: frame=480x640, roi=Rect(67, 147 - 412, 492), strategies=1
09-02 11:13:45.001 24978 24978 D DpmAnalyzer: Stage1: ROI 345x345 → scaled 345x345
09-02 11:13:45.018 24978 25317 D DpmFrameAnalyzer: analyze: frame received, format=35, size=640x480, rotation=90
09-02 11:13:45.042 24978 25317 D DpmFrameAnalyzer: analyze: bitmap converted, size=480x640, scanRoi=Rect(67, 147 - 412, 492)
09-02 11:13:45.042 24978 24978 D DpmAnalyzer: analyze: frame=480x640, roi=Rect(67, 147 - 412, 492), focus=FOCUSED, mode=SCAN
09-02 11:13:45.042 24978 24978 D DpmAnalyzer: analyze: THROTTLED (already running)
09-02 11:13:45.042 24978 24978 D DpmFrameAnalyzer: analyze: result status=THROTTLED, code=null, source=null
09-02 11:13:45.051 24978 25317 D DpmFrameAnalyzer: analyze: frame received, format=35, size=640x480, rotation=90
09-02 11:13:45.055 24978 24978 D DpmAnalyzer: Stage1: MISS
09-02 11:13:45.055 24978 24978 D DpmAnalyzer: scanRoi present, skipping full-image stages
09-02 11:13:45.055 24978 24978 D DpmAnalyzer: analyze: decodedCode=null
09-02 11:13:45.055 24978 24978 D DpmFrameAnalyzer: analyze: result status=NO_CODE, code=null, source=null
09-02 11:13:45.068 24978 25317 D DpmFrameAnalyzer: analyze: bitmap converted, size=480x640, scanRoi=Rect(67, 147 - 412, 492)
09-02 11:13:45.069 24978 24978 D DpmAnalyzer: analyze: frame=480x640, roi=Rect(67, 147 - 412, 492), focus=FOCUSED, mode=SCAN
09-02 11:13:45.069 24978 24978 D DpmAnalyzer: analyze: THROTTLED by timing gate
09-02 11:13:45.069 24978 24978 D DpmFrameAnalyzer: analyze: result status=THROTTLED, code=null, source=null
09-02 11:13:45.090 24978 25317 D DpmFrameAnalyzer: analyze: frame received, format=35, size=640x480, rotation=90
09-02 11:13:45.114 24978 25317 D DpmFrameAnalyzer: analyze: bitmap converted, size=480x640, scanRoi=Rect(67, 147 - 412, 492)
09-02 11:13:45.115 24978 24978 D DpmAnalyzer: analyze: frame=480x640, roi=Rect(67, 147 - 412, 492), focus=FOCUSED, mode=SCAN
09-02 11:13:45.115 24978 24978 D DpmAnalyzer: analyze: THROTTLED by timing gate
09-02 11:13:45.115 24978 24978 D DpmFrameAnalyzer: analyze: result status=THROTTLED, code=null, source=null
09-02 11:13:45.135 24978 25317 D DpmFrameAnalyzer: analyze: frame received, format=35, size=640x480, rotation=90
09-02 11:13:45.155 24978 25317 D DpmFrameAnalyzer: analyze: bitmap converted, size=480x640, scanRoi=Rect(67, 147 - 412, 492)
09-02 11:13:45.155 24978 24978 D DpmAnalyzer: analyze: frame=480x640, roi=Rect(67, 147 - 412, 492), focus=FOCUSED, mode=SCAN
09-02 11:13:45.156 24978 24978 D DpmAnalyzer: analyze: starting performMultiStrategyDecode
09-02 11:13:45.156 24978 24978 D DpmAnalyzer: performMultiStrategyDecode: frame=480x640, roi=Rect(67, 147 - 412, 492), strategies=1
09-02 11:13:45.161 24978 24978 D DpmAnalyzer: Stage1: ROI 345x345 → scaled 345x345
09-02 11:13:45.194 24978 25317 D DpmFrameAnalyzer: analyze: frame received, format=35, size=640x480, rotation=90
09-02 11:13:45.221 24978 25317 D DpmFrameAnalyzer: analyze: bitmap converted, size=480x640, scanRoi=Rect(67, 147 - 412, 492)
09-02 11:13:45.222 24978 25317 D DpmFrameAnalyzer: analyze: frame received, format=35, size=640x480, rotation=90
09-02 11:13:45.228 24978 24978 D DpmAnalyzer: analyze: frame=480x640, roi=Rect(67, 147 - 412, 492), focus=FOCUSED, mode=SCAN
09-02 11:13:45.228 24978 24978 D DpmAnalyzer: analyze: THROTTLED (already running)
09-02 11:13:45.228 24978 24978 D DpmFrameAnalyzer: analyze: result status=THROTTLED, code=null, source=null
09-02 11:13:45.243 24978 25317 D DpmFrameAnalyzer: analyze: bitmap converted, size=480x640, scanRoi=Rect(67, 147 - 412, 492)
09-02 11:13:45.243 24978 24978 D DpmAnalyzer: analyze: frame=480x640, roi=Rect(67, 147 - 412, 492), focus=FOCUSED, mode=SCAN
09-02 11:13:45.243 24978 24978 D DpmAnalyzer: analyze: THROTTLED (already running)
09-02 11:13:45.243 24978 24978 D DpmFrameAnalyzer: analyze: result status=THROTTLED, code=null, source=null
09-02 11:13:45.248 24978 25317 D DpmFrameAnalyzer: analyze: frame received, format=35, size=640x480, rotation=90
09-02 11:13:45.252 24978 24978 D DpmAnalyzer: Stage1: MISS
09-02 11:13:45.252 24978 24978 D DpmAnalyzer: scanRoi present, skipping full-image stages
09-02 11:13:45.252 24978 24978 D DpmAnalyzer: analyze: decodedCode=null
09-02 11:13:45.252 24978 24978 D DpmFrameAnalyzer: analyze: result status=NO_CODE, code=null, source=null
09-02 11:13:45.266 24978 25317 D DpmFrameAnalyzer: analyze: bitmap converted, size=480x640, scanRoi=Rect(67, 147 - 412, 492)
09-02 11:13:45.266 24978 24978 D DpmAnalyzer: analyze: frame=480x640, roi=Rect(67, 147 - 412, 492), focus=FOCUSED, mode=SCAN
09-02 11:13:45.266 24978 24978 D DpmAnalyzer: analyze: THROTTLED by timing gate
09-02 11:13:45.266 24978 24978 D DpmFrameAnalyzer: analyze: result status=THROTTLED, code=null, source=null
09-02 11:13:45.284 24978 25317 D DpmFrameAnalyzer: analyze: frame received, format=35, size=640x480, rotation=90
09-02 11:13:45.303 24978 25317 D DpmFrameAnalyzer: analyze: bitmap converted, size=480x640, scanRoi=Rect(67, 147 - 412, 492)
09-02 11:13:45.304 24978 24978 D DpmAnalyzer: analyze: frame=480x640, roi=Rect(67, 147 - 412, 492), focus=FOCUSED, mode=SCAN
09-02 11:13:45.304 24978 24978 D DpmAnalyzer: analyze: THROTTLED by timing gate
09-02 11:13:45.304 24978 24978 D DpmFrameAnalyzer: analyze: result status=THROTTLED, code=null, source=null
09-02 11:13:45.325 24978 25317 D DpmFrameAnalyzer: analyze: frame received, format=35, size=640x480, rotation=90
09-02 11:13:45.345 24978 25317 D DpmFrameAnalyzer: analyze: bitmap converted, size=480x640, scanRoi=Rect(67, 147 - 412, 492)
09-02 11:13:45.346 24978 24978 D DpmAnalyzer: analyze: frame=480x640, roi=Rect(67, 147 - 412, 492), focus=FOCUSED, mode=SCAN
09-02 11:13:45.346 24978 24978 D DpmAnalyzer: analyze: THROTTLED by timing gate
09-02 11:13:45.346 24978 24978 D DpmFrameAnalyzer: analyze: result status=THROTTLED, code=null, source=null
09-02 11:13:45.365 24978 25317 D DpmFrameAnalyzer: analyze: frame received, format=35, size=640x480, rotation=90
09-02 11:13:45.389 24978 25317 D DpmFrameAnalyzer: analyze: bitmap converted, size=480x640, scanRoi=Rect(67, 147 - 412, 492)
09-02 11:13:45.390 24978 24978 D DpmAnalyzer: analyze: frame=480x640, roi=Rect(67, 147 - 412, 492), focus=FOCUSED, mode=SCAN
09-02 11:13:45.390 24978 24978 D DpmAnalyzer: analyze: THROTTLED by timing gate
09-02 11:13:45.390 24978 24978 D DpmFrameAnalyzer: analyze: result status=THROTTLED, code=null, source=null
09-02 11:13:45.407 24978 25317 D DpmFrameAnalyzer: analyze: frame received, format=35, size=640x480, rotation=90
09-02 11:13:45.426 24978 25317 D DpmFrameAnalyzer: analyze: bitmap converted, size=480x640, scanRoi=Rect(67, 147 - 412, 492)
09-02 11:13:45.427 24978 24978 D DpmAnalyzer: analyze: frame=480x640, roi=Rect(67, 147 - 412, 492), focus=FOCUSED, mode=SCAN
09-02 11:13:45.427 24978 24978 D DpmAnalyzer: analyze: THROTTLED by timing gate
09-02 11:13:45.427 24978 24978 D DpmFrameAnalyzer: analyze: result status=THROTTLED, code=null, source=null
09-02 11:13:45.441 24978 25317 D DpmFrameAnalyzer: analyze: frame received, format=35, size=640x480, rotation=90
09-02 11:13:45.466 24978 25317 D DpmFrameAnalyzer: analyze: bitmap converted, size=480x640, scanRoi=Rect(67, 147 - 412, 492)
09-02 11:13:45.467 24978 24978 D DpmAnalyzer: analyze: frame=480x640, roi=Rect(67, 147 - 412, 492), focus=FOCUSED, mode=SCAN
09-02 11:13:45.467 24978 24978 D DpmAnalyzer: analyze: starting performMultiStrategyDecode
09-02 11:13:45.467 24978 24978 D DpmAnalyzer: performMultiStrategyDecode: frame=480x640, roi=Rect(67, 147 - 412, 492), strategies=1
09-02 11:13:45.473 24978 24978 D DpmAnalyzer: Stage1: ROI 345x345 → scaled 345x345
09-02 11:13:45.489 24978 25317 D DpmFrameAnalyzer: analyze: frame received, format=35, size=640x480, rotation=90
09-02 11:13:45.528 24978 25317 D DpmFrameAnalyzer: analyze: bitmap converted, size=480x640, scanRoi=Rect(67, 147 - 412, 492)
09-02 11:13:45.528 24978 24978 D DpmAnalyzer: analyze: frame=480x640, roi=Rect(67, 147 - 412, 492), focus=FOCUSED, mode=SCAN
09-02 11:13:45.528 24978 24978 D DpmAnalyzer: analyze: THROTTLED (already running)
09-02 11:13:45.528 24978 24978 D DpmFrameAnalyzer: analyze: result status=THROTTLED, code=null, source=null
09-02 11:13:45.529 24978 25317 D DpmFrameAnalyzer: analyze: frame received, format=35, size=640x480, rotation=90
09-02 11:13:45.548 24978 24978 D DpmAnalyzer: Stage1: MISS
09-02 11:13:45.548 24978 24978 D DpmAnalyzer: scanRoi present, skipping full-image stages
09-02 11:13:45.549 24978 24978 D DpmAnalyzer: analyze: decodedCode=null
09-02 11:13:45.549 24978 24978 D DpmFrameAnalyzer: analyze: result status=NO_CODE, code=null, source=null
09-02 11:13:45.552 24978 25317 D DpmFrameAnalyzer: analyze: bitmap converted, size=480x640, scanRoi=Rect(67, 147 - 412, 492)
09-02 11:13:45.553 24978 24978 D DpmAnalyzer: analyze: frame=480x640, roi=Rect(67, 147 - 412, 492), focus=FOCUSED, mode=SCAN
09-02 11:13:45.553 24978 24978 D DpmAnalyzer: analyze: THROTTLED by timing gate
09-02 11:13:45.553 24978 24978 D DpmFrameAnalyzer: analyze: result status=THROTTLED, code=null, source=null
09-02 11:13:45.563 24978 25317 D DpmFrameAnalyzer: analyze: frame received, format=35, size=640x480, rotation=90
09-02 11:13:45.581 24978 25317 D DpmFrameAnalyzer: analyze: bitmap converted, size=480x640, scanRoi=Rect(67, 147 - 412, 492)
09-02 11:13:45.581 24978 24978 D DpmAnalyzer: analyze: frame=480x640, roi=Rect(67, 147 - 412, 492), focus=FOCUSED, mode=SCAN
09-02 11:13:45.581 24978 24978 D DpmAnalyzer: analyze: THROTTLED by timing gate
09-02 11:13:45.581 24978 24978 D DpmFrameAnalyzer: analyze: result status=THROTTLED, code=null, source=null
09-02 11:13:45.597 24978 25317 D DpmFrameAnalyzer: analyze: frame received, format=35, size=640x480, rotation=90
09-02 11:13:45.617 24978 25317 D DpmFrameAnalyzer: analyze: bitmap converted, size=480x640, scanRoi=Rect(67, 147 - 412, 492)
09-02 11:13:45.618 24978 24978 D DpmAnalyzer: analyze: frame=480x640, roi=Rect(67, 147 - 412, 492), focus=FOCUSED, mode=SCAN
09-02 11:13:45.618 24978 24978 D DpmAnalyzer: analyze: THROTTLED by timing gate
09-02 11:13:45.618 24978 24978 D DpmFrameAnalyzer: analyze: result status=THROTTLED, code=null, source=null
09-02 11:13:45.637 24978 25317 D DpmFrameAnalyzer: analyze: frame received, format=35, size=640x480, rotation=90
09-02 11:13:45.657 24978 25317 D DpmFrameAnalyzer: analyze: bitmap converted, size=480x640, scanRoi=Rect(67, 147 - 412, 492)
09-02 11:13:45.657 24978 24978 D DpmAnalyzer: analyze: frame=480x640, roi=Rect(67, 147 - 412, 492), focus=FOCUSED, mode=SCAN
09-02 11:13:45.657 24978 24978 D DpmAnalyzer: analyze: THROTTLED by timing gate
09-02 11:13:45.658 24978 24978 D DpmFrameAnalyzer: analyze: result status=THROTTLED, code=null, source=null
09-02 11:13:45.683 24978 25317 D DpmFrameAnalyzer: analyze: frame received, format=35, size=640x480, rotation=90
09-02 11:13:45.706 24978 25317 D DpmFrameAnalyzer: analyze: bitmap converted, size=480x640, scanRoi=Rect(67, 147 - 412, 492)
09-02 11:13:45.707 24978 24978 D DpmAnalyzer: analyze: frame=480x640, roi=Rect(67, 147 - 412, 492), focus=FOCUSED, mode=SCAN
09-02 11:13:45.707 24978 24978 D DpmAnalyzer: analyze: THROTTLED by timing gate
09-02 11:13:45.707 24978 24978 D DpmFrameAnalyzer: analyze: result status=THROTTLED, code=null, source=null
09-02 11:13:45.723 24978 25317 D DpmFrameAnalyzer: analyze: frame received, format=35, size=640x480, rotation=90
09-02 11:13:45.749 24978 25317 D DpmFrameAnalyzer: analyze: bitmap converted, size=480x640, scanRoi=Rect(67, 147 - 412, 492)
09-02 11:13:45.750 24978 24978 D DpmAnalyzer: analyze: frame=480x640, roi=Rect(67, 147 - 412, 492), focus=FOCUSED, mode=SCAN
09-02 11:13:45.750 24978 24978 D DpmAnalyzer: analyze: starting performMultiStrategyDecode
09-02 11:13:45.750 24978 24978 D DpmAnalyzer: performMultiStrategyDecode: frame=480x640, roi=Rect(67, 147 - 412, 492), strategies=1
09-02 11:13:45.758 24978 24978 D DpmAnalyzer: Stage1: ROI 345x345 → scaled 345x345
09-02 11:13:45.763 24978 25317 D DpmFrameAnalyzer: analyze: frame received, format=35, size=640x480, rotation=90
09-02 11:13:45.786 24978 25317 D DpmFrameAnalyzer: analyze: bitmap converted, size=480x640, scanRoi=Rect(67, 147 - 412, 492)
09-02 11:13:45.787 24978 24978 D DpmAnalyzer: analyze: frame=480x640, roi=Rect(67, 147 - 412, 492), focus=FOCUSED, mode=SCAN
09-02 11:13:45.787 24978 24978 D DpmAnalyzer: analyze: THROTTLED (already running)
09-02 11:13:45.787 24978 24978 D DpmFrameAnalyzer: analyze: result status=THROTTLED, code=null, source=null
09-02 11:13:45.795 24978 25317 D DpmFrameAnalyzer: analyze: frame received, format=35, size=640x480, rotation=90
09-02 11:13:45.803 24978 24978 D DpmAnalyzer: Stage1: MISS
09-02 11:13:45.803 24978 24978 D DpmAnalyzer: scanRoi present, skipping full-image stages
09-02 11:13:45.803 24978 24978 D DpmAnalyzer: analyze: decodedCode=null
09-02 11:13:45.803 24978 24978 D DpmFrameAnalyzer: analyze: result status=NO_CODE, code=null, source=null
09-02 11:13:45.818 24978 25317 D DpmFrameAnalyzer: analyze: bitmap converted, size=480x640, scanRoi=Rect(67, 147 - 412, 492)
09-02 11:13:45.819 24978 24978 D DpmAnalyzer: analyze: frame=480x640, roi=Rect(67, 147 - 412, 492), focus=FOCUSED, mode=SCAN
09-02 11:13:45.819 24978 24978 D DpmAnalyzer: analyze: THROTTLED by timing gate
09-02 11:13:45.819 24978 24978 D DpmFrameAnalyzer: analyze: result status=THROTTLED, code=null, source=null
09-02 11:13:45.835 24978 25317 D DpmFrameAnalyzer: analyze: frame received, format=35, size=640x480, rotation=90
09-02 11:13:45.854 24978 25317 D DpmFrameAnalyzer: analyze: bitmap converted, size=480x640, scanRoi=Rect(67, 147 - 412, 492)
09-02 11:13:45.855 24978 24978 D DpmAnalyzer: analyze: frame=480x640, roi=Rect(67, 147 - 412, 492), focus=FOCUSED, mode=SCAN
09-02 11:13:45.855 24978 24978 D DpmAnalyzer: analyze: THROTTLED by timing gate
09-02 11:13:45.855 24978 24978 D DpmFrameAnalyzer: analyze: result status=THROTTLED, code=null, source=null
09-02 11:13:45.874 24978 25317 D DpmFrameAnalyzer: analyze: frame received, format=35, size=640x480, rotation=90
09-02 11:13:45.894 24978 25317 D DpmFrameAnalyzer: analyze: bitmap converted, size=480x640, scanRoi=Rect(67, 147 - 412, 492)
09-02 11:13:45.895 24978 24978 D DpmAnalyzer: analyze: frame=480x640, roi=Rect(67, 147 - 412, 492), focus=FOCUSED, mode=SCAN
09-02 11:13:45.895 24978 24978 D DpmAnalyzer: analyze: THROTTLED by timing gate
09-02 11:13:45.895 24978 24978 D DpmFrameAnalyzer: analyze: result status=THROTTLED, code=null, source=null
09-02 11:13:45.909 24978 25317 D DpmFrameAnalyzer: analyze: frame received, format=35, size=640x480, rotation=90
09-02 11:13:45.929 24978 25317 D DpmFrameAnalyzer: analyze: bitmap converted, size=480x640, scanRoi=Rect(67, 147 - 412, 492)
09-02 11:13:45.931 24978 24978 D DpmAnalyzer: analyze: frame=480x640, roi=Rect(67, 147 - 412, 492), focus=FOCUSED, mode=SCAN
09-02 11:13:45.931 24978 24978 D DpmAnalyzer: analyze: THROTTLED by timing gate
09-02 11:13:45.931 24978 24978 D DpmFrameAnalyzer: analyze: result status=THROTTLED, code=null, source=null
09-02 11:13:45.957 24978 25317 D DpmFrameAnalyzer: analyze: frame received, format=35, size=640x480, rotation=90
09-02 11:13:45.982 24978 25317 D DpmFrameAnalyzer: analyze: bitmap converted, size=480x640, scanRoi=Rect(67, 147 - 412, 492)
09-02 11:13:45.983 24978 24978 D DpmAnalyzer: analyze: frame=480x640, roi=Rect(67, 147 - 412, 492), focus=FOCUSED, mode=SCAN
09-02 11:13:45.983 24978 24978 D DpmAnalyzer: analyze: THROTTLED by timing gate
09-02 11:13:45.984 24978 24978 D DpmFrameAnalyzer: analyze: result status=THROTTLED, code=null, source=null
09-02 11:13:45.994 24978 25317 D DpmFrameAnalyzer: analyze: frame received, format=35, size=640x480, rotation=90
09-02 11:13:46.016 24978 25317 D DpmFrameAnalyzer: analyze: bitmap converted, size=480x640, scanRoi=Rect(67, 147 - 412, 492)
09-02 11:13:46.017 24978 24978 D DpmAnalyzer: analyze: frame=480x640, roi=Rect(67, 147 - 412, 492), focus=FOCUSED, mode=SCAN
09-02 11:13:46.017 24978 24978 D DpmAnalyzer: analyze: starting performMultiStrategyDecode
09-02 11:13:46.017 24978 24978 D DpmAnalyzer: performMultiStrategyDecode: frame=480x640, roi=Rect(67, 147 - 412, 492), strategies=1
09-02 11:13:46.023 24978 24978 D DpmAnalyzer: Stage1: ROI 345x345 → scaled 345x345
09-02 11:13:46.040 24978 25317 D DpmFrameAnalyzer: analyze: frame received, format=35, size=640x480, rotation=90
09-02 11:13:46.063 24978 25317 D DpmFrameAnalyzer: analyze: bitmap converted, size=480x640, scanRoi=Rect(67, 147 - 412, 492)
09-02 11:13:46.066 24978 24978 D DpmAnalyzer: analyze: frame=480x640, roi=Rect(67, 147 - 412, 492), focus=FOCUSED, mode=SCAN
09-02 11:13:46.066 24978 24978 D DpmAnalyzer: analyze: THROTTLED (already running)
09-02 11:13:46.066 24978 24978 D DpmFrameAnalyzer: analyze: result status=THROTTLED, code=null, source=null
09-02 11:13:46.077 24978 25317 D DpmFrameAnalyzer: analyze: frame received, format=35, size=640x480, rotation=90
09-02 11:13:46.095 24978 24978 D DpmAnalyzer: Stage1: MISS
09-02 11:13:46.095 24978 24978 D DpmAnalyzer: scanRoi present, skipping full-image stages
09-02 11:13:46.095 24978 24978 D DpmAnalyzer: analyze: decodedCode=null
09-02 11:13:46.095 24978 24978 D DpmFrameAnalyzer: analyze: result status=NO_CODE, code=null, source=null
09-02 11:13:46.100 24978 25317 D DpmFrameAnalyzer: analyze: bitmap converted, size=480x640, scanRoi=Rect(67, 147 - 412, 492)
09-02 11:13:46.101 24978 24978 D DpmAnalyzer: analyze: frame=480x640, roi=Rect(67, 147 - 412, 492), focus=FOCUSED, mode=SCAN
09-02 11:13:46.101 24978 24978 D DpmAnalyzer: analyze: THROTTLED by timing gate
09-02 11:13:46.101 24978 24978 D DpmFrameAnalyzer: analyze: result status=THROTTLED, code=null, source=null
09-02 11:13:46.110 24978 25317 D DpmFrameAnalyzer: analyze: frame received, format=35, size=640x480, rotation=90
09-02 11:13:46.128 24978 25317 D DpmFrameAnalyzer: analyze: bitmap converted, size=480x640, scanRoi=Rect(67, 147 - 412, 492)
09-02 11:13:46.129 24978 24978 D DpmAnalyzer: analyze: frame=480x640, roi=Rect(67, 147 - 412, 492), focus=FOCUSED, mode=SCAN
09-02 11:13:46.129 24978 24978 D DpmAnalyzer: analyze: THROTTLED by timing gate
09-02 11:13:46.129 24978 24978 D DpmFrameAnalyzer: analyze: result status=THROTTLED, code=null, source=null
09-02 11:13:46.149 24978 25317 D DpmFrameAnalyzer: analyze: frame received, format=35, size=640x480, rotation=90
09-02 11:13:46.170 24978 25317 D DpmFrameAnalyzer: analyze: bitmap converted, size=480x640, scanRoi=Rect(67, 147 - 412, 492)
09-02 11:13:46.171 24978 24978 D DpmAnalyzer: analyze: frame=480x640, roi=Rect(67, 147 - 412, 492), focus=FOCUSED, mode=SCAN
09-02 11:13:46.171 24978 24978 D DpmAnalyzer: analyze: THROTTLED by timing gate
09-02 11:13:46.171 24978 24978 D DpmFrameAnalyzer: analyze: result status=THROTTLED, code=null, source=null
09-02 11:13:46.183 24978 25317 D DpmFrameAnalyzer: analyze: frame received, format=35, size=640x480, rotation=90
09-02 11:13:46.206 24978 25317 D DpmFrameAnalyzer: analyze: bitmap converted, size=480x640, scanRoi=Rect(67, 147 - 412, 492)
09-02 11:13:46.206 24978 24978 D DpmAnalyzer: analyze: frame=480x640, roi=Rect(67, 147 - 412, 492), focus=FOCUSED, mode=SCAN
09-02 11:13:46.207 24978 24978 D DpmAnalyzer: analyze: THROTTLED by timing gate
09-02 11:13:46.207 24978 24978 D DpmFrameAnalyzer: analyze: result status=THROTTLED, code=null, source=null
09-02 11:13:46.223 24978 25317 D DpmFrameAnalyzer: analyze: frame received, format=35, size=640x480, rotation=90
09-02 11:13:46.248 24978 25317 D DpmFrameAnalyzer: analyze: bitmap converted, size=480x640, scanRoi=Rect(67, 147 - 412, 492)
09-02 11:13:46.249 24978 24978 D DpmAnalyzer: analyze: frame=480x640, roi=Rect(67, 147 - 412, 492), focus=FOCUSED, mode=SCAN
09-02 11:13:46.249 24978 24978 D DpmAnalyzer: analyze: THROTTLED by timing gate
09-02 11:13:46.250 24978 24978 D DpmFrameAnalyzer: analyze: result status=THROTTLED, code=null, source=null
09-02 11:13:46.268 24978 25317 D DpmFrameAnalyzer: analyze: frame received, format=35, size=640x480, rotation=90
09-02 11:13:46.299 24978 25317 D DpmFrameAnalyzer: analyze: bitmap converted, size=480x640, scanRoi=Rect(67, 147 - 412, 492)
09-02 11:13:46.300 24978 24978 D DpmAnalyzer: analyze: frame=480x640, roi=Rect(67, 147 - 412, 492), focus=FOCUSED, mode=SCAN
09-02 11:13:46.300 24978 24978 D DpmAnalyzer: analyze: starting performMultiStrategyDecode
09-02 11:13:46.300 24978 24978 D DpmAnalyzer: performMultiStrategyDecode: frame=480x640, roi=Rect(67, 147 - 412, 492), strategies=1
09-02 11:13:46.303 24978 24978 D DpmAnalyzer: Stage1: ROI 345x345 → scaled 345x345
09-02 11:13:46.315 24978 25317 D DpmFrameAnalyzer: analyze: frame received, format=35, size=640x480, rotation=90
09-02 11:13:46.336 24978 25317 D DpmFrameAnalyzer: analyze: bitmap converted, size=480x640, scanRoi=Rect(67, 147 - 412, 492)
09-02 11:13:46.336 24978 24978 D DpmAnalyzer: analyze: frame=480x640, roi=Rect(67, 147 - 412, 492), focus=FOCUSED, mode=SCAN
09-02 11:13:46.336 24978 24978 D DpmAnalyzer: analyze: THROTTLED (already running)
09-02 11:13:46.336 24978 24978 D DpmFrameAnalyzer: analyze: result status=THROTTLED, code=null, source=null
09-02 11:13:46.350 24978 25317 D DpmFrameAnalyzer: analyze: frame received, format=35, size=640x480, rotation=90
09-02 11:13:46.356 24978 24978 D DpmAnalyzer: Stage1: MISS
09-02 11:13:46.356 24978 24978 D DpmAnalyzer: scanRoi present, skipping full-image stages
09-02 11:13:46.356 24978 24978 D DpmAnalyzer: analyze: decodedCode=null
09-02 11:13:46.356 24978 24978 D DpmFrameAnalyzer: analyze: result status=NO_CODE, code=null, source=null
09-02 11:13:46.367 24978 25317 D DpmFrameAnalyzer: analyze: bitmap converted, size=480x640, scanRoi=Rect(67, 147 - 412, 492)
09-02 11:13:46.367 24978 24978 D DpmAnalyzer: analyze: frame=480x640, roi=Rect(67, 147 - 412, 492), focus=FOCUSED, mode=SCAN
09-02 11:13:46.367 24978 24978 D DpmAnalyzer: analyze: THROTTLED by timing gate
09-02 11:13:46.367 24978 24978 D DpmFrameAnalyzer: analyze: result status=THROTTLED, code=null, source=null
09-02 11:13:46.383 24978 25317 D DpmFrameAnalyzer: analyze: frame received, format=35, size=640x480, rotation=90
09-02 11:13:46.405 24978 25317 D DpmFrameAnalyzer: analyze: bitmap converted, size=480x640, scanRoi=Rect(67, 147 - 412, 492)
09-02 11:13:46.405 24978 24978 D DpmAnalyzer: analyze: frame=480x640, roi=Rect(67, 147 - 412, 492), focus=FOCUSED, mode=SCAN
09-02 11:13:46.405 24978 24978 D DpmAnalyzer: analyze: THROTTLED by timing gate
09-02 11:13:46.405 24978 24978 D DpmFrameAnalyzer: analyze: result status=THROTTLED, code=null, source=null
09-02 11:13:46.424 24978 25317 D DpmFrameAnalyzer: analyze: frame received, format=35, size=640x480, rotation=90
09-02 11:13:46.450 24978 25317 D DpmFrameAnalyzer: analyze: bitmap converted, size=480x640, scanRoi=Rect(67, 147 - 412, 492)
09-02 11:13:46.451 24978 24978 D DpmAnalyzer: analyze: frame=480x640, roi=Rect(67, 147 - 412, 492), focus=FOCUSED, mode=SCAN
09-02 11:13:46.451 24978 24978 D DpmAnalyzer: analyze: THROTTLED by timing gate
09-02 11:13:46.451 24978 24978 D DpmFrameAnalyzer: analyze: result status=THROTTLED, code=null, source=null
09-02 11:13:46.465 24978 25317 D DpmFrameAnalyzer: analyze: frame received, format=35, size=640x480, rotation=90
09-02 11:13:46.495 24978 25317 D DpmFrameAnalyzer: analyze: bitmap converted, size=480x640, scanRoi=Rect(67, 147 - 412, 492)
09-02 11:13:46.500 24978 24978 D DpmAnalyzer: analyze: frame=480x640, roi=Rect(67, 147 - 412, 492), focus=FOCUSED, mode=SCAN
09-02 11:13:46.500 24978 24978 D DpmAnalyzer: analyze: THROTTLED by timing gate
09-02 11:13:46.500 24978 24978 D DpmFrameAnalyzer: analyze: result status=THROTTLED, code=null, source=null
09-02 11:13:46.509 24978 25317 D DpmFrameAnalyzer: analyze: frame received, format=35, size=640x480, rotation=90
09-02 11:13:46.535 24978 25317 D DpmFrameAnalyzer: analyze: bitmap converted, size=480x640, scanRoi=Rect(67, 147 - 412, 492)
09-02 11:13:46.535 24978 24978 D DpmAnalyzer: analyze: frame=480x640, roi=Rect(67, 147 - 412, 492), focus=FOCUSED, mode=SCAN
09-02 11:13:46.535 24978 24978 D DpmAnalyzer: analyze: THROTTLED by timing gate
09-02 11:13:46.535 24978 24978 D DpmFrameAnalyzer: analyze: result status=THROTTLED, code=null, source=null
09-02 11:13:46.544 24978 25317 D DpmFrameAnalyzer: analyze: frame received, format=35, size=640x480, rotation=90
09-02 11:13:46.568 24978 25317 D DpmFrameAnalyzer: analyze: bitmap converted, size=480x640, scanRoi=Rect(67, 147 - 412, 492)
09-02 11:13:46.569 24978 24978 D DpmAnalyzer: analyze: frame=480x640, roi=Rect(67, 147 - 412, 492), focus=FOCUSED, mode=SCAN
09-02 11:13:46.569 24978 24978 D DpmAnalyzer: analyze: starting performMultiStrategyDecode
09-02 11:13:46.570 24978 24978 D DpmAnalyzer: performMultiStrategyDecode: frame=480x640, roi=Rect(67, 147 - 412, 492), strategies=1
09-02 11:13:46.574 24978 24978 D DpmAnalyzer: Stage1: ROI 345x345 → scaled 345x345
09-02 11:13:46.589 24978 25317 D DpmFrameAnalyzer: analyze: frame received, format=35, size=640x480, rotation=90
09-02 11:13:46.615 24978 25317 D DpmFrameAnalyzer: analyze: bitmap converted, size=480x640, scanRoi=Rect(67, 147 - 412, 492)
09-02 11:13:46.618 24978 24978 D DpmAnalyzer: analyze: frame=480x640, roi=Rect(67, 147 - 412, 492), focus=FOCUSED, mode=SCAN
09-02 11:13:46.618 24978 24978 D DpmAnalyzer: analyze: THROTTLED (already running)
09-02 11:13:46.618 24978 24978 D DpmFrameAnalyzer: analyze: result status=THROTTLED, code=null, source=null
09-02 11:13:46.624 24978 25317 D DpmFrameAnalyzer: analyze: frame received, format=35, size=640x480, rotation=90
09-02 11:13:46.633 24978 24978 D DpmAnalyzer: Stage1: MISS
09-02 11:13:46.633 24978 24978 D DpmAnalyzer: scanRoi present, skipping full-image stages
09-02 11:13:46.633 24978 24978 D DpmAnalyzer: analyze: decodedCode=null
09-02 11:13:46.633 24978 24978 D DpmFrameAnalyzer: analyze: result status=NO_CODE, code=null, source=null
09-02 11:13:46.646 24978 25317 D DpmFrameAnalyzer: analyze: bitmap converted, size=480x640, scanRoi=Rect(67, 147 - 412, 492)
09-02 11:13:46.647 24978 24978 D DpmAnalyzer: analyze: frame=480x640, roi=Rect(67, 147 - 412, 492), focus=FOCUSED, mode=SCAN
09-02 11:13:46.648 24978 24978 D DpmAnalyzer: analyze: THROTTLED by timing gate
09-02 11:13:46.648 24978 24978 D DpmFrameAnalyzer: analyze: result status=THROTTLED, code=null, source=null
09-02 11:13:46.655 24978 25317 D DpmFrameAnalyzer: analyze: frame received, format=35, size=640x480, rotation=90
09-02 11:13:46.679 24978 25317 D DpmFrameAnalyzer: analyze: bitmap converted, size=480x640, scanRoi=Rect(67, 147 - 412, 492)
09-02 11:13:46.682 24978 24978 D DpmAnalyzer: analyze: frame=480x640, roi=Rect(67, 147 - 412, 492), focus=FOCUSED, mode=SCAN
09-02 11:13:46.682 24978 24978 D DpmAnalyzer: analyze: THROTTLED by timing gate
09-02 11:13:46.682 24978 24978 D DpmFrameAnalyzer: analyze: result status=THROTTLED, code=null, source=null
09-02 11:13:46.691 24978 25317 D DpmFrameAnalyzer: analyze: frame received, format=35, size=640x480, rotation=90
09-02 11:13:46.713 24978 25317 D DpmFrameAnalyzer: analyze: bitmap converted, size=480x640, scanRoi=Rect(67, 147 - 412, 492)
09-02 11:13:46.716 24978 24978 D DpmAnalyzer: analyze: frame=480x640, roi=Rect(67, 147 - 412, 492), focus=FOCUSED, mode=SCAN
09-02 11:13:46.716 24978 24978 D DpmAnalyzer: analyze: THROTTLED by timing gate
09-02 11:13:46.716 24978 24978 D DpmFrameAnalyzer: analyze: result status=THROTTLED, code=null, source=null
09-02 11:13:46.744 24978 25317 D DpmFrameAnalyzer: analyze: frame received, format=35, size=640x480, rotation=90
09-02 11:13:46.768 24978 25317 D DpmFrameAnalyzer: analyze: bitmap converted, size=480x640, scanRoi=Rect(67, 147 - 412, 492)
09-02 11:13:46.773 24978 24978 D DpmAnalyzer: analyze: frame=480x640, roi=Rect(67, 147 - 412, 492), focus=FOCUSED, mode=SCAN
09-02 11:13:46.773 24978 24978 D DpmAnalyzer: analyze: THROTTLED by timing gate
09-02 11:13:46.773 24978 24978 D DpmFrameAnalyzer: analyze: result status=THROTTLED, code=null, source=null
09-02 11:13:46.776 24978 25317 D DpmFrameAnalyzer: analyze: frame received, format=35, size=640x480, rotation=90
09-02 11:13:46.801 24978 25317 D DpmFrameAnalyzer: analyze: bitmap converted, size=480x640, scanRoi=Rect(67, 147 - 412, 492)
09-02 11:13:46.804 24978 24978 D DpmAnalyzer: analyze: frame=480x640, roi=Rect(67, 147 - 412, 492), focus=FOCUSED, mode=SCAN
09-02 11:13:46.804 24978 24978 D DpmAnalyzer: analyze: THROTTLED by timing gate
09-02 11:13:46.804 24978 24978 D DpmFrameAnalyzer: analyze: result status=THROTTLED, code=null, source=null
09-02 11:13:46.820 24978 25317 D DpmFrameAnalyzer: analyze: frame received, format=35, size=640x480, rotation=90
09-02 11:13:46.841 24978 25317 D DpmFrameAnalyzer: analyze: bitmap converted, size=480x640, scanRoi=Rect(67, 147 - 412, 492)
09-02 11:13:46.842 24978 24978 D DpmAnalyzer: analyze: frame=480x640, roi=Rect(67, 147 - 412, 492), focus=FOCUSED, mode=SCAN
09-02 11:13:46.842 24978 24978 D DpmAnalyzer: analyze: starting performMultiStrategyDecode
09-02 11:13:46.842 24978 24978 D DpmAnalyzer: performMultiStrategyDecode: frame=480x640, roi=Rect(67, 147 - 412, 492), strategies=1
09-02 11:13:46.847 24978 24978 D DpmAnalyzer: Stage1: ROI 345x345 → scaled 345x345
09-02 11:13:46.859 24978 25317 D DpmFrameAnalyzer: analyze: frame received, format=35, size=640x480, rotation=90
09-02 11:13:46.884 24978 25317 D DpmFrameAnalyzer: analyze: bitmap converted, size=480x640, scanRoi=Rect(67, 147 - 412, 492)
09-02 11:13:46.887 24978 24978 D DpmAnalyzer: analyze: frame=480x640, roi=Rect(67, 147 - 412, 492), focus=FOCUSED, mode=SCAN
09-02 11:13:46.887 24978 24978 D DpmAnalyzer: analyze: THROTTLED (already running)
09-02 11:13:46.887 24978 24978 D DpmFrameAnalyzer: analyze: result status=THROTTLED, code=null, source=null
09-02 11:13:46.891 24978 25317 D DpmFrameAnalyzer: analyze: frame received, format=35, size=640x480, rotation=90
09-02 11:13:46.905 24978 24978 D DpmAnalyzer: Stage1: MISS
09-02 11:13:46.905 24978 24978 D DpmAnalyzer: scanRoi present, skipping full-image stages
09-02 11:13:46.905 24978 24978 D DpmAnalyzer: analyze: decodedCode=null
09-02 11:13:46.905 24978 24978 D DpmFrameAnalyzer: analyze: result status=NO_CODE, code=null, source=null
09-02 11:13:46.910 24978 25317 D DpmFrameAnalyzer: analyze: bitmap converted, size=480x640, scanRoi=Rect(67, 147 - 412, 492)
09-02 11:13:46.910 24978 24978 D DpmAnalyzer: analyze: frame=480x640, roi=Rect(67, 147 - 412, 492), focus=FOCUSED, mode=SCAN
09-02 11:13:46.910 24978 24978 D DpmAnalyzer: analyze: THROTTLED by timing gate
09-02 11:13:46.910 24978 24978 D DpmFrameAnalyzer: analyze: result status=THROTTLED, code=null, source=null
09-02 11:13:46.928 24978 25317 D DpmFrameAnalyzer: analyze: frame received, format=35, size=640x480, rotation=90
09-02 11:13:46.943 24978 25317 D DpmFrameAnalyzer: analyze: bitmap converted, size=480x640, scanRoi=Rect(67, 147 - 412, 492)
09-02 11:13:46.944 24978 24978 D DpmAnalyzer: analyze: frame=480x640, roi=Rect(67, 147 - 412, 492), focus=FOCUSED, mode=SCAN
09-02 11:13:46.944 24978 24978 D DpmAnalyzer: analyze: THROTTLED by timing gate
09-02 11:13:46.944 24978 24978 D DpmFrameAnalyzer: analyze: result status=THROTTLED, code=null, source=null
09-02 11:13:46.968 24978 25317 D DpmFrameAnalyzer: analyze: frame received, format=35, size=640x480, rotation=90
09-02 11:13:46.991 24978 25317 D DpmFrameAnalyzer: analyze: bitmap converted, size=480x640, scanRoi=Rect(67, 147 - 412, 492)
09-02 11:13:46.992 24978 24978 D DpmAnalyzer: analyze: frame=480x640, roi=Rect(67, 147 - 412, 492), focus=FOCUSED, mode=SCAN
09-02 11:13:46.992 24978 24978 D DpmAnalyzer: analyze: THROTTLED by timing gate
09-02 11:13:46.992 24978 24978 D DpmFrameAnalyzer: analyze: result status=THROTTLED, code=null, source=null
09-02 11:13:47.008 24978 25317 D DpmFrameAnalyzer: analyze: frame received, format=35, size=640x480, rotation=90
09-02 11:13:47.034 24978 25317 D DpmFrameAnalyzer: analyze: bitmap converted, size=480x640, scanRoi=Rect(67, 147 - 412, 492)
09-02 11:13:47.036 24978 24978 D DpmAnalyzer: analyze: frame=480x640, roi=Rect(67, 147 - 412, 492), focus=FOCUSED, mode=SCAN
09-02 11:13:47.036 24978 24978 D DpmAnalyzer: analyze: THROTTLED by timing gate
09-02 11:13:47.036 24978 24978 D DpmFrameAnalyzer: analyze: result status=THROTTLED, code=null, source=null
09-02 11:13:47.056 24978 25317 D DpmFrameAnalyzer: analyze: frame received, format=35, size=640x480, rotation=90
09-02 11:13:47.082 24978 25317 D DpmFrameAnalyzer: analyze: bitmap converted, size=480x640, scanRoi=Rect(67, 147 - 412, 492)
09-02 11:13:47.085 24978 24978 D DpmAnalyzer: analyze: frame=480x640, roi=Rect(67, 147 - 412, 492), focus=FOCUSED, mode=SCAN
09-02 11:13:47.085 24978 24978 D DpmAnalyzer: analyze: THROTTLED by timing gate
09-02 11:13:47.085 24978 24978 D DpmFrameAnalyzer: analyze: result status=THROTTLED, code=null, source=null
09-02 11:13:47.093 24978 25317 D DpmFrameAnalyzer: analyze: frame received, format=35, size=640x480, rotation=90
09-02 11:13:47.115 24978 25317 D DpmFrameAnalyzer: analyze: bitmap converted, size=480x640, scanRoi=Rect(67, 147 - 412, 492)
09-02 11:13:47.116 24978 24978 D DpmAnalyzer: analyze: frame=480x640, roi=Rect(67, 147 - 412, 492), focus=FOCUSED, mode=SCAN
09-02 11:13:47.116 24978 24978 D DpmAnalyzer: analyze: starting performMultiStrategyDecode
09-02 11:13:47.116 24978 24978 D DpmAnalyzer: performMultiStrategyDecode: frame=480x640, roi=Rect(67, 147 - 412, 492), strategies=1
09-02 11:13:47.120 24978 24978 D DpmAnalyzer: Stage1: ROI 345x345 → scaled 345x345
09-02 11:13:47.147 24978 25317 D DpmFrameAnalyzer: analyze: frame received, format=35, size=640x480, rotation=90
09-02 11:13:47.176 24978 25317 D DpmFrameAnalyzer: analyze: bitmap converted, size=480x640, scanRoi=Rect(67, 147 - 412, 492)
09-02 11:13:47.176 24978 24978 D DpmAnalyzer: analyze: frame=480x640, roi=Rect(67, 147 - 412, 492), focus=FOCUSED, mode=SCAN
09-02 11:13:47.176 24978 24978 D DpmAnalyzer: analyze: THROTTLED (already running)
09-02 11:13:47.176 24978 24978 D DpmFrameAnalyzer: analyze: result status=THROTTLED, code=null, source=null
09-02 11:13:47.177 24978 25317 D DpmFrameAnalyzer: analyze: frame received, format=35, size=640x480, rotation=90
09-02 11:13:47.194 24978 24978 D DpmAnalyzer: Stage1: MISS
09-02 11:13:47.194 24978 24978 D DpmAnalyzer: scanRoi present, skipping full-image stages
09-02 11:13:47.194 24978 24978 D DpmAnalyzer: analyze: decodedCode=null
09-02 11:13:47.194 24978 24978 D DpmFrameAnalyzer: analyze: result status=NO_CODE, code=null, source=null
09-02 11:13:47.201 24978 25317 D DpmFrameAnalyzer: analyze: bitmap converted, size=480x640, scanRoi=Rect(67, 147 - 412, 492)
09-02 11:13:47.203 24978 24978 D DpmAnalyzer: analyze: frame=480x640, roi=Rect(67, 147 - 412, 492), focus=FOCUSED, mode=SCAN
09-02 11:13:47.203 24978 24978 D DpmAnalyzer: analyze: THROTTLED by timing gate
09-02 11:13:47.203 24978 24978 D DpmFrameAnalyzer: analyze: result status=THROTTLED, code=null, source=null
09-02 11:13:47.208 24978 25317 D DpmFrameAnalyzer: analyze: frame received, format=35, size=640x480, rotation=90
09-02 11:13:47.229 24978 25317 D DpmFrameAnalyzer: analyze: bitmap converted, size=480x640, scanRoi=Rect(67, 147 - 412, 492)
09-02 11:13:47.232 24978 24978 D DpmAnalyzer: analyze: frame=480x640, roi=Rect(67, 147 - 412, 492), focus=FOCUSED, mode=SCAN
09-02 11:13:47.232 24978 24978 D DpmAnalyzer: analyze: THROTTLED by timing gate
09-02 11:13:47.232 24978 24978 D DpmFrameAnalyzer: analyze: result status=THROTTLED, code=null, source=null
09-02 11:13:47.250 24978 25317 D DpmFrameAnalyzer: analyze: frame received, format=35, size=640x480, rotation=90
09-02 11:13:47.273 24978 25317 D DpmFrameAnalyzer: analyze: bitmap converted, size=480x640, scanRoi=Rect(67, 147 - 412, 492)
09-02 11:13:47.274 24978 24978 D DpmAnalyzer: analyze: frame=480x640, roi=Rect(67, 147 - 412, 492), focus=FOCUSED, mode=SCAN
09-02 11:13:47.274 24978 24978 D DpmAnalyzer: analyze: THROTTLED by timing gate
09-02 11:13:47.274 24978 24978 D DpmFrameAnalyzer: analyze: result status=THROTTLED, code=null, source=null
09-02 11:13:47.290 24978 25317 D DpmFrameAnalyzer: analyze: frame received, format=35, size=640x480, rotation=90
09-02 11:13:47.317 24978 25317 D DpmFrameAnalyzer: analyze: bitmap converted, size=480x640, scanRoi=Rect(67, 147 - 412, 492)
09-02 11:13:47.318 24978 24978 D DpmAnalyzer: analyze: frame=480x640, roi=Rect(67, 147 - 412, 492), focus=FOCUSED, mode=SCAN
09-02 11:13:47.318 24978 24978 D DpmAnalyzer: analyze: THROTTLED by timing gate
09-02 11:13:47.318 24978 24978 D DpmFrameAnalyzer: analyze: result status=THROTTLED, code=null, source=null
09-02 11:13:47.334 24978 25317 D DpmFrameAnalyzer: analyze: frame received, format=35, size=640x480, rotation=90
09-02 11:13:47.358 24978 25317 D DpmFrameAnalyzer: analyze: bitmap converted, size=480x640, scanRoi=Rect(67, 147 - 412, 492)
09-02 11:13:47.358 24978 24978 D DpmAnalyzer: analyze: frame=480x640, roi=Rect(67, 147 - 412, 492), focus=FOCUSED, mode=SCAN
09-02 11:13:47.358 24978 24978 D DpmAnalyzer: analyze: THROTTLED by timing gate
09-02 11:13:47.358 24978 24978 D DpmFrameAnalyzer: analyze: result status=THROTTLED, code=null, source=null
09-02 11:13:47.370 24978 25317 D DpmFrameAnalyzer: analyze: frame received, format=35, size=640x480, rotation=90
09-02 11:13:47.389 24978 25317 D DpmFrameAnalyzer: analyze: bitmap converted, size=480x640, scanRoi=Rect(67, 147 - 412, 492)
09-02 11:13:47.390 24978 24978 D DpmAnalyzer: analyze: frame=480x640, roi=Rect(67, 147 - 412, 492), focus=FOCUSED, mode=SCAN
09-02 11:13:47.390 24978 24978 D DpmAnalyzer: analyze: THROTTLED by timing gate
09-02 11:13:47.390 24978 24978 D DpmFrameAnalyzer: analyze: result status=THROTTLED, code=null, source=null
09-02 11:13:47.405 24978 25317 D DpmFrameAnalyzer: analyze: frame received, format=35, size=640x480, rotation=90
09-02 11:13:47.429 24978 25317 D DpmFrameAnalyzer: analyze: bitmap converted, size=480x640, scanRoi=Rect(67, 147 - 412, 492)
09-02 11:13:47.433 24978 24978 D DpmAnalyzer: analyze: frame=480x640, roi=Rect(67, 147 - 412, 492), focus=FOCUSED, mode=SCAN
09-02 11:13:47.433 24978 24978 D DpmAnalyzer: analyze: starting performMultiStrategyDecode
09-02 11:13:47.433 24978 24978 D DpmAnalyzer: performMultiStrategyDecode: frame=480x640, roi=Rect(67, 147 - 412, 492), strategies=1
09-02 11:13:47.436 24978 24978 D DpmAnalyzer: Stage1: ROI 345x345 → scaled 345x345
09-02 11:13:47.449 24978 25317 D DpmFrameAnalyzer: analyze: frame received, format=35, size=640x480, rotation=90
09-02 11:13:47.481 24978 25317 D DpmFrameAnalyzer: analyze: bitmap converted, size=480x640, scanRoi=Rect(67, 147 - 412, 492)
09-02 11:13:47.489 24978 24978 D DpmAnalyzer: analyze: frame=480x640, roi=Rect(67, 147 - 412, 492), focus=FOCUSED, mode=SCAN
09-02 11:13:47.489 24978 24978 D DpmAnalyzer: analyze: THROTTLED (already running)
09-02 11:13:47.490 24978 24978 D DpmFrameAnalyzer: analyze: result status=THROTTLED, code=null, source=null
09-02 11:13:47.492 24978 25317 D DpmFrameAnalyzer: analyze: frame received, format=35, size=640x480, rotation=90
09-02 11:13:47.512 24978 24978 D DpmAnalyzer: Stage1: MISS
09-02 11:13:47.512 24978 24978 D DpmAnalyzer: scanRoi present, skipping full-image stages
09-02 11:13:47.512 24978 24978 D DpmAnalyzer: analyze: decodedCode=null
09-02 11:13:47.512 24978 24978 D DpmFrameAnalyzer: analyze: result status=NO_CODE, code=null, source=null
09-02 11:13:47.515 24978 25317 D DpmFrameAnalyzer: analyze: bitmap converted, size=480x640, scanRoi=Rect(67, 147 - 412, 492)
09-02 11:13:47.517 24978 24978 D DpmAnalyzer: analyze: frame=480x640, roi=Rect(67, 147 - 412, 492), focus=FOCUSED, mode=SCAN
09-02 11:13:47.517 24978 24978 D DpmAnalyzer: analyze: THROTTLED by timing gate
09-02 11:13:47.517 24978 24978 D DpmFrameAnalyzer: analyze: result status=THROTTLED, code=null, source=null
09-02 11:13:47.526 24978 25317 D DpmFrameAnalyzer: analyze: frame received, format=35, size=640x480, rotation=90
09-02 11:13:47.545 24978 25317 D DpmFrameAnalyzer: analyze: bitmap converted, size=480x640, scanRoi=Rect(67, 147 - 412, 492)
09-02 11:13:47.547 24978 24978 D DpmAnalyzer: analyze: frame=480x640, roi=Rect(67, 147 - 412, 492), focus=FOCUSED, mode=SCAN
09-02 11:13:47.548 24978 24978 D DpmAnalyzer: analyze: THROTTLED by timing gate
09-02 11:13:47.548 24978 24978 D DpmFrameAnalyzer: analyze: result status=THROTTLED, code=null, source=null
09-02 11:13:47.555 24978 25317 D DpmFrameAnalyzer: analyze: frame received, format=35, size=640x480, rotation=90
09-02 11:13:47.576 24978 25317 D DpmFrameAnalyzer: analyze: bitmap converted, size=480x640, scanRoi=Rect(67, 147 - 412, 492)
09-02 11:13:47.576 24978 24978 D DpmAnalyzer: analyze: frame=480x640, roi=Rect(67, 147 - 412, 492), focus=FOCUSED, mode=SCAN
09-02 11:13:47.576 24978 24978 D DpmAnalyzer: analyze: THROTTLED by timing gate
09-02 11:13:47.576 24978 24978 D DpmFrameAnalyzer: analyze: result status=THROTTLED, code=null, source=null
09-02 11:13:47.604 24978 25317 D DpmFrameAnalyzer: analyze: frame received, format=35, size=640x480, rotation=90
09-02 11:13:47.638 24978 25317 D DpmFrameAnalyzer: analyze: bitmap converted, size=480x640, scanRoi=Rect(67, 147 - 412, 492)
09-02 11:13:47.640 24978 24978 D DpmAnalyzer: analyze: frame=480x640, roi=Rect(67, 147 - 412, 492), focus=FOCUSED, mode=SCAN
09-02 11:13:47.640 24978 24978 D DpmAnalyzer: analyze: THROTTLED by timing gate
09-02 11:13:47.640 24978 24978 D DpmFrameAnalyzer: analyze: result status=THROTTLED, code=null, source=null
09-02 11:13:47.652 24978 25317 D DpmFrameAnalyzer: analyze: frame received, format=35, size=640x480, rotation=90
09-02 11:13:47.680 24978 25317 D DpmFrameAnalyzer: analyze: bitmap converted, size=480x640, scanRoi=Rect(67, 147 - 412, 492)
09-02 11:13:47.683 24978 24978 D DpmAnalyzer: analyze: frame=480x640, roi=Rect(67, 147 - 412, 492), focus=FOCUSED, mode=SCAN
09-02 11:13:47.683 24978 24978 D DpmAnalyzer: analyze: THROTTLED by timing gate
09-02 11:13:47.683 24978 24978 D DpmFrameAnalyzer: analyze: result status=THROTTLED, code=null, source=null
09-02 11:13:47.684 24978 25317 D DpmFrameAnalyzer: analyze: frame received, format=35, size=640x480, rotation=90
09-02 11:13:47.706 24978 25317 D DpmFrameAnalyzer: analyze: bitmap converted, size=480x640, scanRoi=Rect(67, 147 - 412, 492)
09-02 11:13:47.706 24978 24978 D DpmAnalyzer: analyze: frame=480x640, roi=Rect(67, 147 - 412, 492), focus=FOCUSED, mode=SCAN
09-02 11:13:47.706 24978 24978 D DpmAnalyzer: analyze: THROTTLED by timing gate
09-02 11:13:47.706 24978 24978 D DpmFrameAnalyzer: analyze: result status=THROTTLED, code=null, source=null
09-02 11:13:47.722 24978 25317 D DpmFrameAnalyzer: analyze: frame received, format=35, size=640x480, rotation=90
09-02 11:13:47.745 24978 25317 D DpmFrameAnalyzer: analyze: bitmap converted, size=480x640, scanRoi=Rect(67, 147 - 412, 492)
09-02 11:13:47.752 24978 24978 D DpmAnalyzer: analyze: frame=480x640, roi=Rect(67, 147 - 412, 492), focus=FOCUSED, mode=SCAN
09-02 11:13:47.752 24978 24978 D DpmAnalyzer: analyze: starting performMultiStrategyDecode
09-02 11:13:47.752 24978 24978 D DpmAnalyzer: performMultiStrategyDecode: frame=480x640, roi=Rect(67, 147 - 412, 492), strategies=1
09-02 11:13:47.755 24978 24978 D DpmAnalyzer: Stage1: ROI 345x345 → scaled 345x345
09-02 11:13:47.761 24978 25317 D DpmFrameAnalyzer: analyze: frame received, format=35, size=640x480, rotation=90
09-02 11:13:47.791 24978 25317 D DpmFrameAnalyzer: analyze: bitmap converted, size=480x640, scanRoi=Rect(67, 147 - 412, 492)
09-02 11:13:47.791 24978 24978 D DpmAnalyzer: analyze: frame=480x640, roi=Rect(67, 147 - 412, 492), focus=FOCUSED, mode=SCAN
09-02 11:13:47.791 24978 24978 D DpmAnalyzer: analyze: THROTTLED (already running)
09-02 11:13:47.791 24978 24978 D DpmFrameAnalyzer: analyze: result status=THROTTLED, code=null, source=null
09-02 11:13:47.801 24978 25317 D DpmFrameAnalyzer: analyze: frame received, format=35, size=640x480, rotation=90
09-02 11:13:47.812 24978 24978 D DpmAnalyzer: Stage1: MISS
09-02 11:13:47.812 24978 24978 D DpmAnalyzer: scanRoi present, skipping full-image stages
09-02 11:13:47.812 24978 24978 D DpmAnalyzer: analyze: decodedCode=null
09-02 11:13:47.812 24978 24978 D DpmFrameAnalyzer: analyze: result status=NO_CODE, code=null, source=null
09-02 11:13:47.821 24978 25317 D DpmFrameAnalyzer: analyze: bitmap converted, size=480x640, scanRoi=Rect(67, 147 - 412, 492)
09-02 11:13:47.822 24978 24978 D DpmAnalyzer: analyze: frame=480x640, roi=Rect(67, 147 - 412, 492), focus=FOCUSED, mode=SCAN
09-02 11:13:47.822 24978 24978 D DpmAnalyzer: analyze: THROTTLED by timing gate
09-02 11:13:47.822 24978 24978 D DpmFrameAnalyzer: analyze: result status=THROTTLED, code=null, source=null
09-02 11:13:47.839 24978 25317 D DpmFrameAnalyzer: analyze: frame received, format=35, size=640x480, rotation=90
09-02 11:13:47.861 24978 25317 D DpmFrameAnalyzer: analyze: bitmap converted, size=480x640, scanRoi=Rect(67, 147 - 412, 492)
09-02 11:13:47.862 24978 24978 D DpmAnalyzer: analyze: frame=480x640, roi=Rect(67, 147 - 412, 492), focus=FOCUSED, mode=SCAN
09-02 11:13:47.862 24978 24978 D DpmAnalyzer: analyze: THROTTLED by timing gate
09-02 11:13:47.862 24978 24978 D DpmFrameAnalyzer: analyze: result status=THROTTLED, code=null, source=null
09-02 11:13:47.876 24978 25317 D DpmFrameAnalyzer: analyze: frame received, format=35, size=640x480, rotation=90
09-02 11:13:47.898 24978 25317 D DpmFrameAnalyzer: analyze: bitmap converted, size=480x640, scanRoi=Rect(67, 147 - 412, 492)
09-02 11:13:47.898 24978 24978 D DpmAnalyzer: analyze: frame=480x640, roi=Rect(67, 147 - 412, 492), focus=FOCUSED, mode=SCAN
09-02 11:13:47.898 24978 24978 D DpmAnalyzer: analyze: THROTTLED by timing gate
09-02 11:13:47.898 24978 24978 D DpmFrameAnalyzer: analyze: result status=THROTTLED, code=null, source=null
09-02 11:13:47.908 24978 25317 D DpmFrameAnalyzer: analyze: frame received, format=35, size=640x480, rotation=90
09-02 11:13:47.924 24978 25317 D DpmFrameAnalyzer: analyze: bitmap converted, size=480x640, scanRoi=Rect(67, 147 - 412, 492)
09-02 11:13:47.924 24978 24978 D DpmAnalyzer: analyze: frame=480x640, roi=Rect(67, 147 - 412, 492), focus=FOCUSED, mode=SCAN
09-02 11:13:47.924 24978 24978 D DpmAnalyzer: analyze: THROTTLED by timing gate
09-02 11:13:47.924 24978 24978 D DpmFrameAnalyzer: analyze: result status=THROTTLED, code=null, source=null
09-02 11:13:47.957 24978 25317 D DpmFrameAnalyzer: analyze: frame received, format=35, size=640x480, rotation=90
09-02 11:13:47.979 24978 25317 D DpmFrameAnalyzer: analyze: bitmap converted, size=480x640, scanRoi=Rect(67, 147 - 412, 492)
09-02 11:13:47.987 24978 24978 D DpmAnalyzer: analyze: frame=480x640, roi=Rect(67, 147 - 412, 492), focus=FOCUSED, mode=SCAN
09-02 11:13:47.987 24978 24978 D DpmAnalyzer: analyze: THROTTLED by timing gate
09-02 11:13:47.987 24978 24978 D DpmFrameAnalyzer: analyze: result status=THROTTLED, code=null, source=null
09-02 11:13:47.992 24978 25317 D DpmFrameAnalyzer: analyze: frame received, format=35, size=640x480, rotation=90
09-02 11:13:48.009 24978 25317 D DpmFrameAnalyzer: analyze: bitmap converted, size=480x640, scanRoi=Rect(67, 147 - 412, 492)
09-02 11:13:48.009 24978 24978 D DpmAnalyzer: analyze: frame=480x640, roi=Rect(67, 147 - 412, 492), focus=FOCUSED, mode=SCAN
09-02 11:13:48.010 24978 24978 D DpmAnalyzer: analyze: THROTTLED by timing gate
09-02 11:13:48.010 24978 24978 D DpmFrameAnalyzer: analyze: result status=THROTTLED, code=null, source=null
09-02 11:13:48.033 24978 25317 D DpmFrameAnalyzer: analyze: frame received, format=35, size=640x480, rotation=90
09-02 11:13:48.055 24978 25317 D DpmFrameAnalyzer: analyze: bitmap converted, size=480x640, scanRoi=Rect(67, 147 - 412, 492)
09-02 11:13:48.055 24978 24978 D DpmAnalyzer: analyze: frame=480x640, roi=Rect(67, 147 - 412, 492), focus=FOCUSED, mode=SCAN
09-02 11:13:48.055 24978 24978 D DpmAnalyzer: analyze: starting performMultiStrategyDecode
09-02 11:13:48.055 24978 24978 D DpmAnalyzer: performMultiStrategyDecode: frame=480x640, roi=Rect(67, 147 - 412, 492), strategies=1
09-02 11:13:48.061 24978 24978 D DpmAnalyzer: Stage1: ROI 345x345 → scaled 345x345
09-02 11:13:48.078 24978 25317 D DpmFrameAnalyzer: analyze: frame received, format=35, size=640x480, rotation=90
09-02 11:13:48.105 24978 25317 D DpmFrameAnalyzer: analyze: bitmap converted, size=480x640, scanRoi=Rect(67, 147 - 412, 492)
09-02 11:13:48.105 24978 24978 D DpmAnalyzer: analyze: frame=480x640, roi=Rect(67, 147 - 412, 492), focus=FOCUSED, mode=SCAN
09-02 11:13:48.105 24978 24978 D DpmAnalyzer: analyze: THROTTLED (already running)
09-02 11:13:48.105 24978 24978 D DpmFrameAnalyzer: analyze: result status=THROTTLED, code=null, source=null
09-02 11:13:48.113 24978 25317 D DpmFrameAnalyzer: analyze: frame received, format=35, size=640x480, rotation=90
09-02 11:13:48.122 24978 24978 D DpmAnalyzer: Stage1: MISS
09-02 11:13:48.122 24978 24978 D DpmAnalyzer: scanRoi present, skipping full-image stages
09-02 11:13:48.122 24978 24978 D DpmAnalyzer: analyze: decodedCode=null
09-02 11:13:48.122 24978 24978 D DpmFrameAnalyzer: analyze: result status=NO_CODE, code=null, source=null
09-02 11:13:48.131 24978 25317 D DpmFrameAnalyzer: analyze: bitmap converted, size=480x640, scanRoi=Rect(67, 147 - 412, 492)
09-02 11:13:48.132 24978 24978 D DpmAnalyzer: analyze: frame=480x640, roi=Rect(67, 147 - 412, 492), focus=FOCUSED, mode=SCAN
09-02 11:13:48.132 24978 24978 D DpmAnalyzer: analyze: THROTTLED by timing gate
09-02 11:13:48.132 24978 24978 D DpmFrameAnalyzer: analyze: result status=THROTTLED, code=null, source=null
09-02 11:13:48.152 24978 25317 D DpmFrameAnalyzer: analyze: frame received, format=35, size=640x480, rotation=90
09-02 11:13:48.174 24978 25317 D DpmFrameAnalyzer: analyze: bitmap converted, size=480x640, scanRoi=Rect(67, 147 - 412, 492)
09-02 11:13:48.174 24978 24978 D DpmAnalyzer: analyze: frame=480x640, roi=Rect(67, 147 - 412, 492), focus=FOCUSED, mode=SCAN
09-02 11:13:48.174 24978 24978 D DpmAnalyzer: analyze: THROTTLED by timing gate
09-02 11:13:48.174 24978 24978 D DpmFrameAnalyzer: analyze: result status=THROTTLED, code=null, source=null
09-02 11:13:48.189 24978 25317 D DpmFrameAnalyzer: analyze: frame received, format=35, size=640x480, rotation=90
09-02 11:13:48.213 24978 25317 D DpmFrameAnalyzer: analyze: bitmap converted, size=480x640, scanRoi=Rect(67, 147 - 412, 492)
09-02 11:13:48.218 24978 24978 D DpmAnalyzer: analyze: frame=480x640, roi=Rect(67, 147 - 412, 492), focus=FOCUSED, mode=SCAN
09-02 11:13:48.218 24978 24978 D DpmAnalyzer: analyze: THROTTLED by timing gate
09-02 11:13:48.218 24978 24978 D DpmFrameAnalyzer: analyze: result status=THROTTLED, code=null, source=null
09-02 11:13:48.229 24978 25317 D DpmFrameAnalyzer: analyze: frame received, format=35, size=640x480, rotation=90
09-02 11:13:48.254 24978 25317 D DpmFrameAnalyzer: analyze: bitmap converted, size=480x640, scanRoi=Rect(67, 147 - 412, 492)
09-02 11:13:48.255 24978 24978 D DpmAnalyzer: analyze: frame=480x640, roi=Rect(67, 147 - 412, 492), focus=FOCUSED, mode=SCAN
09-02 11:13:48.255 24978 24978 D DpmAnalyzer: analyze: THROTTLED by timing gate
09-02 11:13:48.255 24978 24978 D DpmFrameAnalyzer: analyze: result status=THROTTLED, code=null, source=null
09-02 11:13:48.268 24978 25317 D DpmFrameAnalyzer: analyze: frame received, format=35, size=640x480, rotation=90
09-02 11:13:48.288 24978 25317 D DpmFrameAnalyzer: analyze: bitmap converted, size=480x640, scanRoi=Rect(67, 147 - 412, 492)
09-02 11:13:48.288 24978 24978 D DpmAnalyzer: analyze: frame=480x640, roi=Rect(67, 147 - 412, 492), focus=FOCUSED, mode=SCAN
09-02 11:13:48.288 24978 24978 D DpmAnalyzer: analyze: THROTTLED by timing gate
09-02 11:13:48.288 24978 24978 D DpmFrameAnalyzer: analyze: result status=THROTTLED, code=null, source=null
09-02 11:13:48.303 24978 25317 D DpmFrameAnalyzer: analyze: frame received, format=35, size=640x480, rotation=90
09-02 11:13:48.325 24978 25317 D DpmFrameAnalyzer: analyze: bitmap converted, size=480x640, scanRoi=Rect(67, 147 - 412, 492)
09-02 11:13:48.326 24978 24978 D DpmAnalyzer: analyze: frame=480x640, roi=Rect(67, 147 - 412, 492), focus=FOCUSED, mode=SCAN
09-02 11:13:48.326 24978 24978 D DpmAnalyzer: analyze: starting performMultiStrategyDecode
09-02 11:13:48.326 24978 24978 D DpmAnalyzer: performMultiStrategyDecode: frame=480x640, roi=Rect(67, 147 - 412, 492), strategies=1
09-02 11:13:48.332 24978 24978 D DpmAnalyzer: Stage1: ROI 345x345 → scaled 345x345
09-02 11:13:48.351 24978 25317 D DpmFrameAnalyzer: analyze: frame received, format=35, size=640x480, rotation=90
09-02 11:13:48.379 24978 25317 D DpmFrameAnalyzer: analyze: bitmap converted, size=480x640, scanRoi=Rect(67, 147 - 412, 492)
09-02 11:13:48.383 24978 24978 D DpmAnalyzer: analyze: frame=480x640, roi=Rect(67, 147 - 412, 492), focus=FOCUSED, mode=SCAN
09-02 11:13:48.383 24978 24978 D DpmAnalyzer: analyze: THROTTLED (already running)
09-02 11:13:48.383 24978 24978 D DpmFrameAnalyzer: analyze: result status=THROTTLED, code=null, source=null
09-02 11:13:48.389 24978 25317 D DpmFrameAnalyzer: analyze: frame received, format=35, size=640x480, rotation=90
09-02 11:13:48.397 24978 24978 D DpmAnalyzer: Stage1: MISS
09-02 11:13:48.397 24978 24978 D DpmAnalyzer: scanRoi present, skipping full-image stages
09-02 11:13:48.397 24978 24978 D DpmAnalyzer: analyze: decodedCode=null
09-02 11:13:48.397 24978 24978 D DpmFrameAnalyzer: analyze: result status=NO_CODE, code=null, source=null
09-02 11:13:48.411 24978 25317 D DpmFrameAnalyzer: analyze: bitmap converted, size=480x640, scanRoi=Rect(67, 147 - 412, 492)
09-02 11:13:48.413 24978 24978 D DpmAnalyzer: analyze: frame=480x640, roi=Rect(67, 147 - 412, 492), focus=FOCUSED, mode=SCAN
09-02 11:13:48.413 24978 24978 D DpmAnalyzer: analyze: THROTTLED by timing gate
09-02 11:13:48.413 24978 24978 D DpmFrameAnalyzer: analyze: result status=THROTTLED, code=null, source=null
09-02 11:13:48.425 24978 25317 D DpmFrameAnalyzer: analyze: frame received, format=35, size=640x480, rotation=90
09-02 11:13:48.445 24978 25317 D DpmFrameAnalyzer: analyze: bitmap converted, size=480x640, scanRoi=Rect(67, 147 - 412, 492)
09-02 11:13:48.446 24978 24978 D DpmAnalyzer: analyze: frame=480x640, roi=Rect(67, 147 - 412, 492), focus=FOCUSED, mode=SCAN
09-02 11:13:48.446 24978 24978 D DpmAnalyzer: analyze: THROTTLED by timing gate
09-02 11:13:48.446 24978 24978 D DpmFrameAnalyzer: analyze: result status=THROTTLED, code=null, source=null
09-02 11:13:48.456 24978 25317 D DpmFrameAnalyzer: analyze: frame received, format=35, size=640x480, rotation=90
09-02 11:13:48.478 24978 25317 D DpmFrameAnalyzer: analyze: bitmap converted, size=480x640, scanRoi=Rect(67, 147 - 412, 492)
09-02 11:13:48.480 24978 24978 D DpmAnalyzer: analyze: frame=480x640, roi=Rect(67, 147 - 412, 492), focus=FOCUSED, mode=SCAN
09-02 11:13:48.480 24978 24978 D DpmAnalyzer: analyze: THROTTLED by timing gate
09-02 11:13:48.480 24978 24978 D DpmFrameAnalyzer: analyze: result status=THROTTLED, code=null, source=null
09-02 11:13:48.504 24978 25317 D DpmFrameAnalyzer: analyze: frame received, format=35, size=640x480, rotation=90
09-02 11:13:48.525 24978 25317 D DpmFrameAnalyzer: analyze: bitmap converted, size=480x640, scanRoi=Rect(67, 147 - 412, 492)
09-02 11:13:48.525 24978 24978 D DpmAnalyzer: analyze: frame=480x640, roi=Rect(67, 147 - 412, 492), focus=FOCUSED, mode=SCAN
09-02 11:13:48.525 24978 24978 D DpmAnalyzer: analyze: THROTTLED by timing gate
09-02 11:13:48.525 24978 24978 D DpmFrameAnalyzer: analyze: result status=THROTTLED, code=null, source=null
09-02 11:13:48.547 24978 25317 D DpmFrameAnalyzer: analyze: frame received, format=35, size=640x480, rotation=90
09-02 11:13:48.567 24978 25317 D DpmFrameAnalyzer: analyze: bitmap converted, size=480x640, scanRoi=Rect(67, 147 - 412, 492)
09-02 11:13:48.567 24978 24978 D DpmAnalyzer: analyze: frame=480x640, roi=Rect(67, 147 - 412, 492), focus=FOCUSED, mode=SCAN
09-02 11:13:48.568 24978 24978 D DpmAnalyzer: analyze: THROTTLED by timing gate
09-02 11:13:48.568 24978 24978 D DpmFrameAnalyzer: analyze: result status=THROTTLED, code=null, source=null
09-02 11:13:48.579 24978 25317 D DpmFrameAnalyzer: analyze: frame received, format=35, size=640x480, rotation=90
09-02 11:13:48.601 24978 25317 D DpmFrameAnalyzer: analyze: bitmap converted, size=480x640, scanRoi=Rect(67, 147 - 412, 492)
09-02 11:13:48.601 24978 24978 D DpmAnalyzer: analyze: frame=480x640, roi=Rect(67, 147 - 412, 492), focus=FOCUSED, mode=SCAN
09-02 11:13:48.601 24978 24978 D DpmAnalyzer: analyze: starting performMultiStrategyDecode
09-02 11:13:48.601 24978 24978 D DpmAnalyzer: performMultiStrategyDecode: frame=480x640, roi=Rect(67, 147 - 412, 492), strategies=1
09-02 11:13:48.606 24978 24978 D DpmAnalyzer: Stage1: ROI 345x345 → scaled 345x345
09-02 11:13:48.628 24978 25317 D DpmFrameAnalyzer: analyze: frame received, format=35, size=640x480, rotation=90
09-02 11:13:48.648 24978 25317 D DpmFrameAnalyzer: analyze: bitmap converted, size=480x640, scanRoi=Rect(67, 147 - 412, 492)
09-02 11:13:48.648 24978 24978 D DpmAnalyzer: analyze: frame=480x640, roi=Rect(67, 147 - 412, 492), focus=FOCUSED, mode=SCAN
09-02 11:13:48.648 24978 24978 D DpmAnalyzer: analyze: THROTTLED (already running)
09-02 11:13:48.648 24978 24978 D DpmFrameAnalyzer: analyze: result status=THROTTLED, code=null, source=null
09-02 11:13:48.659 24978 25317 D DpmFrameAnalyzer: analyze: frame received, format=35, size=640x480, rotation=90
09-02 11:13:48.677 24978 24978 D DpmAnalyzer: Stage1: MISS
09-02 11:13:48.678 24978 24978 D DpmAnalyzer: scanRoi present, skipping full-image stages
09-02 11:13:48.678 24978 24978 D DpmAnalyzer: analyze: decodedCode=null
09-02 11:13:48.678 24978 24978 D DpmFrameAnalyzer: analyze: result status=NO_CODE, code=null, source=null
09-02 11:13:48.681 24978 25317 D DpmFrameAnalyzer: analyze: bitmap converted, size=480x640, scanRoi=Rect(67, 147 - 412, 492)
09-02 11:13:48.682 24978 24978 D DpmAnalyzer: analyze: frame=480x640, roi=Rect(67, 147 - 412, 492), focus=FOCUSED, mode=SCAN
09-02 11:13:48.682 24978 24978 D DpmAnalyzer: analyze: THROTTLED by timing gate
09-02 11:13:48.683 24978 24978 D DpmFrameAnalyzer: analyze: result status=THROTTLED, code=null, source=null
09-02 11:13:48.702 24978 25317 D DpmFrameAnalyzer: analyze: frame received, format=35, size=640x480, rotation=90
09-02 11:13:48.723 24978 25317 D DpmFrameAnalyzer: analyze: bitmap converted, size=480x640, scanRoi=Rect(67, 147 - 412, 492)
09-02 11:13:48.723 24978 24978 D DpmAnalyzer: analyze: frame=480x640, roi=Rect(67, 147 - 412, 492), focus=FOCUSED, mode=SCAN
09-02 11:13:48.723 24978 24978 D DpmAnalyzer: analyze: THROTTLED by timing gate
09-02 11:13:48.723 24978 24978 D DpmFrameAnalyzer: analyze: result status=THROTTLED, code=null, source=null
09-02 11:13:48.737 24978 25317 D DpmFrameAnalyzer: analyze: frame received, format=35, size=640x480, rotation=90
09-02 11:13:48.759 24978 25317 D DpmFrameAnalyzer: analyze: bitmap converted, size=480x640, scanRoi=Rect(67, 147 - 412, 492)
09-02 11:13:48.760 24978 24978 D DpmAnalyzer: analyze: frame=480x640, roi=Rect(67, 147 - 412, 492), focus=FOCUSED, mode=SCAN
09-02 11:13:48.760 24978 24978 D DpmAnalyzer: analyze: THROTTLED by timing gate
09-02 11:13:48.760 24978 24978 D DpmFrameAnalyzer: analyze: result status=THROTTLED, code=null, source=null
09-02 11:13:48.784 24978 25317 D DpmFrameAnalyzer: analyze: frame received, format=35, size=640x480, rotation=90
09-02 11:13:48.807 24978 25317 D DpmFrameAnalyzer: analyze: bitmap converted, size=480x640, scanRoi=Rect(67, 147 - 412, 492)
09-02 11:13:48.807 24978 24978 D DpmAnalyzer: analyze: frame=480x640, roi=Rect(67, 147 - 412, 492), focus=FOCUSED, mode=SCAN
09-02 11:13:48.807 24978 24978 D DpmAnalyzer: analyze: THROTTLED by timing gate
09-02 11:13:48.807 24978 24978 D DpmFrameAnalyzer: analyze: result status=THROTTLED, code=null, source=null
09-02 11:13:48.815 24978 25317 D DpmFrameAnalyzer: analyze: frame received, format=35, size=640x480, rotation=90
09-02 11:13:48.835 24978 25317 D DpmFrameAnalyzer: analyze: bitmap converted, size=480x640, scanRoi=Rect(67, 147 - 412, 492)
09-02 11:13:48.836 24978 24978 D DpmAnalyzer: analyze: frame=480x640, roi=Rect(67, 147 - 412, 492), focus=FOCUSED, mode=SCAN
09-02 11:13:48.836 24978 24978 D DpmAnalyzer: analyze: THROTTLED by timing gate
09-02 11:13:48.836 24978 24978 D DpmFrameAnalyzer: analyze: result status=THROTTLED, code=null, source=null
09-02 11:13:48.857 24978 25317 D DpmFrameAnalyzer: analyze: frame received, format=35, size=640x480, rotation=90
09-02 11:13:48.875 24978 25317 D DpmFrameAnalyzer: analyze: bitmap converted, size=480x640, scanRoi=Rect(67, 147 - 412, 492)
09-02 11:13:48.876 24978 24978 D DpmAnalyzer: analyze: frame=480x640, roi=Rect(67, 147 - 412, 492), focus=FOCUSED, mode=SCAN
09-02 11:13:48.876 24978 24978 D DpmAnalyzer: analyze: THROTTLED by timing gate
09-02 11:13:48.876 24978 24978 D DpmFrameAnalyzer: analyze: result status=THROTTLED, code=null, source=null
09-02 11:13:48.891 24978 25317 D DpmFrameAnalyzer: analyze: frame received, format=35, size=640x480, rotation=90
09-02 11:13:48.908 24978 25317 D DpmFrameAnalyzer: analyze: bitmap converted, size=480x640, scanRoi=Rect(67, 147 - 412, 492)
09-02 11:13:48.908 24978 24978 D DpmAnalyzer: analyze: frame=480x640, roi=Rect(67, 147 - 412, 492), focus=FOCUSED, mode=SCAN
09-02 11:13:48.908 24978 24978 D DpmAnalyzer: analyze: starting performMultiStrategyDecode
09-02 11:13:48.908 24978 24978 D DpmAnalyzer: performMultiStrategyDecode: frame=480x640, roi=Rect(67, 147 - 412, 492), strategies=1
09-02 11:13:48.915 24978 24978 D DpmAnalyzer: Stage1: ROI 345x345 → scaled 345x345
09-02 11:13:48.938 24978 25317 D DpmFrameAnalyzer: analyze: frame received, format=35, size=640x480, rotation=90
09-02 11:13:48.970 24978 25317 D DpmFrameAnalyzer: analyze: bitmap converted, size=480x640, scanRoi=Rect(67, 147 - 412, 492)
09-02 11:13:48.972 24978 24978 D DpmAnalyzer: analyze: frame=480x640, roi=Rect(67, 147 - 412, 492), focus=FOCUSED, mode=SCAN
09-02 11:13:48.972 24978 24978 D DpmAnalyzer: analyze: THROTTLED (already running)
09-02 11:13:48.972 24978 24978 D DpmFrameAnalyzer: analyze: result status=THROTTLED, code=null, source=null
09-02 11:13:48.976 24978 25317 D DpmFrameAnalyzer: analyze: frame received, format=35, size=640x480, rotation=90
09-02 11:13:48.982 24978 24978 D DpmAnalyzer: Stage1: MISS
09-02 11:13:48.982 24978 24978 D DpmAnalyzer: scanRoi present, skipping full-image stages
09-02 11:13:48.982 24978 24978 D DpmAnalyzer: analyze: decodedCode=null
09-02 11:13:48.983 24978 24978 D DpmFrameAnalyzer: analyze: result status=NO_CODE, code=null, source=null
09-02 11:13:49.001 24978 25317 D DpmFrameAnalyzer: analyze: bitmap converted, size=480x640, scanRoi=Rect(67, 147 - 412, 492)
09-02 11:13:49.001 24978 24978 D DpmAnalyzer: analyze: frame=480x640, roi=Rect(67, 147 - 412, 492), focus=FOCUSED, mode=SCAN
09-02 11:13:49.001 24978 24978 D DpmAnalyzer: analyze: THROTTLED by timing gate
09-02 11:13:49.001 24978 24978 D DpmFrameAnalyzer: analyze: result status=THROTTLED, code=null, source=null
09-02 11:13:49.017 24978 25317 D DpmFrameAnalyzer: analyze: frame received, format=35, size=640x480, rotation=90
09-02 11:13:49.039 24978 25317 D DpmFrameAnalyzer: analyze: bitmap converted, size=480x640, scanRoi=Rect(67, 147 - 412, 492)
09-02 11:13:49.039 24978 24978 D DpmAnalyzer: analyze: frame=480x640, roi=Rect(67, 147 - 412, 492), focus=FOCUSED, mode=SCAN
09-02 11:13:49.039 24978 24978 D DpmAnalyzer: analyze: THROTTLED by timing gate
09-02 11:13:49.039 24978 24978 D DpmFrameAnalyzer: analyze: result status=THROTTLED, code=null, source=null
09-02 11:13:49.056 24978 25317 D DpmFrameAnalyzer: analyze: frame received, format=35, size=640x480, rotation=90
09-02 11:13:49.077 24978 25317 D DpmFrameAnalyzer: analyze: bitmap converted, size=480x640, scanRoi=Rect(67, 147 - 412, 492)
09-02 11:13:49.079 24978 24978 D DpmAnalyzer: analyze: frame=480x640, roi=Rect(67, 147 - 412, 492), focus=FOCUSED, mode=SCAN
09-02 11:13:49.079 24978 24978 D DpmAnalyzer: analyze: THROTTLED by timing gate
09-02 11:13:49.079 24978 24978 D DpmFrameAnalyzer: analyze: result status=THROTTLED, code=null, source=null
09-02 11:13:49.091 24978 25317 D DpmFrameAnalyzer: analyze: frame received, format=35, size=640x480, rotation=90
09-02 11:13:49.109 24978 25317 D DpmFrameAnalyzer: analyze: bitmap converted, size=480x640, scanRoi=Rect(67, 147 - 412, 492)
09-02 11:13:49.110 24978 24978 D DpmAnalyzer: analyze: frame=480x640, roi=Rect(67, 147 - 412, 492), focus=FOCUSED, mode=SCAN
09-02 11:13:49.110 24978 24978 D DpmAnalyzer: analyze: THROTTLED by timing gate
09-02 11:13:49.110 24978 24978 D DpmFrameAnalyzer: analyze: result status=THROTTLED, code=null, source=null
09-02 11:13:49.133 24978 25317 D DpmFrameAnalyzer: analyze: frame received, format=35, size=640x480, rotation=90
09-02 11:13:49.156 24978 25317 D DpmFrameAnalyzer: analyze: bitmap converted, size=480x640, scanRoi=Rect(67, 147 - 412, 492)
09-02 11:13:49.157 24978 24978 D DpmAnalyzer: analyze: frame=480x640, roi=Rect(67, 147 - 412, 492), focus=FOCUSED, mode=SCAN
09-02 11:13:49.157 24978 24978 D DpmAnalyzer: analyze: THROTTLED by timing gate
09-02 11:13:49.157 24978 24978 D DpmFrameAnalyzer: analyze: result status=THROTTLED, code=null, source=null
09-02 11:13:49.175 24978 25317 D DpmFrameAnalyzer: analyze: frame received, format=35, size=640x480, rotation=90
09-02 11:13:49.198 24978 25317 D DpmFrameAnalyzer: analyze: bitmap converted, size=480x640, scanRoi=Rect(67, 147 - 412, 492)
09-02 11:13:49.199 24978 24978 D DpmAnalyzer: analyze: frame=480x640, roi=Rect(67, 147 - 412, 492), focus=FOCUSED, mode=SCAN
09-02 11:13:49.199 24978 24978 D DpmAnalyzer: analyze: starting performMultiStrategyDecode
09-02 11:13:49.199 24978 24978 D DpmAnalyzer: performMultiStrategyDecode: frame=480x640, roi=Rect(67, 147 - 412, 492), strategies=1
09-02 11:13:49.203 24978 24978 D DpmAnalyzer: Stage1: ROI 345x345 → scaled 345x345
09-02 11:13:49.210 24978 25317 D DpmFrameAnalyzer: analyze: frame received, format=35, size=640x480, rotation=90
09-02 11:13:49.227 24978 25317 D DpmFrameAnalyzer: analyze: bitmap converted, size=480x640, scanRoi=Rect(67, 147 - 412, 492)
09-02 11:13:49.236 24978 24978 D DpmAnalyzer: analyze: frame=480x640, roi=Rect(67, 147 - 412, 492), focus=FOCUSED, mode=SCAN
09-02 11:13:49.236 24978 24978 D DpmAnalyzer: analyze: THROTTLED (already running)
09-02 11:13:49.236 24978 24978 D DpmFrameAnalyzer: analyze: result status=THROTTLED, code=null, source=null
09-02 11:13:49.253 24978 25317 D DpmFrameAnalyzer: analyze: frame received, format=35, size=640x480, rotation=90
09-02 11:13:49.261 24978 24978 D DpmAnalyzer: Stage1: MISS
09-02 11:13:49.261 24978 24978 D DpmAnalyzer: scanRoi present, skipping full-image stages
09-02 11:13:49.261 24978 24978 D DpmAnalyzer: analyze: decodedCode=null
09-02 11:13:49.261 24978 24978 D DpmFrameAnalyzer: analyze: result status=NO_CODE, code=null, source=null
09-02 11:13:49.275 24978 25317 D DpmFrameAnalyzer: analyze: bitmap converted, size=480x640, scanRoi=Rect(67, 147 - 412, 492)
09-02 11:13:49.276 24978 24978 D DpmAnalyzer: analyze: frame=480x640, roi=Rect(67, 147 - 412, 492), focus=FOCUSED, mode=SCAN
09-02 11:13:49.276 24978 24978 D DpmAnalyzer: analyze: THROTTLED by timing gate
09-02 11:13:49.276 24978 24978 D DpmFrameAnalyzer: analyze: result status=THROTTLED, code=null, source=null
09-02 11:13:49.288 24978 25317 D DpmFrameAnalyzer: analyze: frame received, format=35, size=640x480, rotation=90
09-02 11:13:49.309 24978 25317 D DpmFrameAnalyzer: analyze: bitmap converted, size=480x640, scanRoi=Rect(67, 147 - 412, 492)
09-02 11:13:49.309 24978 24978 D DpmAnalyzer: analyze: frame=480x640, roi=Rect(67, 147 - 412, 492), focus=FOCUSED, mode=SCAN
09-02 11:13:49.310 24978 24978 D DpmAnalyzer: analyze: THROTTLED by timing gate
09-02 11:13:49.310 24978 24978 D DpmFrameAnalyzer: analyze: result status=THROTTLED, code=null, source=null
09-02 11:13:49.327 24978 25317 D DpmFrameAnalyzer: analyze: frame received, format=35, size=640x480, rotation=90
09-02 11:13:49.350 24978 25317 D DpmFrameAnalyzer: analyze: bitmap converted, size=480x640, scanRoi=Rect(67, 147 - 412, 492)
09-02 11:13:49.352 24978 24978 D DpmAnalyzer: analyze: frame=480x640, roi=Rect(67, 147 - 412, 492), focus=FOCUSED, mode=SCAN
09-02 11:13:49.352 24978 24978 D DpmAnalyzer: analyze: THROTTLED by timing gate
09-02 11:13:49.352 24978 24978 D DpmFrameAnalyzer: analyze: result status=THROTTLED, code=null, source=null
09-02 11:13:49.367 24978 25317 D DpmFrameAnalyzer: analyze: frame received, format=35, size=640x480, rotation=90
09-02 11:13:49.387 24978 25317 D DpmFrameAnalyzer: analyze: bitmap converted, size=480x640, scanRoi=Rect(67, 147 - 412, 492)
09-02 11:13:49.387 24978 24978 D DpmAnalyzer: analyze: frame=480x640, roi=Rect(67, 147 - 412, 492), focus=FOCUSED, mode=SCAN
09-02 11:13:49.387 24978 24978 D DpmAnalyzer: analyze: THROTTLED by timing gate
09-02 11:13:49.387 24978 24978 D DpmFrameAnalyzer: analyze: result status=THROTTLED, code=null, source=null
09-02 11:13:49.403 24978 25317 D DpmFrameAnalyzer: analyze: frame received, format=35, size=640x480, rotation=90
09-02 11:13:49.431 24978 25317 D DpmFrameAnalyzer: analyze: bitmap converted, size=480x640, scanRoi=Rect(67, 147 - 412, 492)
09-02 11:13:49.432 24978 24978 D DpmAnalyzer: analyze: frame=480x640, roi=Rect(67, 147 - 412, 492), focus=FOCUSED, mode=SCAN
09-02 11:13:49.432 24978 24978 D DpmAnalyzer: analyze: THROTTLED by timing gate
09-02 11:13:49.432 24978 24978 D DpmFrameAnalyzer: analyze: result status=THROTTLED, code=null, source=null
09-02 11:13:49.449 24978 25317 D DpmFrameAnalyzer: analyze: frame received, format=35, size=640x480, rotation=90
09-02 11:13:49.479 24978 25317 D DpmFrameAnalyzer: analyze: bitmap converted, size=480x640, scanRoi=Rect(67, 147 - 412, 492)
09-02 11:13:49.482 24978 24978 D DpmAnalyzer: analyze: frame=480x640, roi=Rect(67, 147 - 412, 492), focus=FOCUSED, mode=SCAN
09-02 11:13:49.482 24978 24978 D DpmAnalyzer: analyze: starting performMultiStrategyDecode
09-02 11:13:49.482 24978 24978 D DpmAnalyzer: performMultiStrategyDecode: frame=480x640, roi=Rect(67, 147 - 412, 492), strategies=1
09-02 11:13:49.485 24978 24978 D DpmAnalyzer: Stage1: ROI 345x345 → scaled 345x345
09-02 11:13:49.497 24978 25317 D DpmFrameAnalyzer: analyze: frame received, format=35, size=640x480, rotation=90
09-02 11:13:49.524 24978 25317 D DpmFrameAnalyzer: analyze: bitmap converted, size=480x640, scanRoi=Rect(67, 147 - 412, 492)
09-02 11:13:49.525 24978 24978 D DpmAnalyzer: analyze: frame=480x640, roi=Rect(67, 147 - 412, 492), focus=FOCUSED, mode=SCAN
09-02 11:13:49.525 24978 24978 D DpmAnalyzer: analyze: THROTTLED (already running)
09-02 11:13:49.525 24978 24978 D DpmFrameAnalyzer: analyze: result status=THROTTLED, code=null, source=null
09-02 11:13:49.528 24978 25317 D DpmFrameAnalyzer: analyze: frame received, format=35, size=640x480, rotation=90
09-02 11:13:49.541 24978 24978 D DpmAnalyzer: Stage1: MISS
09-02 11:13:49.541 24978 24978 D DpmAnalyzer: scanRoi present, skipping full-image stages
09-02 11:13:49.541 24978 24978 D DpmAnalyzer: analyze: decodedCode=null
09-02 11:13:49.541 24978 24978 D DpmFrameAnalyzer: analyze: result status=NO_CODE, code=null, source=null
09-02 11:13:49.550 24978 25317 D DpmFrameAnalyzer: analyze: bitmap converted, size=480x640, scanRoi=Rect(67, 147 - 412, 492)
09-02 11:13:49.550 24978 24978 D DpmAnalyzer: analyze: frame=480x640, roi=Rect(67, 147 - 412, 492), focus=FOCUSED, mode=SCAN
09-02 11:13:49.550 24978 24978 D DpmAnalyzer: analyze: THROTTLED by timing gate
09-02 11:13:49.551 24978 24978 D DpmFrameAnalyzer: analyze: result status=THROTTLED, code=null, source=null
09-02 11:13:49.565 24978 25317 D DpmFrameAnalyzer: analyze: frame received, format=35, size=640x480, rotation=90
09-02 11:13:49.589 24978 25317 D DpmFrameAnalyzer: analyze: bitmap converted, size=480x640, scanRoi=Rect(67, 147 - 412, 492)
09-02 11:13:49.589 24978 24978 D DpmAnalyzer: analyze: frame=480x640, roi=Rect(67, 147 - 412, 492), focus=FOCUSED, mode=SCAN
09-02 11:13:49.589 24978 24978 D DpmAnalyzer: analyze: THROTTLED by timing gate
09-02 11:13:49.589 24978 24978 D DpmFrameAnalyzer: analyze: result status=THROTTLED, code=null, source=null
09-02 11:13:49.605 24978 25317 D DpmFrameAnalyzer: analyze: frame received, format=35, size=640x480, rotation=90
09-02 11:13:49.626 24978 25317 D DpmFrameAnalyzer: analyze: bitmap converted, size=480x640, scanRoi=Rect(67, 147 - 412, 492)
09-02 11:13:49.627 24978 24978 D DpmAnalyzer: analyze: frame=480x640, roi=Rect(67, 147 - 412, 492), focus=FOCUSED, mode=SCAN
09-02 11:13:49.627 24978 24978 D DpmAnalyzer: analyze: THROTTLED by timing gate
09-02 11:13:49.627 24978 24978 D DpmFrameAnalyzer: analyze: result status=THROTTLED, code=null, source=null
09-02 11:13:49.642 24978 25317 D DpmFrameAnalyzer: analyze: frame received, format=35, size=640x480, rotation=90
09-02 11:13:49.664 24978 25317 D DpmFrameAnalyzer: analyze: bitmap converted, size=480x640, scanRoi=Rect(67, 147 - 412, 492)
09-02 11:13:49.667 24978 24978 D DpmAnalyzer: analyze: frame=480x640, roi=Rect(67, 147 - 412, 492), focus=FOCUSED, mode=SCAN
09-02 11:13:49.667 24978 24978 D DpmAnalyzer: analyze: THROTTLED by timing gate
09-02 11:13:49.667 24978 24978 D DpmFrameAnalyzer: analyze: result status=THROTTLED, code=null, source=null
09-02 11:13:49.684 24978 25317 D DpmFrameAnalyzer: analyze: frame received, format=35, size=640x480, rotation=90
09-02 11:13:49.707 24978 25317 D DpmFrameAnalyzer: analyze: bitmap converted, size=480x640, scanRoi=Rect(67, 147 - 412, 492)
09-02 11:13:49.707 24978 24978 D DpmAnalyzer: analyze: frame=480x640, roi=Rect(67, 147 - 412, 492), focus=FOCUSED, mode=SCAN
09-02 11:13:49.707 24978 24978 D DpmAnalyzer: analyze: THROTTLED by timing gate
09-02 11:13:49.707 24978 24978 D DpmFrameAnalyzer: analyze: result status=THROTTLED, code=null, source=null
09-02 11:13:49.720 24978 25317 D DpmFrameAnalyzer: analyze: frame received, format=35, size=640x480, rotation=90
09-02 11:13:49.745 24978 25317 D DpmFrameAnalyzer: analyze: bitmap converted, size=480x640, scanRoi=Rect(67, 147 - 412, 492)
09-02 11:13:49.748 24978 24978 D DpmAnalyzer: analyze: frame=480x640, roi=Rect(67, 147 - 412, 492), focus=FOCUSED, mode=SCAN
09-02 11:13:49.748 24978 24978 D DpmAnalyzer: analyze: starting performMultiStrategyDecode
09-02 11:13:49.748 24978 24978 D DpmAnalyzer: performMultiStrategyDecode: frame=480x640, roi=Rect(67, 147 - 412, 492), strategies=1
09-02 11:13:49.751 24978 24978 D DpmAnalyzer: Stage1: ROI 345x345 → scaled 345x345
09-02 11:13:49.763 24978 25317 D DpmFrameAnalyzer: analyze: frame received, format=35, size=640x480, rotation=90
09-02 11:13:49.786 24978 25317 D DpmFrameAnalyzer: analyze: bitmap converted, size=480x640, scanRoi=Rect(67, 147 - 412, 492)
09-02 11:13:49.786 24978 24978 D DpmAnalyzer: analyze: frame=480x640, roi=Rect(67, 147 - 412, 492), focus=FOCUSED, mode=SCAN
09-02 11:13:49.786 24978 24978 D DpmAnalyzer: analyze: THROTTLED (already running)
09-02 11:13:49.786 24978 24978 D DpmFrameAnalyzer: analyze: result status=THROTTLED, code=null, source=null
09-02 11:13:49.802 24978 25317 D DpmFrameAnalyzer: analyze: frame received, format=35, size=640x480, rotation=90
09-02 11:13:49.822 24978 24978 D DpmAnalyzer: Stage1: MISS
09-02 11:13:49.822 24978 24978 D DpmAnalyzer: scanRoi present, skipping full-image stages
09-02 11:13:49.822 24978 24978 D DpmAnalyzer: analyze: decodedCode=null
09-02 11:13:49.822 24978 24978 D DpmFrameAnalyzer: analyze: result status=NO_CODE, code=null, source=null
09-02 11:13:49.824 24978 25317 D DpmFrameAnalyzer: analyze: bitmap converted, size=480x640, scanRoi=Rect(67, 147 - 412, 492)
09-02 11:13:49.824 24978 24978 D DpmAnalyzer: analyze: frame=480x640, roi=Rect(67, 147 - 412, 492), focus=FOCUSED, mode=SCAN
09-02 11:13:49.824 24978 24978 D DpmAnalyzer: analyze: THROTTLED by timing gate
09-02 11:13:49.824 24978 24978 D DpmFrameAnalyzer: analyze: result status=THROTTLED, code=null, source=null
09-02 11:13:49.838 24978 25317 D DpmFrameAnalyzer: analyze: frame received, format=35, size=640x480, rotation=90
09-02 11:13:49.861 24978 25317 D DpmFrameAnalyzer: analyze: bitmap converted, size=480x640, scanRoi=Rect(67, 147 - 412, 492)
09-02 11:13:49.865 24978 24978 D DpmAnalyzer: analyze: frame=480x640, roi=Rect(67, 147 - 412, 492), focus=FOCUSED, mode=SCAN
09-02 11:13:49.865 24978 24978 D DpmAnalyzer: analyze: THROTTLED by timing gate
09-02 11:13:49.865 24978 24978 D DpmFrameAnalyzer: analyze: result status=THROTTLED, code=null, source=null
09-02 11:13:49.878 24978 25317 D DpmFrameAnalyzer: analyze: frame received, format=35, size=640x480, rotation=90
09-02 11:13:49.902 24978 25317 D DpmFrameAnalyzer: analyze: bitmap converted, size=480x640, scanRoi=Rect(67, 147 - 412, 492)
09-02 11:13:49.902 24978 24978 D DpmAnalyzer: analyze: frame=480x640, roi=Rect(67, 147 - 412, 492), focus=FOCUSED, mode=SCAN
09-02 11:13:49.902 24978 24978 D DpmAnalyzer: analyze: THROTTLED by timing gate
09-02 11:13:49.902 24978 24978 D DpmFrameAnalyzer: analyze: result status=THROTTLED, code=null, source=null
09-02 11:13:49.916 24978 25317 D DpmFrameAnalyzer: analyze: frame received, format=35, size=640x480, rotation=90
09-02 11:13:49.935 24978 25317 D DpmFrameAnalyzer: analyze: bitmap converted, size=480x640, scanRoi=Rect(67, 147 - 412, 492)
09-02 11:13:49.936 24978 24978 D DpmAnalyzer: analyze: frame=480x640, roi=Rect(67, 147 - 412, 492), focus=FOCUSED, mode=SCAN
09-02 11:13:49.936 24978 24978 D DpmAnalyzer: analyze: THROTTLED by timing gate
09-02 11:13:49.936 24978 24978 D DpmFrameAnalyzer: analyze: result status=THROTTLED, code=null, source=null
09-02 11:13:49.963 24978 25317 D DpmFrameAnalyzer: analyze: frame received, format=35, size=640x480, rotation=90
09-02 11:13:49.997 24978 25317 D DpmFrameAnalyzer: analyze: bitmap converted, size=480x640, scanRoi=Rect(67, 147 - 412, 492)
09-02 11:13:49.998 24978 25317 D DpmFrameAnalyzer: analyze: frame received, format=35, size=640x480, rotation=90
09-02 11:13:50.002 24978 24978 D DpmAnalyzer: analyze: frame=480x640, roi=Rect(67, 147 - 412, 492), focus=FOCUSED, mode=SCAN
09-02 11:13:50.002 24978 24978 D DpmAnalyzer: analyze: THROTTLED by timing gate
09-02 11:13:50.002 24978 24978 D DpmFrameAnalyzer: analyze: result status=THROTTLED, code=null, source=null
09-02 11:13:50.019 24978 25317 D DpmFrameAnalyzer: analyze: bitmap converted, size=480x640, scanRoi=Rect(67, 147 - 412, 492)
09-02 11:13:50.020 24978 24978 D DpmAnalyzer: analyze: frame=480x640, roi=Rect(67, 147 - 412, 492), focus=FOCUSED, mode=SCAN
09-02 11:13:50.020 24978 24978 D DpmAnalyzer: analyze: THROTTLED by timing gate
09-02 11:13:50.020 24978 24978 D DpmFrameAnalyzer: analyze: result status=THROTTLED, code=null, source=null
09-02 11:13:50.034 24978 25317 D DpmFrameAnalyzer: analyze: frame received, format=35, size=640x480, rotation=90
09-02 11:13:50.055 24978 25317 D DpmFrameAnalyzer: analyze: bitmap converted, size=480x640, scanRoi=Rect(67, 147 - 412, 492)
09-02 11:13:50.056 24978 24978 D DpmAnalyzer: analyze: frame=480x640, roi=Rect(67, 147 - 412, 492), focus=FOCUSED, mode=SCAN
09-02 11:13:50.056 24978 24978 D DpmAnalyzer: analyze: starting performMultiStrategyDecode
09-02 11:13:50.056 24978 24978 D DpmAnalyzer: performMultiStrategyDecode: frame=480x640, roi=Rect(67, 147 - 412, 492), strategies=1
09-02 11:13:50.062 24978 24978 D DpmAnalyzer: Stage1: ROI 345x345 → scaled 345x345
09-02 11:13:50.071 24978 25317 D DpmFrameAnalyzer: analyze: frame received, format=35, size=640x480, rotation=90
09-02 11:13:50.092 24978 25317 D DpmFrameAnalyzer: analyze: bitmap converted, size=480x640, scanRoi=Rect(67, 147 - 412, 492)
09-02 11:13:50.093 24978 24978 D DpmAnalyzer: analyze: frame=480x640, roi=Rect(67, 147 - 412, 492), focus=FOCUSED, mode=SCAN
09-02 11:13:50.093 24978 24978 D DpmAnalyzer: analyze: THROTTLED (already running)
09-02 11:13:50.093 24978 24978 D DpmFrameAnalyzer: analyze: result status=THROTTLED, code=null, source=null
09-02 11:13:50.111 24978 25317 D DpmFrameAnalyzer: analyze: frame received, format=35, size=640x480, rotation=90
09-02 11:13:50.116 24978 24978 D DpmAnalyzer: Stage1: MISS
09-02 11:13:50.116 24978 24978 D DpmAnalyzer: scanRoi present, skipping full-image stages
09-02 11:13:50.116 24978 24978 D DpmAnalyzer: analyze: decodedCode=null
09-02 11:13:50.116 24978 24978 D DpmFrameAnalyzer: analyze: result status=NO_CODE, code=null, source=null
09-02 11:13:50.131 24978 25317 D DpmFrameAnalyzer: analyze: bitmap converted, size=480x640, scanRoi=Rect(67, 147 - 412, 492)
09-02 11:13:50.133 24978 24978 D DpmAnalyzer: analyze: frame=480x640, roi=Rect(67, 147 - 412, 492), focus=FOCUSED, mode=SCAN
09-02 11:13:50.133 24978 24978 D DpmAnalyzer: analyze: THROTTLED by timing gate
09-02 11:13:50.133 24978 24978 D DpmFrameAnalyzer: analyze: result status=THROTTLED, code=null, source=null
09-02 11:13:50.154 24978 25317 D DpmFrameAnalyzer: analyze: frame received, format=35, size=640x480, rotation=90
09-02 11:13:50.174 24978 25317 D DpmFrameAnalyzer: analyze: bitmap converted, size=480x640, scanRoi=Rect(67, 147 - 412, 492)
09-02 11:13:50.174 24978 24978 D DpmAnalyzer: analyze: frame=480x640, roi=Rect(67, 147 - 412, 492), focus=FOCUSED, mode=SCAN
09-02 11:13:50.174 24978 24978 D DpmAnalyzer: analyze: THROTTLED by timing gate
09-02 11:13:50.174 24978 24978 D DpmFrameAnalyzer: analyze: result status=THROTTLED, code=null, source=null
09-02 11:13:50.186 24978 25317 D DpmFrameAnalyzer: analyze: frame received, format=35, size=640x480, rotation=90
09-02 11:13:50.208 24978 25317 D DpmFrameAnalyzer: analyze: bitmap converted, size=480x640, scanRoi=Rect(67, 147 - 412, 492)
09-02 11:13:50.208 24978 24978 D DpmAnalyzer: analyze: frame=480x640, roi=Rect(67, 147 - 412, 492), focus=FOCUSED, mode=SCAN
09-02 11:13:50.209 24978 24978 D DpmAnalyzer: analyze: THROTTLED by timing gate
09-02 11:13:50.209 24978 24978 D DpmFrameAnalyzer: analyze: result status=THROTTLED, code=null, source=null
09-02 11:13:50.229 24978 25317 D DpmFrameAnalyzer: analyze: frame received, format=35, size=640x480, rotation=90
09-02 11:13:50.254 24978 25317 D DpmFrameAnalyzer: analyze: bitmap converted, size=480x640, scanRoi=Rect(67, 147 - 412, 492)
09-02 11:13:50.255 24978 24978 D DpmAnalyzer: analyze: frame=480x640, roi=Rect(67, 147 - 412, 492), focus=FOCUSED, mode=SCAN
09-02 11:13:50.255 24978 24978 D DpmAnalyzer: analyze: THROTTLED by timing gate
09-02 11:13:50.255 24978 24978 D DpmFrameAnalyzer: analyze: result status=THROTTLED, code=null, source=null
09-02 11:13:50.272 24978 25317 D DpmFrameAnalyzer: analyze: frame received, format=35, size=640x480, rotation=90
09-02 11:13:50.297 24978 25317 D DpmFrameAnalyzer: analyze: bitmap converted, size=480x640, scanRoi=Rect(67, 147 - 412, 492)
09-02 11:13:50.302 24978 24978 D DpmAnalyzer: analyze: frame=480x640, roi=Rect(67, 147 - 412, 492), focus=FOCUSED, mode=SCAN
09-02 11:13:50.302 24978 24978 D DpmAnalyzer: analyze: THROTTLED by timing gate
09-02 11:13:50.302 24978 24978 D DpmFrameAnalyzer: analyze: result status=THROTTLED, code=null, source=null
09-02 11:13:50.306 24978 25317 D DpmFrameAnalyzer: analyze: frame received, format=35, size=640x480, rotation=90
09-02 11:13:50.327 24978 25317 D DpmFrameAnalyzer: analyze: bitmap converted, size=480x640, scanRoi=Rect(67, 147 - 412, 492)
09-02 11:13:50.334 24978 24978 D DpmAnalyzer: analyze: frame=480x640, roi=Rect(67, 147 - 412, 492), focus=FOCUSED, mode=SCAN
09-02 11:13:50.334 24978 24978 D DpmAnalyzer: analyze: starting performMultiStrategyDecode
09-02 11:13:50.334 24978 24978 D DpmAnalyzer: performMultiStrategyDecode: frame=480x640, roi=Rect(67, 147 - 412, 492), strategies=1
09-02 11:13:50.336 24978 24978 D DpmAnalyzer: Stage1: ROI 345x345 → scaled 345x345
09-02 11:13:50.357 24978 25317 D DpmFrameAnalyzer: analyze: frame received, format=35, size=640x480, rotation=90
09-02 11:13:50.379 24978 25317 D DpmFrameAnalyzer: analyze: bitmap converted, size=480x640, scanRoi=Rect(67, 147 - 412, 492)
09-02 11:13:50.382 24978 24978 D DpmAnalyzer: analyze: frame=480x640, roi=Rect(67, 147 - 412, 492), focus=FOCUSED, mode=SCAN
09-02 11:13:50.382 24978 24978 D DpmAnalyzer: analyze: THROTTLED (already running)
09-02 11:13:50.382 24978 24978 D DpmFrameAnalyzer: analyze: result status=THROTTLED, code=null, source=null
09-02 11:13:50.392 24978 25317 D DpmFrameAnalyzer: analyze: frame received, format=35, size=640x480, rotation=90
09-02 11:13:50.400 24978 24978 D DpmAnalyzer: Stage1: MISS
09-02 11:13:50.401 24978 24978 D DpmAnalyzer: scanRoi present, skipping full-image stages
09-02 11:13:50.401 24978 24978 D DpmAnalyzer: analyze: decodedCode=null
09-02 11:13:50.401 24978 24978 D DpmFrameAnalyzer: analyze: result status=NO_CODE, code=null, source=null
09-02 11:13:50.409 24978 25317 D DpmFrameAnalyzer: analyze: bitmap converted, size=480x640, scanRoi=Rect(67, 147 - 412, 492)
09-02 11:13:50.410 24978 24978 D DpmAnalyzer: analyze: frame=480x640, roi=Rect(67, 147 - 412, 492), focus=FOCUSED, mode=SCAN
09-02 11:13:50.410 24978 24978 D DpmAnalyzer: analyze: THROTTLED by timing gate
09-02 11:13:50.410 24978 24978 D DpmFrameAnalyzer: analyze: result status=THROTTLED, code=null, source=null
09-02 11:13:50.428 24978 25317 D DpmFrameAnalyzer: analyze: frame received, format=35, size=640x480, rotation=90
09-02 11:13:50.449 24978 25317 D DpmFrameAnalyzer: analyze: bitmap converted, size=480x640, scanRoi=Rect(67, 147 - 412, 492)
09-02 11:13:50.449 24978 24978 D DpmAnalyzer: analyze: frame=480x640, roi=Rect(67, 147 - 412, 492), focus=FOCUSED, mode=SCAN
09-02 11:13:50.450 24978 24978 D DpmAnalyzer: analyze: THROTTLED by timing gate
09-02 11:13:50.450 24978 24978 D DpmFrameAnalyzer: analyze: result status=THROTTLED, code=null, source=null
09-02 11:13:50.465 24978 25317 D DpmFrameAnalyzer: analyze: frame received, format=35, size=640x480, rotation=90
09-02 11:13:50.484 24978 25317 D DpmFrameAnalyzer: analyze: bitmap converted, size=480x640, scanRoi=Rect(67, 147 - 412, 492)
09-02 11:13:50.484 24978 24978 D DpmAnalyzer: analyze: frame=480x640, roi=Rect(67, 147 - 412, 492), focus=FOCUSED, mode=SCAN
09-02 11:13:50.484 24978 24978 D DpmAnalyzer: analyze: THROTTLED by timing gate
09-02 11:13:50.485 24978 24978 D DpmFrameAnalyzer: analyze: result status=THROTTLED, code=null, source=null
09-02 11:13:50.505 24978 25317 D DpmFrameAnalyzer: analyze: frame received, format=35, size=640x480, rotation=90
09-02 11:13:50.530 24978 25317 D DpmFrameAnalyzer: analyze: bitmap converted, size=480x640, scanRoi=Rect(67, 147 - 412, 492)
09-02 11:13:50.531 24978 24978 D DpmAnalyzer: analyze: frame=480x640, roi=Rect(67, 147 - 412, 492), focus=FOCUSED, mode=SCAN
09-02 11:13:50.531 24978 24978 D DpmAnalyzer: analyze: THROTTLED by timing gate
09-02 11:13:50.531 24978 24978 D DpmFrameAnalyzer: analyze: result status=THROTTLED, code=null, source=null
09-02 11:13:50.553 24978 25317 D DpmFrameAnalyzer: analyze: frame received, format=35, size=640x480, rotation=90
09-02 11:13:50.582 24978 25317 D DpmFrameAnalyzer: analyze: bitmap converted, size=480x640, scanRoi=Rect(67, 147 - 412, 492)
09-02 11:13:50.584 24978 24978 D DpmAnalyzer: analyze: frame=480x640, roi=Rect(67, 147 - 412, 492), focus=FOCUSED, mode=SCAN
09-02 11:13:50.584 24978 24978 D DpmAnalyzer: analyze: THROTTLED by timing gate
09-02 11:13:50.584 24978 24978 D DpmFrameAnalyzer: analyze: result status=THROTTLED, code=null, source=null
09-02 11:13:50.590 24978 25317 D DpmFrameAnalyzer: analyze: frame received, format=35, size=640x480, rotation=90
09-02 11:13:50.612 24978 25317 D DpmFrameAnalyzer: analyze: bitmap converted, size=480x640, scanRoi=Rect(67, 147 - 412, 492)
09-02 11:13:50.616 24978 24978 D DpmAnalyzer: analyze: frame=480x640, roi=Rect(67, 147 - 412, 492), focus=FOCUSED, mode=SCAN
09-02 11:13:50.616 24978 24978 D DpmAnalyzer: analyze: starting performMultiStrategyDecode
09-02 11:13:50.616 24978 24978 D DpmAnalyzer: performMultiStrategyDecode: frame=480x640, roi=Rect(67, 147 - 412, 492), strategies=1
09-02 11:13:50.619 24978 24978 D DpmAnalyzer: Stage1: ROI 345x345 → scaled 345x345
09-02 11:13:50.630 24978 25317 D DpmFrameAnalyzer: analyze: frame received, format=35, size=640x480, rotation=90
09-02 11:13:50.652 24978 25317 D DpmFrameAnalyzer: analyze: bitmap converted, size=480x640, scanRoi=Rect(67, 147 - 412, 492)
09-02 11:13:50.653 24978 24978 D DpmAnalyzer: analyze: frame=480x640, roi=Rect(67, 147 - 412, 492), focus=FOCUSED, mode=SCAN
09-02 11:13:50.653 24978 24978 D DpmAnalyzer: analyze: THROTTLED (already running)
09-02 11:13:50.653 24978 24978 D DpmFrameAnalyzer: analyze: result status=THROTTLED, code=null, source=null
09-02 11:13:50.671 24978 25317 D DpmFrameAnalyzer: analyze: frame received, format=35, size=640x480, rotation=90
09-02 11:13:50.682 24978 24978 D DpmAnalyzer: Stage1: MISS
09-02 11:13:50.682 24978 24978 D DpmAnalyzer: scanRoi present, skipping full-image stages
09-02 11:13:50.682 24978 24978 D DpmAnalyzer: analyze: decodedCode=null
09-02 11:13:50.682 24978 24978 D DpmFrameAnalyzer: analyze: result status=NO_CODE, code=null, source=null
09-02 11:13:50.693 24978 25317 D DpmFrameAnalyzer: analyze: bitmap converted, size=480x640, scanRoi=Rect(67, 147 - 412, 492)
09-02 11:13:50.693 24978 24978 D DpmAnalyzer: analyze: frame=480x640, roi=Rect(67, 147 - 412, 492), focus=FOCUSED, mode=SCAN
09-02 11:13:50.693 24978 24978 D DpmAnalyzer: analyze: THROTTLED by timing gate
09-02 11:13:50.693 24978 24978 D DpmFrameAnalyzer: analyze: result status=THROTTLED, code=null, source=null
09-02 11:13:50.707 24978 25317 D DpmFrameAnalyzer: analyze: frame received, format=35, size=640x480, rotation=90
09-02 11:13:50.727 24978 25317 D DpmFrameAnalyzer: analyze: bitmap converted, size=480x640, scanRoi=Rect(67, 147 - 412, 492)
09-02 11:13:50.727 24978 24978 D DpmAnalyzer: analyze: frame=480x640, roi=Rect(67, 147 - 412, 492), focus=FOCUSED, mode=SCAN
09-02 11:13:50.727 24978 24978 D DpmAnalyzer: analyze: THROTTLED by timing gate
09-02 11:13:50.727 24978 24978 D DpmFrameAnalyzer: analyze: result status=THROTTLED, code=null, source=null
09-02 11:13:50.739 24978 25317 D DpmFrameAnalyzer: analyze: frame received, format=35, size=640x480, rotation=90
09-02 11:13:50.763 24978 25317 D DpmFrameAnalyzer: analyze: bitmap converted, size=480x640, scanRoi=Rect(67, 147 - 412, 492)
09-02 11:13:50.767 24978 24978 D DpmAnalyzer: analyze: frame=480x640, roi=Rect(67, 147 - 412, 492), focus=FOCUSED, mode=SCAN
09-02 11:13:50.767 24978 24978 D DpmAnalyzer: analyze: THROTTLED by timing gate
09-02 11:13:50.767 24978 24978 D DpmFrameAnalyzer: analyze: result status=THROTTLED, code=null, source=null
09-02 11:13:50.783 24978 25317 D DpmFrameAnalyzer: analyze: frame received, format=35, size=640x480, rotation=90
09-02 11:13:50.805 24978 25317 D DpmFrameAnalyzer: analyze: bitmap converted, size=480x640, scanRoi=Rect(67, 147 - 412, 492)
09-02 11:13:50.806 24978 24978 D DpmAnalyzer: analyze: frame=480x640, roi=Rect(67, 147 - 412, 492), focus=FOCUSED, mode=SCAN
09-02 11:13:50.806 24978 24978 D DpmAnalyzer: analyze: THROTTLED by timing gate
09-02 11:13:50.806 24978 24978 D DpmFrameAnalyzer: analyze: result status=THROTTLED, code=null, source=null
09-02 11:13:50.823 24978 25317 D DpmFrameAnalyzer: analyze: frame received, format=35, size=640x480, rotation=90
09-02 11:13:50.848 24978 25317 D DpmFrameAnalyzer: analyze: bitmap converted, size=480x640, scanRoi=Rect(67, 147 - 412, 492)
09-02 11:13:50.850 24978 24978 D DpmAnalyzer: analyze: frame=480x640, roi=Rect(67, 147 - 412, 492), focus=FOCUSED, mode=SCAN
09-02 11:13:50.850 24978 24978 D DpmAnalyzer: analyze: THROTTLED by timing gate
09-02 11:13:50.850 24978 24978 D DpmFrameAnalyzer: analyze: result status=THROTTLED, code=null, source=null
09-02 11:13:50.860 24978 25317 D DpmFrameAnalyzer: analyze: frame received, format=35, size=640x480, rotation=90
09-02 11:13:50.887 24978 25317 D DpmFrameAnalyzer: analyze: bitmap converted, size=480x640, scanRoi=Rect(67, 147 - 412, 492)
09-02 11:13:50.887 24978 24978 D DpmAnalyzer: analyze: frame=480x640, roi=Rect(67, 147 - 412, 492), focus=FOCUSED, mode=SCAN
09-02 11:13:50.887 24978 24978 D DpmAnalyzer: analyze: starting performMultiStrategyDecode
09-02 11:13:50.887 24978 24978 D DpmAnalyzer: performMultiStrategyDecode: frame=480x640, roi=Rect(67, 147 - 412, 492), strategies=1
09-02 11:13:50.897 24978 24978 D DpmAnalyzer: Stage1: ROI 345x345 → scaled 345x345
09-02 11:13:50.913 24978 25317 D DpmFrameAnalyzer: analyze: frame received, format=35, size=640x480, rotation=90
09-02 11:13:50.939 24978 25317 D DpmFrameAnalyzer: analyze: bitmap converted, size=480x640, scanRoi=Rect(67, 147 - 412, 492)
09-02 11:13:50.939 24978 24978 D DpmAnalyzer: analyze: frame=480x640, roi=Rect(67, 147 - 412, 492), focus=FOCUSED, mode=SCAN
09-02 11:13:50.939 24978 24978 D DpmAnalyzer: analyze: THROTTLED (already running)
09-02 11:13:50.939 24978 24978 D DpmFrameAnalyzer: analyze: result status=THROTTLED, code=null, source=null
09-02 11:13:50.940 24978 25317 D DpmFrameAnalyzer: analyze: frame received, format=35, size=640x480, rotation=90
09-02 11:13:50.959 24978 25317 D DpmFrameAnalyzer: analyze: bitmap converted, size=480x640, scanRoi=Rect(67, 147 - 412, 492)
09-02 11:13:50.959 24978 24978 D DpmAnalyzer: analyze: frame=480x640, roi=Rect(67, 147 - 412, 492), focus=FOCUSED, mode=SCAN
09-02 11:13:50.959 24978 24978 D DpmAnalyzer: analyze: THROTTLED (already running)
09-02 11:13:50.959 24978 24978 D DpmFrameAnalyzer: analyze: result status=THROTTLED, code=null, source=null
09-02 11:13:50.964 24978 24978 D DpmAnalyzer: Stage1: MISS
09-02 11:13:50.964 24978 24978 D DpmAnalyzer: scanRoi present, skipping full-image stages
09-02 11:13:50.964 24978 24978 D DpmAnalyzer: analyze: decodedCode=null
09-02 11:13:50.964 24978 24978 D DpmFrameAnalyzer: analyze: result status=NO_CODE, code=null, source=null
09-02 11:13:50.974 24978 25317 D DpmFrameAnalyzer: analyze: frame received, format=35, size=640x480, rotation=90
09-02 11:13:50.992 24978 25317 D DpmFrameAnalyzer: analyze: bitmap converted, size=480x640, scanRoi=Rect(67, 147 - 412, 492)
09-02 11:13:50.992 24978 24978 D DpmAnalyzer: analyze: frame=480x640, roi=Rect(67, 147 - 412, 492), focus=FOCUSED, mode=SCAN
09-02 11:13:50.992 24978 24978 D DpmAnalyzer: analyze: THROTTLED by timing gate
09-02 11:13:50.992 24978 24978 D DpmFrameAnalyzer: analyze: result status=THROTTLED, code=null, source=null
09-02 11:13:51.016 24978 25317 D DpmFrameAnalyzer: analyze: frame received, format=35, size=640x480, rotation=90
09-02 11:13:51.036 24978 25317 D DpmFrameAnalyzer: analyze: bitmap converted, size=480x640, scanRoi=Rect(67, 147 - 412, 492)
09-02 11:13:51.037 24978 24978 D DpmAnalyzer: analyze: frame=480x640, roi=Rect(67, 147 - 412, 492), focus=FOCUSED, mode=SCAN
09-02 11:13:51.037 24978 24978 D DpmAnalyzer: analyze: THROTTLED by timing gate
09-02 11:13:51.037 24978 24978 D DpmFrameAnalyzer: analyze: result status=THROTTLED, code=null, source=null
09-02 11:13:51.060 24978 25317 D DpmFrameAnalyzer: analyze: frame received, format=35, size=640x480, rotation=90
09-02 11:13:51.092 24978 25317 D DpmFrameAnalyzer: analyze: bitmap converted, size=480x640, scanRoi=Rect(67, 147 - 412, 492)
09-02 11:13:51.093 24978 24978 D DpmAnalyzer: analyze: frame=480x640, roi=Rect(67, 147 - 412, 492), focus=FOCUSED, mode=SCAN
09-02 11:13:51.093 24978 24978 D DpmAnalyzer: analyze: THROTTLED by timing gate
09-02 11:13:51.093 24978 24978 D DpmFrameAnalyzer: analyze: result status=THROTTLED, code=null, source=null
09-02 11:13:51.099 24978 25317 D DpmFrameAnalyzer: analyze: frame received, format=35, size=640x480, rotation=90
09-02 11:13:51.125 24978 25317 D DpmFrameAnalyzer: analyze: bitmap converted, size=480x640, scanRoi=Rect(67, 147 - 412, 492)
09-02 11:13:51.126 24978 24978 D DpmAnalyzer: analyze: frame=480x640, roi=Rect(67, 147 - 412, 492), focus=FOCUSED, mode=SCAN
09-02 11:13:51.126 24978 24978 D DpmAnalyzer: analyze: THROTTLED by timing gate
09-02 11:13:51.126 24978 24978 D DpmFrameAnalyzer: analyze: result status=THROTTLED, code=null, source=null
09-02 11:13:51.135 24978 25317 D DpmFrameAnalyzer: analyze: frame received, format=35, size=640x480, rotation=90
09-02 11:13:51.157 24978 25317 D DpmFrameAnalyzer: analyze: bitmap converted, size=480x640, scanRoi=Rect(67, 147 - 412, 492)
09-02 11:13:51.157 24978 24978 D DpmAnalyzer: analyze: frame=480x640, roi=Rect(67, 147 - 412, 492), focus=FOCUSED, mode=SCAN
09-02 11:13:51.157 24978 24978 D DpmAnalyzer: analyze: THROTTLED by timing gate
09-02 11:13:51.158 24978 24978 D DpmFrameAnalyzer: analyze: result status=THROTTLED, code=null, source=null
09-02 11:13:51.173 24978 25317 D DpmFrameAnalyzer: analyze: frame received, format=35, size=640x480, rotation=90
09-02 11:13:51.193 24978 25317 D DpmFrameAnalyzer: analyze: bitmap converted, size=480x640, scanRoi=Rect(67, 147 - 412, 492)
09-02 11:13:51.193 24978 24978 D DpmAnalyzer: analyze: frame=480x640, roi=Rect(67, 147 - 412, 492), focus=FOCUSED, mode=SCAN
09-02 11:13:51.193 24978 24978 D DpmAnalyzer: analyze: starting performMultiStrategyDecode
09-02 11:13:51.193 24978 24978 D DpmAnalyzer: performMultiStrategyDecode: frame=480x640, roi=Rect(67, 147 - 412, 492), strategies=1
09-02 11:13:51.196 24978 24978 D DpmAnalyzer: Stage1: ROI 345x345 → scaled 345x345
09-02 11:13:51.223 24978 25317 D DpmFrameAnalyzer: analyze: frame received, format=35, size=640x480, rotation=90
09-02 11:13:51.250 24978 25317 D DpmFrameAnalyzer: analyze: bitmap converted, size=480x640, scanRoi=Rect(67, 147 - 412, 492)
09-02 11:13:51.250 24978 24978 D DpmAnalyzer: analyze: frame=480x640, roi=Rect(67, 147 - 412, 492), focus=FOCUSED, mode=SCAN
09-02 11:13:51.250 24978 24978 D DpmAnalyzer: analyze: THROTTLED (already running)
09-02 11:13:51.250 24978 24978 D DpmFrameAnalyzer: analyze: result status=THROTTLED, code=null, source=null
09-02 11:13:51.251 24978 24978 D DpmAnalyzer: Stage1: MISS
09-02 11:13:51.251 24978 24978 D DpmAnalyzer: scanRoi present, skipping full-image stages
09-02 11:13:51.251 24978 24978 D DpmAnalyzer: analyze: decodedCode=null
09-02 11:13:51.251 24978 24978 D DpmFrameAnalyzer: analyze: result status=NO_CODE, code=null, source=null
09-02 11:13:51.254 24978 25317 D DpmFrameAnalyzer: analyze: frame received, format=35, size=640x480, rotation=90
09-02 11:13:51.274 24978 25317 D DpmFrameAnalyzer: analyze: bitmap converted, size=480x640, scanRoi=Rect(67, 147 - 412, 492)
09-02 11:13:51.275 24978 24978 D DpmAnalyzer: analyze: frame=480x640, roi=Rect(67, 147 - 412, 492), focus=FOCUSED, mode=SCAN
09-02 11:13:51.275 24978 24978 D DpmAnalyzer: analyze: THROTTLED by timing gate
09-02 11:13:51.275 24978 24978 D DpmFrameAnalyzer: analyze: result status=THROTTLED, code=null, source=null
09-02 11:13:51.288 24978 25317 D DpmFrameAnalyzer: analyze: frame received, format=35, size=640x480, rotation=90
09-02 11:13:51.309 24978 25317 D DpmFrameAnalyzer: analyze: bitmap converted, size=480x640, scanRoi=Rect(67, 147 - 412, 492)
09-02 11:13:51.309 24978 24978 D DpmAnalyzer: analyze: frame=480x640, roi=Rect(67, 147 - 412, 492), focus=FOCUSED, mode=SCAN
09-02 11:13:51.309 24978 24978 D DpmAnalyzer: analyze: THROTTLED by timing gate
09-02 11:13:51.309 24978 24978 D DpmFrameAnalyzer: analyze: result status=THROTTLED, code=null, source=null
09-02 11:13:51.332 24978 25317 D DpmFrameAnalyzer: analyze: frame received, format=35, size=640x480, rotation=90
09-02 11:13:51.356 24978 25317 D DpmFrameAnalyzer: analyze: bitmap converted, size=480x640, scanRoi=Rect(67, 147 - 412, 492)
09-02 11:13:51.356 24978 24978 D DpmAnalyzer: analyze: frame=480x640, roi=Rect(67, 147 - 412, 492), focus=FOCUSED, mode=SCAN
09-02 11:13:51.356 24978 24978 D DpmAnalyzer: analyze: THROTTLED by timing gate
09-02 11:13:51.356 24978 24978 D DpmFrameAnalyzer: analyze: result status=THROTTLED, code=null, source=null
09-02 11:13:51.371 24978 25317 D DpmFrameAnalyzer: analyze: frame received, format=35, size=640x480, rotation=90
09-02 11:13:51.395 24978 25317 D DpmFrameAnalyzer: analyze: bitmap converted, size=480x640, scanRoi=Rect(67, 147 - 412, 492)
09-02 11:13:51.401 24978 24978 D DpmAnalyzer: analyze: frame=480x640, roi=Rect(67, 147 - 412, 492), focus=FOCUSED, mode=SCAN
09-02 11:13:51.401 24978 24978 D DpmAnalyzer: analyze: THROTTLED by timing gate
09-02 11:13:51.401 24978 24978 D DpmFrameAnalyzer: analyze: result status=THROTTLED, code=null, source=null
09-02 11:13:51.405 24978 25317 D DpmFrameAnalyzer: analyze: frame received, format=35, size=640x480, rotation=90
09-02 11:13:51.427 24978 25317 D DpmFrameAnalyzer: analyze: bitmap converted, size=480x640, scanRoi=Rect(67, 147 - 412, 492)
09-02 11:13:51.433 24978 24978 D DpmAnalyzer: analyze: frame=480x640, roi=Rect(67, 147 - 412, 492), focus=FOCUSED, mode=SCAN
09-02 11:13:51.433 24978 24978 D DpmAnalyzer: analyze: THROTTLED by timing gate
09-02 11:13:51.433 24978 24978 D DpmFrameAnalyzer: analyze: result status=THROTTLED, code=null, source=null
09-02 11:13:51.441 24978 25317 D DpmFrameAnalyzer: analyze: frame received, format=35, size=640x480, rotation=90
09-02 11:13:51.466 24978 25317 D DpmFrameAnalyzer: analyze: bitmap converted, size=480x640, scanRoi=Rect(67, 147 - 412, 492)
09-02 11:13:51.468 24978 24978 D DpmAnalyzer: analyze: frame=480x640, roi=Rect(67, 147 - 412, 492), focus=FOCUSED, mode=SCAN
09-02 11:13:51.468 24978 24978 D DpmAnalyzer: analyze: starting performMultiStrategyDecode
09-02 11:13:51.468 24978 24978 D DpmAnalyzer: performMultiStrategyDecode: frame=480x640, roi=Rect(67, 147 - 412, 492), strategies=1
09-02 11:13:51.475 24978 24978 D DpmAnalyzer: Stage1: ROI 345x345 → scaled 345x345
09-02 11:13:51.492 24978 25317 D DpmFrameAnalyzer: analyze: frame received, format=35, size=640x480, rotation=90
09-02 11:13:51.526 24978 25317 D DpmFrameAnalyzer: analyze: bitmap converted, size=480x640, scanRoi=Rect(67, 147 - 412, 492)
09-02 11:13:51.526 24978 24978 D DpmAnalyzer: analyze: frame=480x640, roi=Rect(67, 147 - 412, 492), focus=FOCUSED, mode=SCAN
09-02 11:13:51.526 24978 24978 D DpmAnalyzer: analyze: THROTTLED (already running)
09-02 11:13:51.526 24978 24978 D DpmFrameAnalyzer: analyze: result status=THROTTLED, code=null, source=null
09-02 11:13:51.533 24978 25317 D DpmFrameAnalyzer: analyze: frame received, format=35, size=640x480, rotation=90
09-02 11:13:51.535 24978 24978 D DpmAnalyzer: Stage1: MISS
09-02 11:13:51.535 24978 24978 D DpmAnalyzer: scanRoi present, skipping full-image stages
09-02 11:13:51.535 24978 24978 D DpmAnalyzer: analyze: decodedCode=null
09-02 11:13:51.535 24978 24978 D DpmFrameAnalyzer: analyze: result status=NO_CODE, code=null, source=null
09-02 11:13:51.555 24978 25317 D DpmFrameAnalyzer: analyze: bitmap converted, size=480x640, scanRoi=Rect(67, 147 - 412, 492)
09-02 11:13:51.555 24978 24978 D DpmAnalyzer: analyze: frame=480x640, roi=Rect(67, 147 - 412, 492), focus=FOCUSED, mode=SCAN
09-02 11:13:51.555 24978 24978 D DpmAnalyzer: analyze: THROTTLED by timing gate
09-02 11:13:51.555 24978 24978 D DpmFrameAnalyzer: analyze: result status=THROTTLED, code=null, source=null
09-02 11:13:51.567 24978 25317 D DpmFrameAnalyzer: analyze: frame received, format=35, size=640x480, rotation=90
09-02 11:13:51.589 24978 25317 D DpmFrameAnalyzer: analyze: bitmap converted, size=480x640, scanRoi=Rect(67, 147 - 412, 492)
09-02 11:13:51.590 24978 24978 D DpmAnalyzer: analyze: frame=480x640, roi=Rect(67, 147 - 412, 492), focus=FOCUSED, mode=SCAN
09-02 11:13:51.590 24978 24978 D DpmAnalyzer: analyze: THROTTLED by timing gate
09-02 11:13:51.590 24978 24978 D DpmFrameAnalyzer: analyze: result status=THROTTLED, code=null, source=null
09-02 11:13:51.610 24978 25317 D DpmFrameAnalyzer: analyze: frame received, format=35, size=640x480, rotation=90
09-02 11:13:51.629 24978 25317 D DpmFrameAnalyzer: analyze: bitmap converted, size=480x640, scanRoi=Rect(67, 147 - 412, 492)
09-02 11:13:51.633 24978 24978 D DpmAnalyzer: analyze: frame=480x640, roi=Rect(67, 147 - 412, 492), focus=FOCUSED, mode=SCAN
09-02 11:13:51.633 24978 24978 D DpmAnalyzer: analyze: THROTTLED by timing gate
09-02 11:13:51.633 24978 24978 D DpmFrameAnalyzer: analyze: result status=THROTTLED, code=null, source=null
09-02 11:13:51.644 24978 25317 D DpmFrameAnalyzer: analyze: frame received, format=35, size=640x480, rotation=90
09-02 11:13:51.664 24978 25317 D DpmFrameAnalyzer: analyze: bitmap converted, size=480x640, scanRoi=Rect(67, 147 - 412, 492)
09-02 11:13:51.664 24978 24978 D DpmAnalyzer: analyze: frame=480x640, roi=Rect(67, 147 - 412, 492), focus=FOCUSED, mode=SCAN
09-02 11:13:51.664 24978 24978 D DpmAnalyzer: analyze: THROTTLED by timing gate
09-02 11:13:51.664 24978 24978 D DpmFrameAnalyzer: analyze: result status=THROTTLED, code=null, source=null
09-02 11:13:51.685 24978 25317 D DpmFrameAnalyzer: analyze: frame received, format=35, size=640x480, rotation=90
09-02 11:13:51.707 24978 25317 D DpmFrameAnalyzer: analyze: bitmap converted, size=480x640, scanRoi=Rect(67, 147 - 412, 492)
09-02 11:13:51.708 24978 24978 D DpmAnalyzer: analyze: frame=480x640, roi=Rect(67, 147 - 412, 492), focus=FOCUSED, mode=SCAN
09-02 11:13:51.708 24978 24978 D DpmAnalyzer: analyze: THROTTLED by timing gate
09-02 11:13:51.708 24978 24978 D DpmFrameAnalyzer: analyze: result status=THROTTLED, code=null, source=null
09-02 11:13:51.723 24978 25317 D DpmFrameAnalyzer: analyze: frame received, format=35, size=640x480, rotation=90
09-02 11:13:51.750 24978 25317 D DpmFrameAnalyzer: analyze: bitmap converted, size=480x640, scanRoi=Rect(67, 147 - 412, 492)
09-02 11:13:51.751 24978 24978 D DpmAnalyzer: analyze: frame=480x640, roi=Rect(67, 147 - 412, 492), focus=FOCUSED, mode=SCAN
09-02 11:13:51.751 24978 24978 D DpmAnalyzer: analyze: starting performMultiStrategyDecode
09-02 11:13:51.751 24978 24978 D DpmAnalyzer: performMultiStrategyDecode: frame=480x640, roi=Rect(67, 147 - 412, 492), strategies=1
09-02 11:13:51.757 24978 24978 D DpmAnalyzer: Stage1: ROI 345x345 → scaled 345x345
09-02 11:13:51.790 24978 25317 D DpmFrameAnalyzer: analyze: frame received, format=35, size=640x480, rotation=90
09-02 11:13:51.851 24978 25317 D DpmFrameAnalyzer: analyze: bitmap converted, size=480x640, scanRoi=Rect(67, 147 - 412, 492)
09-02 11:13:51.852 24978 25317 D DpmFrameAnalyzer: analyze: frame received, format=35, size=640x480, rotation=90
09-02 11:13:51.858 24978 24978 D DpmAnalyzer: analyze: frame=480x640, roi=Rect(67, 147 - 412, 492), focus=FOCUSED, mode=SCAN
09-02 11:13:51.859 24978 24978 D DpmAnalyzer: analyze: THROTTLED (already running)
09-02 11:13:51.859 24978 24978 D DpmFrameAnalyzer: analyze: result status=THROTTLED, code=null, source=null
09-02 11:13:51.876 24978 25317 D DpmFrameAnalyzer: analyze: bitmap converted, size=480x640, scanRoi=Rect(67, 147 - 412, 492)
09-02 11:13:51.876 24978 24978 D DpmAnalyzer: analyze: frame=480x640, roi=Rect(67, 147 - 412, 492), focus=FOCUSED, mode=SCAN
09-02 11:13:51.876 24978 24978 D DpmAnalyzer: analyze: THROTTLED (already running)
09-02 11:13:51.876 24978 24978 D DpmFrameAnalyzer: analyze: result status=THROTTLED, code=null, source=null
09-02 11:13:51.877 24978 25317 D DpmFrameAnalyzer: analyze: frame received, format=35, size=640x480, rotation=90
09-02 11:13:51.880 24978 24978 D DpmAnalyzer: Stage1: MISS
09-02 11:13:51.880 24978 24978 D DpmAnalyzer: scanRoi present, skipping full-image stages
09-02 11:13:51.880 24978 24978 D DpmAnalyzer: analyze: decodedCode=null
09-02 11:13:51.880 24978 24978 D DpmFrameAnalyzer: analyze: result status=NO_CODE, code=null, source=null
09-02 11:13:51.897 24978 25317 D DpmFrameAnalyzer: analyze: bitmap converted, size=480x640, scanRoi=Rect(67, 147 - 412, 492)
09-02 11:13:51.897 24978 24978 D DpmAnalyzer: analyze: frame=480x640, roi=Rect(67, 147 - 412, 492), focus=FOCUSED, mode=SCAN
09-02 11:13:51.897 24978 24978 D DpmAnalyzer: analyze: THROTTLED by timing gate
09-02 11:13:51.897 24978 24978 D DpmFrameAnalyzer: analyze: result status=THROTTLED, code=null, source=null
09-02 11:13:51.898 24978 25317 D DpmFrameAnalyzer: analyze: frame received, format=35, size=640x480, rotation=90
09-02 11:13:51.913 24978 25317 D DpmFrameAnalyzer: analyze: bitmap converted, size=480x640, scanRoi=Rect(67, 147 - 412, 492)
09-02 11:13:51.914 24978 24978 D DpmAnalyzer: analyze: frame=480x640, roi=Rect(67, 147 - 412, 492), focus=FOCUSED, mode=SCAN
09-02 11:13:51.914 24978 24978 D DpmAnalyzer: analyze: THROTTLED by timing gate
09-02 11:13:51.914 24978 24978 D DpmFrameAnalyzer: analyze: result status=THROTTLED, code=null, source=null
09-02 11:13:51.923 24978 25317 D DpmFrameAnalyzer: analyze: frame received, format=35, size=640x480, rotation=90
09-02 11:13:51.938 24978 25317 D DpmFrameAnalyzer: analyze: bitmap converted, size=480x640, scanRoi=Rect(67, 147 - 412, 492)
09-02 11:13:51.939 24978 24978 D DpmAnalyzer: analyze: frame=480x640, roi=Rect(67, 147 - 412, 492), focus=FOCUSED, mode=SCAN
09-02 11:13:51.939 24978 24978 D DpmAnalyzer: analyze: THROTTLED by timing gate
09-02 11:13:51.939 24978 24978 D DpmFrameAnalyzer: analyze: result status=THROTTLED, code=null, source=null
09-02 11:13:51.956 24978 25317 D DpmFrameAnalyzer: analyze: frame received, format=35, size=640x480, rotation=90
09-02 11:13:51.972 24978 25317 D DpmFrameAnalyzer: analyze: bitmap converted, size=480x640, scanRoi=Rect(67, 147 - 412, 492)
09-02 11:13:51.973 24978 24978 D DpmAnalyzer: analyze: frame=480x640, roi=Rect(67, 147 - 412, 492), focus=FOCUSED, mode=SCAN
09-02 11:13:51.973 24978 24978 D DpmAnalyzer: analyze: THROTTLED by timing gate
09-02 11:13:51.973 24978 24978 D DpmFrameAnalyzer: analyze: result status=THROTTLED, code=null, source=null
09-02 11:13:51.997 24978 25317 D DpmFrameAnalyzer: analyze: frame received, format=35, size=640x480, rotation=90
09-02 11:13:52.017 24978 25317 D DpmFrameAnalyzer: analyze: bitmap converted, size=480x640, scanRoi=Rect(67, 147 - 412, 492)
09-02 11:13:52.017 24978 24978 D DpmAnalyzer: analyze: frame=480x640, roi=Rect(67, 147 - 412, 492), focus=FOCUSED, mode=SCAN
09-02 11:13:52.017 24978 24978 D DpmAnalyzer: analyze: THROTTLED by timing gate
09-02 11:13:52.017 24978 24978 D DpmFrameAnalyzer: analyze: result status=THROTTLED, code=null, source=null
09-02 11:13:52.036 24978 25317 D DpmFrameAnalyzer: analyze: frame received, format=35, size=640x480, rotation=90
09-02 11:13:52.055 24978 25317 D DpmFrameAnalyzer: analyze: bitmap converted, size=480x640, scanRoi=Rect(67, 147 - 412, 492)
09-02 11:13:52.055 24978 24978 D DpmAnalyzer: analyze: frame=480x640, roi=Rect(67, 147 - 412, 492), focus=FOCUSED, mode=SCAN
09-02 11:13:52.055 24978 24978 D DpmAnalyzer: analyze: THROTTLED by timing gate
09-02 11:13:52.055 24978 24978 D DpmFrameAnalyzer: analyze: result status=THROTTLED, code=null, source=null
09-02 11:13:52.071 24978 25317 D DpmFrameAnalyzer: analyze: frame received, format=35, size=640x480, rotation=90
09-02 11:13:52.089 24978 25317 D DpmFrameAnalyzer: analyze: bitmap converted, size=480x640, scanRoi=Rect(67, 147 - 412, 492)
09-02 11:13:52.090 24978 24978 D DpmAnalyzer: analyze: frame=480x640, roi=Rect(67, 147 - 412, 492), focus=FOCUSED, mode=SCAN
09-02 11:13:52.090 24978 24978 D DpmAnalyzer: analyze: starting performMultiStrategyDecode
09-02 11:13:52.090 24978 24978 D DpmAnalyzer: performMultiStrategyDecode: frame=480x640, roi=Rect(67, 147 - 412, 492), strategies=1
09-02 11:13:52.096 24978 24978 D DpmAnalyzer: Stage1: ROI 345x345 → scaled 345x345
09-02 11:13:52.127 24978 25317 D DpmFrameAnalyzer: analyze: frame received, format=35, size=640x480, rotation=90
09-02 11:13:52.148 24978 25317 D DpmFrameAnalyzer: analyze: bitmap converted, size=480x640, scanRoi=Rect(67, 147 - 412, 492)
09-02 11:13:52.149 24978 24978 D DpmAnalyzer: analyze: frame=480x640, roi=Rect(67, 147 - 412, 492), focus=FOCUSED, mode=SCAN
09-02 11:13:52.149 24978 24978 D DpmAnalyzer: analyze: THROTTLED (already running)
09-02 11:13:52.149 24978 24978 D DpmFrameAnalyzer: analyze: result status=THROTTLED, code=null, source=null
09-02 11:13:52.155 24978 25317 D DpmFrameAnalyzer: analyze: frame received, format=35, size=640x480, rotation=90
09-02 11:13:52.175 24978 24978 D DpmAnalyzer: Stage1: MISS
09-02 11:13:52.175 24978 24978 D DpmAnalyzer: scanRoi present, skipping full-image stages
09-02 11:13:52.175 24978 24978 D DpmAnalyzer: analyze: decodedCode=null
09-02 11:13:52.175 24978 24978 D DpmFrameAnalyzer: analyze: result status=NO_CODE, code=null, source=null
09-02 11:13:52.176 24978 25317 D DpmFrameAnalyzer: analyze: bitmap converted, size=480x640, scanRoi=Rect(67, 147 - 412, 492)
09-02 11:13:52.178 24978 24978 D DpmAnalyzer: analyze: frame=480x640, roi=Rect(67, 147 - 412, 492), focus=FOCUSED, mode=SCAN
09-02 11:13:52.179 24978 24978 D DpmAnalyzer: analyze: THROTTLED by timing gate
09-02 11:13:52.179 24978 24978 D DpmFrameAnalyzer: analyze: result status=THROTTLED, code=null, source=null
09-02 11:13:52.190 24978 25317 D DpmFrameAnalyzer: analyze: frame received, format=35, size=640x480, rotation=90
09-02 11:13:52.211 24978 25317 D DpmFrameAnalyzer: analyze: bitmap converted, size=480x640, scanRoi=Rect(67, 147 - 412, 492)
09-02 11:13:52.212 24978 24978 D DpmAnalyzer: analyze: frame=480x640, roi=Rect(67, 147 - 412, 492), focus=FOCUSED, mode=SCAN
09-02 11:13:52.212 24978 24978 D DpmAnalyzer: analyze: THROTTLED by timing gate
09-02 11:13:52.213 24978 24978 D DpmFrameAnalyzer: analyze: result status=THROTTLED, code=null, source=null
09-02 11:13:52.232 24978 25317 D DpmFrameAnalyzer: analyze: frame received, format=35, size=640x480, rotation=90
09-02 11:13:52.257 24978 25317 D DpmFrameAnalyzer: analyze: bitmap converted, size=480x640, scanRoi=Rect(67, 147 - 412, 492)
09-02 11:13:52.257 24978 24978 D DpmAnalyzer: analyze: frame=480x640, roi=Rect(67, 147 - 412, 492), focus=FOCUSED, mode=SCAN
09-02 11:13:52.257 24978 24978 D DpmAnalyzer: analyze: THROTTLED by timing gate
09-02 11:13:52.257 24978 24978 D DpmFrameAnalyzer: analyze: result status=THROTTLED, code=null, source=null
09-02 11:13:52.271 24978 25317 D DpmFrameAnalyzer: analyze: frame received, format=35, size=640x480, rotation=90
09-02 11:13:52.292 24978 25317 D DpmFrameAnalyzer: analyze: bitmap converted, size=480x640, scanRoi=Rect(67, 147 - 412, 492)
09-02 11:13:52.293 24978 24978 D DpmAnalyzer: analyze: frame=480x640, roi=Rect(67, 147 - 412, 492), focus=FOCUSED, mode=SCAN
09-02 11:13:52.293 24978 24978 D DpmAnalyzer: analyze: THROTTLED by timing gate
09-02 11:13:52.293 24978 24978 D DpmFrameAnalyzer: analyze: result status=THROTTLED, code=null, source=null
09-02 11:13:52.310 24978 25317 D DpmFrameAnalyzer: analyze: frame received, format=35, size=640x480, rotation=90
09-02 11:13:52.334 24978 25317 D DpmFrameAnalyzer: analyze: bitmap converted, size=480x640, scanRoi=Rect(67, 147 - 412, 492)
09-02 11:13:52.335 24978 24978 D DpmAnalyzer: analyze: frame=480x640, roi=Rect(67, 147 - 412, 492), focus=FOCUSED, mode=SCAN
09-02 11:13:52.335 24978 24978 D DpmAnalyzer: analyze: THROTTLED by timing gate
09-02 11:13:52.335 24978 24978 D DpmFrameAnalyzer: analyze: result status=THROTTLED, code=null, source=null
09-02 11:13:52.344 24978 25317 D DpmFrameAnalyzer: analyze: frame received, format=35, size=640x480, rotation=90
09-02 11:13:52.369 24978 25317 D DpmFrameAnalyzer: analyze: bitmap converted, size=480x640, scanRoi=Rect(67, 147 - 412, 492)
09-02 11:13:52.370 24978 24978 D DpmAnalyzer: analyze: frame=480x640, roi=Rect(67, 147 - 412, 492), focus=FOCUSED, mode=SCAN
09-02 11:13:52.370 24978 24978 D DpmAnalyzer: analyze: THROTTLED by timing gate
09-02 11:13:52.370 24978 24978 D DpmFrameAnalyzer: analyze: result status=THROTTLED, code=null, source=null
09-02 11:13:52.392 24978 25317 D DpmFrameAnalyzer: analyze: frame received, format=35, size=640x480, rotation=90
09-02 11:13:52.419 24978 25317 D DpmFrameAnalyzer: analyze: bitmap converted, size=480x640, scanRoi=Rect(67, 147 - 412, 492)
09-02 11:13:52.420 24978 24978 D DpmAnalyzer: analyze: frame=480x640, roi=Rect(67, 147 - 412, 492), focus=FOCUSED, mode=SCAN
09-02 11:13:52.420 24978 24978 D DpmAnalyzer: analyze: starting performMultiStrategyDecode
09-02 11:13:52.420 24978 24978 D DpmAnalyzer: performMultiStrategyDecode: frame=480x640, roi=Rect(67, 147 - 412, 492), strategies=1
09-02 11:13:52.426 24978 24978 D DpmAnalyzer: Stage1: ROI 345x345 → scaled 345x345
09-02 11:13:52.437 24978 25317 D DpmFrameAnalyzer: analyze: frame received, format=35, size=640x480, rotation=90
09-02 11:13:52.461 24978 25317 D DpmFrameAnalyzer: analyze: bitmap converted, size=480x640, scanRoi=Rect(67, 147 - 412, 492)
09-02 11:13:52.468 24978 24978 D DpmAnalyzer: analyze: frame=480x640, roi=Rect(67, 147 - 412, 492), focus=FOCUSED, mode=SCAN
09-02 11:13:52.469 24978 24978 D DpmAnalyzer: analyze: THROTTLED (already running)
09-02 11:13:52.469 24978 24978 D DpmFrameAnalyzer: analyze: result status=THROTTLED, code=null, source=null
09-02 11:13:52.474 24978 25317 D DpmFrameAnalyzer: analyze: frame received, format=35, size=640x480, rotation=90
09-02 11:13:52.496 24978 24978 D DpmAnalyzer: Stage1: MISS
09-02 11:13:52.496 24978 24978 D DpmAnalyzer: scanRoi present, skipping full-image stages
09-02 11:13:52.496 24978 24978 D DpmAnalyzer: analyze: decodedCode=null
09-02 11:13:52.496 24978 25317 D DpmFrameAnalyzer: analyze: bitmap converted, size=480x640, scanRoi=Rect(67, 147 - 412, 492)
09-02 11:13:52.496 24978 24978 D DpmFrameAnalyzer: analyze: result status=NO_CODE, code=null, source=null
09-02 11:13:52.497 24978 24978 D DpmAnalyzer: analyze: frame=480x640, roi=Rect(67, 147 - 412, 492), focus=FOCUSED, mode=SCAN
09-02 11:13:52.497 24978 24978 D DpmAnalyzer: analyze: THROTTLED by timing gate
09-02 11:13:52.497 24978 24978 D DpmFrameAnalyzer: analyze: result status=THROTTLED, code=null, source=null
09-02 11:13:52.506 24978 25317 D DpmFrameAnalyzer: analyze: frame received, format=35, size=640x480, rotation=90
09-02 11:13:52.525 24978 25317 D DpmFrameAnalyzer: analyze: bitmap converted, size=480x640, scanRoi=Rect(67, 147 - 412, 492)
09-02 11:13:52.525 24978 24978 D DpmAnalyzer: analyze: frame=480x640, roi=Rect(67, 147 - 412, 492), focus=FOCUSED, mode=SCAN
09-02 11:13:52.525 24978 24978 D DpmAnalyzer: analyze: THROTTLED by timing gate
09-02 11:13:52.525 24978 24978 D DpmFrameAnalyzer: analyze: result status=THROTTLED, code=null, source=null
09-02 11:13:52.546 24978 25317 D DpmFrameAnalyzer: analyze: frame received, format=35, size=640x480, rotation=90
09-02 11:13:52.572 24978 25317 D DpmFrameAnalyzer: analyze: bitmap converted, size=480x640, scanRoi=Rect(67, 147 - 412, 492)
09-02 11:13:52.572 24978 24978 D DpmAnalyzer: analyze: frame=480x640, roi=Rect(67, 147 - 412, 492), focus=FOCUSED, mode=SCAN
09-02 11:13:52.572 24978 24978 D DpmAnalyzer: analyze: THROTTLED by timing gate
09-02 11:13:52.572 24978 24978 D DpmFrameAnalyzer: analyze: result status=THROTTLED, code=null, source=null
09-02 11:13:52.582 24978 25317 D DpmFrameAnalyzer: analyze: frame received, format=35, size=640x480, rotation=90
09-02 11:13:52.603 24978 25317 D DpmFrameAnalyzer: analyze: bitmap converted, size=480x640, scanRoi=Rect(67, 147 - 412, 492)
09-02 11:13:52.604 24978 24978 D DpmAnalyzer: analyze: frame=480x640, roi=Rect(67, 147 - 412, 492), focus=FOCUSED, mode=SCAN
09-02 11:13:52.604 24978 24978 D DpmAnalyzer: analyze: THROTTLED by timing gate
09-02 11:13:52.604 24978 24978 D DpmFrameAnalyzer: analyze: result status=THROTTLED, code=null, source=null
09-02 11:13:52.628 24978 25317 D DpmFrameAnalyzer: analyze: frame received, format=35, size=640x480, rotation=90
09-02 11:13:52.647 24978 25317 D DpmFrameAnalyzer: analyze: bitmap converted, size=480x640, scanRoi=Rect(67, 147 - 412, 492)
09-02 11:13:52.647 24978 24978 D DpmAnalyzer: analyze: frame=480x640, roi=Rect(67, 147 - 412, 492), focus=FOCUSED, mode=SCAN
09-02 11:13:52.648 24978 24978 D DpmAnalyzer: analyze: THROTTLED by timing gate
09-02 11:13:52.648 24978 24978 D DpmFrameAnalyzer: analyze: result status=THROTTLED, code=null, source=null
09-02 11:13:52.664 24978 25317 D DpmFrameAnalyzer: analyze: frame received, format=35, size=640x480, rotation=90
09-02 11:13:52.690 24978 25317 D DpmFrameAnalyzer: analyze: bitmap converted, size=480x640, scanRoi=Rect(67, 147 - 412, 492)
09-02 11:13:52.690 24978 24978 D DpmAnalyzer: analyze: frame=480x640, roi=Rect(67, 147 - 412, 492), focus=FOCUSED, mode=SCAN
09-02 11:13:52.690 24978 24978 D DpmAnalyzer: analyze: THROTTLED by timing gate
09-02 11:13:52.690 24978 24978 D DpmFrameAnalyzer: analyze: result status=THROTTLED, code=null, source=null
09-02 11:13:52.711 24978 25317 D DpmFrameAnalyzer: analyze: frame received, format=35, size=640x480, rotation=90
09-02 11:13:52.730 24978 25317 D DpmFrameAnalyzer: analyze: bitmap converted, size=480x640, scanRoi=Rect(67, 147 - 412, 492)
09-02 11:13:52.730 24978 24978 D DpmAnalyzer: analyze: frame=480x640, roi=Rect(67, 147 - 412, 492), focus=FOCUSED, mode=SCAN
09-02 11:13:52.730 24978 24978 D DpmAnalyzer: analyze: starting performMultiStrategyDecode
09-02 11:13:52.731 24978 24978 D DpmAnalyzer: performMultiStrategyDecode: frame=480x640, roi=Rect(67, 147 - 412, 492), strategies=1
09-02 11:13:52.736 24978 24978 D DpmAnalyzer: Stage1: ROI 345x345 → scaled 345x345
09-02 11:13:52.750 24978 25317 D DpmFrameAnalyzer: analyze: frame received, format=35, size=640x480, rotation=90
09-02 11:13:52.769 24978 25317 D DpmFrameAnalyzer: analyze: bitmap converted, size=480x640, scanRoi=Rect(67, 147 - 412, 492)
09-02 11:13:52.770 24978 24978 D DpmAnalyzer: analyze: frame=480x640, roi=Rect(67, 147 - 412, 492), focus=FOCUSED, mode=SCAN
09-02 11:13:52.770 24978 24978 D DpmAnalyzer: analyze: THROTTLED (already running)
09-02 11:13:52.770 24978 24978 D DpmFrameAnalyzer: analyze: result status=THROTTLED, code=null, source=null
09-02 11:13:52.783 24978 25317 D DpmFrameAnalyzer: analyze: frame received, format=35, size=640x480, rotation=90
09-02 11:13:52.791 24978 24978 D DpmAnalyzer: Stage1: MISS
09-02 11:13:52.791 24978 24978 D DpmAnalyzer: scanRoi present, skipping full-image stages
09-02 11:13:52.791 24978 24978 D DpmAnalyzer: analyze: decodedCode=null
09-02 11:13:52.791 24978 24978 D DpmFrameAnalyzer: analyze: result status=NO_CODE, code=null, source=null
09-02 11:13:52.803 24978 25317 D DpmFrameAnalyzer: analyze: bitmap converted, size=480x640, scanRoi=Rect(67, 147 - 412, 492)
09-02 11:13:52.804 24978 24978 D DpmAnalyzer: analyze: frame=480x640, roi=Rect(67, 147 - 412, 492), focus=FOCUSED, mode=SCAN
09-02 11:13:52.804 24978 24978 D DpmAnalyzer: analyze: THROTTLED by timing gate
09-02 11:13:52.804 24978 24978 D DpmFrameAnalyzer: analyze: result status=THROTTLED, code=null, source=null
09-02 11:13:52.823 24978 25317 D DpmFrameAnalyzer: analyze: frame received, format=35, size=640x480, rotation=90
09-02 11:13:52.845 24978 25317 D DpmFrameAnalyzer: analyze: bitmap converted, size=480x640, scanRoi=Rect(67, 147 - 412, 492)
09-02 11:13:52.846 24978 24978 D DpmAnalyzer: analyze: frame=480x640, roi=Rect(67, 147 - 412, 492), focus=FOCUSED, mode=SCAN
09-02 11:13:52.846 24978 24978 D DpmAnalyzer: analyze: THROTTLED by timing gate
09-02 11:13:52.846 24978 24978 D DpmFrameAnalyzer: analyze: result status=THROTTLED, code=null, source=null
09-02 11:13:52.860 24978 25317 D DpmFrameAnalyzer: analyze: frame received, format=35, size=640x480, rotation=90
09-02 11:13:52.883 24978 25317 D DpmFrameAnalyzer: analyze: bitmap converted, size=480x640, scanRoi=Rect(67, 147 - 412, 492)
09-02 11:13:52.883 24978 24978 D DpmAnalyzer: analyze: frame=480x640, roi=Rect(67, 147 - 412, 492), focus=FOCUSED, mode=SCAN
09-02 11:13:52.883 24978 24978 D DpmAnalyzer: analyze: THROTTLED by timing gate
09-02 11:13:52.883 24978 24978 D DpmFrameAnalyzer: analyze: result status=THROTTLED, code=null, source=null
09-02 11:13:52.903 24978 25317 D DpmFrameAnalyzer: analyze: frame received, format=35, size=640x480, rotation=90
09-02 11:13:52.926 24978 25317 D DpmFrameAnalyzer: analyze: bitmap converted, size=480x640, scanRoi=Rect(67, 147 - 412, 492)
09-02 11:13:52.927 24978 24978 D DpmAnalyzer: analyze: frame=480x640, roi=Rect(67, 147 - 412, 492), focus=FOCUSED, mode=SCAN
09-02 11:13:52.927 24978 24978 D DpmAnalyzer: analyze: THROTTLED by timing gate
09-02 11:13:52.927 24978 24978 D DpmFrameAnalyzer: analyze: result status=THROTTLED, code=null, source=null
09-02 11:13:52.955 24978 25317 D DpmFrameAnalyzer: analyze: frame received, format=35, size=640x480, rotation=90
09-02 11:13:52.981 24978 25317 D DpmFrameAnalyzer: analyze: bitmap converted, size=480x640, scanRoi=Rect(67, 147 - 412, 492)
09-02 11:13:52.981 24978 24978 D DpmAnalyzer: analyze: frame=480x640, roi=Rect(67, 147 - 412, 492), focus=FOCUSED, mode=SCAN
09-02 11:13:52.981 24978 24978 D DpmAnalyzer: analyze: THROTTLED by timing gate
09-02 11:13:52.981 24978 24978 D DpmFrameAnalyzer: analyze: result status=THROTTLED, code=null, source=null
09-02 11:13:52.981 24978 25317 D DpmFrameAnalyzer: analyze: frame received, format=35, size=640x480, rotation=90
09-02 11:13:52.997 24978 25317 D DpmFrameAnalyzer: analyze: bitmap converted, size=480x640, scanRoi=Rect(67, 147 - 412, 492)
09-02 11:13:52.997 24978 24978 D DpmAnalyzer: analyze: frame=480x640, roi=Rect(67, 147 - 412, 492), focus=FOCUSED, mode=SCAN
09-02 11:13:52.997 24978 24978 D DpmAnalyzer: analyze: starting performMultiStrategyDecode
09-02 11:13:52.997 24978 24978 D DpmAnalyzer: performMultiStrategyDecode: frame=480x640, roi=Rect(67, 147 - 412, 492), strategies=1
09-02 11:13:53.000 24978 24978 D DpmAnalyzer: Stage1: ROI 345x345 → scaled 345x345
09-02 11:13:53.014 24978 25317 D DpmFrameAnalyzer: analyze: frame received, format=35, size=640x480, rotation=90
09-02 11:13:53.031 24978 25317 D DpmFrameAnalyzer: analyze: bitmap converted, size=480x640, scanRoi=Rect(67, 147 - 412, 492)
09-02 11:13:53.032 24978 24978 D DpmAnalyzer: analyze: frame=480x640, roi=Rect(67, 147 - 412, 492), focus=FOCUSED, mode=SCAN
09-02 11:13:53.032 24978 24978 D DpmAnalyzer: analyze: THROTTLED (already running)
09-02 11:13:53.032 24978 24978 D DpmFrameAnalyzer: analyze: result status=THROTTLED, code=null, source=null
09-02 11:13:53.049 24978 24978 D DpmAnalyzer: Stage1: MISS
09-02 11:13:53.049 24978 24978 D DpmAnalyzer: scanRoi present, skipping full-image stages
09-02 11:13:53.049 24978 24978 D DpmAnalyzer: analyze: decodedCode=null
09-02 11:13:53.049 24978 24978 D DpmFrameAnalyzer: analyze: result status=NO_CODE, code=null, source=null
09-02 11:13:53.053 24978 25317 D DpmFrameAnalyzer: analyze: frame received, format=35, size=640x480, rotation=90
09-02 11:13:53.070 24978 25317 D DpmFrameAnalyzer: analyze: bitmap converted, size=480x640, scanRoi=Rect(67, 147 - 412, 492)
09-02 11:13:53.071 24978 24978 D DpmAnalyzer: analyze: frame=480x640, roi=Rect(67, 147 - 412, 492), focus=FOCUSED, mode=SCAN
09-02 11:13:53.071 24978 24978 D DpmAnalyzer: analyze: THROTTLED by timing gate
09-02 11:13:53.071 24978 24978 D DpmFrameAnalyzer: analyze: result status=THROTTLED, code=null, source=null
09-02 11:13:53.089 24978 25317 D DpmFrameAnalyzer: analyze: frame received, format=35, size=640x480, rotation=90
09-02 11:13:53.110 24978 25317 D DpmFrameAnalyzer: analyze: bitmap converted, size=480x640, scanRoi=Rect(67, 147 - 412, 492)
09-02 11:13:53.111 24978 24978 D DpmAnalyzer: analyze: frame=480x640, roi=Rect(67, 147 - 412, 492), focus=FOCUSED, mode=SCAN
09-02 11:13:53.111 24978 24978 D DpmAnalyzer: analyze: THROTTLED by timing gate
09-02 11:13:53.111 24978 24978 D DpmFrameAnalyzer: analyze: result status=THROTTLED, code=null, source=null
09-02 11:13:53.129 24978 25317 D DpmFrameAnalyzer: analyze: frame received, format=35, size=640x480, rotation=90
09-02 11:13:53.149 24978 25317 D DpmFrameAnalyzer: analyze: bitmap converted, size=480x640, scanRoi=Rect(67, 147 - 412, 492)
09-02 11:13:53.150 24978 24978 D DpmAnalyzer: analyze: frame=480x640, roi=Rect(67, 147 - 412, 492), focus=FOCUSED, mode=SCAN
09-02 11:13:53.150 24978 24978 D DpmAnalyzer: analyze: THROTTLED by timing gate
09-02 11:13:53.150 24978 24978 D DpmFrameAnalyzer: analyze: result status=THROTTLED, code=null, source=null
09-02 11:13:53.171 24978 25317 D DpmFrameAnalyzer: analyze: frame received, format=35, size=640x480, rotation=90
09-02 11:13:53.190 24978 25317 D DpmFrameAnalyzer: analyze: bitmap converted, size=480x640, scanRoi=Rect(67, 147 - 412, 492)
09-02 11:13:53.191 24978 24978 D DpmAnalyzer: analyze: frame=480x640, roi=Rect(67, 147 - 412, 492), focus=FOCUSED, mode=SCAN
09-02 11:13:53.191 24978 24978 D DpmAnalyzer: analyze: THROTTLED by timing gate
09-02 11:13:53.191 24978 24978 D DpmFrameAnalyzer: analyze: result status=THROTTLED, code=null, source=null
09-02 11:13:53.217 24978 25317 D DpmFrameAnalyzer: analyze: frame received, format=35, size=640x480, rotation=90
09-02 11:13:53.240 24978 25317 D DpmFrameAnalyzer: analyze: bitmap converted, size=480x640, scanRoi=Rect(67, 147 - 412, 492)
09-02 11:13:53.241 24978 24978 D DpmAnalyzer: analyze: frame=480x640, roi=Rect(67, 147 - 412, 492), focus=FOCUSED, mode=SCAN
09-02 11:13:53.241 24978 24978 D DpmAnalyzer: analyze: THROTTLED by timing gate
09-02 11:13:53.241 24978 24978 D DpmFrameAnalyzer: analyze: result status=THROTTLED, code=null, source=null
09-02 11:13:53.245 24978 25317 D DpmFrameAnalyzer: analyze: frame received, format=35, size=640x480, rotation=90
09-02 11:13:53.267 24978 25317 D DpmFrameAnalyzer: analyze: bitmap converted, size=480x640, scanRoi=Rect(67, 147 - 412, 492)
09-02 11:13:53.267 24978 24978 D DpmAnalyzer: analyze: frame=480x640, roi=Rect(67, 147 - 412, 492), focus=FOCUSED, mode=SCAN
09-02 11:13:53.267 24978 24978 D DpmAnalyzer: analyze: starting performMultiStrategyDecode
09-02 11:13:53.267 24978 24978 D DpmAnalyzer: performMultiStrategyDecode: frame=480x640, roi=Rect(67, 147 - 412, 492), strategies=1
09-02 11:13:53.269 24978 24978 D DpmAnalyzer: Stage1: ROI 345x345 → scaled 345x345
09-02 11:13:53.286 24978 25317 D DpmFrameAnalyzer: analyze: frame received, format=35, size=640x480, rotation=90
09-02 11:13:53.307 24978 25317 D DpmFrameAnalyzer: analyze: bitmap converted, size=480x640, scanRoi=Rect(67, 147 - 412, 492)
09-02 11:13:53.308 24978 24978 D DpmAnalyzer: analyze: frame=480x640, roi=Rect(67, 147 - 412, 492), focus=FOCUSED, mode=SCAN
09-02 11:13:53.308 24978 24978 D DpmAnalyzer: analyze: THROTTLED (already running)
09-02 11:13:53.308 24978 24978 D DpmFrameAnalyzer: analyze: result status=THROTTLED, code=null, source=null
09-02 11:13:53.320 24978 24978 D DpmAnalyzer: Stage1: MISS
09-02 11:13:53.320 24978 24978 D DpmAnalyzer: scanRoi present, skipping full-image stages
09-02 11:13:53.320 24978 24978 D DpmAnalyzer: analyze: decodedCode=null
09-02 11:13:53.320 24978 24978 D DpmFrameAnalyzer: analyze: result status=NO_CODE, code=null, source=null
09-02 11:13:53.323 24978 25317 D DpmFrameAnalyzer: analyze: frame received, format=35, size=640x480, rotation=90
09-02 11:13:53.341 24978 25317 D DpmFrameAnalyzer: analyze: bitmap converted, size=480x640, scanRoi=Rect(67, 147 - 412, 492)
09-02 11:13:53.341 24978 24978 D DpmAnalyzer: analyze: frame=480x640, roi=Rect(67, 147 - 412, 492), focus=FOCUSED, mode=SCAN
09-02 11:13:53.342 24978 24978 D DpmAnalyzer: analyze: THROTTLED by timing gate
09-02 11:13:53.342 24978 24978 D DpmFrameAnalyzer: analyze: result status=THROTTLED, code=null, source=null
09-02 11:13:53.362 24978 25317 D DpmFrameAnalyzer: analyze: frame received, format=35, size=640x480, rotation=90
09-02 11:13:53.378 24978 25317 D DpmFrameAnalyzer: analyze: bitmap converted, size=480x640, scanRoi=Rect(67, 147 - 412, 492)
09-02 11:13:53.379 24978 24978 D DpmAnalyzer: analyze: frame=480x640, roi=Rect(67, 147 - 412, 492), focus=FOCUSED, mode=SCAN
09-02 11:13:53.379 24978 24978 D DpmAnalyzer: analyze: THROTTLED by timing gate
09-02 11:13:53.379 24978 24978 D DpmFrameAnalyzer: analyze: result status=THROTTLED, code=null, source=null
09-02 11:13:53.404 24978 25317 D DpmFrameAnalyzer: analyze: frame received, format=35, size=640x480, rotation=90
09-02 11:13:53.421 24978 25317 D DpmFrameAnalyzer: analyze: bitmap converted, size=480x640, scanRoi=Rect(67, 147 - 412, 492)
09-02 11:13:53.422 24978 24978 D DpmAnalyzer: analyze: frame=480x640, roi=Rect(67, 147 - 412, 492), focus=FOCUSED, mode=SCAN
09-02 11:13:53.422 24978 24978 D DpmAnalyzer: analyze: THROTTLED by timing gate
09-02 11:13:53.422 24978 24978 D DpmFrameAnalyzer: analyze: result status=THROTTLED, code=null, source=null
09-02 11:13:53.449 24978 25317 D DpmFrameAnalyzer: analyze: frame received, format=35, size=640x480, rotation=90
09-02 11:13:53.469 24978 25317 D DpmFrameAnalyzer: analyze: bitmap converted, size=480x640, scanRoi=Rect(67, 147 - 412, 492)
09-02 11:13:53.469 24978 24978 D DpmAnalyzer: analyze: frame=480x640, roi=Rect(67, 147 - 412, 492), focus=FOCUSED, mode=SCAN
09-02 11:13:53.469 24978 24978 D DpmAnalyzer: analyze: THROTTLED by timing gate
09-02 11:13:53.469 24978 24978 D DpmFrameAnalyzer: analyze: result status=THROTTLED, code=null, source=null
09-02 11:13:53.480 24978 25317 D DpmFrameAnalyzer: analyze: frame received, format=35, size=640x480, rotation=90
09-02 11:13:53.500 24978 25317 D DpmFrameAnalyzer: analyze: bitmap converted, size=480x640, scanRoi=Rect(67, 147 - 412, 492)
09-02 11:13:53.500 24978 24978 D DpmAnalyzer: analyze: frame=480x640, roi=Rect(67, 147 - 412, 492), focus=FOCUSED, mode=SCAN
09-02 11:13:53.500 24978 24978 D DpmAnalyzer: analyze: THROTTLED by timing gate
09-02 11:13:53.500 24978 24978 D DpmFrameAnalyzer: analyze: result status=THROTTLED, code=null, source=null
09-02 11:13:53.520 24978 25317 D DpmFrameAnalyzer: analyze: frame received, format=35, size=640x480, rotation=90
09-02 11:13:53.539 24978 25317 D DpmFrameAnalyzer: analyze: bitmap converted, size=480x640, scanRoi=Rect(67, 147 - 412, 492)
09-02 11:13:53.539 24978 24978 D DpmAnalyzer: analyze: frame=480x640, roi=Rect(67, 147 - 412, 492), focus=FOCUSED, mode=SCAN
09-02 11:13:53.539 24978 24978 D DpmAnalyzer: analyze: starting performMultiStrategyDecode
09-02 11:13:53.539 24978 24978 D DpmAnalyzer: performMultiStrategyDecode: frame=480x640, roi=Rect(67, 147 - 412, 492), strategies=1
09-02 11:13:53.542 24978 24978 D DpmAnalyzer: Stage1: ROI 345x345 → scaled 345x345
09-02 11:13:53.566 24978 25317 D DpmFrameAnalyzer: analyze: frame received, format=35, size=640x480, rotation=90
09-02 11:13:53.584 24978 25317 D DpmFrameAnalyzer: analyze: bitmap converted, size=480x640, scanRoi=Rect(67, 147 - 412, 492)
09-02 11:13:53.585 24978 24978 D DpmAnalyzer: analyze: frame=480x640, roi=Rect(67, 147 - 412, 492), focus=FOCUSED, mode=SCAN
09-02 11:13:53.585 24978 24978 D DpmAnalyzer: analyze: THROTTLED (already running)
09-02 11:13:53.585 24978 24978 D DpmFrameAnalyzer: analyze: result status=THROTTLED, code=null, source=null
09-02 11:13:53.589 24978 24978 D DpmAnalyzer: Stage1: MISS
09-02 11:13:53.589 24978 24978 D DpmAnalyzer: scanRoi present, skipping full-image stages
09-02 11:13:53.589 24978 24978 D DpmAnalyzer: analyze: decodedCode=null
09-02 11:13:53.589 24978 24978 D DpmFrameAnalyzer: analyze: result status=NO_CODE, code=null, source=null
09-02 11:13:53.604 24978 25317 D DpmFrameAnalyzer: analyze: frame received, format=35, size=640x480, rotation=90
09-02 11:13:53.618 24978 25317 D DpmFrameAnalyzer: analyze: bitmap converted, size=480x640, scanRoi=Rect(67, 147 - 412, 492)
09-02 11:13:53.619 24978 24978 D DpmAnalyzer: analyze: frame=480x640, roi=Rect(67, 147 - 412, 492), focus=FOCUSED, mode=SCAN
09-02 11:13:53.619 24978 24978 D DpmAnalyzer: analyze: THROTTLED by timing gate
09-02 11:13:53.619 24978 24978 D DpmFrameAnalyzer: analyze: result status=THROTTLED, code=null, source=null
09-02 11:13:53.637 24978 25317 D DpmFrameAnalyzer: analyze: frame received, format=35, size=640x480, rotation=90
09-02 11:13:53.653 24978 25317 D DpmFrameAnalyzer: analyze: bitmap converted, size=480x640, scanRoi=Rect(67, 147 - 412, 492)
09-02 11:13:53.653 24978 24978 D DpmAnalyzer: analyze: frame=480x640, roi=Rect(67, 147 - 412, 492), focus=FOCUSED, mode=SCAN
09-02 11:13:53.654 24978 24978 D DpmAnalyzer: analyze: THROTTLED by timing gate
09-02 11:13:53.654 24978 24978 D DpmFrameAnalyzer: analyze: result status=THROTTLED, code=null, source=null
09-02 11:13:53.679 24978 25317 D DpmFrameAnalyzer: analyze: frame received, format=35, size=640x480, rotation=90
09-02 11:13:53.707 24978 25317 D DpmFrameAnalyzer: analyze: bitmap converted, size=480x640, scanRoi=Rect(67, 147 - 412, 492)
09-02 11:13:53.708 24978 24978 D DpmAnalyzer: analyze: frame=480x640, roi=Rect(67, 147 - 412, 492), focus=FOCUSED, mode=SCAN
09-02 11:13:53.708 24978 24978 D DpmAnalyzer: analyze: THROTTLED by timing gate
09-02 11:13:53.708 24978 24978 D DpmFrameAnalyzer: analyze: result status=THROTTLED, code=null, source=null
09-02 11:13:53.723 24978 25317 D DpmFrameAnalyzer: analyze: frame received, format=35, size=640x480, rotation=90
09-02 11:13:53.749 24978 25317 D DpmFrameAnalyzer: analyze: bitmap converted, size=480x640, scanRoi=Rect(67, 147 - 412, 492)
09-02 11:13:53.750 24978 24978 D DpmAnalyzer: analyze: frame=480x640, roi=Rect(67, 147 - 412, 492), focus=FOCUSED, mode=SCAN
09-02 11:13:53.750 24978 24978 D DpmAnalyzer: analyze: THROTTLED by timing gate
09-02 11:13:53.750 24978 24978 D DpmFrameAnalyzer: analyze: result status=THROTTLED, code=null, source=null
09-02 11:13:53.763 24978 25317 D DpmFrameAnalyzer: analyze: frame received, format=35, size=640x480, rotation=90
09-02 11:13:53.788 24978 25317 D DpmFrameAnalyzer: analyze: bitmap converted, size=480x640, scanRoi=Rect(67, 147 - 412, 492)
09-02 11:13:53.789 24978 24978 D DpmAnalyzer: analyze: frame=480x640, roi=Rect(67, 147 - 412, 492), focus=FOCUSED, mode=SCAN
09-02 11:13:53.789 24978 24978 D DpmAnalyzer: analyze: starting performMultiStrategyDecode
09-02 11:13:53.789 24978 24978 D DpmAnalyzer: performMultiStrategyDecode: frame=480x640, roi=Rect(67, 147 - 412, 492), strategies=1
09-02 11:13:53.795 24978 24978 D DpmAnalyzer: Stage1: ROI 345x345 → scaled 345x345
09-02 11:13:53.806 24978 25317 D DpmFrameAnalyzer: analyze: frame received, format=35, size=640x480, rotation=90
09-02 11:13:53.833 24978 25317 D DpmFrameAnalyzer: analyze: bitmap converted, size=480x640, scanRoi=Rect(67, 147 - 412, 492)
09-02 11:13:53.834 24978 24978 D DpmAnalyzer: analyze: frame=480x640, roi=Rect(67, 147 - 412, 492), focus=FOCUSED, mode=SCAN
09-02 11:13:53.834 24978 24978 D DpmAnalyzer: analyze: THROTTLED (already running)
09-02 11:13:53.834 24978 24978 D DpmFrameAnalyzer: analyze: result status=THROTTLED, code=null, source=null
09-02 11:13:53.844 24978 25317 D DpmFrameAnalyzer: analyze: frame received, format=35, size=640x480, rotation=90
09-02 11:13:53.853 24978 24978 D DpmAnalyzer: Stage1: MISS
09-02 11:13:53.853 24978 24978 D DpmAnalyzer: scanRoi present, skipping full-image stages
09-02 11:13:53.853 24978 24978 D DpmAnalyzer: analyze: decodedCode=null
09-02 11:13:53.853 24978 24978 D DpmFrameAnalyzer: analyze: result status=NO_CODE, code=null, source=null
09-02 11:13:53.869 24978 25317 D DpmFrameAnalyzer: analyze: bitmap converted, size=480x640, scanRoi=Rect(67, 147 - 412, 492)
09-02 11:13:53.869 24978 24978 D DpmAnalyzer: analyze: frame=480x640, roi=Rect(67, 147 - 412, 492), focus=FOCUSED, mode=SCAN
09-02 11:13:53.870 24978 24978 D DpmAnalyzer: analyze: THROTTLED by timing gate
09-02 11:13:53.870 24978 24978 D DpmFrameAnalyzer: analyze: result status=THROTTLED, code=null, source=null
09-02 11:13:53.884 24978 25317 D DpmFrameAnalyzer: analyze: frame received, format=35, size=640x480, rotation=90
09-02 11:13:53.910 24978 25317 D DpmFrameAnalyzer: analyze: bitmap converted, size=480x640, scanRoi=Rect(67, 147 - 412, 492)
09-02 11:13:53.913 24978 24978 D DpmAnalyzer: analyze: frame=480x640, roi=Rect(67, 147 - 412, 492), focus=FOCUSED, mode=SCAN
09-02 11:13:53.913 24978 24978 D DpmAnalyzer: analyze: THROTTLED by timing gate
09-02 11:13:53.913 24978 24978 D DpmFrameAnalyzer: analyze: result status=THROTTLED, code=null, source=null
09-02 11:13:53.922 24978 25317 D DpmFrameAnalyzer: analyze: frame received, format=35, size=640x480, rotation=90
09-02 11:13:53.948 24978 25317 D DpmFrameAnalyzer: analyze: bitmap converted, size=480x640, scanRoi=Rect(67, 147 - 412, 492)
09-02 11:13:53.948 24978 24978 D DpmAnalyzer: analyze: frame=480x640, roi=Rect(67, 147 - 412, 492), focus=FOCUSED, mode=SCAN
09-02 11:13:53.948 24978 24978 D DpmAnalyzer: analyze: THROTTLED by timing gate
09-02 11:13:53.948 24978 24978 D DpmFrameAnalyzer: analyze: result status=THROTTLED, code=null, source=null
09-02 11:13:53.959 24978 25317 D DpmFrameAnalyzer: analyze: frame received, format=35, size=640x480, rotation=90
09-02 11:13:53.985 24978 25317 D DpmFrameAnalyzer: analyze: bitmap converted, size=480x640, scanRoi=Rect(67, 147 - 412, 492)
09-02 11:13:53.985 24978 24978 D DpmAnalyzer: analyze: frame=480x640, roi=Rect(67, 147 - 412, 492), focus=FOCUSED, mode=SCAN
09-02 11:13:53.985 24978 24978 D DpmAnalyzer: analyze: THROTTLED by timing gate
09-02 11:13:53.985 24978 24978 D DpmFrameAnalyzer: analyze: result status=THROTTLED, code=null, source=null
09-02 11:13:54.005 24978 25317 D DpmFrameAnalyzer: analyze: frame received, format=35, size=640x480, rotation=90
09-02 11:13:54.028 24978 25317 D DpmFrameAnalyzer: analyze: bitmap converted, size=480x640, scanRoi=Rect(67, 147 - 412, 492)
09-02 11:13:54.029 24978 24978 D DpmAnalyzer: analyze: frame=480x640, roi=Rect(67, 147 - 412, 492), focus=FOCUSED, mode=SCAN
09-02 11:13:54.029 24978 24978 D DpmAnalyzer: analyze: THROTTLED by timing gate
09-02 11:13:54.029 24978 24978 D DpmFrameAnalyzer: analyze: result status=THROTTLED, code=null, source=null
09-02 11:13:54.039 24978 25317 D DpmFrameAnalyzer: analyze: frame received, format=35, size=640x480, rotation=90
09-02 11:13:54.060 24978 25317 D DpmFrameAnalyzer: analyze: bitmap converted, size=480x640, scanRoi=Rect(67, 147 - 412, 492)
09-02 11:13:54.064 24978 24978 D DpmAnalyzer: analyze: frame=480x640, roi=Rect(67, 147 - 412, 492), focus=FOCUSED, mode=SCAN
09-02 11:13:54.064 24978 24978 D DpmAnalyzer: analyze: starting performMultiStrategyDecode
09-02 11:13:54.064 24978 24978 D DpmAnalyzer: performMultiStrategyDecode: frame=480x640, roi=Rect(67, 147 - 412, 492), strategies=1
09-02 11:13:54.071 24978 24978 D DpmAnalyzer: Stage1: ROI 345x345 → scaled 345x345
09-02 11:13:54.082 24978 25317 D DpmFrameAnalyzer: analyze: frame received, format=35, size=640x480, rotation=90
09-02 11:13:54.107 24978 25317 D DpmFrameAnalyzer: analyze: bitmap converted, size=480x640, scanRoi=Rect(67, 147 - 412, 492)
09-02 11:13:54.108 24978 24978 D DpmAnalyzer: analyze: frame=480x640, roi=Rect(67, 147 - 412, 492), focus=FOCUSED, mode=SCAN
09-02 11:13:54.108 24978 24978 D DpmAnalyzer: analyze: THROTTLED (already running)
09-02 11:13:54.108 24978 24978 D DpmFrameAnalyzer: analyze: result status=THROTTLED, code=null, source=null
09-02 11:13:54.117 24978 25317 D DpmFrameAnalyzer: analyze: frame received, format=35, size=640x480, rotation=90
09-02 11:13:54.129 24978 24978 D DpmAnalyzer: Stage1: MISS
09-02 11:13:54.130 24978 24978 D DpmAnalyzer: scanRoi present, skipping full-image stages
09-02 11:13:54.130 24978 24978 D DpmAnalyzer: analyze: decodedCode=null
09-02 11:13:54.130 24978 24978 D DpmFrameAnalyzer: analyze: result status=NO_CODE, code=null, source=null
09-02 11:13:54.136 24978 25317 D DpmFrameAnalyzer: analyze: bitmap converted, size=480x640, scanRoi=Rect(67, 147 - 412, 492)
09-02 11:13:54.136 24978 24978 D DpmAnalyzer: analyze: frame=480x640, roi=Rect(67, 147 - 412, 492), focus=FOCUSED, mode=SCAN
09-02 11:13:54.136 24978 24978 D DpmAnalyzer: analyze: THROTTLED by timing gate
09-02 11:13:54.136 24978 24978 D DpmFrameAnalyzer: analyze: result status=THROTTLED, code=null, source=null
09-02 11:13:54.154 24978 25317 D DpmFrameAnalyzer: analyze: frame received, format=35, size=640x480, rotation=90
09-02 11:13:54.170 24978 25317 D DpmFrameAnalyzer: analyze: bitmap converted, size=480x640, scanRoi=Rect(67, 147 - 412, 492)
09-02 11:13:54.171 24978 24978 D DpmAnalyzer: analyze: frame=480x640, roi=Rect(67, 147 - 412, 492), focus=FOCUSED, mode=SCAN
09-02 11:13:54.171 24978 24978 D DpmAnalyzer: analyze: THROTTLED by timing gate
09-02 11:13:54.171 24978 24978 D DpmFrameAnalyzer: analyze: result status=THROTTLED, code=null, source=null
09-02 11:13:54.197 24978 25317 D DpmFrameAnalyzer: analyze: frame received, format=35, size=640x480, rotation=90
09-02 11:13:54.221 24978 25317 D DpmFrameAnalyzer: analyze: bitmap converted, size=480x640, scanRoi=Rect(67, 147 - 412, 492)
09-02 11:13:54.221 24978 24978 D DpmAnalyzer: analyze: frame=480x640, roi=Rect(67, 147 - 412, 492), focus=FOCUSED, mode=SCAN
09-02 11:13:54.221 24978 24978 D DpmAnalyzer: analyze: THROTTLED by timing gate
09-02 11:13:54.221 24978 24978 D DpmFrameAnalyzer: analyze: result status=THROTTLED, code=null, source=null
09-02 11:13:54.237 24978 25317 D DpmFrameAnalyzer: analyze: frame received, format=35, size=640x480, rotation=90
09-02 11:13:54.259 24978 25317 D DpmFrameAnalyzer: analyze: bitmap converted, size=480x640, scanRoi=Rect(67, 147 - 412, 492)
09-02 11:13:54.259 24978 24978 D DpmAnalyzer: analyze: frame=480x640, roi=Rect(67, 147 - 412, 492), focus=FOCUSED, mode=SCAN
09-02 11:13:54.259 24978 24978 D DpmAnalyzer: analyze: THROTTLED by timing gate
09-02 11:13:54.259 24978 24978 D DpmFrameAnalyzer: analyze: result status=THROTTLED, code=null, source=null
09-02 11:13:54.272 24978 25317 D DpmFrameAnalyzer: analyze: frame received, format=35, size=640x480, rotation=90
09-02 11:13:54.292 24978 25317 D DpmFrameAnalyzer: analyze: bitmap converted, size=480x640, scanRoi=Rect(67, 147 - 412, 492)
09-02 11:13:54.293 24978 24978 D DpmAnalyzer: analyze: frame=480x640, roi=Rect(67, 147 - 412, 492), focus=FOCUSED, mode=SCAN
09-02 11:13:54.293 24978 24978 D DpmAnalyzer: analyze: THROTTLED by timing gate
09-02 11:13:54.293 24978 24978 D DpmFrameAnalyzer: analyze: result status=THROTTLED, code=null, source=null
09-02 11:13:54.317 24978 25317 D DpmFrameAnalyzer: analyze: frame received, format=35, size=640x480, rotation=90
09-02 11:13:54.339 24978 25317 D DpmFrameAnalyzer: analyze: bitmap converted, size=480x640, scanRoi=Rect(67, 147 - 412, 492)
09-02 11:13:54.339 24978 24978 D DpmAnalyzer: analyze: frame=480x640, roi=Rect(67, 147 - 412, 492), focus=FOCUSED, mode=SCAN
09-02 11:13:54.340 24978 24978 D DpmAnalyzer: analyze: starting performMultiStrategyDecode
09-02 11:13:54.340 24978 24978 D DpmAnalyzer: performMultiStrategyDecode: frame=480x640, roi=Rect(67, 147 - 412, 492), strategies=1
09-02 11:13:54.346 24978 24978 D DpmAnalyzer: Stage1: ROI 345x345 → scaled 345x345
09-02 11:13:54.360 24978 25317 D DpmFrameAnalyzer: analyze: frame received, format=35, size=640x480, rotation=90
09-02 11:13:54.386 24978 25317 D DpmFrameAnalyzer: analyze: bitmap converted, size=480x640, scanRoi=Rect(67, 147 - 412, 492)
09-02 11:13:54.388 24978 24978 D DpmAnalyzer: analyze: frame=480x640, roi=Rect(67, 147 - 412, 492), focus=FOCUSED, mode=SCAN
09-02 11:13:54.388 24978 24978 D DpmAnalyzer: analyze: THROTTLED (already running)
09-02 11:13:54.388 24978 24978 D DpmFrameAnalyzer: analyze: result status=THROTTLED, code=null, source=null
09-02 11:13:54.398 24978 25317 D DpmFrameAnalyzer: analyze: frame received, format=35, size=640x480, rotation=90
09-02 11:13:54.414 24978 24978 D DpmAnalyzer: Stage1: MISS
09-02 11:13:54.414 24978 24978 D DpmAnalyzer: scanRoi present, skipping full-image stages
09-02 11:13:54.414 24978 24978 D DpmAnalyzer: analyze: decodedCode=null
09-02 11:13:54.414 24978 24978 D DpmFrameAnalyzer: analyze: result status=NO_CODE, code=null, source=null
09-02 11:13:54.416 24978 25317 D DpmFrameAnalyzer: analyze: bitmap converted, size=480x640, scanRoi=Rect(67, 147 - 412, 492)
09-02 11:13:54.417 24978 24978 D DpmAnalyzer: analyze: frame=480x640, roi=Rect(67, 147 - 412, 492), focus=FOCUSED, mode=SCAN
09-02 11:13:54.417 24978 24978 D DpmAnalyzer: analyze: THROTTLED by timing gate
09-02 11:13:54.417 24978 24978 D DpmFrameAnalyzer: analyze: result status=THROTTLED, code=null, source=null
09-02 11:13:54.423 24978 25317 D DpmFrameAnalyzer: analyze: frame received, format=35, size=640x480, rotation=90
09-02 11:13:54.438 24978 25317 D DpmFrameAnalyzer: analyze: bitmap converted, size=480x640, scanRoi=Rect(67, 147 - 412, 492)
09-02 11:13:54.438 24978 24978 D DpmAnalyzer: analyze: frame=480x640, roi=Rect(67, 147 - 412, 492), focus=FOCUSED, mode=SCAN
09-02 11:13:54.438 24978 24978 D DpmAnalyzer: analyze: THROTTLED by timing gate
09-02 11:13:54.439 24978 24978 D DpmFrameAnalyzer: analyze: result status=THROTTLED, code=null, source=null
09-02 11:13:54.469 24978 25317 D DpmFrameAnalyzer: analyze: frame received, format=35, size=640x480, rotation=90
09-02 11:13:54.492 24978 25317 D DpmFrameAnalyzer: analyze: bitmap converted, size=480x640, scanRoi=Rect(67, 147 - 412, 492)
09-02 11:13:54.492 24978 24978 D DpmAnalyzer: analyze: frame=480x640, roi=Rect(67, 147 - 412, 492), focus=FOCUSED, mode=SCAN
09-02 11:13:54.492 24978 24978 D DpmAnalyzer: analyze: THROTTLED by timing gate
09-02 11:13:54.493 24978 24978 D DpmFrameAnalyzer: analyze: result status=THROTTLED, code=null, source=null
09-02 11:13:54.510 24978 25317 D DpmFrameAnalyzer: analyze: frame received, format=35, size=640x480, rotation=90
09-02 11:13:54.527 24978 25317 D DpmFrameAnalyzer: analyze: bitmap converted, size=480x640, scanRoi=Rect(67, 147 - 412, 492)
09-02 11:13:54.529 24978 24978 D DpmAnalyzer: analyze: frame=480x640, roi=Rect(67, 147 - 412, 492), focus=FOCUSED, mode=SCAN
09-02 11:13:54.529 24978 24978 D DpmAnalyzer: analyze: THROTTLED by timing gate
09-02 11:13:54.529 24978 24978 D DpmFrameAnalyzer: analyze: result status=THROTTLED, code=null, source=null
09-02 11:13:54.546 24978 25317 D DpmFrameAnalyzer: analyze: frame received, format=35, size=640x480, rotation=90
09-02 11:13:54.571 24978 25317 D DpmFrameAnalyzer: analyze: bitmap converted, size=480x640, scanRoi=Rect(67, 147 - 412, 492)
09-02 11:13:54.571 24978 24978 D DpmAnalyzer: analyze: frame=480x640, roi=Rect(67, 147 - 412, 492), focus=FOCUSED, mode=SCAN
09-02 11:13:54.572 24978 24978 D DpmAnalyzer: analyze: THROTTLED by timing gate
09-02 11:13:54.572 24978 24978 D DpmFrameAnalyzer: analyze: result status=THROTTLED, code=null, source=null
09-02 11:13:54.589 24978 25317 D DpmFrameAnalyzer: analyze: frame received, format=35, size=640x480, rotation=90
09-02 11:13:54.615 24978 25317 D DpmFrameAnalyzer: analyze: bitmap converted, size=480x640, scanRoi=Rect(67, 147 - 412, 492)
09-02 11:13:54.615 24978 24978 D DpmAnalyzer: analyze: frame=480x640, roi=Rect(67, 147 - 412, 492), focus=FOCUSED, mode=SCAN
09-02 11:13:54.615 24978 24978 D DpmAnalyzer: analyze: starting performMultiStrategyDecode
09-02 11:13:54.615 24978 24978 D DpmAnalyzer: performMultiStrategyDecode: frame=480x640, roi=Rect(67, 147 - 412, 492), strategies=1
09-02 11:13:54.620 24978 24978 D DpmAnalyzer: Stage1: ROI 345x345 → scaled 345x345
09-02 11:13:54.633 24978 25317 D DpmFrameAnalyzer: analyze: frame received, format=35, size=640x480, rotation=90
09-02 11:13:54.662 24978 25317 D DpmFrameAnalyzer: analyze: bitmap converted, size=480x640, scanRoi=Rect(67, 147 - 412, 492)
09-02 11:13:54.663 24978 24978 D DpmAnalyzer: analyze: frame=480x640, roi=Rect(67, 147 - 412, 492), focus=FOCUSED, mode=SCAN
09-02 11:13:54.663 24978 24978 D DpmAnalyzer: analyze: THROTTLED (already running)
09-02 11:13:54.663 24978 24978 D DpmFrameAnalyzer: analyze: result status=THROTTLED, code=null, source=null
09-02 11:13:54.672 24978 25317 D DpmFrameAnalyzer: analyze: frame received, format=35, size=640x480, rotation=90
09-02 11:13:54.680 24978 24978 D DpmAnalyzer: Stage1: MISS
09-02 11:13:54.680 24978 24978 D DpmAnalyzer: scanRoi present, skipping full-image stages
09-02 11:13:54.680 24978 24978 D DpmAnalyzer: analyze: decodedCode=null
09-02 11:13:54.680 24978 24978 D DpmFrameAnalyzer: analyze: result status=NO_CODE, code=null, source=null
09-02 11:13:54.686 24978 25317 D DpmFrameAnalyzer: analyze: bitmap converted, size=480x640, scanRoi=Rect(67, 147 - 412, 492)
09-02 11:13:54.686 24978 24978 D DpmAnalyzer: analyze: frame=480x640, roi=Rect(67, 147 - 412, 492), focus=FOCUSED, mode=SCAN
09-02 11:13:54.686 24978 24978 D DpmAnalyzer: analyze: THROTTLED by timing gate
09-02 11:13:54.686 24978 24978 D DpmFrameAnalyzer: analyze: result status=THROTTLED, code=null, source=null
09-02 11:13:54.701 24978 25317 D DpmFrameAnalyzer: analyze: frame received, format=35, size=640x480, rotation=90
09-02 11:13:54.724 24978 25317 D DpmFrameAnalyzer: analyze: bitmap converted, size=480x640, scanRoi=Rect(67, 147 - 412, 492)
09-02 11:13:54.724 24978 24978 D DpmAnalyzer: analyze: frame=480x640, roi=Rect(67, 147 - 412, 492), focus=FOCUSED, mode=SCAN
09-02 11:13:54.724 24978 24978 D DpmAnalyzer: analyze: THROTTLED by timing gate
09-02 11:13:54.724 24978 24978 D DpmFrameAnalyzer: analyze: result status=THROTTLED, code=null, source=null
09-02 11:13:54.747 24978 25317 D DpmFrameAnalyzer: analyze: frame received, format=35, size=640x480, rotation=90
09-02 11:13:54.765 24978 25317 D DpmFrameAnalyzer: analyze: bitmap converted, size=480x640, scanRoi=Rect(67, 147 - 412, 492)
09-02 11:13:54.766 24978 24978 D DpmAnalyzer: analyze: frame=480x640, roi=Rect(67, 147 - 412, 492), focus=FOCUSED, mode=SCAN
09-02 11:13:54.766 24978 24978 D DpmAnalyzer: analyze: THROTTLED by timing gate
09-02 11:13:54.766 24978 24978 D DpmFrameAnalyzer: analyze: result status=THROTTLED, code=null, source=null
09-02 11:13:54.786 24978 25317 D DpmFrameAnalyzer: analyze: frame received, format=35, size=640x480, rotation=90
09-02 11:13:54.812 24978 25317 D DpmFrameAnalyzer: analyze: bitmap converted, size=480x640, scanRoi=Rect(67, 147 - 412, 492)
09-02 11:13:54.812 24978 24978 D DpmAnalyzer: analyze: frame=480x640, roi=Rect(67, 147 - 412, 492), focus=FOCUSED, mode=SCAN
09-02 11:13:54.812 24978 24978 D DpmAnalyzer: analyze: THROTTLED by timing gate
09-02 11:13:54.812 24978 24978 D DpmFrameAnalyzer: analyze: result status=THROTTLED, code=null, source=null
09-02 11:13:54.821 24978 25317 D DpmFrameAnalyzer: analyze: frame received, format=35, size=640x480, rotation=90
09-02 11:13:54.841 24978 25317 D DpmFrameAnalyzer: analyze: bitmap converted, size=480x640, scanRoi=Rect(67, 147 - 412, 492)
09-02 11:13:54.841 24978 24978 D DpmAnalyzer: analyze: frame=480x640, roi=Rect(67, 147 - 412, 492), focus=FOCUSED, mode=SCAN
09-02 11:13:54.841 24978 24978 D DpmAnalyzer: analyze: THROTTLED by timing gate
09-02 11:13:54.841 24978 24978 D DpmFrameAnalyzer: analyze: result status=THROTTLED, code=null, source=null
09-02 11:13:54.864 24978 25317 D DpmFrameAnalyzer: analyze: frame received, format=35, size=640x480, rotation=90
09-02 11:13:54.886 24978 25317 D DpmFrameAnalyzer: analyze: bitmap converted, size=480x640, scanRoi=Rect(67, 147 - 412, 492)
09-02 11:13:54.886 24978 24978 D DpmAnalyzer: analyze: frame=480x640, roi=Rect(67, 147 - 412, 492), focus=FOCUSED, mode=SCAN
09-02 11:13:54.886 24978 24978 D DpmAnalyzer: analyze: starting performMultiStrategyDecode
09-02 11:13:54.886 24978 24978 D DpmAnalyzer: performMultiStrategyDecode: frame=480x640, roi=Rect(67, 147 - 412, 492), strategies=1
09-02 11:13:54.890 24978 24978 D DpmAnalyzer: Stage1: ROI 345x345 → scaled 345x345
09-02 11:13:54.904 24978 25317 D DpmFrameAnalyzer: analyze: frame received, format=35, size=640x480, rotation=90
09-02 11:13:54.924 24978 25317 D DpmFrameAnalyzer: analyze: bitmap converted, size=480x640, scanRoi=Rect(67, 147 - 412, 492)
09-02 11:13:54.926 24978 24978 D DpmAnalyzer: analyze: frame=480x640, roi=Rect(67, 147 - 412, 492), focus=FOCUSED, mode=SCAN
09-02 11:13:54.926 24978 24978 D DpmAnalyzer: analyze: THROTTLED (already running)
09-02 11:13:54.926 24978 24978 D DpmFrameAnalyzer: analyze: result status=THROTTLED, code=null, source=null
09-02 11:13:54.943 24978 25317 D DpmFrameAnalyzer: analyze: frame received, format=35, size=640x480, rotation=90
09-02 11:13:54.949 24978 24978 D DpmAnalyzer: Stage1: MISS
09-02 11:13:54.949 24978 24978 D DpmAnalyzer: scanRoi present, skipping full-image stages
09-02 11:13:54.949 24978 24978 D DpmAnalyzer: analyze: decodedCode=null
09-02 11:13:54.949 24978 24978 D DpmFrameAnalyzer: analyze: result status=NO_CODE, code=null, source=null
09-02 11:13:54.963 24978 25317 D DpmFrameAnalyzer: analyze: bitmap converted, size=480x640, scanRoi=Rect(67, 147 - 412, 492)
09-02 11:13:54.978 24978 24978 D DpmAnalyzer: analyze: frame=480x640, roi=Rect(67, 147 - 412, 492), focus=FOCUSED, mode=SCAN
09-02 11:13:54.978 24978 24978 D DpmAnalyzer: analyze: THROTTLED by timing gate
09-02 11:13:54.978 24978 24978 D DpmFrameAnalyzer: analyze: result status=THROTTLED, code=null, source=null
09-02 11:13:54.985 24978 25317 D DpmFrameAnalyzer: analyze: frame received, format=35, size=640x480, rotation=90
09-02 11:13:55.009 24978 25317 D DpmFrameAnalyzer: analyze: bitmap converted, size=480x640, scanRoi=Rect(67, 147 - 412, 492)
09-02 11:13:55.011 24978 24978 D DpmAnalyzer: analyze: frame=480x640, roi=Rect(67, 147 - 412, 492), focus=FOCUSED, mode=SCAN
09-02 11:13:55.011 24978 24978 D DpmAnalyzer: analyze: THROTTLED by timing gate
09-02 11:13:55.011 24978 24978 D DpmFrameAnalyzer: analyze: result status=THROTTLED, code=null, source=null
09-02 11:13:55.022 24978 25317 D DpmFrameAnalyzer: analyze: frame received, format=35, size=640x480, rotation=90
09-02 11:13:55.044 24978 25317 D DpmFrameAnalyzer: analyze: bitmap converted, size=480x640, scanRoi=Rect(67, 147 - 412, 492)
09-02 11:13:55.045 24978 24978 D DpmAnalyzer: analyze: frame=480x640, roi=Rect(67, 147 - 412, 492), focus=FOCUSED, mode=SCAN
09-02 11:13:55.045 24978 24978 D DpmAnalyzer: analyze: THROTTLED by timing gate
09-02 11:13:55.045 24978 24978 D DpmFrameAnalyzer: analyze: result status=THROTTLED, code=null, source=null
09-02 11:13:55.056 24978 25317 D DpmFrameAnalyzer: analyze: frame received, format=35, size=640x480, rotation=90
09-02 11:13:55.080 24978 25317 D DpmFrameAnalyzer: analyze: bitmap converted, size=480x640, scanRoi=Rect(67, 147 - 412, 492)
09-02 11:13:55.080 24978 24978 D DpmAnalyzer: analyze: frame=480x640, roi=Rect(67, 147 - 412, 492), focus=FOCUSED, mode=SCAN
09-02 11:13:55.080 24978 24978 D DpmAnalyzer: analyze: THROTTLED by timing gate
09-02 11:13:55.080 24978 24978 D DpmFrameAnalyzer: analyze: result status=THROTTLED, code=null, source=null
09-02 11:13:55.100 24978 25317 D DpmFrameAnalyzer: analyze: frame received, format=35, size=640x480, rotation=90
09-02 11:13:55.120 24978 25317 D DpmFrameAnalyzer: analyze: bitmap converted, size=480x640, scanRoi=Rect(67, 147 - 412, 492)
09-02 11:13:55.121 24978 24978 D DpmAnalyzer: analyze: frame=480x640, roi=Rect(67, 147 - 412, 492), focus=FOCUSED, mode=SCAN
09-02 11:13:55.121 24978 24978 D DpmAnalyzer: analyze: THROTTLED by timing gate
09-02 11:13:55.121 24978 24978 D DpmFrameAnalyzer: analyze: result status=THROTTLED, code=null, source=null
09-02 11:13:55.136 24978 25317 D DpmFrameAnalyzer: analyze: frame received, format=35, size=640x480, rotation=90
09-02 11:13:55.157 24978 25317 D DpmFrameAnalyzer: analyze: bitmap converted, size=480x640, scanRoi=Rect(67, 147 - 412, 492)
09-02 11:13:55.158 24978 24978 D DpmAnalyzer: analyze: frame=480x640, roi=Rect(67, 147 - 412, 492), focus=FOCUSED, mode=SCAN
09-02 11:13:55.158 24978 24978 D DpmAnalyzer: analyze: starting performMultiStrategyDecode
09-02 11:13:55.158 24978 24978 D DpmAnalyzer: performMultiStrategyDecode: frame=480x640, roi=Rect(67, 147 - 412, 492), strategies=1
09-02 11:13:55.164 24978 24978 D DpmAnalyzer: Stage1: ROI 345x345 → scaled 345x345
09-02 11:13:55.193 24978 25317 D DpmFrameAnalyzer: analyze: frame received, format=35, size=640x480, rotation=90
09-02 11:13:55.211 24978 25317 D DpmFrameAnalyzer: analyze: bitmap converted, size=480x640, scanRoi=Rect(67, 147 - 412, 492)
09-02 11:13:55.214 24978 24978 D DpmAnalyzer: analyze: frame=480x640, roi=Rect(67, 147 - 412, 492), focus=FOCUSED, mode=SCAN
09-02 11:13:55.214 24978 24978 D DpmAnalyzer: analyze: THROTTLED (already running)
09-02 11:13:55.214 24978 24978 D DpmFrameAnalyzer: analyze: result status=THROTTLED, code=null, source=null
09-02 11:13:55.216 24978 25317 D DpmFrameAnalyzer: analyze: frame received, format=35, size=640x480, rotation=90
09-02 11:13:55.235 24978 24978 D DpmAnalyzer: Stage1: MISS
09-02 11:13:55.235 24978 24978 D DpmAnalyzer: scanRoi present, skipping full-image stages
09-02 11:13:55.235 24978 24978 D DpmAnalyzer: analyze: decodedCode=null
09-02 11:13:55.235 24978 24978 D DpmFrameAnalyzer: analyze: result status=NO_CODE, code=null, source=null
09-02 11:13:55.239 24978 25317 D DpmFrameAnalyzer: analyze: bitmap converted, size=480x640, scanRoi=Rect(67, 147 - 412, 492)
09-02 11:13:55.240 24978 24978 D DpmAnalyzer: analyze: frame=480x640, roi=Rect(67, 147 - 412, 492), focus=FOCUSED, mode=SCAN
09-02 11:13:55.240 24978 24978 D DpmAnalyzer: analyze: THROTTLED by timing gate
09-02 11:13:55.240 24978 24978 D DpmFrameAnalyzer: analyze: result status=THROTTLED, code=null, source=null
09-02 11:13:55.252 24978 25317 D DpmFrameAnalyzer: analyze: frame received, format=35, size=640x480, rotation=90
09-02 11:13:55.273 24978 25317 D DpmFrameAnalyzer: analyze: bitmap converted, size=480x640, scanRoi=Rect(67, 147 - 412, 492)
09-02 11:13:55.274 24978 24978 D DpmAnalyzer: analyze: frame=480x640, roi=Rect(67, 147 - 412, 492), focus=FOCUSED, mode=SCAN
09-02 11:13:55.274 24978 24978 D DpmAnalyzer: analyze: THROTTLED by timing gate
09-02 11:13:55.274 24978 24978 D DpmFrameAnalyzer: analyze: result status=THROTTLED, code=null, source=null
09-02 11:13:55.295 24978 25317 D DpmFrameAnalyzer: analyze: frame received, format=35, size=640x480, rotation=90
09-02 11:13:55.316 24978 25317 D DpmFrameAnalyzer: analyze: bitmap converted, size=480x640, scanRoi=Rect(67, 147 - 412, 492)
09-02 11:13:55.317 24978 24978 D DpmAnalyzer: analyze: frame=480x640, roi=Rect(67, 147 - 412, 492), focus=FOCUSED, mode=SCAN
09-02 11:13:55.317 24978 24978 D DpmAnalyzer: analyze: THROTTLED by timing gate
09-02 11:13:55.317 24978 24978 D DpmFrameAnalyzer: analyze: result status=THROTTLED, code=null, source=null
09-02 11:13:55.332 24978 25317 D DpmFrameAnalyzer: analyze: frame received, format=35, size=640x480, rotation=90
09-02 11:13:55.353 24978 25317 D DpmFrameAnalyzer: analyze: bitmap converted, size=480x640, scanRoi=Rect(67, 147 - 412, 492)
09-02 11:13:55.354 24978 24978 D DpmAnalyzer: analyze: frame=480x640, roi=Rect(67, 147 - 412, 492), focus=FOCUSED, mode=SCAN
09-02 11:13:55.354 24978 24978 D DpmAnalyzer: analyze: THROTTLED by timing gate
09-02 11:13:55.354 24978 24978 D DpmFrameAnalyzer: analyze: result status=THROTTLED, code=null, source=null
09-02 11:13:55.373 24978 25317 D DpmFrameAnalyzer: analyze: frame received, format=35, size=640x480, rotation=90
09-02 11:13:55.395 24978 25317 D DpmFrameAnalyzer: analyze: bitmap converted, size=480x640, scanRoi=Rect(67, 147 - 412, 492)
09-02 11:13:55.395 24978 24978 D DpmAnalyzer: analyze: frame=480x640, roi=Rect(67, 147 - 412, 492), focus=FOCUSED, mode=SCAN
09-02 11:13:55.395 24978 24978 D DpmAnalyzer: analyze: THROTTLED by timing gate
09-02 11:13:55.395 24978 24978 D DpmFrameAnalyzer: analyze: result status=THROTTLED, code=null, source=null
09-02 11:13:55.411 24978 25317 D DpmFrameAnalyzer: analyze: frame received, format=35, size=640x480, rotation=90
09-02 11:13:55.433 24978 25317 D DpmFrameAnalyzer: analyze: bitmap converted, size=480x640, scanRoi=Rect(67, 147 - 412, 492)
09-02 11:13:55.433 24978 24978 D DpmAnalyzer: analyze: frame=480x640, roi=Rect(67, 147 - 412, 492), focus=FOCUSED, mode=SCAN
09-02 11:13:55.433 24978 24978 D DpmAnalyzer: analyze: THROTTLED by timing gate
09-02 11:13:55.433 24978 24978 D DpmFrameAnalyzer: analyze: result status=THROTTLED, code=null, source=null
09-02 11:13:55.452 24978 25317 D DpmFrameAnalyzer: analyze: frame received, format=35, size=640x480, rotation=90
09-02 11:13:55.475 24978 25317 D DpmFrameAnalyzer: analyze: bitmap converted, size=480x640, scanRoi=Rect(67, 147 - 412, 492)
09-02 11:13:55.477 24978 24978 D DpmAnalyzer: analyze: frame=480x640, roi=Rect(67, 147 - 412, 492), focus=FOCUSED, mode=SCAN
09-02 11:13:55.477 24978 24978 D DpmAnalyzer: analyze: starting performMultiStrategyDecode
09-02 11:13:55.478 24978 24978 D DpmAnalyzer: performMultiStrategyDecode: frame=480x640, roi=Rect(67, 147 - 412, 492), strategies=1
09-02 11:13:55.483 24978 24978 D DpmAnalyzer: Stage1: ROI 345x345 → scaled 345x345
09-02 11:13:55.495 24978 25317 D DpmFrameAnalyzer: analyze: frame received, format=35, size=640x480, rotation=90
09-02 11:13:55.516 24978 25317 D DpmFrameAnalyzer: analyze: bitmap converted, size=480x640, scanRoi=Rect(67, 147 - 412, 492)
09-02 11:13:55.517 24978 24978 D DpmAnalyzer: analyze: frame=480x640, roi=Rect(67, 147 - 412, 492), focus=FOCUSED, mode=SCAN
09-02 11:13:55.517 24978 24978 D DpmAnalyzer: analyze: THROTTLED (already running)
09-02 11:13:55.517 24978 24978 D DpmFrameAnalyzer: analyze: result status=THROTTLED, code=null, source=null
09-02 11:13:55.536 24978 25317 D DpmFrameAnalyzer: analyze: frame received, format=35, size=640x480, rotation=90
09-02 11:13:55.550 24978 24978 D DpmAnalyzer: Stage1: MISS
09-02 11:13:55.550 24978 24978 D DpmAnalyzer: scanRoi present, skipping full-image stages
09-02 11:13:55.550 24978 24978 D DpmAnalyzer: analyze: decodedCode=null
09-02 11:13:55.550 24978 24978 D DpmFrameAnalyzer: analyze: result status=NO_CODE, code=null, source=null
09-02 11:13:55.560 24978 25317 D DpmFrameAnalyzer: analyze: bitmap converted, size=480x640, scanRoi=Rect(67, 147 - 412, 492)
09-02 11:13:55.561 24978 24978 D DpmAnalyzer: analyze: frame=480x640, roi=Rect(67, 147 - 412, 492), focus=FOCUSED, mode=SCAN
09-02 11:13:55.561 24978 24978 D DpmAnalyzer: analyze: THROTTLED by timing gate
09-02 11:13:55.562 24978 24978 D DpmFrameAnalyzer: analyze: result status=THROTTLED, code=null, source=null
09-02 11:13:55.570 24978 25317 D DpmFrameAnalyzer: analyze: frame received, format=35, size=640x480, rotation=90
09-02 11:13:55.590 24978 25317 D DpmFrameAnalyzer: analyze: bitmap converted, size=480x640, scanRoi=Rect(67, 147 - 412, 492)
09-02 11:13:55.590 24978 24978 D DpmAnalyzer: analyze: frame=480x640, roi=Rect(67, 147 - 412, 492), focus=FOCUSED, mode=SCAN
09-02 11:13:55.590 24978 24978 D DpmAnalyzer: analyze: THROTTLED by timing gate
09-02 11:13:55.590 24978 24978 D DpmFrameAnalyzer: analyze: result status=THROTTLED, code=null, source=null
09-02 11:13:55.602 24978 25317 D DpmFrameAnalyzer: analyze: frame received, format=35, size=640x480, rotation=90
09-02 11:13:55.621 24978 25317 D DpmFrameAnalyzer: analyze: bitmap converted, size=480x640, scanRoi=Rect(67, 147 - 412, 492)
09-02 11:13:55.621 24978 24978 D DpmAnalyzer: analyze: frame=480x640, roi=Rect(67, 147 - 412, 492), focus=FOCUSED, mode=SCAN
09-02 11:13:55.621 24978 24978 D DpmAnalyzer: analyze: THROTTLED by timing gate
09-02 11:13:55.621 24978 24978 D DpmFrameAnalyzer: analyze: result status=THROTTLED, code=null, source=null
09-02 11:13:55.641 24978 25317 D DpmFrameAnalyzer: analyze: frame received, format=35, size=640x480, rotation=90
09-02 11:13:55.662 24978 25317 D DpmFrameAnalyzer: analyze: bitmap converted, size=480x640, scanRoi=Rect(67, 147 - 412, 492)
09-02 11:13:55.662 24978 24978 D DpmAnalyzer: analyze: frame=480x640, roi=Rect(67, 147 - 412, 492), focus=FOCUSED, mode=SCAN
09-02 11:13:55.662 24978 24978 D DpmAnalyzer: analyze: THROTTLED by timing gate
09-02 11:13:55.662 24978 24978 D DpmFrameAnalyzer: analyze: result status=THROTTLED, code=null, source=null
09-02 11:13:55.687 24978 25317 D DpmFrameAnalyzer: analyze: frame received, format=35, size=640x480, rotation=90
09-02 11:13:55.712 24978 25317 D DpmFrameAnalyzer: analyze: bitmap converted, size=480x640, scanRoi=Rect(67, 147 - 412, 492)
09-02 11:13:55.712 24978 24978 D DpmAnalyzer: analyze: frame=480x640, roi=Rect(67, 147 - 412, 492), focus=FOCUSED, mode=SCAN
09-02 11:13:55.712 24978 24978 D DpmAnalyzer: analyze: THROTTLED by timing gate
09-02 11:13:55.712 24978 24978 D DpmFrameAnalyzer: analyze: result status=THROTTLED, code=null, source=null
09-02 11:13:55.725 24978 25317 D DpmFrameAnalyzer: analyze: frame received, format=35, size=640x480, rotation=90
09-02 11:13:55.752 24978 25317 D DpmFrameAnalyzer: analyze: bitmap converted, size=480x640, scanRoi=Rect(67, 147 - 412, 492)
09-02 11:13:55.753 24978 24978 D DpmAnalyzer: analyze: frame=480x640, roi=Rect(67, 147 - 412, 492), focus=FOCUSED, mode=SCAN
09-02 11:13:55.753 24978 24978 D DpmAnalyzer: analyze: starting performMultiStrategyDecode
09-02 11:13:55.753 24978 24978 D DpmAnalyzer: performMultiStrategyDecode: frame=480x640, roi=Rect(67, 147 - 412, 492), strategies=1
09-02 11:13:55.759 24978 24978 D DpmAnalyzer: Stage1: ROI 345x345 → scaled 345x345
09-02 11:13:55.769 24978 25317 D DpmFrameAnalyzer: analyze: frame received, format=35, size=640x480, rotation=90
09-02 11:13:55.798 24978 25317 D DpmFrameAnalyzer: analyze: bitmap converted, size=480x640, scanRoi=Rect(67, 147 - 412, 492)
09-02 11:13:55.798 24978 24978 D DpmAnalyzer: analyze: frame=480x640, roi=Rect(67, 147 - 412, 492), focus=FOCUSED, mode=SCAN
09-02 11:13:55.798 24978 24978 D DpmAnalyzer: analyze: THROTTLED (already running)
09-02 11:13:55.798 24978 24978 D DpmFrameAnalyzer: analyze: result status=THROTTLED, code=null, source=null
09-02 11:13:55.808 24978 25317 D DpmFrameAnalyzer: analyze: frame received, format=35, size=640x480, rotation=90
09-02 11:13:55.824 24978 24978 D DpmAnalyzer: Stage1: MISS
09-02 11:13:55.824 24978 24978 D DpmAnalyzer: scanRoi present, skipping full-image stages
09-02 11:13:55.824 24978 24978 D DpmAnalyzer: analyze: decodedCode=null
09-02 11:13:55.824 24978 24978 D DpmFrameAnalyzer: analyze: result status=NO_CODE, code=null, source=null
09-02 11:13:55.828 24978 25317 D DpmFrameAnalyzer: analyze: bitmap converted, size=480x640, scanRoi=Rect(67, 147 - 412, 492)
09-02 11:13:55.828 24978 24978 D DpmAnalyzer: analyze: frame=480x640, roi=Rect(67, 147 - 412, 492), focus=FOCUSED, mode=SCAN
09-02 11:13:55.828 24978 24978 D DpmAnalyzer: analyze: THROTTLED by timing gate
09-02 11:13:55.828 24978 24978 D DpmFrameAnalyzer: analyze: result status=THROTTLED, code=null, source=null
09-02 11:13:55.841 24978 25317 D DpmFrameAnalyzer: analyze: frame received, format=35, size=640x480, rotation=90
09-02 11:13:55.865 24978 25317 D DpmFrameAnalyzer: analyze: bitmap converted, size=480x640, scanRoi=Rect(67, 147 - 412, 492)
09-02 11:13:55.865 24978 24978 D DpmAnalyzer: analyze: frame=480x640, roi=Rect(67, 147 - 412, 492), focus=FOCUSED, mode=SCAN
09-02 11:13:55.865 24978 24978 D DpmAnalyzer: analyze: THROTTLED by timing gate
09-02 11:13:55.865 24978 24978 D DpmFrameAnalyzer: analyze: result status=THROTTLED, code=null, source=null
09-02 11:13:55.886 24978 25317 D DpmFrameAnalyzer: analyze: frame received, format=35, size=640x480, rotation=90
09-02 11:13:55.912 24978 25317 D DpmFrameAnalyzer: analyze: bitmap converted, size=480x640, scanRoi=Rect(67, 147 - 412, 492)
09-02 11:13:55.913 24978 24978 D DpmAnalyzer: analyze: frame=480x640, roi=Rect(67, 147 - 412, 492), focus=FOCUSED, mode=SCAN
09-02 11:13:55.913 24978 24978 D DpmAnalyzer: analyze: THROTTLED by timing gate
09-02 11:13:55.913 24978 24978 D DpmFrameAnalyzer: analyze: result status=THROTTLED, code=null, source=null
09-02 11:13:55.932 24978 25317 D DpmFrameAnalyzer: analyze: frame received, format=35, size=640x480, rotation=90
09-02 11:13:55.965 24978 25317 D DpmFrameAnalyzer: analyze: bitmap converted, size=480x640, scanRoi=Rect(67, 147 - 412, 492)
09-02 11:13:55.966 24978 24978 D DpmAnalyzer: analyze: frame=480x640, roi=Rect(67, 147 - 412, 492), focus=FOCUSED, mode=SCAN
09-02 11:13:55.966 24978 24978 D DpmAnalyzer: analyze: THROTTLED by timing gate
09-02 11:13:55.966 24978 24978 D DpmFrameAnalyzer: analyze: result status=THROTTLED, code=null, source=null
09-02 11:13:55.966 24978 25317 D DpmFrameAnalyzer: analyze: frame received, format=35, size=640x480, rotation=90
09-02 11:13:55.988 24978 25317 D DpmFrameAnalyzer: analyze: bitmap converted, size=480x640, scanRoi=Rect(67, 147 - 412, 492)
09-02 11:13:55.988 24978 24978 D DpmAnalyzer: analyze: frame=480x640, roi=Rect(67, 147 - 412, 492), focus=FOCUSED, mode=SCAN
09-02 11:13:55.989 24978 24978 D DpmAnalyzer: analyze: THROTTLED by timing gate
09-02 11:13:55.989 24978 24978 D DpmFrameAnalyzer: analyze: result status=THROTTLED, code=null, source=null
09-02 11:13:56.002 24978 25317 D DpmFrameAnalyzer: analyze: frame received, format=35, size=640x480, rotation=90
09-02 11:13:56.022 24978 25317 D DpmFrameAnalyzer: analyze: bitmap converted, size=480x640, scanRoi=Rect(67, 147 - 412, 492)
09-02 11:13:56.023 24978 24978 D DpmAnalyzer: analyze: frame=480x640, roi=Rect(67, 147 - 412, 492), focus=FOCUSED, mode=SCAN
09-02 11:13:56.023 24978 24978 D DpmAnalyzer: analyze: THROTTLED by timing gate
09-02 11:13:56.023 24978 24978 D DpmFrameAnalyzer: analyze: result status=THROTTLED, code=null, source=null
09-02 11:13:56.038 24978 25317 D DpmFrameAnalyzer: analyze: frame received, format=35, size=640x480, rotation=90
09-02 11:13:56.060 24978 25317 D DpmFrameAnalyzer: analyze: bitmap converted, size=480x640, scanRoi=Rect(67, 147 - 412, 492)
09-02 11:13:56.060 24978 24978 D DpmAnalyzer: analyze: frame=480x640, roi=Rect(67, 147 - 412, 492), focus=FOCUSED, mode=SCAN
09-02 11:13:56.061 24978 24978 D DpmAnalyzer: analyze: starting performMultiStrategyDecode
09-02 11:13:56.061 24978 24978 D DpmAnalyzer: performMultiStrategyDecode: frame=480x640, roi=Rect(67, 147 - 412, 492), strategies=1
09-02 11:13:56.067 24978 24978 D DpmAnalyzer: Stage1: ROI 345x345 → scaled 345x345
09-02 11:13:56.085 24978 25317 D DpmFrameAnalyzer: analyze: frame received, format=35, size=640x480, rotation=90
09-02 11:13:56.111 24978 25317 D DpmFrameAnalyzer: analyze: bitmap converted, size=480x640, scanRoi=Rect(67, 147 - 412, 492)
09-02 11:13:56.113 24978 24978 D DpmAnalyzer: analyze: frame=480x640, roi=Rect(67, 147 - 412, 492), focus=FOCUSED, mode=SCAN
09-02 11:13:56.113 24978 24978 D DpmAnalyzer: analyze: THROTTLED (already running)
09-02 11:13:56.113 24978 24978 D DpmFrameAnalyzer: analyze: result status=THROTTLED, code=null, source=null
09-02 11:13:56.122 24978 25317 D DpmFrameAnalyzer: analyze: frame received, format=35, size=640x480, rotation=90
09-02 11:13:56.130 24978 24978 D DpmAnalyzer: Stage1: MISS
09-02 11:13:56.130 24978 24978 D DpmAnalyzer: scanRoi present, skipping full-image stages
09-02 11:13:56.130 24978 24978 D DpmAnalyzer: analyze: decodedCode=null
09-02 11:13:56.130 24978 24978 D DpmFrameAnalyzer: analyze: result status=NO_CODE, code=null, source=null
09-02 11:13:56.143 24978 25317 D DpmFrameAnalyzer: analyze: bitmap converted, size=480x640, scanRoi=Rect(67, 147 - 412, 492)
09-02 11:13:56.145 24978 24978 D DpmAnalyzer: analyze: frame=480x640, roi=Rect(67, 147 - 412, 492), focus=FOCUSED, mode=SCAN
09-02 11:13:56.145 24978 24978 D DpmAnalyzer: analyze: THROTTLED by timing gate
09-02 11:13:56.145 24978 24978 D DpmFrameAnalyzer: analyze: result status=THROTTLED, code=null, source=null
09-02 11:13:56.153 24978 25317 D DpmFrameAnalyzer: analyze: frame received, format=35, size=640x480, rotation=90
09-02 11:13:56.174 24978 25317 D DpmFrameAnalyzer: analyze: bitmap converted, size=480x640, scanRoi=Rect(67, 147 - 412, 492)
09-02 11:13:56.175 24978 24978 D DpmAnalyzer: analyze: frame=480x640, roi=Rect(67, 147 - 412, 492), focus=FOCUSED, mode=SCAN
09-02 11:13:56.175 24978 24978 D DpmAnalyzer: analyze: THROTTLED by timing gate
09-02 11:13:56.175 24978 24978 D DpmFrameAnalyzer: analyze: result status=THROTTLED, code=null, source=null
09-02 11:13:56.197 24978 25317 D DpmFrameAnalyzer: analyze: frame received, format=35, size=640x480, rotation=90
09-02 11:13:56.218 24978 25317 D DpmFrameAnalyzer: analyze: bitmap converted, size=480x640, scanRoi=Rect(67, 147 - 412, 492)
09-02 11:13:56.219 24978 24978 D DpmAnalyzer: analyze: frame=480x640, roi=Rect(67, 147 - 412, 492), focus=FOCUSED, mode=SCAN
09-02 11:13:56.219 24978 24978 D DpmAnalyzer: analyze: THROTTLED by timing gate
09-02 11:13:56.219 24978 24978 D DpmFrameAnalyzer: analyze: result status=THROTTLED, code=null, source=null
09-02 11:13:56.238 24978 25317 D DpmFrameAnalyzer: analyze: frame received, format=35, size=640x480, rotation=90
09-02 11:13:56.261 24978 25317 D DpmFrameAnalyzer: analyze: bitmap converted, size=480x640, scanRoi=Rect(67, 147 - 412, 492)
09-02 11:13:56.264 24978 24978 D DpmAnalyzer: analyze: frame=480x640, roi=Rect(67, 147 - 412, 492), focus=FOCUSED, mode=SCAN
09-02 11:13:56.264 24978 24978 D DpmAnalyzer: analyze: THROTTLED by timing gate
09-02 11:13:56.264 24978 24978 D DpmFrameAnalyzer: analyze: result status=THROTTLED, code=null, source=null
09-02 11:13:56.273 24978 25317 D DpmFrameAnalyzer: analyze: frame received, format=35, size=640x480, rotation=90
09-02 11:13:56.291 24978 25317 D DpmFrameAnalyzer: analyze: bitmap converted, size=480x640, scanRoi=Rect(67, 147 - 412, 492)
09-02 11:13:56.292 24978 24978 D DpmAnalyzer: analyze: frame=480x640, roi=Rect(67, 147 - 412, 492), focus=FOCUSED, mode=SCAN
09-02 11:13:56.292 24978 24978 D DpmAnalyzer: analyze: THROTTLED by timing gate
09-02 11:13:56.292 24978 24978 D DpmFrameAnalyzer: analyze: result status=THROTTLED, code=null, source=null
09-02 11:13:56.317 24978 25317 D DpmFrameAnalyzer: analyze: frame received, format=35, size=640x480, rotation=90
09-02 11:13:56.337 24978 25317 D DpmFrameAnalyzer: analyze: bitmap converted, size=480x640, scanRoi=Rect(67, 147 - 412, 492)
09-02 11:13:56.337 24978 24978 D DpmAnalyzer: analyze: frame=480x640, roi=Rect(67, 147 - 412, 492), focus=FOCUSED, mode=SCAN
09-02 11:13:56.337 24978 24978 D DpmAnalyzer: analyze: starting performMultiStrategyDecode
09-02 11:13:56.337 24978 24978 D DpmAnalyzer: performMultiStrategyDecode: frame=480x640, roi=Rect(67, 147 - 412, 492), strategies=1
09-02 11:13:56.344 24978 24978 D DpmAnalyzer: Stage1: ROI 345x345 → scaled 345x345
09-02 11:13:56.373 24978 25317 D DpmFrameAnalyzer: analyze: frame received, format=35, size=640x480, rotation=90
09-02 11:13:56.393 24978 25317 D DpmFrameAnalyzer: analyze: bitmap converted, size=480x640, scanRoi=Rect(67, 147 - 412, 492)
09-02 11:13:56.394 24978 24978 D DpmAnalyzer: analyze: frame=480x640, roi=Rect(67, 147 - 412, 492), focus=FOCUSED, mode=SCAN
09-02 11:13:56.394 24978 24978 D DpmAnalyzer: analyze: THROTTLED (already running)
09-02 11:13:56.394 24978 24978 D DpmFrameAnalyzer: analyze: result status=THROTTLED, code=null, source=null
09-02 11:13:56.394 24978 25317 D DpmFrameAnalyzer: analyze: frame received, format=35, size=640x480, rotation=90
09-02 11:13:56.412 24978 25317 D DpmFrameAnalyzer: analyze: bitmap converted, size=480x640, scanRoi=Rect(67, 147 - 412, 492)
09-02 11:13:56.413 24978 24978 D DpmAnalyzer: analyze: frame=480x640, roi=Rect(67, 147 - 412, 492), focus=FOCUSED, mode=SCAN
09-02 11:13:56.413 24978 24978 D DpmAnalyzer: analyze: THROTTLED (already running)
09-02 11:13:56.413 24978 24978 D DpmFrameAnalyzer: analyze: result status=THROTTLED, code=null, source=null
09-02 11:13:56.429 24978 24978 D DpmAnalyzer: Stage1: MISS
09-02 11:13:56.429 24978 24978 D DpmAnalyzer: scanRoi present, skipping full-image stages
09-02 11:13:56.429 24978 24978 D DpmAnalyzer: analyze: decodedCode=null
09-02 11:13:56.429 24978 24978 D DpmFrameAnalyzer: analyze: result status=NO_CODE, code=null, source=null
09-02 11:13:56.430 24978 25317 D DpmFrameAnalyzer: analyze: frame received, format=35, size=640x480, rotation=90
09-02 11:13:56.448 24978 25317 D DpmFrameAnalyzer: analyze: bitmap converted, size=480x640, scanRoi=Rect(67, 147 - 412, 492)
09-02 11:13:56.449 24978 24978 D DpmAnalyzer: analyze: frame=480x640, roi=Rect(67, 147 - 412, 492), focus=FOCUSED, mode=SCAN
09-02 11:13:56.449 24978 24978 D DpmAnalyzer: analyze: THROTTLED by timing gate
09-02 11:13:56.449 24978 24978 D DpmFrameAnalyzer: analyze: result status=THROTTLED, code=null, source=null
09-02 11:13:56.474 24978 25317 D DpmFrameAnalyzer: analyze: frame received, format=35, size=640x480, rotation=90
09-02 11:13:56.497 24978 25317 D DpmFrameAnalyzer: analyze: bitmap converted, size=480x640, scanRoi=Rect(67, 147 - 412, 492)
09-02 11:13:56.498 24978 24978 D DpmAnalyzer: analyze: frame=480x640, roi=Rect(67, 147 - 412, 492), focus=FOCUSED, mode=SCAN
09-02 11:13:56.498 24978 24978 D DpmAnalyzer: analyze: THROTTLED by timing gate
09-02 11:13:56.498 24978 24978 D DpmFrameAnalyzer: analyze: result status=THROTTLED, code=null, source=null
09-02 11:13:56.511 24978 25317 D DpmFrameAnalyzer: analyze: frame received, format=35, size=640x480, rotation=90
09-02 11:13:56.533 24978 25317 D DpmFrameAnalyzer: analyze: bitmap converted, size=480x640, scanRoi=Rect(67, 147 - 412, 492)
09-02 11:13:56.534 24978 24978 D DpmAnalyzer: analyze: frame=480x640, roi=Rect(67, 147 - 412, 492), focus=FOCUSED, mode=SCAN
09-02 11:13:56.534 24978 24978 D DpmAnalyzer: analyze: THROTTLED by timing gate
09-02 11:13:56.534 24978 24978 D DpmFrameAnalyzer: analyze: result status=THROTTLED, code=null, source=null
09-02 11:13:56.554 24978 25317 D DpmFrameAnalyzer: analyze: frame received, format=35, size=640x480, rotation=90
09-02 11:13:56.576 24978 25317 D DpmFrameAnalyzer: analyze: bitmap converted, size=480x640, scanRoi=Rect(67, 147 - 412, 492)
09-02 11:13:56.577 24978 24978 D DpmAnalyzer: analyze: frame=480x640, roi=Rect(67, 147 - 412, 492), focus=FOCUSED, mode=SCAN
09-02 11:13:56.577 24978 24978 D DpmAnalyzer: analyze: THROTTLED by timing gate
09-02 11:13:56.577 24978 24978 D DpmFrameAnalyzer: analyze: result status=THROTTLED, code=null, source=null
09-02 11:13:56.592 24978 25317 D DpmFrameAnalyzer: analyze: frame received, format=35, size=640x480, rotation=90
09-02 11:13:56.612 24978 25317 D DpmFrameAnalyzer: analyze: bitmap converted, size=480x640, scanRoi=Rect(67, 147 - 412, 492)
09-02 11:13:56.613 24978 24978 D DpmAnalyzer: analyze: frame=480x640, roi=Rect(67, 147 - 412, 492), focus=FOCUSED, mode=SCAN
09-02 11:13:56.613 24978 24978 D DpmAnalyzer: analyze: THROTTLED by timing gate
09-02 11:13:56.613 24978 24978 D DpmFrameAnalyzer: analyze: result status=THROTTLED, code=null, source=null
09-02 11:13:56.624 24978 25317 D DpmFrameAnalyzer: analyze: frame received, format=35, size=640x480, rotation=90
09-02 11:13:56.645 24978 25317 D DpmFrameAnalyzer: analyze: bitmap converted, size=480x640, scanRoi=Rect(67, 147 - 412, 492)
09-02 11:13:56.646 24978 24978 D DpmAnalyzer: analyze: frame=480x640, roi=Rect(67, 147 - 412, 492), focus=FOCUSED, mode=SCAN
09-02 11:13:56.646 24978 24978 D DpmAnalyzer: analyze: starting performMultiStrategyDecode
09-02 11:13:56.646 24978 24978 D DpmAnalyzer: performMultiStrategyDecode: frame=480x640, roi=Rect(67, 147 - 412, 492), strategies=1
09-02 11:13:56.652 24978 24978 D DpmAnalyzer: Stage1: ROI 345x345 → scaled 345x345
09-02 11:13:56.675 24978 25317 D DpmFrameAnalyzer: analyze: frame received, format=35, size=640x480, rotation=90
09-02 11:13:56.702 24978 25317 D DpmFrameAnalyzer: analyze: bitmap converted, size=480x640, scanRoi=Rect(67, 147 - 412, 492)
09-02 11:13:56.703 24978 24978 D DpmAnalyzer: analyze: frame=480x640, roi=Rect(67, 147 - 412, 492), focus=FOCUSED, mode=SCAN
09-02 11:13:56.703 24978 24978 D DpmAnalyzer: analyze: THROTTLED (already running)
09-02 11:13:56.703 24978 24978 D DpmFrameAnalyzer: analyze: result status=THROTTLED, code=null, source=null
09-02 11:13:56.715 24978 25317 D DpmFrameAnalyzer: analyze: frame received, format=35, size=640x480, rotation=90
09-02 11:13:56.733 24978 24978 D DpmAnalyzer: Stage1: MISS
09-02 11:13:56.733 24978 24978 D DpmAnalyzer: scanRoi present, skipping full-image stages
09-02 11:13:56.733 24978 24978 D DpmAnalyzer: analyze: decodedCode=null
09-02 11:13:56.733 24978 24978 D DpmFrameAnalyzer: analyze: result status=NO_CODE, code=null, source=null
09-02 11:13:56.742 24978 25317 D DpmFrameAnalyzer: analyze: bitmap converted, size=480x640, scanRoi=Rect(67, 147 - 412, 492)
09-02 11:13:56.744 24978 24978 D DpmAnalyzer: analyze: frame=480x640, roi=Rect(67, 147 - 412, 492), focus=FOCUSED, mode=SCAN
09-02 11:13:56.744 24978 24978 D DpmAnalyzer: analyze: THROTTLED by timing gate
09-02 11:13:56.744 24978 24978 D DpmFrameAnalyzer: analyze: result status=THROTTLED, code=null, source=null
09-02 11:13:56.746 24978 25317 D DpmFrameAnalyzer: analyze: frame received, format=35, size=640x480, rotation=90
09-02 11:13:56.768 24978 25317 D DpmFrameAnalyzer: analyze: bitmap converted, size=480x640, scanRoi=Rect(67, 147 - 412, 492)
09-02 11:13:56.768 24978 24978 D DpmAnalyzer: analyze: frame=480x640, roi=Rect(67, 147 - 412, 492), focus=FOCUSED, mode=SCAN
09-02 11:13:56.768 24978 24978 D DpmAnalyzer: analyze: THROTTLED by timing gate
09-02 11:13:56.768 24978 24978 D DpmFrameAnalyzer: analyze: result status=THROTTLED, code=null, source=null
09-02 11:13:56.786 24978 25317 D DpmFrameAnalyzer: analyze: frame received, format=35, size=640x480, rotation=90
09-02 11:13:56.809 24978 25317 D DpmFrameAnalyzer: analyze: bitmap converted, size=480x640, scanRoi=Rect(67, 147 - 412, 492)
09-02 11:13:56.812 24978 24978 D DpmAnalyzer: analyze: frame=480x640, roi=Rect(67, 147 - 412, 492), focus=FOCUSED, mode=SCAN
09-02 11:13:56.812 24978 24978 D DpmAnalyzer: analyze: THROTTLED by timing gate
09-02 11:13:56.812 24978 24978 D DpmFrameAnalyzer: analyze: result status=THROTTLED, code=null, source=null
09-02 11:13:56.831 24978 25317 D DpmFrameAnalyzer: analyze: frame received, format=35, size=640x480, rotation=90
09-02 11:13:56.861 24978 25317 D DpmFrameAnalyzer: analyze: bitmap converted, size=480x640, scanRoi=Rect(67, 147 - 412, 492)
09-02 11:13:56.863 24978 24978 D DpmAnalyzer: analyze: frame=480x640, roi=Rect(67, 147 - 412, 492), focus=FOCUSED, mode=SCAN
09-02 11:13:56.863 24978 24978 D DpmAnalyzer: analyze: THROTTLED by timing gate
09-02 11:13:56.863 24978 24978 D DpmFrameAnalyzer: analyze: result status=THROTTLED, code=null, source=null
09-02 11:13:56.872 24978 25317 D DpmFrameAnalyzer: analyze: frame received, format=35, size=640x480, rotation=90
09-02 11:13:56.897 24978 25317 D DpmFrameAnalyzer: analyze: bitmap converted, size=480x640, scanRoi=Rect(67, 147 - 412, 492)
09-02 11:13:56.899 24978 24978 D DpmAnalyzer: analyze: frame=480x640, roi=Rect(67, 147 - 412, 492), focus=FOCUSED, mode=SCAN
09-02 11:13:56.899 24978 24978 D DpmAnalyzer: analyze: THROTTLED by timing gate
09-02 11:13:56.899 24978 24978 D DpmFrameAnalyzer: analyze: result status=THROTTLED, code=null, source=null
09-02 11:13:56.906 24978 25317 D DpmFrameAnalyzer: analyze: frame received, format=35, size=640x480, rotation=90
09-02 11:13:56.928 24978 25317 D DpmFrameAnalyzer: analyze: bitmap converted, size=480x640, scanRoi=Rect(67, 147 - 412, 492)
09-02 11:13:56.928 24978 24978 D DpmAnalyzer: analyze: frame=480x640, roi=Rect(67, 147 - 412, 492), focus=FOCUSED, mode=SCAN
09-02 11:13:56.928 24978 24978 D DpmAnalyzer: analyze: THROTTLED by timing gate
09-02 11:13:56.929 24978 24978 D DpmFrameAnalyzer: analyze: result status=THROTTLED, code=null, source=null
09-02 11:13:56.943 24978 25317 D DpmFrameAnalyzer: analyze: frame received, format=35, size=640x480, rotation=90
09-02 11:13:56.966 24978 25317 D DpmFrameAnalyzer: analyze: bitmap converted, size=480x640, scanRoi=Rect(67, 147 - 412, 492)
09-02 11:13:56.966 24978 24978 D DpmAnalyzer: analyze: frame=480x640, roi=Rect(67, 147 - 412, 492), focus=FOCUSED, mode=SCAN
09-02 11:13:56.966 24978 24978 D DpmAnalyzer: analyze: starting performMultiStrategyDecode
09-02 11:13:56.966 24978 24978 D DpmAnalyzer: performMultiStrategyDecode: frame=480x640, roi=Rect(67, 147 - 412, 492), strategies=1
09-02 11:13:56.974 24978 24978 D DpmAnalyzer: Stage1: ROI 345x345 → scaled 345x345
09-02 11:13:56.982 24978 25317 D DpmFrameAnalyzer: analyze: frame received, format=35, size=640x480, rotation=90
09-02 11:13:57.006 24978 25317 D DpmFrameAnalyzer: analyze: bitmap converted, size=480x640, scanRoi=Rect(67, 147 - 412, 492)
09-02 11:13:57.007 24978 24978 D DpmAnalyzer: analyze: frame=480x640, roi=Rect(67, 147 - 412, 492), focus=FOCUSED, mode=SCAN
09-02 11:13:57.007 24978 24978 D DpmAnalyzer: analyze: THROTTLED (already running)
09-02 11:13:57.007 24978 24978 D DpmFrameAnalyzer: analyze: result status=THROTTLED, code=null, source=null
09-02 11:13:57.019 24978 24978 D DpmAnalyzer: Stage1: MISS
09-02 11:13:57.019 24978 25317 D DpmFrameAnalyzer: analyze: frame received, format=35, size=640x480, rotation=90
09-02 11:13:57.019 24978 24978 D DpmAnalyzer: scanRoi present, skipping full-image stages
09-02 11:13:57.019 24978 24978 D DpmAnalyzer: analyze: decodedCode=null
09-02 11:13:57.019 24978 24978 D DpmFrameAnalyzer: analyze: result status=NO_CODE, code=null, source=null
09-02 11:13:57.037 24978 25317 D DpmFrameAnalyzer: analyze: bitmap converted, size=480x640, scanRoi=Rect(67, 147 - 412, 492)
09-02 11:13:57.037 24978 24978 D DpmAnalyzer: analyze: frame=480x640, roi=Rect(67, 147 - 412, 492), focus=FOCUSED, mode=SCAN
09-02 11:13:57.037 24978 24978 D DpmAnalyzer: analyze: THROTTLED by timing gate
09-02 11:13:57.037 24978 24978 D DpmFrameAnalyzer: analyze: result status=THROTTLED, code=null, source=null
09-02 11:13:57.058 24978 25317 D DpmFrameAnalyzer: analyze: frame received, format=35, size=640x480, rotation=90
09-02 11:13:57.075 24978 25317 D DpmFrameAnalyzer: analyze: bitmap converted, size=480x640, scanRoi=Rect(67, 147 - 412, 492)
09-02 11:13:57.077 24978 24978 D DpmAnalyzer: analyze: frame=480x640, roi=Rect(67, 147 - 412, 492), focus=FOCUSED, mode=SCAN
09-02 11:13:57.078 24978 24978 D DpmAnalyzer: analyze: THROTTLED by timing gate
09-02 11:13:57.078 24978 24978 D DpmFrameAnalyzer: analyze: result status=THROTTLED, code=null, source=null
09-02 11:13:57.100 24978 25317 D DpmFrameAnalyzer: analyze: frame received, format=35, size=640x480, rotation=90
09-02 11:13:57.122 24978 25317 D DpmFrameAnalyzer: analyze: bitmap converted, size=480x640, scanRoi=Rect(67, 147 - 412, 492)
09-02 11:13:57.123 24978 24978 D DpmAnalyzer: analyze: frame=480x640, roi=Rect(67, 147 - 412, 492), focus=FOCUSED, mode=SCAN
09-02 11:13:57.123 24978 24978 D DpmAnalyzer: analyze: THROTTLED by timing gate
09-02 11:13:57.123 24978 24978 D DpmFrameAnalyzer: analyze: result status=THROTTLED, code=null, source=null
09-02 11:13:57.140 24978 25317 D DpmFrameAnalyzer: analyze: frame received, format=35, size=640x480, rotation=90
09-02 11:13:57.160 24978 25317 D DpmFrameAnalyzer: analyze: bitmap converted, size=480x640, scanRoi=Rect(67, 147 - 412, 492)
09-02 11:13:57.160 24978 24978 D DpmAnalyzer: analyze: frame=480x640, roi=Rect(67, 147 - 412, 492), focus=FOCUSED, mode=SCAN
09-02 11:13:57.161 24978 24978 D DpmAnalyzer: analyze: THROTTLED by timing gate
09-02 11:13:57.161 24978 24978 D DpmFrameAnalyzer: analyze: result status=THROTTLED, code=null, source=null
09-02 11:13:57.185 24978 25317 D DpmFrameAnalyzer: analyze: frame received, format=35, size=640x480, rotation=90
09-02 11:13:57.208 24978 25317 D DpmFrameAnalyzer: analyze: bitmap converted, size=480x640, scanRoi=Rect(67, 147 - 412, 492)
09-02 11:13:57.208 24978 24978 D DpmAnalyzer: analyze: frame=480x640, roi=Rect(67, 147 - 412, 492), focus=FOCUSED, mode=SCAN
09-02 11:13:57.208 24978 24978 D DpmAnalyzer: analyze: THROTTLED by timing gate
09-02 11:13:57.208 24978 24978 D DpmFrameAnalyzer: analyze: result status=THROTTLED, code=null, source=null
09-02 11:13:57.219 24978 25317 D DpmFrameAnalyzer: analyze: frame received, format=35, size=640x480, rotation=90
09-02 11:13:57.243 24978 25317 D DpmFrameAnalyzer: analyze: bitmap converted, size=480x640, scanRoi=Rect(67, 147 - 412, 492)
09-02 11:13:57.245 24978 24978 D DpmAnalyzer: analyze: frame=480x640, roi=Rect(67, 147 - 412, 492), focus=FOCUSED, mode=SCAN
09-02 11:13:57.245 24978 24978 D DpmAnalyzer: analyze: starting performMultiStrategyDecode
09-02 11:13:57.245 24978 24978 D DpmAnalyzer: performMultiStrategyDecode: frame=480x640, roi=Rect(67, 147 - 412, 492), strategies=1
09-02 11:13:57.251 24978 24978 D DpmAnalyzer: Stage1: ROI 345x345 → scaled 345x345
09-02 11:13:57.267 24978 25317 D DpmFrameAnalyzer: analyze: frame received, format=35, size=640x480, rotation=90
09-02 11:13:57.294 24978 25317 D DpmFrameAnalyzer: analyze: bitmap converted, size=480x640, scanRoi=Rect(67, 147 - 412, 492)
09-02 11:13:57.294 24978 24978 D DpmAnalyzer: analyze: frame=480x640, roi=Rect(67, 147 - 412, 492), focus=FOCUSED, mode=SCAN
09-02 11:13:57.295 24978 24978 D DpmAnalyzer: analyze: THROTTLED (already running)
09-02 11:13:57.295 24978 24978 D DpmFrameAnalyzer: analyze: result status=THROTTLED, code=null, source=null
09-02 11:13:57.302 24978 25317 D DpmFrameAnalyzer: analyze: frame received, format=35, size=640x480, rotation=90
09-02 11:13:57.308 24978 24978 D DpmAnalyzer: Stage1: MISS
09-02 11:13:57.308 24978 24978 D DpmAnalyzer: scanRoi present, skipping full-image stages
09-02 11:13:57.308 24978 24978 D DpmAnalyzer: analyze: decodedCode=null
09-02 11:13:57.308 24978 24978 D DpmFrameAnalyzer: analyze: result status=NO_CODE, code=null, source=null
09-02 11:13:57.324 24978 25317 D DpmFrameAnalyzer: analyze: bitmap converted, size=480x640, scanRoi=Rect(67, 147 - 412, 492)
09-02 11:13:57.324 24978 24978 D DpmAnalyzer: analyze: frame=480x640, roi=Rect(67, 147 - 412, 492), focus=FOCUSED, mode=SCAN
09-02 11:13:57.324 24978 24978 D DpmAnalyzer: analyze: THROTTLED by timing gate
09-02 11:13:57.324 24978 24978 D DpmFrameAnalyzer: analyze: result status=THROTTLED, code=null, source=null
09-02 11:13:57.333 24978 25317 D DpmFrameAnalyzer: analyze: frame received, format=35, size=640x480, rotation=90
09-02 11:13:57.356 24978 25317 D DpmFrameAnalyzer: analyze: bitmap converted, size=480x640, scanRoi=Rect(67, 147 - 412, 492)
09-02 11:13:57.356 24978 24978 D DpmAnalyzer: analyze: frame=480x640, roi=Rect(67, 147 - 412, 492), focus=FOCUSED, mode=SCAN
09-02 11:13:57.356 24978 24978 D DpmAnalyzer: analyze: THROTTLED by timing gate
09-02 11:13:57.356 24978 24978 D DpmFrameAnalyzer: analyze: result status=THROTTLED, code=null, source=null
09-02 11:13:57.378 24978 25317 D DpmFrameAnalyzer: analyze: frame received, format=35, size=640x480, rotation=90
09-02 11:13:57.403 24978 25317 D DpmFrameAnalyzer: analyze: bitmap converted, size=480x640, scanRoi=Rect(67, 147 - 412, 492)
09-02 11:13:57.405 24978 24978 D DpmAnalyzer: analyze: frame=480x640, roi=Rect(67, 147 - 412, 492), focus=FOCUSED, mode=SCAN
09-02 11:13:57.405 24978 24978 D DpmAnalyzer: analyze: THROTTLED by timing gate
09-02 11:13:57.405 24978 24978 D DpmFrameAnalyzer: analyze: result status=THROTTLED, code=null, source=null
09-02 11:13:57.420 24978 25317 D DpmFrameAnalyzer: analyze: frame received, format=35, size=640x480, rotation=90
09-02 11:13:57.442 24978 25317 D DpmFrameAnalyzer: analyze: bitmap converted, size=480x640, scanRoi=Rect(67, 147 - 412, 492)
09-02 11:13:57.443 24978 24978 D DpmAnalyzer: analyze: frame=480x640, roi=Rect(67, 147 - 412, 492), focus=FOCUSED, mode=SCAN
09-02 11:13:57.443 24978 24978 D DpmAnalyzer: analyze: THROTTLED by timing gate
09-02 11:13:57.443 24978 24978 D DpmFrameAnalyzer: analyze: result status=THROTTLED, code=null, source=null
09-02 11:13:57.456 24978 25317 D DpmFrameAnalyzer: analyze: frame received, format=35, size=640x480, rotation=90
09-02 11:13:57.478 24978 25317 D DpmFrameAnalyzer: analyze: bitmap converted, size=480x640, scanRoi=Rect(67, 147 - 412, 492)
09-02 11:13:57.478 24978 24978 D DpmAnalyzer: analyze: frame=480x640, roi=Rect(67, 147 - 412, 492), focus=FOCUSED, mode=SCAN
09-02 11:13:57.478 24978 24978 D DpmAnalyzer: analyze: THROTTLED by timing gate
09-02 11:13:57.478 24978 24978 D DpmFrameAnalyzer: analyze: result status=THROTTLED, code=null, source=null
09-02 11:13:57.490 24978 25317 D DpmFrameAnalyzer: analyze: frame received, format=35, size=640x480, rotation=90
09-02 11:13:57.510 24978 25317 D DpmFrameAnalyzer: analyze: bitmap converted, size=480x640, scanRoi=Rect(67, 147 - 412, 492)
09-02 11:13:57.511 24978 24978 D DpmAnalyzer: analyze: frame=480x640, roi=Rect(67, 147 - 412, 492), focus=FOCUSED, mode=SCAN
09-02 11:13:57.511 24978 24978 D DpmAnalyzer: analyze: starting performMultiStrategyDecode
09-02 11:13:57.511 24978 24978 D DpmAnalyzer: performMultiStrategyDecode: frame=480x640, roi=Rect(67, 147 - 412, 492), strategies=1
09-02 11:13:57.516 24978 24978 D DpmAnalyzer: Stage1: ROI 345x345 → scaled 345x345
09-02 11:13:57.538 24978 25317 D DpmFrameAnalyzer: analyze: frame received, format=35, size=640x480, rotation=90
09-02 11:13:57.560 24978 25317 D DpmFrameAnalyzer: analyze: bitmap converted, size=480x640, scanRoi=Rect(67, 147 - 412, 492)
09-02 11:13:57.561 24978 24978 D DpmAnalyzer: analyze: frame=480x640, roi=Rect(67, 147 - 412, 492), focus=FOCUSED, mode=SCAN
09-02 11:13:57.561 24978 24978 D DpmAnalyzer: analyze: THROTTLED (already running)
09-02 11:13:57.561 24978 24978 D DpmFrameAnalyzer: analyze: result status=THROTTLED, code=null, source=null
09-02 11:13:57.571 24978 25317 D DpmFrameAnalyzer: analyze: frame received, format=35, size=640x480, rotation=90
09-02 11:13:57.582 24978 24978 D DpmAnalyzer: Stage1: MISS
09-02 11:13:57.582 24978 24978 D DpmAnalyzer: scanRoi present, skipping full-image stages
09-02 11:13:57.582 24978 24978 D DpmAnalyzer: analyze: decodedCode=null
09-02 11:13:57.583 24978 24978 D DpmFrameAnalyzer: analyze: result status=NO_CODE, code=null, source=null
09-02 11:13:57.588 24978 25317 D DpmFrameAnalyzer: analyze: bitmap converted, size=480x640, scanRoi=Rect(67, 147 - 412, 492)
09-02 11:13:57.588 24978 24978 D DpmAnalyzer: analyze: frame=480x640, roi=Rect(67, 147 - 412, 492), focus=FOCUSED, mode=SCAN
09-02 11:13:57.588 24978 24978 D DpmAnalyzer: analyze: THROTTLED by timing gate
09-02 11:13:57.588 24978 24978 D DpmFrameAnalyzer: analyze: result status=THROTTLED, code=null, source=null
09-02 11:13:57.615 24978 25317 D DpmFrameAnalyzer: analyze: frame received, format=35, size=640x480, rotation=90
09-02 11:13:57.638 24978 25317 D DpmFrameAnalyzer: analyze: bitmap converted, size=480x640, scanRoi=Rect(67, 147 - 412, 492)
09-02 11:13:57.639 24978 24978 D DpmAnalyzer: analyze: frame=480x640, roi=Rect(67, 147 - 412, 492), focus=FOCUSED, mode=SCAN
09-02 11:13:57.639 24978 24978 D DpmAnalyzer: analyze: THROTTLED by timing gate
09-02 11:13:57.639 24978 24978 D DpmFrameAnalyzer: analyze: result status=THROTTLED, code=null, source=null
09-02 11:13:57.653 24978 25317 D DpmFrameAnalyzer: analyze: frame received, format=35, size=640x480, rotation=90
09-02 11:13:57.674 24978 25317 D DpmFrameAnalyzer: analyze: bitmap converted, size=480x640, scanRoi=Rect(67, 147 - 412, 492)
09-02 11:13:57.674 24978 24978 D DpmAnalyzer: analyze: frame=480x640, roi=Rect(67, 147 - 412, 492), focus=FOCUSED, mode=SCAN
09-02 11:13:57.674 24978 24978 D DpmAnalyzer: analyze: THROTTLED by timing gate
09-02 11:13:57.674 24978 24978 D DpmFrameAnalyzer: analyze: result status=THROTTLED, code=null, source=null
09-02 11:13:57.687 24978 25317 D DpmFrameAnalyzer: analyze: frame received, format=35, size=640x480, rotation=90
09-02 11:13:57.709 24978 25317 D DpmFrameAnalyzer: analyze: bitmap converted, size=480x640, scanRoi=Rect(67, 147 - 412, 492)
09-02 11:13:57.711 24978 24978 D DpmAnalyzer: analyze: frame=480x640, roi=Rect(67, 147 - 412, 492), focus=FOCUSED, mode=SCAN
09-02 11:13:57.711 24978 24978 D DpmAnalyzer: analyze: THROTTLED by timing gate
09-02 11:13:57.711 24978 24978 D DpmFrameAnalyzer: analyze: result status=THROTTLED, code=null, source=null
09-02 11:13:57.727 24978 25317 D DpmFrameAnalyzer: analyze: frame received, format=35, size=640x480, rotation=90
09-02 11:13:57.752 24978 25317 D DpmFrameAnalyzer: analyze: bitmap converted, size=480x640, scanRoi=Rect(67, 147 - 412, 492)
09-02 11:13:57.753 24978 24978 D DpmAnalyzer: analyze: frame=480x640, roi=Rect(67, 147 - 412, 492), focus=FOCUSED, mode=SCAN
09-02 11:13:57.753 24978 24978 D DpmAnalyzer: analyze: THROTTLED by timing gate
09-02 11:13:57.753 24978 24978 D DpmFrameAnalyzer: analyze: result status=THROTTLED, code=null, source=null
09-02 11:13:57.770 24978 25317 D DpmFrameAnalyzer: analyze: frame received, format=35, size=640x480, rotation=90
09-02 11:13:57.795 24978 25317 D DpmFrameAnalyzer: analyze: bitmap converted, size=480x640, scanRoi=Rect(67, 147 - 412, 492)
09-02 11:13:57.795 24978 24978 D DpmAnalyzer: analyze: frame=480x640, roi=Rect(67, 147 - 412, 492), focus=FOCUSED, mode=SCAN
09-02 11:13:57.795 24978 24978 D DpmAnalyzer: analyze: starting performMultiStrategyDecode
09-02 11:13:57.795 24978 24978 D DpmAnalyzer: performMultiStrategyDecode: frame=480x640, roi=Rect(67, 147 - 412, 492), strategies=1
09-02 11:13:57.798 24978 24978 D DpmAnalyzer: Stage1: ROI 345x345 → scaled 345x345
09-02 11:13:57.810 24978 25317 D DpmFrameAnalyzer: analyze: frame received, format=35, size=640x480, rotation=90
09-02 11:13:57.841 24978 25317 D DpmFrameAnalyzer: analyze: bitmap converted, size=480x640, scanRoi=Rect(67, 147 - 412, 492)
09-02 11:13:57.844 24978 24978 D DpmAnalyzer: analyze: frame=480x640, roi=Rect(67, 147 - 412, 492), focus=FOCUSED, mode=SCAN
09-02 11:13:57.844 24978 24978 D DpmAnalyzer: analyze: THROTTLED (already running)
09-02 11:13:57.844 24978 24978 D DpmFrameAnalyzer: analyze: result status=THROTTLED, code=null, source=null
09-02 11:13:57.853 24978 25317 D DpmFrameAnalyzer: analyze: frame received, format=35, size=640x480, rotation=90
09-02 11:13:57.860 24978 24978 D DpmAnalyzer: Stage1: MISS
09-02 11:13:57.860 24978 24978 D DpmAnalyzer: scanRoi present, skipping full-image stages
09-02 11:13:57.860 24978 24978 D DpmAnalyzer: analyze: decodedCode=null
09-02 11:13:57.861 24978 24978 D DpmFrameAnalyzer: analyze: result status=NO_CODE, code=null, source=null
09-02 11:13:57.872 24978 25317 D DpmFrameAnalyzer: analyze: bitmap converted, size=480x640, scanRoi=Rect(67, 147 - 412, 492)
09-02 11:13:57.872 24978 24978 D DpmAnalyzer: analyze: frame=480x640, roi=Rect(67, 147 - 412, 492), focus=FOCUSED, mode=SCAN
09-02 11:13:57.873 24978 24978 D DpmAnalyzer: analyze: THROTTLED by timing gate
09-02 11:13:57.873 24978 24978 D DpmFrameAnalyzer: analyze: result status=THROTTLED, code=null, source=null
09-02 11:13:57.887 24978 25317 D DpmFrameAnalyzer: analyze: frame received, format=35, size=640x480, rotation=90
09-02 11:13:57.910 24978 25317 D DpmFrameAnalyzer: analyze: bitmap converted, size=480x640, scanRoi=Rect(67, 147 - 412, 492)
09-02 11:13:57.911 24978 24978 D DpmAnalyzer: analyze: frame=480x640, roi=Rect(67, 147 - 412, 492), focus=FOCUSED, mode=SCAN
09-02 11:13:57.911 24978 24978 D DpmAnalyzer: analyze: THROTTLED by timing gate
09-02 11:13:57.911 24978 24978 D DpmFrameAnalyzer: analyze: result status=THROTTLED, code=null, source=null
09-02 11:13:57.923 24978 25317 D DpmFrameAnalyzer: analyze: frame received, format=35, size=640x480, rotation=90
09-02 11:13:57.942 24978 25317 D DpmFrameAnalyzer: analyze: bitmap converted, size=480x640, scanRoi=Rect(67, 147 - 412, 492)
09-02 11:13:57.943 24978 24978 D DpmAnalyzer: analyze: frame=480x640, roi=Rect(67, 147 - 412, 492), focus=FOCUSED, mode=SCAN
09-02 11:13:57.943 24978 24978 D DpmAnalyzer: analyze: THROTTLED by timing gate
09-02 11:13:57.943 24978 24978 D DpmFrameAnalyzer: analyze: result status=THROTTLED, code=null, source=null
09-02 11:13:57.964 24978 25317 D DpmFrameAnalyzer: analyze: frame received, format=35, size=640x480, rotation=90
09-02 11:13:57.985 24978 25317 D DpmFrameAnalyzer: analyze: bitmap converted, size=480x640, scanRoi=Rect(67, 147 - 412, 492)
09-02 11:13:57.985 24978 24978 D DpmAnalyzer: analyze: frame=480x640, roi=Rect(67, 147 - 412, 492), focus=FOCUSED, mode=SCAN
09-02 11:13:57.985 24978 24978 D DpmAnalyzer: analyze: THROTTLED by timing gate
09-02 11:13:57.985 24978 24978 D DpmFrameAnalyzer: analyze: result status=THROTTLED, code=null, source=null
09-02 11:13:58.002 24978 25317 D DpmFrameAnalyzer: analyze: frame received, format=35, size=640x480, rotation=90
09-02 11:13:58.027 24978 25317 D DpmFrameAnalyzer: analyze: bitmap converted, size=480x640, scanRoi=Rect(67, 147 - 412, 492)
09-02 11:13:58.028 24978 24978 D DpmAnalyzer: analyze: frame=480x640, roi=Rect(67, 147 - 412, 492), focus=FOCUSED, mode=SCAN
09-02 11:13:58.028 24978 24978 D DpmAnalyzer: analyze: THROTTLED by timing gate
09-02 11:13:58.028 24978 24978 D DpmFrameAnalyzer: analyze: result status=THROTTLED, code=null, source=null
09-02 11:13:58.049 24978 25317 D DpmFrameAnalyzer: analyze: frame received, format=35, size=640x480, rotation=90
09-02 11:13:58.081 24978 25317 D DpmFrameAnalyzer: analyze: bitmap converted, size=480x640, scanRoi=Rect(67, 147 - 412, 492)
09-02 11:13:58.082 24978 24978 D DpmAnalyzer: analyze: frame=480x640, roi=Rect(67, 147 - 412, 492), focus=FOCUSED, mode=SCAN
09-02 11:13:58.082 24978 24978 D DpmAnalyzer: analyze: starting performMultiStrategyDecode
09-02 11:13:58.082 24978 24978 D DpmAnalyzer: performMultiStrategyDecode: frame=480x640, roi=Rect(67, 147 - 412, 492), strategies=1
09-02 11:13:58.085 24978 24978 D DpmAnalyzer: Stage1: ROI 345x345 → scaled 345x345
09-02 11:13:58.093 24978 25317 D DpmFrameAnalyzer: analyze: frame received, format=35, size=640x480, rotation=90
09-02 11:13:58.112 24978 25317 D DpmFrameAnalyzer: analyze: bitmap converted, size=480x640, scanRoi=Rect(67, 147 - 412, 492)
09-02 11:13:58.113 24978 24978 D DpmAnalyzer: analyze: frame=480x640, roi=Rect(67, 147 - 412, 492), focus=FOCUSED, mode=SCAN
09-02 11:13:58.113 24978 24978 D DpmAnalyzer: analyze: THROTTLED (already running)
09-02 11:13:58.113 24978 24978 D DpmFrameAnalyzer: analyze: result status=THROTTLED, code=null, source=null
09-02 11:13:58.124 24978 25317 D DpmFrameAnalyzer: analyze: frame received, format=35, size=640x480, rotation=90
09-02 11:13:58.128 24978 24978 D DpmAnalyzer: Stage1: MISS
09-02 11:13:58.128 24978 24978 D DpmAnalyzer: scanRoi present, skipping full-image stages
09-02 11:13:58.128 24978 24978 D DpmAnalyzer: analyze: decodedCode=null
09-02 11:13:58.128 24978 24978 D DpmFrameAnalyzer: analyze: result status=NO_CODE, code=null, source=null
09-02 11:13:58.142 24978 25317 D DpmFrameAnalyzer: analyze: bitmap converted, size=480x640, scanRoi=Rect(67, 147 - 412, 492)
09-02 11:13:58.143 24978 24978 D DpmAnalyzer: analyze: frame=480x640, roi=Rect(67, 147 - 412, 492), focus=FOCUSED, mode=SCAN
09-02 11:13:58.143 24978 24978 D DpmAnalyzer: analyze: THROTTLED by timing gate
09-02 11:13:58.143 24978 24978 D DpmFrameAnalyzer: analyze: result status=THROTTLED, code=null, source=null
09-02 11:13:58.157 24978 25317 D DpmFrameAnalyzer: analyze: frame received, format=35, size=640x480, rotation=90
09-02 11:13:58.179 24978 25317 D DpmFrameAnalyzer: analyze: bitmap converted, size=480x640, scanRoi=Rect(67, 147 - 412, 492)
09-02 11:13:58.180 24978 24978 D DpmAnalyzer: analyze: frame=480x640, roi=Rect(67, 147 - 412, 492), focus=FOCUSED, mode=SCAN
09-02 11:13:58.181 24978 24978 D DpmAnalyzer: analyze: THROTTLED by timing gate
09-02 11:13:58.181 24978 24978 D DpmFrameAnalyzer: analyze: result status=THROTTLED, code=null, source=null
09-02 11:13:58.199 24978 25317 D DpmFrameAnalyzer: analyze: frame received, format=35, size=640x480, rotation=90
09-02 11:13:58.217 24978 25317 D DpmFrameAnalyzer: analyze: bitmap converted, size=480x640, scanRoi=Rect(67, 147 - 412, 492)
09-02 11:13:58.218 24978 24978 D DpmAnalyzer: analyze: frame=480x640, roi=Rect(67, 147 - 412, 492), focus=FOCUSED, mode=SCAN
09-02 11:13:58.218 24978 24978 D DpmAnalyzer: analyze: THROTTLED by timing gate
09-02 11:13:58.218 24978 24978 D DpmFrameAnalyzer: analyze: result status=THROTTLED, code=null, source=null
09-02 11:13:58.238 24978 25317 D DpmFrameAnalyzer: analyze: frame received, format=35, size=640x480, rotation=90
09-02 11:13:58.256 24978 25317 D DpmFrameAnalyzer: analyze: bitmap converted, size=480x640, scanRoi=Rect(67, 147 - 412, 492)
09-02 11:13:58.257 24978 24978 D DpmAnalyzer: analyze: frame=480x640, roi=Rect(67, 147 - 412, 492), focus=FOCUSED, mode=SCAN
09-02 11:13:58.257 24978 24978 D DpmAnalyzer: analyze: THROTTLED by timing gate
09-02 11:13:58.257 24978 24978 D DpmFrameAnalyzer: analyze: result status=THROTTLED, code=null, source=null
09-02 11:13:58.278 24978 25317 D DpmFrameAnalyzer: analyze: frame received, format=35, size=640x480, rotation=90
09-02 11:13:58.296 24978 25317 D DpmFrameAnalyzer: analyze: bitmap converted, size=480x640, scanRoi=Rect(67, 147 - 412, 492)
09-02 11:13:58.299 24978 24978 D DpmAnalyzer: analyze: frame=480x640, roi=Rect(67, 147 - 412, 492), focus=FOCUSED, mode=SCAN
09-02 11:13:58.299 24978 24978 D DpmAnalyzer: analyze: THROTTLED by timing gate
09-02 11:13:58.299 24978 24978 D DpmFrameAnalyzer: analyze: result status=THROTTLED, code=null, source=null
09-02 11:13:58.317 24978 25317 D DpmFrameAnalyzer: analyze: frame received, format=35, size=640x480, rotation=90
09-02 11:13:58.335 24978 25317 D DpmFrameAnalyzer: analyze: bitmap converted, size=480x640, scanRoi=Rect(67, 147 - 412, 492)
09-02 11:13:58.335 24978 24978 D DpmAnalyzer: analyze: frame=480x640, roi=Rect(67, 147 - 412, 492), focus=FOCUSED, mode=SCAN
09-02 11:13:58.335 24978 24978 D DpmAnalyzer: analyze: starting performMultiStrategyDecode
09-02 11:13:58.336 24978 24978 D DpmAnalyzer: performMultiStrategyDecode: frame=480x640, roi=Rect(67, 147 - 412, 492), strategies=1
09-02 11:13:58.341 24978 24978 D DpmAnalyzer: Stage1: ROI 345x345 → scaled 345x345
09-02 11:13:58.352 24978 25317 D DpmFrameAnalyzer: analyze: frame received, format=35, size=640x480, rotation=90
09-02 11:13:58.370 24978 25317 D DpmFrameAnalyzer: analyze: bitmap converted, size=480x640, scanRoi=Rect(67, 147 - 412, 492)
09-02 11:13:58.370 24978 24978 D DpmAnalyzer: analyze: frame=480x640, roi=Rect(67, 147 - 412, 492), focus=FOCUSED, mode=SCAN
09-02 11:13:58.370 24978 24978 D DpmAnalyzer: analyze: THROTTLED (already running)
09-02 11:13:58.370 24978 24978 D DpmFrameAnalyzer: analyze: result status=THROTTLED, code=null, source=null
09-02 11:13:58.387 24978 24978 D DpmAnalyzer: Stage1: MISS
09-02 11:13:58.387 24978 24978 D DpmAnalyzer: scanRoi present, skipping full-image stages
09-02 11:13:58.387 24978 24978 D DpmAnalyzer: analyze: decodedCode=null
09-02 11:13:58.387 24978 24978 D DpmFrameAnalyzer: analyze: result status=NO_CODE, code=null, source=null
09-02 11:13:58.394 24978 25317 D DpmFrameAnalyzer: analyze: frame received, format=35, size=640x480, rotation=90
09-02 11:13:58.415 24978 25317 D DpmFrameAnalyzer: analyze: bitmap converted, size=480x640, scanRoi=Rect(67, 147 - 412, 492)
09-02 11:13:58.416 24978 24978 D DpmAnalyzer: analyze: frame=480x640, roi=Rect(67, 147 - 412, 492), focus=FOCUSED, mode=SCAN
09-02 11:13:58.416 24978 24978 D DpmAnalyzer: analyze: THROTTLED by timing gate
09-02 11:13:58.416 24978 24978 D DpmFrameAnalyzer: analyze: result status=THROTTLED, code=null, source=null
09-02 11:13:58.437 24978 25317 D DpmFrameAnalyzer: analyze: frame received, format=35, size=640x480, rotation=90
09-02 11:13:58.457 24978 25317 D DpmFrameAnalyzer: analyze: bitmap converted, size=480x640, scanRoi=Rect(67, 147 - 412, 492)
09-02 11:13:58.457 24978 24978 D DpmAnalyzer: analyze: frame=480x640, roi=Rect(67, 147 - 412, 492), focus=FOCUSED, mode=SCAN
09-02 11:13:58.458 24978 24978 D DpmAnalyzer: analyze: THROTTLED by timing gate
09-02 11:13:58.458 24978 24978 D DpmFrameAnalyzer: analyze: result status=THROTTLED, code=null, source=null
09-02 11:13:58.473 24978 25317 D DpmFrameAnalyzer: analyze: frame received, format=35, size=640x480, rotation=90
09-02 11:13:58.492 24978 25317 D DpmFrameAnalyzer: analyze: bitmap converted, size=480x640, scanRoi=Rect(67, 147 - 412, 492)
09-02 11:13:58.494 24978 24978 D DpmAnalyzer: analyze: frame=480x640, roi=Rect(67, 147 - 412, 492), focus=FOCUSED, mode=SCAN
09-02 11:13:58.494 24978 24978 D DpmAnalyzer: analyze: THROTTLED by timing gate
09-02 11:13:58.494 24978 24978 D DpmFrameAnalyzer: analyze: result status=THROTTLED, code=null, source=null
09-02 11:13:58.508 24978 25317 D DpmFrameAnalyzer: analyze: frame received, format=35, size=640x480, rotation=90
09-02 11:13:58.527 24978 25317 D DpmFrameAnalyzer: analyze: bitmap converted, size=480x640, scanRoi=Rect(67, 147 - 412, 492)
09-02 11:13:58.528 24978 24978 D DpmAnalyzer: analyze: frame=480x640, roi=Rect(67, 147 - 412, 492), focus=FOCUSED, mode=SCAN
09-02 11:13:58.528 24978 24978 D DpmAnalyzer: analyze: THROTTLED by timing gate
09-02 11:13:58.528 24978 24978 D DpmFrameAnalyzer: analyze: result status=THROTTLED, code=null, source=null
09-02 11:13:58.553 24978 25317 D DpmFrameAnalyzer: analyze: frame received, format=35, size=640x480, rotation=90
09-02 11:13:58.578 24978 25317 D DpmFrameAnalyzer: analyze: bitmap converted, size=480x640, scanRoi=Rect(67, 147 - 412, 492)
09-02 11:13:58.579 24978 24978 D DpmAnalyzer: analyze: frame=480x640, roi=Rect(67, 147 - 412, 492), focus=FOCUSED, mode=SCAN
09-02 11:13:58.579 24978 24978 D DpmAnalyzer: analyze: THROTTLED by timing gate
09-02 11:13:58.579 24978 24978 D DpmFrameAnalyzer: analyze: result status=THROTTLED, code=null, source=null
09-02 11:13:58.595 24978 25317 D DpmFrameAnalyzer: analyze: frame received, format=35, size=640x480, rotation=90
09-02 11:13:58.616 24978 25317 D DpmFrameAnalyzer: analyze: bitmap converted, size=480x640, scanRoi=Rect(67, 147 - 412, 492)
09-02 11:13:58.617 24978 24978 D DpmAnalyzer: analyze: frame=480x640, roi=Rect(67, 147 - 412, 492), focus=FOCUSED, mode=SCAN
09-02 11:13:58.617 24978 24978 D DpmAnalyzer: analyze: starting performMultiStrategyDecode
09-02 11:13:58.617 24978 24978 D DpmAnalyzer: performMultiStrategyDecode: frame=480x640, roi=Rect(67, 147 - 412, 492), strategies=1
09-02 11:13:58.624 24978 24978 D DpmAnalyzer: Stage1: ROI 345x345 → scaled 345x345
09-02 11:13:58.644 24978 25317 D DpmFrameAnalyzer: analyze: frame received, format=35, size=640x480, rotation=90
09-02 11:13:58.679 24978 25317 D DpmFrameAnalyzer: analyze: bitmap converted, size=480x640, scanRoi=Rect(67, 147 - 412, 492)
09-02 11:13:58.680 24978 25317 D DpmFrameAnalyzer: analyze: frame received, format=35, size=640x480, rotation=90
09-02 11:13:58.681 24978 24978 D DpmAnalyzer: analyze: frame=480x640, roi=Rect(67, 147 - 412, 492), focus=FOCUSED, mode=SCAN
09-02 11:13:58.681 24978 24978 D DpmAnalyzer: analyze: THROTTLED (already running)
09-02 11:13:58.681 24978 24978 D DpmFrameAnalyzer: analyze: result status=THROTTLED, code=null, source=null
09-02 11:13:58.705 24978 25317 D DpmFrameAnalyzer: analyze: bitmap converted, size=480x640, scanRoi=Rect(67, 147 - 412, 492)
09-02 11:13:58.706 24978 24978 D DpmAnalyzer: analyze: frame=480x640, roi=Rect(67, 147 - 412, 492), focus=FOCUSED, mode=SCAN
09-02 11:13:58.706 24978 24978 D DpmAnalyzer: analyze: THROTTLED (already running)
09-02 11:13:58.706 24978 24978 D DpmFrameAnalyzer: analyze: result status=THROTTLED, code=null, source=null
09-02 11:13:58.716 24978 25317 D DpmFrameAnalyzer: analyze: frame received, format=35, size=640x480, rotation=90
09-02 11:13:58.718 24978 24978 D DpmAnalyzer: Stage1: MISS
09-02 11:13:58.718 24978 24978 D DpmAnalyzer: scanRoi present, skipping full-image stages
09-02 11:13:58.718 24978 24978 D DpmAnalyzer: analyze: decodedCode=null
09-02 11:13:58.719 24978 24978 D DpmFrameAnalyzer: analyze: result status=NO_CODE, code=null, source=null
09-02 11:13:58.735 24978 25317 D DpmFrameAnalyzer: analyze: bitmap converted, size=480x640, scanRoi=Rect(67, 147 - 412, 492)
09-02 11:13:58.735 24978 24978 D DpmAnalyzer: analyze: frame=480x640, roi=Rect(67, 147 - 412, 492), focus=FOCUSED, mode=SCAN
09-02 11:13:58.735 24978 24978 D DpmAnalyzer: analyze: THROTTLED by timing gate
09-02 11:13:58.735 24978 24978 D DpmFrameAnalyzer: analyze: result status=THROTTLED, code=null, source=null
09-02 11:13:58.751 24978 25317 D DpmFrameAnalyzer: analyze: frame received, format=35, size=640x480, rotation=90
09-02 11:13:58.768 24978 25317 D DpmFrameAnalyzer: analyze: bitmap converted, size=480x640, scanRoi=Rect(67, 147 - 412, 492)
09-02 11:13:58.769 24978 24978 D DpmAnalyzer: analyze: frame=480x640, roi=Rect(67, 147 - 412, 492), focus=FOCUSED, mode=SCAN
09-02 11:13:58.769 24978 24978 D DpmAnalyzer: analyze: THROTTLED by timing gate
09-02 11:13:58.769 24978 24978 D DpmFrameAnalyzer: analyze: result status=THROTTLED, code=null, source=null
09-02 11:13:58.785 24978 25317 D DpmFrameAnalyzer: analyze: frame received, format=35, size=640x480, rotation=90
09-02 11:13:58.808 24978 25317 D DpmFrameAnalyzer: analyze: bitmap converted, size=480x640, scanRoi=Rect(67, 147 - 412, 492)
09-02 11:13:58.810 24978 24978 D DpmAnalyzer: analyze: frame=480x640, roi=Rect(67, 147 - 412, 492), focus=FOCUSED, mode=SCAN
09-02 11:13:58.810 24978 24978 D DpmAnalyzer: analyze: THROTTLED by timing gate
09-02 11:13:58.810 24978 24978 D DpmFrameAnalyzer: analyze: result status=THROTTLED, code=null, source=null
09-02 11:13:58.833 24978 25317 D DpmFrameAnalyzer: analyze: frame received, format=35, size=640x480, rotation=90
09-02 11:13:58.860 24978 25317 D DpmFrameAnalyzer: analyze: bitmap converted, size=480x640, scanRoi=Rect(67, 147 - 412, 492)
09-02 11:13:58.861 24978 24978 D DpmAnalyzer: analyze: frame=480x640, roi=Rect(67, 147 - 412, 492), focus=FOCUSED, mode=SCAN
09-02 11:13:58.861 24978 24978 D DpmAnalyzer: analyze: THROTTLED by timing gate
09-02 11:13:58.861 24978 24978 D DpmFrameAnalyzer: analyze: result status=THROTTLED, code=null, source=null
09-02 11:13:58.873 24978 25317 D DpmFrameAnalyzer: analyze: frame received, format=35, size=640x480, rotation=90
09-02 11:13:58.897 24978 25317 D DpmFrameAnalyzer: analyze: bitmap converted, size=480x640, scanRoi=Rect(67, 147 - 412, 492)
09-02 11:13:58.898 24978 24978 D DpmAnalyzer: analyze: frame=480x640, roi=Rect(67, 147 - 412, 492), focus=FOCUSED, mode=SCAN
09-02 11:13:58.898 24978 24978 D DpmAnalyzer: analyze: THROTTLED by timing gate
09-02 11:13:58.898 24978 24978 D DpmFrameAnalyzer: analyze: result status=THROTTLED, code=null, source=null
09-02 11:13:58.907 24978 25317 D DpmFrameAnalyzer: analyze: frame received, format=35, size=640x480, rotation=90
09-02 11:13:58.927 24978 25317 D DpmFrameAnalyzer: analyze: bitmap converted, size=480x640, scanRoi=Rect(67, 147 - 412, 492)
09-02 11:13:58.928 24978 24978 D DpmAnalyzer: analyze: frame=480x640, roi=Rect(67, 147 - 412, 492), focus=FOCUSED, mode=SCAN
09-02 11:13:58.928 24978 24978 D DpmAnalyzer: analyze: starting performMultiStrategyDecode
09-02 11:13:58.928 24978 24978 D DpmAnalyzer: performMultiStrategyDecode: frame=480x640, roi=Rect(67, 147 - 412, 492), strategies=1
09-02 11:13:58.933 24978 24978 D DpmAnalyzer: Stage1: ROI 345x345 → scaled 345x345
09-02 11:13:58.950 24978 25317 D DpmFrameAnalyzer: analyze: frame received, format=35, size=640x480, rotation=90
09-02 11:13:58.975 24978 25317 D DpmFrameAnalyzer: analyze: bitmap converted, size=480x640, scanRoi=Rect(67, 147 - 412, 492)
09-02 11:13:58.980 24978 24978 D DpmAnalyzer: analyze: frame=480x640, roi=Rect(67, 147 - 412, 492), focus=FOCUSED, mode=SCAN
09-02 11:13:58.980 24978 24978 D DpmAnalyzer: analyze: THROTTLED (already running)
09-02 11:13:58.980 24978 24978 D DpmFrameAnalyzer: analyze: result status=THROTTLED, code=null, source=null
09-02 11:13:58.987 24978 25317 D DpmFrameAnalyzer: analyze: frame received, format=35, size=640x480, rotation=90
09-02 11:13:58.990 24978 24978 D DpmAnalyzer: Stage1: MISS
09-02 11:13:58.990 24978 24978 D DpmAnalyzer: scanRoi present, skipping full-image stages
09-02 11:13:58.990 24978 24978 D DpmAnalyzer: analyze: decodedCode=null
09-02 11:13:58.990 24978 24978 D DpmFrameAnalyzer: analyze: result status=NO_CODE, code=null, source=null
09-02 11:13:59.007 24978 25317 D DpmFrameAnalyzer: analyze: bitmap converted, size=480x640, scanRoi=Rect(67, 147 - 412, 492)
09-02 11:13:59.007 24978 24978 D DpmAnalyzer: analyze: frame=480x640, roi=Rect(67, 147 - 412, 492), focus=FOCUSED, mode=SCAN
09-02 11:13:59.008 24978 24978 D DpmAnalyzer: analyze: THROTTLED by timing gate
09-02 11:13:59.008 24978 24978 D DpmFrameAnalyzer: analyze: result status=THROTTLED, code=null, source=null
09-02 11:13:59.022 24978 25317 D DpmFrameAnalyzer: analyze: frame received, format=35, size=640x480, rotation=90
09-02 11:13:59.048 24978 25317 D DpmFrameAnalyzer: analyze: bitmap converted, size=480x640, scanRoi=Rect(67, 147 - 412, 492)
09-02 11:13:59.049 24978 24978 D DpmAnalyzer: analyze: frame=480x640, roi=Rect(67, 147 - 412, 492), focus=FOCUSED, mode=SCAN
09-02 11:13:59.049 24978 24978 D DpmAnalyzer: analyze: THROTTLED by timing gate
09-02 11:13:59.049 24978 24978 D DpmFrameAnalyzer: analyze: result status=THROTTLED, code=null, source=null
09-02 11:13:59.066 24978 25317 D DpmFrameAnalyzer: analyze: frame received, format=35, size=640x480, rotation=90
09-02 11:13:59.087 24978 25317 D DpmFrameAnalyzer: analyze: bitmap converted, size=480x640, scanRoi=Rect(67, 147 - 412, 492)
09-02 11:13:59.088 24978 24978 D DpmAnalyzer: analyze: frame=480x640, roi=Rect(67, 147 - 412, 492), focus=FOCUSED, mode=SCAN
09-02 11:13:59.088 24978 24978 D DpmAnalyzer: analyze: THROTTLED by timing gate
09-02 11:13:59.088 24978 24978 D DpmFrameAnalyzer: analyze: result status=THROTTLED, code=null, source=null
09-02 11:13:59.102 24978 25317 D DpmFrameAnalyzer: analyze: frame received, format=35, size=640x480, rotation=90
09-02 11:13:59.122 24978 25317 D DpmFrameAnalyzer: analyze: bitmap converted, size=480x640, scanRoi=Rect(67, 147 - 412, 492)
09-02 11:13:59.123 24978 24978 D DpmAnalyzer: analyze: frame=480x640, roi=Rect(67, 147 - 412, 492), focus=FOCUSED, mode=SCAN
09-02 11:13:59.123 24978 24978 D DpmAnalyzer: analyze: THROTTLED by timing gate
09-02 11:13:59.123 24978 24978 D DpmFrameAnalyzer: analyze: result status=THROTTLED, code=null, source=null
09-02 11:13:59.143 24978 25317 D DpmFrameAnalyzer: analyze: frame received, format=35, size=640x480, rotation=90
09-02 11:13:59.162 24978 25317 D DpmFrameAnalyzer: analyze: bitmap converted, size=480x640, scanRoi=Rect(67, 147 - 412, 492)
09-02 11:13:59.163 24978 24978 D DpmAnalyzer: analyze: frame=480x640, roi=Rect(67, 147 - 412, 492), focus=FOCUSED, mode=SCAN
09-02 11:13:59.163 24978 24978 D DpmAnalyzer: analyze: THROTTLED by timing gate
09-02 11:13:59.163 24978 24978 D DpmFrameAnalyzer: analyze: result status=THROTTLED, code=null, source=null
09-02 11:13:59.177 24978 25317 D DpmFrameAnalyzer: analyze: frame received, format=35, size=640x480, rotation=90
09-02 11:13:59.200 24978 25317 D DpmFrameAnalyzer: analyze: bitmap converted, size=480x640, scanRoi=Rect(67, 147 - 412, 492)
09-02 11:13:59.200 24978 24978 D DpmAnalyzer: analyze: frame=480x640, roi=Rect(67, 147 - 412, 492), focus=FOCUSED, mode=SCAN
09-02 11:13:59.200 24978 24978 D DpmAnalyzer: analyze: starting performMultiStrategyDecode
09-02 11:13:59.200 24978 24978 D DpmAnalyzer: performMultiStrategyDecode: frame=480x640, roi=Rect(67, 147 - 412, 492), strategies=1
09-02 11:13:59.205 24978 24978 D DpmAnalyzer: Stage1: ROI 345x345 → scaled 345x345
09-02 11:13:59.220 24978 25317 D DpmFrameAnalyzer: analyze: frame received, format=35, size=640x480, rotation=90
09-02 11:13:59.249 24978 25317 D DpmFrameAnalyzer: analyze: bitmap converted, size=480x640, scanRoi=Rect(67, 147 - 412, 492)
09-02 11:13:59.252 24978 24978 D DpmAnalyzer: analyze: frame=480x640, roi=Rect(67, 147 - 412, 492), focus=FOCUSED, mode=SCAN
09-02 11:13:59.252 24978 24978 D DpmAnalyzer: analyze: THROTTLED (already running)
09-02 11:13:59.252 24978 24978 D DpmFrameAnalyzer: analyze: result status=THROTTLED, code=null, source=null
09-02 11:13:59.260 24978 24978 D DpmAnalyzer: Stage1: MISS
09-02 11:13:59.260 24978 24978 D DpmAnalyzer: scanRoi present, skipping full-image stages
09-02 11:13:59.260 24978 24978 D DpmAnalyzer: analyze: decodedCode=null
09-02 11:13:59.260 24978 25317 D DpmFrameAnalyzer: analyze: frame received, format=35, size=640x480, rotation=90
09-02 11:13:59.260 24978 24978 D DpmFrameAnalyzer: analyze: result status=NO_CODE, code=null, source=null
09-02 11:13:59.279 24978 25317 D DpmFrameAnalyzer: analyze: bitmap converted, size=480x640, scanRoi=Rect(67, 147 - 412, 492)
09-02 11:13:59.281 24978 24978 D DpmAnalyzer: analyze: frame=480x640, roi=Rect(67, 147 - 412, 492), focus=FOCUSED, mode=SCAN
09-02 11:13:59.281 24978 24978 D DpmAnalyzer: analyze: THROTTLED by timing gate
09-02 11:13:59.281 24978 24978 D DpmFrameAnalyzer: analyze: result status=THROTTLED, code=null, source=null
09-02 11:13:59.293 24978 25317 D DpmFrameAnalyzer: analyze: frame received, format=35, size=640x480, rotation=90
09-02 11:13:59.316 24978 25317 D DpmFrameAnalyzer: analyze: bitmap converted, size=480x640, scanRoi=Rect(67, 147 - 412, 492)
09-02 11:13:59.316 24978 24978 D DpmAnalyzer: analyze: frame=480x640, roi=Rect(67, 147 - 412, 492), focus=FOCUSED, mode=SCAN
09-02 11:13:59.316 24978 24978 D DpmAnalyzer: analyze: THROTTLED by timing gate
09-02 11:13:59.316 24978 24978 D DpmFrameAnalyzer: analyze: result status=THROTTLED, code=null, source=null
09-02 11:13:59.336 24978 25317 D DpmFrameAnalyzer: analyze: frame received, format=35, size=640x480, rotation=90
09-02 11:13:59.355 24978 25317 D DpmFrameAnalyzer: analyze: bitmap converted, size=480x640, scanRoi=Rect(67, 147 - 412, 492)
09-02 11:13:59.356 24978 24978 D DpmAnalyzer: analyze: frame=480x640, roi=Rect(67, 147 - 412, 492), focus=FOCUSED, mode=SCAN
09-02 11:13:59.356 24978 24978 D DpmAnalyzer: analyze: THROTTLED by timing gate
09-02 11:13:59.356 24978 24978 D DpmFrameAnalyzer: analyze: result status=THROTTLED, code=null, source=null
09-02 11:13:59.376 24978 25317 D DpmFrameAnalyzer: analyze: frame received, format=35, size=640x480, rotation=90
09-02 11:13:59.394 24978 25317 D DpmFrameAnalyzer: analyze: bitmap converted, size=480x640, scanRoi=Rect(67, 147 - 412, 492)
09-02 11:13:59.394 24978 24978 D DpmAnalyzer: analyze: frame=480x640, roi=Rect(67, 147 - 412, 492), focus=FOCUSED, mode=SCAN
09-02 11:13:59.395 24978 24978 D DpmAnalyzer: analyze: THROTTLED by timing gate
09-02 11:13:59.395 24978 24978 D DpmFrameAnalyzer: analyze: result status=THROTTLED, code=null, source=null
09-02 11:13:59.413 24978 25317 D DpmFrameAnalyzer: analyze: frame received, format=35, size=640x480, rotation=90
09-02 11:13:59.432 24978 25317 D DpmFrameAnalyzer: analyze: bitmap converted, size=480x640, scanRoi=Rect(67, 147 - 412, 492)
09-02 11:13:59.432 24978 24978 D DpmAnalyzer: analyze: frame=480x640, roi=Rect(67, 147 - 412, 492), focus=FOCUSED, mode=SCAN
09-02 11:13:59.432 24978 24978 D DpmAnalyzer: analyze: THROTTLED by timing gate
09-02 11:13:59.432 24978 24978 D DpmFrameAnalyzer: analyze: result status=THROTTLED, code=null, source=null
09-02 11:13:59.457 24978 25317 D DpmFrameAnalyzer: analyze: frame received, format=35, size=640x480, rotation=90
09-02 11:13:59.479 24978 25317 D DpmFrameAnalyzer: analyze: bitmap converted, size=480x640, scanRoi=Rect(67, 147 - 412, 492)
09-02 11:13:59.481 24978 24978 D DpmAnalyzer: analyze: frame=480x640, roi=Rect(67, 147 - 412, 492), focus=FOCUSED, mode=SCAN
09-02 11:13:59.481 24978 24978 D DpmAnalyzer: analyze: starting performMultiStrategyDecode
09-02 11:13:59.481 24978 24978 D DpmAnalyzer: performMultiStrategyDecode: frame=480x640, roi=Rect(67, 147 - 412, 492), strategies=1
09-02 11:13:59.487 24978 24978 D DpmAnalyzer: Stage1: ROI 345x345 → scaled 345x345
09-02 11:13:59.503 24978 25317 D DpmFrameAnalyzer: analyze: frame received, format=35, size=640x480, rotation=90
09-02 11:13:59.527 24978 25317 D DpmFrameAnalyzer: analyze: bitmap converted, size=480x640, scanRoi=Rect(67, 147 - 412, 492)
09-02 11:13:59.528 24978 24978 D DpmAnalyzer: analyze: frame=480x640, roi=Rect(67, 147 - 412, 492), focus=FOCUSED, mode=SCAN
09-02 11:13:59.528 24978 24978 D DpmAnalyzer: analyze: THROTTLED (already running)
09-02 11:13:59.528 24978 24978 D DpmFrameAnalyzer: analyze: result status=THROTTLED, code=null, source=null
09-02 11:13:59.535 24978 25317 D DpmFrameAnalyzer: analyze: frame received, format=35, size=640x480, rotation=90
09-02 11:13:59.542 24978 24978 D DpmAnalyzer: Stage1: MISS
09-02 11:13:59.542 24978 24978 D DpmAnalyzer: scanRoi present, skipping full-image stages
09-02 11:13:59.542 24978 24978 D DpmAnalyzer: analyze: decodedCode=null
09-02 11:13:59.543 24978 24978 D DpmFrameAnalyzer: analyze: result status=NO_CODE, code=null, source=null
09-02 11:13:59.553 24978 25317 D DpmFrameAnalyzer: analyze: bitmap converted, size=480x640, scanRoi=Rect(67, 147 - 412, 492)
09-02 11:13:59.554 24978 24978 D DpmAnalyzer: analyze: frame=480x640, roi=Rect(67, 147 - 412, 492), focus=FOCUSED, mode=SCAN
09-02 11:13:59.554 24978 24978 D DpmAnalyzer: analyze: THROTTLED by timing gate
09-02 11:13:59.554 24978 24978 D DpmFrameAnalyzer: analyze: result status=THROTTLED, code=null, source=null
09-02 11:13:59.574 24978 25317 D DpmFrameAnalyzer: analyze: frame received, format=35, size=640x480, rotation=90
09-02 11:13:59.593 24978 25317 D DpmFrameAnalyzer: analyze: bitmap converted, size=480x640, scanRoi=Rect(67, 147 - 412, 492)
09-02 11:13:59.594 24978 24978 D DpmAnalyzer: analyze: frame=480x640, roi=Rect(67, 147 - 412, 492), focus=FOCUSED, mode=SCAN
09-02 11:13:59.594 24978 24978 D DpmAnalyzer: analyze: THROTTLED by timing gate
09-02 11:13:59.594 24978 24978 D DpmFrameAnalyzer: analyze: result status=THROTTLED, code=null, source=null
09-02 11:13:59.621 24978 25317 D DpmFrameAnalyzer: analyze: frame received, format=35, size=640x480, rotation=90
09-02 11:13:59.640 24978 25317 D DpmFrameAnalyzer: analyze: bitmap converted, size=480x640, scanRoi=Rect(67, 147 - 412, 492)
09-02 11:13:59.640 24978 24978 D DpmAnalyzer: analyze: frame=480x640, roi=Rect(67, 147 - 412, 492), focus=FOCUSED, mode=SCAN
09-02 11:13:59.640 24978 24978 D DpmAnalyzer: analyze: THROTTLED by timing gate
09-02 11:13:59.641 24978 24978 D DpmFrameAnalyzer: analyze: result status=THROTTLED, code=null, source=null
09-02 11:13:59.650 24978 25317 D DpmFrameAnalyzer: analyze: frame received, format=35, size=640x480, rotation=90
09-02 11:13:59.669 24978 25317 D DpmFrameAnalyzer: analyze: bitmap converted, size=480x640, scanRoi=Rect(67, 147 - 412, 492)
09-02 11:13:59.669 24978 24978 D DpmAnalyzer: analyze: frame=480x640, roi=Rect(67, 147 - 412, 492), focus=FOCUSED, mode=SCAN
09-02 11:13:59.669 24978 24978 D DpmAnalyzer: analyze: THROTTLED by timing gate
09-02 11:13:59.669 24978 24978 D DpmFrameAnalyzer: analyze: result status=THROTTLED, code=null, source=null
09-02 11:13:59.686 24978 25317 D DpmFrameAnalyzer: analyze: frame received, format=35, size=640x480, rotation=90
09-02 11:13:59.710 24978 25317 D DpmFrameAnalyzer: analyze: bitmap converted, size=480x640, scanRoi=Rect(67, 147 - 412, 492)
09-02 11:13:59.711 24978 24978 D DpmAnalyzer: analyze: frame=480x640, roi=Rect(67, 147 - 412, 492), focus=FOCUSED, mode=SCAN
09-02 11:13:59.711 24978 24978 D DpmAnalyzer: analyze: THROTTLED by timing gate
09-02 11:13:59.712 24978 24978 D DpmFrameAnalyzer: analyze: result status=THROTTLED, code=null, source=null
09-02 11:13:59.729 24978 25317 D DpmFrameAnalyzer: analyze: frame received, format=35, size=640x480, rotation=90
09-02 11:13:59.757 24978 25317 D DpmFrameAnalyzer: analyze: bitmap converted, size=480x640, scanRoi=Rect(67, 147 - 412, 492)
09-02 11:13:59.757 24978 24978 D DpmAnalyzer: analyze: frame=480x640, roi=Rect(67, 147 - 412, 492), focus=FOCUSED, mode=SCAN
09-02 11:13:59.757 24978 24978 D DpmAnalyzer: analyze: starting performMultiStrategyDecode
09-02 11:13:59.757 24978 24978 D DpmAnalyzer: performMultiStrategyDecode: frame=480x640, roi=Rect(67, 147 - 412, 492), strategies=1
09-02 11:13:59.765 24978 24978 D DpmAnalyzer: Stage1: ROI 345x345 → scaled 345x345
09-02 11:13:59.793 24978 25317 D DpmFrameAnalyzer: analyze: frame received, format=35, size=640x480, rotation=90
09-02 11:13:59.824 24978 25317 D DpmFrameAnalyzer: analyze: bitmap converted, size=480x640, scanRoi=Rect(67, 147 - 412, 492)
09-02 11:13:59.826 24978 25317 D DpmFrameAnalyzer: analyze: frame received, format=35, size=640x480, rotation=90
09-02 11:13:59.828 24978 24978 D DpmAnalyzer: analyze: frame=480x640, roi=Rect(67, 147 - 412, 492), focus=FOCUSED, mode=SCAN
09-02 11:13:59.828 24978 24978 D DpmAnalyzer: analyze: THROTTLED (already running)
09-02 11:13:59.829 24978 24978 D DpmFrameAnalyzer: analyze: result status=THROTTLED, code=null, source=null
09-02 11:13:59.847 24978 25317 D DpmFrameAnalyzer: analyze: bitmap converted, size=480x640, scanRoi=Rect(67, 147 - 412, 492)
09-02 11:13:59.847 24978 24978 D DpmAnalyzer: analyze: frame=480x640, roi=Rect(67, 147 - 412, 492), focus=FOCUSED, mode=SCAN
09-02 11:13:59.847 24978 24978 D DpmAnalyzer: analyze: THROTTLED (already running)
09-02 11:13:59.847 24978 24978 D DpmFrameAnalyzer: analyze: result status=THROTTLED, code=null, source=null
09-02 11:13:59.851 24978 25317 D DpmFrameAnalyzer: analyze: frame received, format=35, size=640x480, rotation=90
09-02 11:13:59.854 24978 24978 D DpmAnalyzer: Stage1: MISS
09-02 11:13:59.854 24978 24978 D DpmAnalyzer: scanRoi present, skipping full-image stages
09-02 11:13:59.854 24978 24978 D DpmAnalyzer: analyze: decodedCode=null
09-02 11:13:59.855 24978 24978 D DpmFrameAnalyzer: analyze: result status=NO_CODE, code=null, source=null
09-02 11:13:59.873 24978 25317 D DpmFrameAnalyzer: analyze: bitmap converted, size=480x640, scanRoi=Rect(67, 147 - 412, 492)
09-02 11:13:59.873 24978 24978 D DpmAnalyzer: analyze: frame=480x640, roi=Rect(67, 147 - 412, 492), focus=FOCUSED, mode=SCAN
09-02 11:13:59.873 24978 24978 D DpmAnalyzer: analyze: THROTTLED by timing gate
09-02 11:13:59.873 24978 24978 D DpmFrameAnalyzer: analyze: result status=THROTTLED, code=null, source=null
09-02 11:13:59.886 24978 25317 D DpmFrameAnalyzer: analyze: frame received, format=35, size=640x480, rotation=90
09-02 11:13:59.907 24978 25317 D DpmFrameAnalyzer: analyze: bitmap converted, size=480x640, scanRoi=Rect(67, 147 - 412, 492)
09-02 11:13:59.909 24978 24978 D DpmAnalyzer: analyze: frame=480x640, roi=Rect(67, 147 - 412, 492), focus=FOCUSED, mode=SCAN
09-02 11:13:59.909 24978 24978 D DpmAnalyzer: analyze: THROTTLED by timing gate
09-02 11:13:59.909 24978 24978 D DpmFrameAnalyzer: analyze: result status=THROTTLED, code=null, source=null
09-02 11:13:59.924 24978 25317 D DpmFrameAnalyzer: analyze: frame received, format=35, size=640x480, rotation=90
09-02 11:13:59.947 24978 25317 D DpmFrameAnalyzer: analyze: bitmap converted, size=480x640, scanRoi=Rect(67, 147 - 412, 492)
09-02 11:13:59.948 24978 24978 D DpmAnalyzer: analyze: frame=480x640, roi=Rect(67, 147 - 412, 492), focus=FOCUSED, mode=SCAN
09-02 11:13:59.948 24978 24978 D DpmAnalyzer: analyze: THROTTLED by timing gate
09-02 11:13:59.948 24978 24978 D DpmFrameAnalyzer: analyze: result status=THROTTLED, code=null, source=null
09-02 11:13:59.967 24978 25317 D DpmFrameAnalyzer: analyze: frame received, format=35, size=640x480, rotation=90
09-02 11:13:59.995 24978 25317 D DpmFrameAnalyzer: analyze: bitmap converted, size=480x640, scanRoi=Rect(67, 147 - 412, 492)
09-02 11:13:59.997 24978 24978 D DpmAnalyzer: analyze: frame=480x640, roi=Rect(67, 147 - 412, 492), focus=FOCUSED, mode=SCAN
09-02 11:13:59.997 24978 24978 D DpmAnalyzer: analyze: THROTTLED by timing gate
09-02 11:13:59.997 24978 24978 D DpmFrameAnalyzer: analyze: result status=THROTTLED, code=null, source=null
09-02 11:14:00.015 24978 25317 D DpmFrameAnalyzer: analyze: frame received, format=35, size=640x480, rotation=90
09-02 11:14:00.042 24978 25317 D DpmFrameAnalyzer: analyze: bitmap converted, size=480x640, scanRoi=Rect(67, 147 - 412, 492)
09-02 11:14:00.045 24978 24978 D DpmAnalyzer: analyze: frame=480x640, roi=Rect(67, 147 - 412, 492), focus=FOCUSED, mode=SCAN
09-02 11:14:00.045 24978 24978 D DpmAnalyzer: analyze: THROTTLED by timing gate
09-02 11:14:00.045 24978 24978 D DpmFrameAnalyzer: analyze: result status=THROTTLED, code=null, source=null
09-02 11:14:00.054 24978 25317 D DpmFrameAnalyzer: analyze: frame received, format=35, size=640x480, rotation=90
09-02 11:14:00.078 24978 25317 D DpmFrameAnalyzer: analyze: bitmap converted, size=480x640, scanRoi=Rect(67, 147 - 412, 492)
09-02 11:14:00.079 24978 24978 D DpmAnalyzer: analyze: frame=480x640, roi=Rect(67, 147 - 412, 492), focus=FOCUSED, mode=SCAN
09-02 11:14:00.079 24978 24978 D DpmAnalyzer: analyze: starting performMultiStrategyDecode
09-02 11:14:00.079 24978 24978 D DpmAnalyzer: performMultiStrategyDecode: frame=480x640, roi=Rect(67, 147 - 412, 492), strategies=1
09-02 11:14:00.085 24978 24978 D DpmAnalyzer: Stage1: ROI 345x345 → scaled 345x345
09-02 11:14:00.100 24978 25317 D DpmFrameAnalyzer: analyze: frame received, format=35, size=640x480, rotation=90
09-02 11:14:00.126 24978 25317 D DpmFrameAnalyzer: analyze: bitmap converted, size=480x640, scanRoi=Rect(67, 147 - 412, 492)
09-02 11:14:00.127 24978 24978 D DpmAnalyzer: analyze: frame=480x640, roi=Rect(67, 147 - 412, 492), focus=FOCUSED, mode=SCAN
09-02 11:14:00.127 24978 24978 D DpmAnalyzer: analyze: THROTTLED (already running)
09-02 11:14:00.127 24978 24978 D DpmFrameAnalyzer: analyze: result status=THROTTLED, code=null, source=null
09-02 11:14:00.128 24978 25317 D DpmFrameAnalyzer: analyze: frame received, format=35, size=640x480, rotation=90
09-02 11:14:00.147 24978 25317 D DpmFrameAnalyzer: analyze: bitmap converted, size=480x640, scanRoi=Rect(67, 147 - 412, 492)
09-02 11:14:00.147 24978 24978 D DpmAnalyzer: analyze: frame=480x640, roi=Rect(67, 147 - 412, 492), focus=FOCUSED, mode=SCAN
09-02 11:14:00.147 24978 24978 D DpmAnalyzer: analyze: THROTTLED (already running)
09-02 11:14:00.147 24978 24978 D DpmFrameAnalyzer: analyze: result status=THROTTLED, code=null, source=null
09-02 11:14:00.150 24978 24978 D DpmAnalyzer: Stage1: MISS
09-02 11:14:00.150 24978 24978 D DpmAnalyzer: scanRoi present, skipping full-image stages
09-02 11:14:00.150 24978 24978 D DpmAnalyzer: analyze: decodedCode=null
09-02 11:14:00.150 24978 24978 D DpmFrameAnalyzer: analyze: result status=NO_CODE, code=null, source=null
09-02 11:14:00.163 24978 25317 D DpmFrameAnalyzer: analyze: frame received, format=35, size=640x480, rotation=90
09-02 11:14:00.182 24978 25317 D DpmFrameAnalyzer: analyze: bitmap converted, size=480x640, scanRoi=Rect(67, 147 - 412, 492)
09-02 11:14:00.183 24978 24978 D DpmAnalyzer: analyze: frame=480x640, roi=Rect(67, 147 - 412, 492), focus=FOCUSED, mode=SCAN
09-02 11:14:00.183 24978 24978 D DpmAnalyzer: analyze: THROTTLED by timing gate
09-02 11:14:00.183 24978 24978 D DpmFrameAnalyzer: analyze: result status=THROTTLED, code=null, source=null
09-02 11:14:00.204 24978 25317 D DpmFrameAnalyzer: analyze: frame received, format=35, size=640x480, rotation=90
09-02 11:14:00.228 24978 25317 D DpmFrameAnalyzer: analyze: bitmap converted, size=480x640, scanRoi=Rect(67, 147 - 412, 492)
09-02 11:14:00.228 24978 24978 D DpmAnalyzer: analyze: frame=480x640, roi=Rect(67, 147 - 412, 492), focus=FOCUSED, mode=SCAN
09-02 11:14:00.229 24978 24978 D DpmAnalyzer: analyze: THROTTLED by timing gate
09-02 11:14:00.229 24978 24978 D DpmFrameAnalyzer: analyze: result status=THROTTLED, code=null, source=null
09-02 11:14:00.246 24978 25317 D DpmFrameAnalyzer: analyze: frame received, format=35, size=640x480, rotation=90
09-02 11:14:00.267 24978 25317 D DpmFrameAnalyzer: analyze: bitmap converted, size=480x640, scanRoi=Rect(67, 147 - 412, 492)
09-02 11:14:00.268 24978 24978 D DpmAnalyzer: analyze: frame=480x640, roi=Rect(67, 147 - 412, 492), focus=FOCUSED, mode=SCAN
09-02 11:14:00.268 24978 24978 D DpmAnalyzer: analyze: THROTTLED by timing gate
09-02 11:14:00.268 24978 24978 D DpmFrameAnalyzer: analyze: result status=THROTTLED, code=null, source=null
09-02 11:14:00.276 24978 25317 D DpmFrameAnalyzer: analyze: frame received, format=35, size=640x480, rotation=90
09-02 11:14:00.300 24978 25317 D DpmFrameAnalyzer: analyze: bitmap converted, size=480x640, scanRoi=Rect(67, 147 - 412, 492)
09-02 11:14:00.300 24978 24978 D DpmAnalyzer: analyze: frame=480x640, roi=Rect(67, 147 - 412, 492), focus=FOCUSED, mode=SCAN
09-02 11:14:00.300 24978 24978 D DpmAnalyzer: analyze: THROTTLED by timing gate
09-02 11:14:00.300 24978 24978 D DpmFrameAnalyzer: analyze: result status=THROTTLED, code=null, source=null
09-02 11:14:00.320 24978 25317 D DpmFrameAnalyzer: analyze: frame received, format=35, size=640x480, rotation=90
09-02 11:14:00.342 24978 25317 D DpmFrameAnalyzer: analyze: bitmap converted, size=480x640, scanRoi=Rect(67, 147 - 412, 492)
09-02 11:14:00.343 24978 24978 D DpmAnalyzer: analyze: frame=480x640, roi=Rect(67, 147 - 412, 492), focus=FOCUSED, mode=SCAN
09-02 11:14:00.343 24978 24978 D DpmAnalyzer: analyze: THROTTLED by timing gate
09-02 11:14:00.343 24978 24978 D DpmFrameAnalyzer: analyze: result status=THROTTLED, code=null, source=null
09-02 11:14:00.357 24978 25317 D DpmFrameAnalyzer: analyze: frame received, format=35, size=640x480, rotation=90
09-02 11:14:00.377 24978 25317 D DpmFrameAnalyzer: analyze: bitmap converted, size=480x640, scanRoi=Rect(67, 147 - 412, 492)
09-02 11:14:00.377 24978 24978 D DpmAnalyzer: analyze: frame=480x640, roi=Rect(67, 147 - 412, 492), focus=FOCUSED, mode=SCAN
09-02 11:14:00.377 24978 24978 D DpmAnalyzer: analyze: starting performMultiStrategyDecode
09-02 11:14:00.378 24978 24978 D DpmAnalyzer: performMultiStrategyDecode: frame=480x640, roi=Rect(67, 147 - 412, 492), strategies=1
09-02 11:14:00.383 24978 24978 D DpmAnalyzer: Stage1: ROI 345x345 → scaled 345x345
09-02 11:14:00.401 24978 25317 D DpmFrameAnalyzer: analyze: frame received, format=35, size=640x480, rotation=90
09-02 11:14:00.423 24978 25317 D DpmFrameAnalyzer: analyze: bitmap converted, size=480x640, scanRoi=Rect(67, 147 - 412, 492)
09-02 11:14:00.424 24978 24978 D DpmAnalyzer: analyze: frame=480x640, roi=Rect(67, 147 - 412, 492), focus=FOCUSED, mode=SCAN
09-02 11:14:00.424 24978 24978 D DpmAnalyzer: analyze: THROTTLED (already running)
09-02 11:14:00.424 24978 24978 D DpmFrameAnalyzer: analyze: result status=THROTTLED, code=null, source=null
09-02 11:14:00.435 24978 25317 D DpmFrameAnalyzer: analyze: frame received, format=35, size=640x480, rotation=90
09-02 11:14:00.444 24978 24978 D DpmAnalyzer: Stage1: MISS
09-02 11:14:00.444 24978 24978 D DpmAnalyzer: scanRoi present, skipping full-image stages
09-02 11:14:00.444 24978 24978 D DpmAnalyzer: analyze: decodedCode=null
09-02 11:14:00.444 24978 24978 D DpmFrameAnalyzer: analyze: result status=NO_CODE, code=null, source=null
09-02 11:14:00.453 24978 25317 D DpmFrameAnalyzer: analyze: bitmap converted, size=480x640, scanRoi=Rect(67, 147 - 412, 492)
09-02 11:14:00.453 24978 24978 D DpmAnalyzer: analyze: frame=480x640, roi=Rect(67, 147 - 412, 492), focus=FOCUSED, mode=SCAN
09-02 11:14:00.453 24978 24978 D DpmAnalyzer: analyze: THROTTLED by timing gate
09-02 11:14:00.453 24978 24978 D DpmFrameAnalyzer: analyze: result status=THROTTLED, code=null, source=null
09-02 11:14:00.477 24978 25317 D DpmFrameAnalyzer: analyze: frame received, format=35, size=640x480, rotation=90
09-02 11:14:00.499 24978 25317 D DpmFrameAnalyzer: analyze: bitmap converted, size=480x640, scanRoi=Rect(67, 147 - 412, 492)
09-02 11:14:00.499 24978 24978 D DpmAnalyzer: analyze: frame=480x640, roi=Rect(67, 147 - 412, 492), focus=FOCUSED, mode=SCAN
09-02 11:14:00.499 24978 24978 D DpmAnalyzer: analyze: THROTTLED by timing gate
09-02 11:14:00.499 24978 24978 D DpmFrameAnalyzer: analyze: result status=THROTTLED, code=null, source=null
09-02 11:14:00.516 24978 25317 D DpmFrameAnalyzer: analyze: frame received, format=35, size=640x480, rotation=90
09-02 11:14:00.532 24978 25317 D DpmFrameAnalyzer: analyze: bitmap converted, size=480x640, scanRoi=Rect(67, 147 - 412, 492)
09-02 11:14:00.533 24978 24978 D DpmAnalyzer: analyze: frame=480x640, roi=Rect(67, 147 - 412, 492), focus=FOCUSED, mode=SCAN
09-02 11:14:00.533 24978 24978 D DpmAnalyzer: analyze: THROTTLED by timing gate
09-02 11:14:00.533 24978 24978 D DpmFrameAnalyzer: analyze: result status=THROTTLED, code=null, source=null
09-02 11:14:00.552 24978 25317 D DpmFrameAnalyzer: analyze: frame received, format=35, size=640x480, rotation=90
09-02 11:14:00.571 24978 25317 D DpmFrameAnalyzer: analyze: bitmap converted, size=480x640, scanRoi=Rect(67, 147 - 412, 492)
09-02 11:14:00.571 24978 24978 D DpmAnalyzer: analyze: frame=480x640, roi=Rect(67, 147 - 412, 492), focus=FOCUSED, mode=SCAN
09-02 11:14:00.571 24978 24978 D DpmAnalyzer: analyze: THROTTLED by timing gate
09-02 11:14:00.571 24978 24978 D DpmFrameAnalyzer: analyze: result status=THROTTLED, code=null, source=null
09-02 11:14:00.594 24978 25317 D DpmFrameAnalyzer: analyze: frame received, format=35, size=640x480, rotation=90
09-02 11:14:00.617 24978 25317 D DpmFrameAnalyzer: analyze: bitmap converted, size=480x640, scanRoi=Rect(67, 147 - 412, 492)
09-02 11:14:00.618 24978 24978 D DpmAnalyzer: analyze: frame=480x640, roi=Rect(67, 147 - 412, 492), focus=FOCUSED, mode=SCAN
09-02 11:14:00.618 24978 24978 D DpmAnalyzer: analyze: THROTTLED by timing gate
09-02 11:14:00.618 24978 24978 D DpmFrameAnalyzer: analyze: result status=THROTTLED, code=null, source=null
09-02 11:14:00.630 24978 25317 D DpmFrameAnalyzer: analyze: frame received, format=35, size=640x480, rotation=90
09-02 11:14:00.650 24978 25317 D DpmFrameAnalyzer: analyze: bitmap converted, size=480x640, scanRoi=Rect(67, 147 - 412, 492)
09-02 11:14:00.651 24978 24978 D DpmAnalyzer: analyze: frame=480x640, roi=Rect(67, 147 - 412, 492), focus=FOCUSED, mode=SCAN
09-02 11:14:00.651 24978 24978 D DpmAnalyzer: analyze: starting performMultiStrategyDecode
09-02 11:14:00.651 24978 24978 D DpmAnalyzer: performMultiStrategyDecode: frame=480x640, roi=Rect(67, 147 - 412, 492), strategies=1
09-02 11:14:00.655 24978 24978 D DpmAnalyzer: Stage1: ROI 345x345 → scaled 345x345
09-02 11:14:00.671 24978 25317 D DpmFrameAnalyzer: analyze: frame received, format=35, size=640x480, rotation=90
09-02 11:14:00.697 24978 25317 D DpmFrameAnalyzer: analyze: bitmap converted, size=480x640, scanRoi=Rect(67, 147 - 412, 492)
09-02 11:14:00.697 24978 24978 D DpmAnalyzer: analyze: frame=480x640, roi=Rect(67, 147 - 412, 492), focus=FOCUSED, mode=SCAN
09-02 11:14:00.697 24978 24978 D DpmAnalyzer: analyze: THROTTLED (already running)
09-02 11:14:00.697 24978 24978 D DpmFrameAnalyzer: analyze: result status=THROTTLED, code=null, source=null
09-02 11:14:00.711 24978 25317 D DpmFrameAnalyzer: analyze: frame received, format=35, size=640x480, rotation=90
09-02 11:14:00.712 24978 24978 D DpmAnalyzer: Stage1: MISS
09-02 11:14:00.712 24978 24978 D DpmAnalyzer: scanRoi present, skipping full-image stages
09-02 11:14:00.712 24978 24978 D DpmAnalyzer: analyze: decodedCode=null
09-02 11:14:00.712 24978 24978 D DpmFrameAnalyzer: analyze: result status=NO_CODE, code=null, source=null
09-02 11:14:00.733 24978 25317 D DpmFrameAnalyzer: analyze: bitmap converted, size=480x640, scanRoi=Rect(67, 147 - 412, 492)
09-02 11:14:00.733 24978 24978 D DpmAnalyzer: analyze: frame=480x640, roi=Rect(67, 147 - 412, 492), focus=FOCUSED, mode=SCAN
09-02 11:14:00.733 24978 24978 D DpmAnalyzer: analyze: THROTTLED by timing gate
09-02 11:14:00.734 24978 24978 D DpmFrameAnalyzer: analyze: result status=THROTTLED, code=null, source=null
09-02 11:14:00.752 24978 25317 D DpmFrameAnalyzer: analyze: frame received, format=35, size=640x480, rotation=90
09-02 11:14:00.776 24978 25317 D DpmFrameAnalyzer: analyze: bitmap converted, size=480x640, scanRoi=Rect(67, 147 - 412, 492)
09-02 11:14:00.776 24978 24978 D DpmAnalyzer: analyze: frame=480x640, roi=Rect(67, 147 - 412, 492), focus=FOCUSED, mode=SCAN
09-02 11:14:00.776 24978 24978 D DpmAnalyzer: analyze: THROTTLED by timing gate
09-02 11:14:00.776 24978 24978 D DpmFrameAnalyzer: analyze: result status=THROTTLED, code=null, source=null
09-02 11:14:00.784 24978 25317 D DpmFrameAnalyzer: analyze: frame received, format=35, size=640x480, rotation=90
09-02 11:14:00.805 24978 25317 D DpmFrameAnalyzer: analyze: bitmap converted, size=480x640, scanRoi=Rect(67, 147 - 412, 492)
09-02 11:14:00.805 24978 24978 D DpmAnalyzer: analyze: frame=480x640, roi=Rect(67, 147 - 412, 492), focus=FOCUSED, mode=SCAN
09-02 11:14:00.806 24978 24978 D DpmAnalyzer: analyze: THROTTLED by timing gate
09-02 11:14:00.806 24978 24978 D DpmFrameAnalyzer: analyze: result status=THROTTLED, code=null, source=null
09-02 11:14:00.827 24978 25317 D DpmFrameAnalyzer: analyze: frame received, format=35, size=640x480, rotation=90
09-02 11:14:00.852 24978 25317 D DpmFrameAnalyzer: analyze: bitmap converted, size=480x640, scanRoi=Rect(67, 147 - 412, 492)
09-02 11:14:00.853 24978 24978 D DpmAnalyzer: analyze: frame=480x640, roi=Rect(67, 147 - 412, 492), focus=FOCUSED, mode=SCAN
09-02 11:14:00.853 24978 24978 D DpmAnalyzer: analyze: THROTTLED by timing gate
09-02 11:14:00.853 24978 24978 D DpmFrameAnalyzer: analyze: result status=THROTTLED, code=null, source=null
09-02 11:14:00.868 24978 25317 D DpmFrameAnalyzer: analyze: frame received, format=35, size=640x480, rotation=90
09-02 11:14:00.894 24978 25317 D DpmFrameAnalyzer: analyze: bitmap converted, size=480x640, scanRoi=Rect(67, 147 - 412, 492)
09-02 11:14:00.895 24978 24978 D DpmAnalyzer: analyze: frame=480x640, roi=Rect(67, 147 - 412, 492), focus=FOCUSED, mode=SCAN
09-02 11:14:00.895 24978 24978 D DpmAnalyzer: analyze: THROTTLED by timing gate
09-02 11:14:00.895 24978 24978 D DpmFrameAnalyzer: analyze: result status=THROTTLED, code=null, source=null
09-02 11:14:00.910 24978 25317 D DpmFrameAnalyzer: analyze: frame received, format=35, size=640x480, rotation=90
09-02 11:14:00.935 24978 25317 D DpmFrameAnalyzer: analyze: bitmap converted, size=480x640, scanRoi=Rect(67, 147 - 412, 492)
09-02 11:14:00.935 24978 24978 D DpmAnalyzer: analyze: frame=480x640, roi=Rect(67, 147 - 412, 492), focus=FOCUSED, mode=SCAN
09-02 11:14:00.935 24978 24978 D DpmAnalyzer: analyze: starting performMultiStrategyDecode
09-02 11:14:00.935 24978 24978 D DpmAnalyzer: performMultiStrategyDecode: frame=480x640, roi=Rect(67, 147 - 412, 492), strategies=1
09-02 11:14:00.942 24978 24978 D DpmAnalyzer: Stage1: ROI 345x345 → scaled 345x345
09-02 11:14:00.957 24978 25317 D DpmFrameAnalyzer: analyze: frame received, format=35, size=640x480, rotation=90
09-02 11:14:00.982 24978 25317 D DpmFrameAnalyzer: analyze: bitmap converted, size=480x640, scanRoi=Rect(67, 147 - 412, 492)
09-02 11:14:00.983 24978 24978 D DpmAnalyzer: analyze: frame=480x640, roi=Rect(67, 147 - 412, 492), focus=FOCUSED, mode=SCAN
09-02 11:14:00.983 24978 24978 D DpmAnalyzer: analyze: THROTTLED (already running)
09-02 11:14:00.983 24978 24978 D DpmFrameAnalyzer: analyze: result status=THROTTLED, code=null, source=null
09-02 11:14:00.995 24978 25317 D DpmFrameAnalyzer: analyze: frame received, format=35, size=640x480, rotation=90
09-02 11:14:01.005 24978 24978 D DpmAnalyzer: Stage1: MISS
09-02 11:14:01.005 24978 24978 D DpmAnalyzer: scanRoi present, skipping full-image stages
09-02 11:14:01.005 24978 24978 D DpmAnalyzer: analyze: decodedCode=null
09-02 11:14:01.005 24978 24978 D DpmFrameAnalyzer: analyze: result status=NO_CODE, code=null, source=null
09-02 11:14:01.015 24978 25317 D DpmFrameAnalyzer: analyze: bitmap converted, size=480x640, scanRoi=Rect(67, 147 - 412, 492)
09-02 11:14:01.015 24978 24978 D DpmAnalyzer: analyze: frame=480x640, roi=Rect(67, 147 - 412, 492), focus=FOCUSED, mode=SCAN
09-02 11:14:01.015 24978 24978 D DpmAnalyzer: analyze: THROTTLED by timing gate
09-02 11:14:01.015 24978 24978 D DpmFrameAnalyzer: analyze: result status=THROTTLED, code=null, source=null
09-02 11:14:01.028 24978 25317 D DpmFrameAnalyzer: analyze: frame received, format=35, size=640x480, rotation=90
09-02 11:14:01.047 24978 25317 D DpmFrameAnalyzer: analyze: bitmap converted, size=480x640, scanRoi=Rect(67, 147 - 412, 492)
09-02 11:14:01.048 24978 24978 D DpmAnalyzer: analyze: frame=480x640, roi=Rect(67, 147 - 412, 492), focus=FOCUSED, mode=SCAN
09-02 11:14:01.048 24978 24978 D DpmAnalyzer: analyze: THROTTLED by timing gate
09-02 11:14:01.048 24978 24978 D DpmFrameAnalyzer: analyze: result status=THROTTLED, code=null, source=null
09-02 11:14:01.063 24978 25317 D DpmFrameAnalyzer: analyze: frame received, format=35, size=640x480, rotation=90
09-02 11:14:01.081 24978 25317 D DpmFrameAnalyzer: analyze: bitmap converted, size=480x640, scanRoi=Rect(67, 147 - 412, 492)
09-02 11:14:01.081 24978 24978 D DpmAnalyzer: analyze: frame=480x640, roi=Rect(67, 147 - 412, 492), focus=FOCUSED, mode=SCAN
09-02 11:14:01.081 24978 24978 D DpmAnalyzer: analyze: THROTTLED by timing gate
09-02 11:14:01.081 24978 24978 D DpmFrameAnalyzer: analyze: result status=THROTTLED, code=null, source=null
09-02 11:14:01.105 24978 25317 D DpmFrameAnalyzer: analyze: frame received, format=35, size=640x480, rotation=90
09-02 11:14:01.127 24978 25317 D DpmFrameAnalyzer: analyze: bitmap converted, size=480x640, scanRoi=Rect(67, 147 - 412, 492)
09-02 11:14:01.127 24978 24978 D DpmAnalyzer: analyze: frame=480x640, roi=Rect(67, 147 - 412, 492), focus=FOCUSED, mode=SCAN
09-02 11:14:01.127 24978 24978 D DpmAnalyzer: analyze: THROTTLED by timing gate
09-02 11:14:01.127 24978 24978 D DpmFrameAnalyzer: analyze: result status=THROTTLED, code=null, source=null
09-02 11:14:01.143 24978 25317 D DpmFrameAnalyzer: analyze: frame received, format=35, size=640x480, rotation=90
09-02 11:14:01.168 24978 25317 D DpmFrameAnalyzer: analyze: bitmap converted, size=480x640, scanRoi=Rect(67, 147 - 412, 492)
09-02 11:14:01.169 24978 24978 D DpmAnalyzer: analyze: frame=480x640, roi=Rect(67, 147 - 412, 492), focus=FOCUSED, mode=SCAN
09-02 11:14:01.169 24978 24978 D DpmAnalyzer: analyze: THROTTLED by timing gate
09-02 11:14:01.169 24978 24978 D DpmFrameAnalyzer: analyze: result status=THROTTLED, code=null, source=null
09-02 11:14:01.185 24978 25317 D DpmFrameAnalyzer: analyze: frame received, format=35, size=640x480, rotation=90
09-02 11:14:01.214 24978 25317 D DpmFrameAnalyzer: analyze: bitmap converted, size=480x640, scanRoi=Rect(67, 147 - 412, 492)
09-02 11:14:01.214 24978 24978 D DpmAnalyzer: analyze: frame=480x640, roi=Rect(67, 147 - 412, 492), focus=FOCUSED, mode=SCAN
09-02 11:14:01.214 24978 24978 D DpmAnalyzer: analyze: starting performMultiStrategyDecode
09-02 11:14:01.215 24978 24978 D DpmAnalyzer: performMultiStrategyDecode: frame=480x640, roi=Rect(67, 147 - 412, 492), strategies=1
09-02 11:14:01.221 24978 24978 D DpmAnalyzer: Stage1: ROI 345x345 → scaled 345x345
09-02 11:14:01.252 24978 25317 D DpmFrameAnalyzer: analyze: frame received, format=35, size=640x480, rotation=90
09-02 11:14:01.282 24978 25317 D DpmFrameAnalyzer: analyze: bitmap converted, size=480x640, scanRoi=Rect(67, 147 - 412, 492)
09-02 11:14:01.282 24978 24978 D DpmAnalyzer: analyze: frame=480x640, roi=Rect(67, 147 - 412, 492), focus=FOCUSED, mode=SCAN
09-02 11:14:01.282 24978 24978 D DpmAnalyzer: analyze: THROTTLED (already running)
09-02 11:14:01.282 24978 24978 D DpmFrameAnalyzer: analyze: result status=THROTTLED, code=null, source=null
09-02 11:14:01.284 24978 25317 D DpmFrameAnalyzer: analyze: frame received, format=35, size=640x480, rotation=90
09-02 11:14:01.306 24978 24978 D DpmAnalyzer: Stage1: MISS
09-02 11:14:01.306 24978 24978 D DpmAnalyzer: scanRoi present, skipping full-image stages
09-02 11:14:01.306 24978 24978 D DpmAnalyzer: analyze: decodedCode=null
09-02 11:14:01.306 24978 24978 D DpmFrameAnalyzer: analyze: result status=NO_CODE, code=null, source=null
09-02 11:14:01.309 24978 25317 D DpmFrameAnalyzer: analyze: bitmap converted, size=480x640, scanRoi=Rect(67, 147 - 412, 492)
09-02 11:14:01.310 24978 24978 D DpmAnalyzer: analyze: frame=480x640, roi=Rect(67, 147 - 412, 492), focus=FOCUSED, mode=SCAN
09-02 11:14:01.310 24978 24978 D DpmAnalyzer: analyze: THROTTLED by timing gate
09-02 11:14:01.310 24978 24978 D DpmFrameAnalyzer: analyze: result status=THROTTLED, code=null, source=null
09-02 11:14:01.310 24978 25317 D DpmFrameAnalyzer: analyze: frame received, format=35, size=640x480, rotation=90
09-02 11:14:01.328 24978 25317 D DpmFrameAnalyzer: analyze: bitmap converted, size=480x640, scanRoi=Rect(67, 147 - 412, 492)
09-02 11:14:01.330 24978 24978 D DpmAnalyzer: analyze: frame=480x640, roi=Rect(67, 147 - 412, 492), focus=FOCUSED, mode=SCAN
09-02 11:14:01.330 24978 24978 D DpmAnalyzer: analyze: THROTTLED by timing gate
09-02 11:14:01.330 24978 24978 D DpmFrameAnalyzer: analyze: result status=THROTTLED, code=null, source=null
09-02 11:14:01.338 24978 25317 D DpmFrameAnalyzer: analyze: frame received, format=35, size=640x480, rotation=90
09-02 11:14:01.356 24978 25317 D DpmFrameAnalyzer: analyze: bitmap converted, size=480x640, scanRoi=Rect(67, 147 - 412, 492)
09-02 11:14:01.356 24978 24978 D DpmAnalyzer: analyze: frame=480x640, roi=Rect(67, 147 - 412, 492), focus=FOCUSED, mode=SCAN
09-02 11:14:01.356 24978 24978 D DpmAnalyzer: analyze: THROTTLED by timing gate
09-02 11:14:01.356 24978 24978 D DpmFrameAnalyzer: analyze: result status=THROTTLED, code=null, source=null
09-02 11:14:01.373 24978 25317 D DpmFrameAnalyzer: analyze: frame received, format=35, size=640x480, rotation=90
09-02 11:14:01.392 24978 25317 D DpmFrameAnalyzer: analyze: bitmap converted, size=480x640, scanRoi=Rect(67, 147 - 412, 492)
09-02 11:14:01.393 24978 24978 D DpmAnalyzer: analyze: frame=480x640, roi=Rect(67, 147 - 412, 492), focus=FOCUSED, mode=SCAN
09-02 11:14:01.393 24978 24978 D DpmAnalyzer: analyze: THROTTLED by timing gate
09-02 11:14:01.393 24978 24978 D DpmFrameAnalyzer: analyze: result status=THROTTLED, code=null, source=null
09-02 11:14:01.421 24978 25317 D DpmFrameAnalyzer: analyze: frame received, format=35, size=640x480, rotation=90
09-02 11:14:01.440 24978 25317 D DpmFrameAnalyzer: analyze: bitmap converted, size=480x640, scanRoi=Rect(67, 147 - 412, 492)
09-02 11:14:01.442 24978 24978 D DpmAnalyzer: analyze: frame=480x640, roi=Rect(67, 147 - 412, 492), focus=FOCUSED, mode=SCAN
09-02 11:14:01.442 24978 24978 D DpmAnalyzer: analyze: THROTTLED by timing gate
09-02 11:14:01.442 24978 24978 D DpmFrameAnalyzer: analyze: result status=THROTTLED, code=null, source=null
09-02 11:14:01.454 24978 25317 D DpmFrameAnalyzer: analyze: frame received, format=35, size=640x480, rotation=90
09-02 11:14:01.472 24978 25317 D DpmFrameAnalyzer: analyze: bitmap converted, size=480x640, scanRoi=Rect(67, 147 - 412, 492)
09-02 11:14:01.473 24978 24978 D DpmAnalyzer: analyze: frame=480x640, roi=Rect(67, 147 - 412, 492), focus=FOCUSED, mode=SCAN
09-02 11:14:01.473 24978 24978 D DpmAnalyzer: analyze: THROTTLED by timing gate
09-02 11:14:01.473 24978 24978 D DpmFrameAnalyzer: analyze: result status=THROTTLED, code=null, source=null
09-02 11:14:01.497 24978 25317 D DpmFrameAnalyzer: analyze: frame received, format=35, size=640x480, rotation=90
09-02 11:14:01.520 24978 25317 D DpmFrameAnalyzer: analyze: bitmap converted, size=480x640, scanRoi=Rect(67, 147 - 412, 492)
09-02 11:14:01.521 24978 24978 D DpmAnalyzer: analyze: frame=480x640, roi=Rect(67, 147 - 412, 492), focus=FOCUSED, mode=SCAN
09-02 11:14:01.521 24978 24978 D DpmAnalyzer: analyze: starting performMultiStrategyDecode
09-02 11:14:01.521 24978 24978 D DpmAnalyzer: performMultiStrategyDecode: frame=480x640, roi=Rect(67, 147 - 412, 492), strategies=1
09-02 11:14:01.526 24978 24978 D DpmAnalyzer: Stage1: ROI 345x345 → scaled 345x345
09-02 11:14:01.537 24978 25317 D DpmFrameAnalyzer: analyze: frame received, format=35, size=640x480, rotation=90
09-02 11:14:01.559 24978 25317 D DpmFrameAnalyzer: analyze: bitmap converted, size=480x640, scanRoi=Rect(67, 147 - 412, 492)
09-02 11:14:01.562 24978 24978 D DpmAnalyzer: analyze: frame=480x640, roi=Rect(67, 147 - 412, 492), focus=FOCUSED, mode=SCAN
09-02 11:14:01.563 24978 24978 D DpmAnalyzer: analyze: THROTTLED (already running)
09-02 11:14:01.563 24978 24978 D DpmFrameAnalyzer: analyze: result status=THROTTLED, code=null, source=null
09-02 11:14:01.570 24978 25317 D DpmFrameAnalyzer: analyze: frame received, format=35, size=640x480, rotation=90
09-02 11:14:01.586 24978 24978 D DpmAnalyzer: Stage1: MISS
09-02 11:14:01.586 24978 24978 D DpmAnalyzer: scanRoi present, skipping full-image stages
09-02 11:14:01.586 24978 24978 D DpmAnalyzer: analyze: decodedCode=null
09-02 11:14:01.586 24978 24978 D DpmFrameAnalyzer: analyze: result status=NO_CODE, code=null, source=null
09-02 11:14:01.588 24978 25317 D DpmFrameAnalyzer: analyze: bitmap converted, size=480x640, scanRoi=Rect(67, 147 - 412, 492)
09-02 11:14:01.589 24978 24978 D DpmAnalyzer: analyze: frame=480x640, roi=Rect(67, 147 - 412, 492), focus=FOCUSED, mode=SCAN
09-02 11:14:01.589 24978 24978 D DpmAnalyzer: analyze: THROTTLED by timing gate
09-02 11:14:01.589 24978 24978 D DpmFrameAnalyzer: analyze: result status=THROTTLED, code=null, source=null
09-02 11:14:01.615 24978 25317 D DpmFrameAnalyzer: analyze: frame received, format=35, size=640x480, rotation=90
09-02 11:14:01.633 24978 25317 D DpmFrameAnalyzer: analyze: bitmap converted, size=480x640, scanRoi=Rect(67, 147 - 412, 492)
09-02 11:14:01.634 24978 24978 D DpmAnalyzer: analyze: frame=480x640, roi=Rect(67, 147 - 412, 492), focus=FOCUSED, mode=SCAN
09-02 11:14:01.634 24978 24978 D DpmAnalyzer: analyze: THROTTLED by timing gate
09-02 11:14:01.634 24978 24978 D DpmFrameAnalyzer: analyze: result status=THROTTLED, code=null, source=null
09-02 11:14:01.651 24978 25317 D DpmFrameAnalyzer: analyze: frame received, format=35, size=640x480, rotation=90
09-02 11:14:01.671 24978 25317 D DpmFrameAnalyzer: analyze: bitmap converted, size=480x640, scanRoi=Rect(67, 147 - 412, 492)
09-02 11:14:01.672 24978 24978 D DpmAnalyzer: analyze: frame=480x640, roi=Rect(67, 147 - 412, 492), focus=FOCUSED, mode=SCAN
09-02 11:14:01.672 24978 24978 D DpmAnalyzer: analyze: THROTTLED by timing gate
09-02 11:14:01.672 24978 24978 D DpmFrameAnalyzer: analyze: result status=THROTTLED, code=null, source=null
09-02 11:14:01.688 24978 25317 D DpmFrameAnalyzer: analyze: frame received, format=35, size=640x480, rotation=90
09-02 11:14:01.709 24978 25317 D DpmFrameAnalyzer: analyze: bitmap converted, size=480x640, scanRoi=Rect(67, 147 - 412, 492)
09-02 11:14:01.710 24978 24978 D DpmAnalyzer: analyze: frame=480x640, roi=Rect(67, 147 - 412, 492), focus=FOCUSED, mode=SCAN
09-02 11:14:01.710 24978 24978 D DpmAnalyzer: analyze: THROTTLED by timing gate
09-02 11:14:01.710 24978 24978 D DpmFrameAnalyzer: analyze: result status=THROTTLED, code=null, source=null
09-02 11:14:01.733 24978 25317 D DpmFrameAnalyzer: analyze: frame received, format=35, size=640x480, rotation=90
09-02 11:14:01.760 24978 25317 D DpmFrameAnalyzer: analyze: bitmap converted, size=480x640, scanRoi=Rect(67, 147 - 412, 492)
09-02 11:14:01.760 24978 24978 D DpmAnalyzer: analyze: frame=480x640, roi=Rect(67, 147 - 412, 492), focus=FOCUSED, mode=SCAN
09-02 11:14:01.760 24978 24978 D DpmAnalyzer: analyze: THROTTLED by timing gate
09-02 11:14:01.760 24978 24978 D DpmFrameAnalyzer: analyze: result status=THROTTLED, code=null, source=null
09-02 11:14:01.772 24978 25317 D DpmFrameAnalyzer: analyze: frame received, format=35, size=640x480, rotation=90
09-02 11:14:01.795 24978 25317 D DpmFrameAnalyzer: analyze: bitmap converted, size=480x640, scanRoi=Rect(67, 147 - 412, 492)
09-02 11:14:01.797 24978 24978 D DpmAnalyzer: analyze: frame=480x640, roi=Rect(67, 147 - 412, 492), focus=FOCUSED, mode=SCAN
09-02 11:14:01.797 24978 24978 D DpmAnalyzer: analyze: starting performMultiStrategyDecode
09-02 11:14:01.797 24978 24978 D DpmAnalyzer: performMultiStrategyDecode: frame=480x640, roi=Rect(67, 147 - 412, 492), strategies=1
09-02 11:14:01.801 24978 24978 D DpmAnalyzer: Stage1: ROI 345x345 → scaled 345x345
09-02 11:14:01.813 24978 25317 D DpmFrameAnalyzer: analyze: frame received, format=35, size=640x480, rotation=90
09-02 11:14:01.838 24978 25317 D DpmFrameAnalyzer: analyze: bitmap converted, size=480x640, scanRoi=Rect(67, 147 - 412, 492)
09-02 11:14:01.838 24978 24978 D DpmAnalyzer: analyze: frame=480x640, roi=Rect(67, 147 - 412, 492), focus=FOCUSED, mode=SCAN
09-02 11:14:01.838 24978 24978 D DpmAnalyzer: analyze: THROTTLED (already running)
09-02 11:14:01.838 24978 24978 D DpmFrameAnalyzer: analyze: result status=THROTTLED, code=null, source=null
09-02 11:14:01.850 24978 25317 D DpmFrameAnalyzer: analyze: frame received, format=35, size=640x480, rotation=90
09-02 11:14:01.864 24978 24978 D DpmAnalyzer: Stage1: MISS
09-02 11:14:01.864 24978 24978 D DpmAnalyzer: scanRoi present, skipping full-image stages
09-02 11:14:01.865 24978 24978 D DpmAnalyzer: analyze: decodedCode=null
09-02 11:14:01.865 24978 24978 D DpmFrameAnalyzer: analyze: result status=NO_CODE, code=null, source=null
09-02 11:14:01.872 24978 25317 D DpmFrameAnalyzer: analyze: bitmap converted, size=480x640, scanRoi=Rect(67, 147 - 412, 492)
09-02 11:14:01.873 24978 24978 D DpmAnalyzer: analyze: frame=480x640, roi=Rect(67, 147 - 412, 492), focus=FOCUSED, mode=SCAN
09-02 11:14:01.873 24978 24978 D DpmAnalyzer: analyze: THROTTLED by timing gate
09-02 11:14:01.873 24978 24978 D DpmFrameAnalyzer: analyze: result status=THROTTLED, code=null, source=null
09-02 11:14:01.886 24978 25317 D DpmFrameAnalyzer: analyze: frame received, format=35, size=640x480, rotation=90
09-02 11:14:01.910 24978 25317 D DpmFrameAnalyzer: analyze: bitmap converted, size=480x640, scanRoi=Rect(67, 147 - 412, 492)
09-02 11:14:01.910 24978 24978 D DpmAnalyzer: analyze: frame=480x640, roi=Rect(67, 147 - 412, 492), focus=FOCUSED, mode=SCAN
09-02 11:14:01.910 24978 24978 D DpmAnalyzer: analyze: THROTTLED by timing gate
09-02 11:14:01.910 24978 24978 D DpmFrameAnalyzer: analyze: result status=THROTTLED, code=null, source=null
09-02 11:14:01.927 24978 25317 D DpmFrameAnalyzer: analyze: frame received, format=35, size=640x480, rotation=90
09-02 11:14:01.953 24978 25317 D DpmFrameAnalyzer: analyze: bitmap converted, size=480x640, scanRoi=Rect(67, 147 - 412, 492)
09-02 11:14:01.954 24978 24978 D DpmAnalyzer: analyze: frame=480x640, roi=Rect(67, 147 - 412, 492), focus=FOCUSED, mode=SCAN
09-02 11:14:01.954 24978 24978 D DpmAnalyzer: analyze: THROTTLED by timing gate
09-02 11:14:01.954 24978 24978 D DpmFrameAnalyzer: analyze: result status=THROTTLED, code=null, source=null
09-02 11:14:01.969 24978 25317 D DpmFrameAnalyzer: analyze: frame received, format=35, size=640x480, rotation=90
09-02 11:14:01.992 24978 25317 D DpmFrameAnalyzer: analyze: bitmap converted, size=480x640, scanRoi=Rect(67, 147 - 412, 492)
09-02 11:14:01.992 24978 24978 D DpmAnalyzer: analyze: frame=480x640, roi=Rect(67, 147 - 412, 492), focus=FOCUSED, mode=SCAN
09-02 11:14:01.992 24978 24978 D DpmAnalyzer: analyze: THROTTLED by timing gate
09-02 11:14:01.992 24978 24978 D DpmFrameAnalyzer: analyze: result status=THROTTLED, code=null, source=null
09-02 11:14:02.006 24978 25317 D DpmFrameAnalyzer: analyze: frame received, format=35, size=640x480, rotation=90
09-02 11:14:02.031 24978 25317 D DpmFrameAnalyzer: analyze: bitmap converted, size=480x640, scanRoi=Rect(67, 147 - 412, 492)
09-02 11:14:02.032 24978 24978 D DpmAnalyzer: analyze: frame=480x640, roi=Rect(67, 147 - 412, 492), focus=FOCUSED, mode=SCAN
09-02 11:14:02.032 24978 24978 D DpmAnalyzer: analyze: THROTTLED by timing gate
09-02 11:14:02.032 24978 24978 D DpmFrameAnalyzer: analyze: result status=THROTTLED, code=null, source=null
09-02 11:14:02.050 24978 25317 D DpmFrameAnalyzer: analyze: frame received, format=35, size=640x480, rotation=90
09-02 11:14:02.077 24978 25317 D DpmFrameAnalyzer: analyze: bitmap converted, size=480x640, scanRoi=Rect(67, 147 - 412, 492)
09-02 11:14:02.077 24978 24978 D DpmAnalyzer: analyze: frame=480x640, roi=Rect(67, 147 - 412, 492), focus=FOCUSED, mode=SCAN
09-02 11:14:02.077 24978 24978 D DpmAnalyzer: analyze: starting performMultiStrategyDecode
09-02 11:14:02.078 24978 24978 D DpmAnalyzer: performMultiStrategyDecode: frame=480x640, roi=Rect(67, 147 - 412, 492), strategies=1
09-02 11:14:02.084 24978 24978 D DpmAnalyzer: Stage1: ROI 345x345 → scaled 345x345
09-02 11:14:02.096 24978 25317 D DpmFrameAnalyzer: analyze: frame received, format=35, size=640x480, rotation=90
09-02 11:14:02.119 24978 25317 D DpmFrameAnalyzer: analyze: bitmap converted, size=480x640, scanRoi=Rect(67, 147 - 412, 492)
09-02 11:14:02.120 24978 24978 D DpmAnalyzer: analyze: frame=480x640, roi=Rect(67, 147 - 412, 492), focus=FOCUSED, mode=SCAN
09-02 11:14:02.120 24978 24978 D DpmAnalyzer: analyze: THROTTLED (already running)
09-02 11:14:02.120 24978 24978 D DpmFrameAnalyzer: analyze: result status=THROTTLED, code=null, source=null
09-02 11:14:02.130 24978 25317 D DpmFrameAnalyzer: analyze: frame received, format=35, size=640x480, rotation=90
09-02 11:14:02.143 24978 24978 D DpmAnalyzer: Stage1: MISS
09-02 11:14:02.143 24978 24978 D DpmAnalyzer: scanRoi present, skipping full-image stages
09-02 11:14:02.143 24978 24978 D DpmAnalyzer: analyze: decodedCode=null
09-02 11:14:02.143 24978 24978 D DpmFrameAnalyzer: analyze: result status=NO_CODE, code=null, source=null
09-02 11:14:02.149 24978 25317 D DpmFrameAnalyzer: analyze: bitmap converted, size=480x640, scanRoi=Rect(67, 147 - 412, 492)
09-02 11:14:02.149 24978 24978 D DpmAnalyzer: analyze: frame=480x640, roi=Rect(67, 147 - 412, 492), focus=FOCUSED, mode=SCAN
09-02 11:14:02.149 24978 24978 D DpmAnalyzer: analyze: THROTTLED by timing gate
09-02 11:14:02.149 24978 24978 D DpmFrameAnalyzer: analyze: result status=THROTTLED, code=null, source=null
09-02 11:14:02.163 24978 25317 D DpmFrameAnalyzer: analyze: frame received, format=35, size=640x480, rotation=90
09-02 11:14:02.184 24978 25317 D DpmFrameAnalyzer: analyze: bitmap converted, size=480x640, scanRoi=Rect(67, 147 - 412, 492)
09-02 11:14:02.184 24978 24978 D DpmAnalyzer: analyze: frame=480x640, roi=Rect(67, 147 - 412, 492), focus=FOCUSED, mode=SCAN
09-02 11:14:02.184 24978 24978 D DpmAnalyzer: analyze: THROTTLED by timing gate
09-02 11:14:02.184 24978 24978 D DpmFrameAnalyzer: analyze: result status=THROTTLED, code=null, source=null
09-02 11:14:02.206 24978 25317 D DpmFrameAnalyzer: analyze: frame received, format=35, size=640x480, rotation=90
09-02 11:14:02.226 24978 25317 D DpmFrameAnalyzer: analyze: bitmap converted, size=480x640, scanRoi=Rect(67, 147 - 412, 492)
09-02 11:14:02.227 24978 24978 D DpmAnalyzer: analyze: frame=480x640, roi=Rect(67, 147 - 412, 492), focus=FOCUSED, mode=SCAN
09-02 11:14:02.227 24978 24978 D DpmAnalyzer: analyze: THROTTLED by timing gate
09-02 11:14:02.227 24978 24978 D DpmFrameAnalyzer: analyze: result status=THROTTLED, code=null, source=null
09-02 11:14:02.239 24978 25317 D DpmFrameAnalyzer: analyze: frame received, format=35, size=640x480, rotation=90
09-02 11:14:02.259 24978 25317 D DpmFrameAnalyzer: analyze: bitmap converted, size=480x640, scanRoi=Rect(67, 147 - 412, 492)
09-02 11:14:02.260 24978 24978 D DpmAnalyzer: analyze: frame=480x640, roi=Rect(67, 147 - 412, 492), focus=FOCUSED, mode=SCAN
09-02 11:14:02.260 24978 24978 D DpmAnalyzer: analyze: THROTTLED by timing gate
09-02 11:14:02.260 24978 24978 D DpmFrameAnalyzer: analyze: result status=THROTTLED, code=null, source=null
09-02 11:14:02.283 24978 25317 D DpmFrameAnalyzer: analyze: frame received, format=35, size=640x480, rotation=90
09-02 11:14:02.301 24978 25317 D DpmFrameAnalyzer: analyze: bitmap converted, size=480x640, scanRoi=Rect(67, 147 - 412, 492)
09-02 11:14:02.301 24978 24978 D DpmAnalyzer: analyze: frame=480x640, roi=Rect(67, 147 - 412, 492), focus=FOCUSED, mode=SCAN
09-02 11:14:02.301 24978 24978 D DpmAnalyzer: analyze: THROTTLED by timing gate
09-02 11:14:02.302 24978 24978 D DpmFrameAnalyzer: analyze: result status=THROTTLED, code=null, source=null
09-02 11:14:02.318 24978 25317 D DpmFrameAnalyzer: analyze: frame received, format=35, size=640x480, rotation=90
09-02 11:14:02.340 24978 25317 D DpmFrameAnalyzer: analyze: bitmap converted, size=480x640, scanRoi=Rect(67, 147 - 412, 492)
09-02 11:14:02.340 24978 24978 D DpmAnalyzer: analyze: frame=480x640, roi=Rect(67, 147 - 412, 492), focus=FOCUSED, mode=SCAN
09-02 11:14:02.340 24978 24978 D DpmAnalyzer: analyze: THROTTLED by timing gate
09-02 11:14:02.340 24978 24978 D DpmFrameAnalyzer: analyze: result status=THROTTLED, code=null, source=null
09-02 11:14:02.359 24978 25317 D DpmFrameAnalyzer: analyze: frame received, format=35, size=640x480, rotation=90
09-02 11:14:02.377 24978 25317 D DpmFrameAnalyzer: analyze: bitmap converted, size=480x640, scanRoi=Rect(67, 147 - 412, 492)
09-02 11:14:02.377 24978 24978 D DpmAnalyzer: analyze: frame=480x640, roi=Rect(67, 147 - 412, 492), focus=FOCUSED, mode=SCAN
09-02 11:14:02.377 24978 24978 D DpmAnalyzer: analyze: starting performMultiStrategyDecode
09-02 11:14:02.378 24978 24978 D DpmAnalyzer: performMultiStrategyDecode: frame=480x640, roi=Rect(67, 147 - 412, 492), strategies=1
09-02 11:14:02.384 24978 24978 D DpmAnalyzer: Stage1: ROI 345x345 → scaled 345x345
09-02 11:14:02.413 24978 25317 D DpmFrameAnalyzer: analyze: frame received, format=35, size=640x480, rotation=90
09-02 11:14:02.441 24978 25317 D DpmFrameAnalyzer: analyze: bitmap converted, size=480x640, scanRoi=Rect(67, 147 - 412, 492)
09-02 11:14:02.441 24978 24978 D DpmAnalyzer: analyze: frame=480x640, roi=Rect(67, 147 - 412, 492), focus=FOCUSED, mode=SCAN
09-02 11:14:02.441 24978 24978 D DpmAnalyzer: analyze: THROTTLED (already running)
09-02 11:14:02.441 24978 24978 D DpmFrameAnalyzer: analyze: result status=THROTTLED, code=null, source=null
09-02 11:14:02.442 24978 25317 D DpmFrameAnalyzer: analyze: frame received, format=35, size=640x480, rotation=90
09-02 11:14:02.465 24978 25317 D DpmFrameAnalyzer: analyze: bitmap converted, size=480x640, scanRoi=Rect(67, 147 - 412, 492)
09-02 11:14:02.465 24978 24978 D DpmAnalyzer: Stage1: MISS
09-02 11:14:02.465 24978 24978 D DpmAnalyzer: scanRoi present, skipping full-image stages
09-02 11:14:02.465 24978 24978 D DpmAnalyzer: analyze: decodedCode=null
09-02 11:14:02.465 24978 24978 D DpmFrameAnalyzer: analyze: result status=NO_CODE, code=null, source=null
09-02 11:14:02.466 24978 24978 D DpmAnalyzer: analyze: frame=480x640, roi=Rect(67, 147 - 412, 492), focus=FOCUSED, mode=SCAN
09-02 11:14:02.466 24978 24978 D DpmAnalyzer: analyze: THROTTLED by timing gate
09-02 11:14:02.466 24978 24978 D DpmFrameAnalyzer: analyze: result status=THROTTLED, code=null, source=null
09-02 11:14:02.477 24978 25317 D DpmFrameAnalyzer: analyze: frame received, format=35, size=640x480, rotation=90
09-02 11:14:02.498 24978 25317 D DpmFrameAnalyzer: analyze: bitmap converted, size=480x640, scanRoi=Rect(67, 147 - 412, 492)
09-02 11:14:02.498 24978 24978 D DpmAnalyzer: analyze: frame=480x640, roi=Rect(67, 147 - 412, 492), focus=FOCUSED, mode=SCAN
09-02 11:14:02.498 24978 24978 D DpmAnalyzer: analyze: THROTTLED by timing gate
09-02 11:14:02.498 24978 24978 D DpmFrameAnalyzer: analyze: result status=THROTTLED, code=null, source=null
09-02 11:14:02.516 24978 25317 D DpmFrameAnalyzer: analyze: frame received, format=35, size=640x480, rotation=90
09-02 11:14:02.534 24978 25317 D DpmFrameAnalyzer: analyze: bitmap converted, size=480x640, scanRoi=Rect(67, 147 - 412, 492)
09-02 11:14:02.534 24978 24978 D DpmAnalyzer: analyze: frame=480x640, roi=Rect(67, 147 - 412, 492), focus=FOCUSED, mode=SCAN
09-02 11:14:02.534 24978 24978 D DpmAnalyzer: analyze: THROTTLED by timing gate
09-02 11:14:02.534 24978 24978 D DpmFrameAnalyzer: analyze: result status=THROTTLED, code=null, source=null
09-02 11:14:02.556 24978 25317 D DpmFrameAnalyzer: analyze: frame received, format=35, size=640x480, rotation=90
09-02 11:14:02.575 24978 25317 D DpmFrameAnalyzer: analyze: bitmap converted, size=480x640, scanRoi=Rect(67, 147 - 412, 492)
09-02 11:14:02.576 24978 24978 D DpmAnalyzer: analyze: frame=480x640, roi=Rect(67, 147 - 412, 492), focus=FOCUSED, mode=SCAN
09-02 11:14:02.576 24978 24978 D DpmAnalyzer: analyze: THROTTLED by timing gate
09-02 11:14:02.576 24978 24978 D DpmFrameAnalyzer: analyze: result status=THROTTLED, code=null, source=null
09-02 11:14:02.593 24978 25317 D DpmFrameAnalyzer: analyze: frame received, format=35, size=640x480, rotation=90
09-02 11:14:02.611 24978 25317 D DpmFrameAnalyzer: analyze: bitmap converted, size=480x640, scanRoi=Rect(67, 147 - 412, 492)
09-02 11:14:02.613 24978 24978 D DpmAnalyzer: analyze: frame=480x640, roi=Rect(67, 147 - 412, 492), focus=FOCUSED, mode=SCAN
09-02 11:14:02.613 24978 24978 D DpmAnalyzer: analyze: THROTTLED by timing gate
09-02 11:14:02.613 24978 24978 D DpmFrameAnalyzer: analyze: result status=THROTTLED, code=null, source=null
09-02 11:14:02.636 24978 25317 D DpmFrameAnalyzer: analyze: frame received, format=35, size=640x480, rotation=90
09-02 11:14:02.656 24978 25317 D DpmFrameAnalyzer: analyze: bitmap converted, size=480x640, scanRoi=Rect(67, 147 - 412, 492)
09-02 11:14:02.656 24978 24978 D DpmAnalyzer: analyze: frame=480x640, roi=Rect(67, 147 - 412, 492), focus=FOCUSED, mode=SCAN
09-02 11:14:02.656 24978 24978 D DpmAnalyzer: analyze: THROTTLED by timing gate
09-02 11:14:02.657 24978 24978 D DpmFrameAnalyzer: analyze: result status=THROTTLED, code=null, source=null
09-02 11:14:02.674 24978 25317 D DpmFrameAnalyzer: analyze: frame received, format=35, size=640x480, rotation=90
09-02 11:14:02.691 24978 25317 D DpmFrameAnalyzer: analyze: bitmap converted, size=480x640, scanRoi=Rect(67, 147 - 412, 492)
09-02 11:14:02.692 24978 24978 D DpmAnalyzer: analyze: frame=480x640, roi=Rect(67, 147 - 412, 492), focus=FOCUSED, mode=SCAN
09-02 11:14:02.692 24978 24978 D DpmAnalyzer: analyze: starting performMultiStrategyDecode
09-02 11:14:02.692 24978 24978 D DpmAnalyzer: performMultiStrategyDecode: frame=480x640, roi=Rect(67, 147 - 412, 492), strategies=1
09-02 11:14:02.696 24978 24978 D DpmAnalyzer: Stage1: ROI 345x345 → scaled 345x345
09-02 11:14:02.707 24978 25317 D DpmFrameAnalyzer: analyze: frame received, format=35, size=640x480, rotation=90
09-02 11:14:02.725 24978 25317 D DpmFrameAnalyzer: analyze: bitmap converted, size=480x640, scanRoi=Rect(67, 147 - 412, 492)
09-02 11:14:02.726 24978 24978 D DpmAnalyzer: analyze: frame=480x640, roi=Rect(67, 147 - 412, 492), focus=FOCUSED, mode=SCAN
09-02 11:14:02.726 24978 24978 D DpmAnalyzer: analyze: THROTTLED (already running)
09-02 11:14:02.726 24978 24978 D DpmFrameAnalyzer: analyze: result status=THROTTLED, code=null, source=null
09-02 11:14:02.741 24978 24978 D DpmAnalyzer: Stage1: MISS
09-02 11:14:02.741 24978 24978 D DpmAnalyzer: scanRoi present, skipping full-image stages
09-02 11:14:02.741 24978 24978 D DpmAnalyzer: analyze: decodedCode=null
09-02 11:14:02.741 24978 24978 D DpmFrameAnalyzer: analyze: result status=NO_CODE, code=null, source=null
09-02 11:14:02.754 24978 25317 D DpmFrameAnalyzer: analyze: frame received, format=35, size=640x480, rotation=90
09-02 11:14:02.775 24978 25317 D DpmFrameAnalyzer: analyze: bitmap converted, size=480x640, scanRoi=Rect(67, 147 - 412, 492)
09-02 11:14:02.776 24978 24978 D DpmAnalyzer: analyze: frame=480x640, roi=Rect(67, 147 - 412, 492), focus=FOCUSED, mode=SCAN
09-02 11:14:02.776 24978 24978 D DpmAnalyzer: analyze: THROTTLED by timing gate
09-02 11:14:02.776 24978 24978 D DpmFrameAnalyzer: analyze: result status=THROTTLED, code=null, source=null
09-02 11:14:02.785 24978 25317 D DpmFrameAnalyzer: analyze: frame received, format=35, size=640x480, rotation=90
09-02 11:14:02.807 24978 25317 D DpmFrameAnalyzer: analyze: bitmap converted, size=480x640, scanRoi=Rect(67, 147 - 412, 492)
09-02 11:14:02.809 24978 24978 D DpmAnalyzer: analyze: frame=480x640, roi=Rect(67, 147 - 412, 492), focus=FOCUSED, mode=SCAN
09-02 11:14:02.809 24978 24978 D DpmAnalyzer: analyze: THROTTLED by timing gate
09-02 11:14:02.809 24978 24978 D DpmFrameAnalyzer: analyze: result status=THROTTLED, code=null, source=null
09-02 11:14:02.833 24978 25317 D DpmFrameAnalyzer: analyze: frame received, format=35, size=640x480, rotation=90
09-02 11:14:02.853 24978 25317 D DpmFrameAnalyzer: analyze: bitmap converted, size=480x640, scanRoi=Rect(67, 147 - 412, 492)
09-02 11:14:02.854 24978 24978 D DpmAnalyzer: analyze: frame=480x640, roi=Rect(67, 147 - 412, 492), focus=FOCUSED, mode=SCAN
09-02 11:14:02.854 24978 24978 D DpmAnalyzer: analyze: THROTTLED by timing gate
09-02 11:14:02.854 24978 24978 D DpmFrameAnalyzer: analyze: result status=THROTTLED, code=null, source=null
09-02 11:14:02.865 24978 25317 D DpmFrameAnalyzer: analyze: frame received, format=35, size=640x480, rotation=90
09-02 11:14:02.887 24978 25317 D DpmFrameAnalyzer: analyze: bitmap converted, size=480x640, scanRoi=Rect(67, 147 - 412, 492)
09-02 11:14:02.887 24978 24978 D DpmAnalyzer: analyze: frame=480x640, roi=Rect(67, 147 - 412, 492), focus=FOCUSED, mode=SCAN
09-02 11:14:02.887 24978 24978 D DpmAnalyzer: analyze: THROTTLED by timing gate
09-02 11:14:02.887 24978 24978 D DpmFrameAnalyzer: analyze: result status=THROTTLED, code=null, source=null
09-02 11:14:02.909 24978 25317 D DpmFrameAnalyzer: analyze: frame received, format=35, size=640x480, rotation=90
09-02 11:14:02.934 24978 25317 D DpmFrameAnalyzer: analyze: bitmap converted, size=480x640, scanRoi=Rect(67, 147 - 412, 492)
09-02 11:14:02.934 24978 24978 D DpmAnalyzer: analyze: frame=480x640, roi=Rect(67, 147 - 412, 492), focus=FOCUSED, mode=SCAN
09-02 11:14:02.934 24978 24978 D DpmAnalyzer: analyze: THROTTLED by timing gate
09-02 11:14:02.934 24978 24978 D DpmFrameAnalyzer: analyze: result status=THROTTLED, code=null, source=null
09-02 11:14:02.951 24978 25317 D DpmFrameAnalyzer: analyze: frame received, format=35, size=640x480, rotation=90
09-02 11:14:02.973 24978 25317 D DpmFrameAnalyzer: analyze: bitmap converted, size=480x640, scanRoi=Rect(67, 147 - 412, 492)
09-02 11:14:02.975 24978 24978 D DpmAnalyzer: analyze: frame=480x640, roi=Rect(67, 147 - 412, 492), focus=FOCUSED, mode=SCAN
09-02 11:14:02.975 24978 24978 D DpmAnalyzer: analyze: starting performMultiStrategyDecode
09-02 11:14:02.975 24978 24978 D DpmAnalyzer: performMultiStrategyDecode: frame=480x640, roi=Rect(67, 147 - 412, 492), strategies=1
09-02 11:14:02.977 24978 24978 D DpmAnalyzer: Stage1: ROI 345x345 → scaled 345x345
09-02 11:14:02.998 24978 25317 D DpmFrameAnalyzer: analyze: frame received, format=35, size=640x480, rotation=90
09-02 11:14:03.028 24978 25317 D DpmFrameAnalyzer: analyze: bitmap converted, size=480x640, scanRoi=Rect(67, 147 - 412, 492)
09-02 11:14:03.028 24978 24978 D DpmAnalyzer: analyze: frame=480x640, roi=Rect(67, 147 - 412, 492), focus=FOCUSED, mode=SCAN
09-02 11:14:03.028 24978 24978 D DpmAnalyzer: analyze: THROTTLED (already running)
09-02 11:14:03.028 24978 24978 D DpmFrameAnalyzer: analyze: result status=THROTTLED, code=null, source=null
09-02 11:14:03.029 24978 25317 D DpmFrameAnalyzer: analyze: frame received, format=35, size=640x480, rotation=90
09-02 11:14:03.031 24978 24978 D DpmAnalyzer: Stage1: MISS
09-02 11:14:03.031 24978 24978 D DpmAnalyzer: scanRoi present, skipping full-image stages
09-02 11:14:03.031 24978 24978 D DpmAnalyzer: analyze: decodedCode=null
09-02 11:14:03.031 24978 24978 D DpmFrameAnalyzer: analyze: result status=NO_CODE, code=null, source=null
09-02 11:14:03.052 24978 25317 D DpmFrameAnalyzer: analyze: bitmap converted, size=480x640, scanRoi=Rect(67, 147 - 412, 492)
09-02 11:14:03.052 24978 24978 D DpmAnalyzer: analyze: frame=480x640, roi=Rect(67, 147 - 412, 492), focus=FOCUSED, mode=SCAN
09-02 11:14:03.052 24978 24978 D DpmAnalyzer: analyze: THROTTLED by timing gate
09-02 11:14:03.052 24978 24978 D DpmFrameAnalyzer: analyze: result status=THROTTLED, code=null, source=null
09-02 11:14:03.067 24978 25317 D DpmFrameAnalyzer: analyze: frame received, format=35, size=640x480, rotation=90
09-02 11:14:03.090 24978 25317 D DpmFrameAnalyzer: analyze: bitmap converted, size=480x640, scanRoi=Rect(67, 147 - 412, 492)
09-02 11:14:03.095 24978 24978 D DpmAnalyzer: analyze: frame=480x640, roi=Rect(67, 147 - 412, 492), focus=FOCUSED, mode=SCAN
09-02 11:14:03.095 24978 24978 D DpmAnalyzer: analyze: THROTTLED by timing gate
09-02 11:14:03.095 24978 24978 D DpmFrameAnalyzer: analyze: result status=THROTTLED, code=null, source=null
09-02 11:14:03.107 24978 25317 D DpmFrameAnalyzer: analyze: frame received, format=35, size=640x480, rotation=90
09-02 11:14:03.129 24978 25317 D DpmFrameAnalyzer: analyze: bitmap converted, size=480x640, scanRoi=Rect(67, 147 - 412, 492)
09-02 11:14:03.130 24978 24978 D DpmAnalyzer: analyze: frame=480x640, roi=Rect(67, 147 - 412, 492), focus=FOCUSED, mode=SCAN
09-02 11:14:03.130 24978 24978 D DpmAnalyzer: analyze: THROTTLED by timing gate
09-02 11:14:03.130 24978 24978 D DpmFrameAnalyzer: analyze: result status=THROTTLED, code=null, source=null
09-02 11:14:03.147 24978 25317 D DpmFrameAnalyzer: analyze: frame received, format=35, size=640x480, rotation=90
09-02 11:14:03.171 24978 25317 D DpmFrameAnalyzer: analyze: bitmap converted, size=480x640, scanRoi=Rect(67, 147 - 412, 492)
09-02 11:14:03.172 24978 24978 D DpmAnalyzer: analyze: frame=480x640, roi=Rect(67, 147 - 412, 492), focus=FOCUSED, mode=SCAN
09-02 11:14:03.172 24978 24978 D DpmAnalyzer: analyze: THROTTLED by timing gate
09-02 11:14:03.172 24978 24978 D DpmFrameAnalyzer: analyze: result status=THROTTLED, code=null, source=null
09-02 11:14:03.187 24978 25317 D DpmFrameAnalyzer: analyze: frame received, format=35, size=640x480, rotation=90
09-02 11:14:03.217 24978 25317 D DpmFrameAnalyzer: analyze: bitmap converted, size=480x640, scanRoi=Rect(67, 147 - 412, 492)
09-02 11:14:03.217 24978 24978 D DpmAnalyzer: analyze: frame=480x640, roi=Rect(67, 147 - 412, 492), focus=FOCUSED, mode=SCAN
09-02 11:14:03.217 24978 24978 D DpmAnalyzer: analyze: THROTTLED by timing gate
09-02 11:14:03.217 24978 24978 D DpmFrameAnalyzer: analyze: result status=THROTTLED, code=null, source=null
09-02 11:14:03.223 24978 25317 D DpmFrameAnalyzer: analyze: frame received, format=35, size=640x480, rotation=90
09-02 11:14:03.245 24978 25317 D DpmFrameAnalyzer: analyze: bitmap converted, size=480x640, scanRoi=Rect(67, 147 - 412, 492)
09-02 11:14:03.246 24978 24978 D DpmAnalyzer: analyze: frame=480x640, roi=Rect(67, 147 - 412, 492), focus=FOCUSED, mode=SCAN
09-02 11:14:03.246 24978 24978 D DpmAnalyzer: analyze: starting performMultiStrategyDecode
09-02 11:14:03.246 24978 24978 D DpmAnalyzer: performMultiStrategyDecode: frame=480x640, roi=Rect(67, 147 - 412, 492), strategies=1
09-02 11:14:03.253 24978 24978 D DpmAnalyzer: Stage1: ROI 345x345 → scaled 345x345
09-02 11:14:03.291 24978 25317 D DpmFrameAnalyzer: analyze: frame received, format=35, size=640x480, rotation=90
09-02 11:14:03.320 24978 25317 D DpmFrameAnalyzer: analyze: bitmap converted, size=480x640, scanRoi=Rect(67, 147 - 412, 492)
09-02 11:14:03.321 24978 24978 D DpmAnalyzer: analyze: frame=480x640, roi=Rect(67, 147 - 412, 492), focus=FOCUSED, mode=SCAN
09-02 11:14:03.321 24978 24978 D DpmAnalyzer: analyze: THROTTLED (already running)
09-02 11:14:03.321 24978 24978 D DpmFrameAnalyzer: analyze: result status=THROTTLED, code=null, source=null
09-02 11:14:03.322 24978 25317 D DpmFrameAnalyzer: analyze: frame received, format=35, size=640x480, rotation=90
09-02 11:14:03.333 24978 24978 D DpmAnalyzer: Stage1: MISS
09-02 11:14:03.333 24978 24978 D DpmAnalyzer: scanRoi present, skipping full-image stages
09-02 11:14:03.333 24978 24978 D DpmAnalyzer: analyze: decodedCode=null
09-02 11:14:03.333 24978 24978 D DpmFrameAnalyzer: analyze: result status=NO_CODE, code=null, source=null
09-02 11:14:03.344 24978 25317 D DpmFrameAnalyzer: analyze: bitmap converted, size=480x640, scanRoi=Rect(67, 147 - 412, 492)
09-02 11:14:03.345 24978 24978 D DpmAnalyzer: analyze: frame=480x640, roi=Rect(67, 147 - 412, 492), focus=FOCUSED, mode=SCAN
09-02 11:14:03.345 24978 24978 D DpmAnalyzer: analyze: THROTTLED by timing gate
09-02 11:14:03.345 24978 24978 D DpmFrameAnalyzer: analyze: result status=THROTTLED, code=null, source=null
09-02 11:14:03.345 24978 25317 D DpmFrameAnalyzer: analyze: frame received, format=35, size=640x480, rotation=90
09-02 11:14:03.365 24978 25317 D DpmFrameAnalyzer: analyze: bitmap converted, size=480x640, scanRoi=Rect(67, 147 - 412, 492)
09-02 11:14:03.365 24978 24978 D DpmAnalyzer: analyze: frame=480x640, roi=Rect(67, 147 - 412, 492), focus=FOCUSED, mode=SCAN
09-02 11:14:03.365 24978 24978 D DpmAnalyzer: analyze: THROTTLED by timing gate
09-02 11:14:03.365 24978 24978 D DpmFrameAnalyzer: analyze: result status=THROTTLED, code=null, source=null
09-02 11:14:03.376 24978 25317 D DpmFrameAnalyzer: analyze: frame received, format=35, size=640x480, rotation=90
09-02 11:14:03.393 24978 25317 D DpmFrameAnalyzer: analyze: bitmap converted, size=480x640, scanRoi=Rect(67, 147 - 412, 492)
09-02 11:14:03.394 24978 24978 D DpmAnalyzer: analyze: frame=480x640, roi=Rect(67, 147 - 412, 492), focus=FOCUSED, mode=SCAN
09-02 11:14:03.394 24978 24978 D DpmAnalyzer: analyze: THROTTLED by timing gate
09-02 11:14:03.394 24978 24978 D DpmFrameAnalyzer: analyze: result status=THROTTLED, code=null, source=null
09-02 11:14:03.422 24978 25317 D DpmFrameAnalyzer: analyze: frame received, format=35, size=640x480, rotation=90
09-02 11:14:03.442 24978 25317 D DpmFrameAnalyzer: analyze: bitmap converted, size=480x640, scanRoi=Rect(67, 147 - 412, 492)
09-02 11:14:03.443 24978 24978 D DpmAnalyzer: analyze: frame=480x640, roi=Rect(67, 147 - 412, 492), focus=FOCUSED, mode=SCAN
09-02 11:14:03.443 24978 24978 D DpmAnalyzer: analyze: THROTTLED by timing gate
09-02 11:14:03.443 24978 24978 D DpmFrameAnalyzer: analyze: result status=THROTTLED, code=null, source=null
09-02 11:14:03.460 24978 25317 D DpmFrameAnalyzer: analyze: frame received, format=35, size=640x480, rotation=90
09-02 11:14:03.481 24978 25317 D DpmFrameAnalyzer: analyze: bitmap converted, size=480x640, scanRoi=Rect(67, 147 - 412, 492)
09-02 11:14:03.482 24978 24978 D DpmAnalyzer: analyze: frame=480x640, roi=Rect(67, 147 - 412, 492), focus=FOCUSED, mode=SCAN
09-02 11:14:03.482 24978 24978 D DpmAnalyzer: analyze: THROTTLED by timing gate
09-02 11:14:03.482 24978 24978 D DpmFrameAnalyzer: analyze: result status=THROTTLED, code=null, source=null
09-02 11:14:03.492 24978 25317 D DpmFrameAnalyzer: analyze: frame received, format=35, size=640x480, rotation=90
09-02 11:14:03.514 24978 25317 D DpmFrameAnalyzer: analyze: bitmap converted, size=480x640, scanRoi=Rect(67, 147 - 412, 492)
09-02 11:14:03.514 24978 24978 D DpmAnalyzer: analyze: frame=480x640, roi=Rect(67, 147 - 412, 492), focus=FOCUSED, mode=SCAN
09-02 11:14:03.515 24978 24978 D DpmAnalyzer: analyze: THROTTLED by timing gate
09-02 11:14:03.515 24978 24978 D DpmFrameAnalyzer: analyze: result status=THROTTLED, code=null, source=null
09-02 11:14:03.539 24978 25317 D DpmFrameAnalyzer: analyze: frame received, format=35, size=640x480, rotation=90
09-02 11:14:03.568 24978 25317 D DpmFrameAnalyzer: analyze: bitmap converted, size=480x640, scanRoi=Rect(67, 147 - 412, 492)
09-02 11:14:03.568 24978 24978 D DpmAnalyzer: analyze: frame=480x640, roi=Rect(67, 147 - 412, 492), focus=FOCUSED, mode=SCAN
09-02 11:14:03.568 24978 24978 D DpmAnalyzer: analyze: starting performMultiStrategyDecode
09-02 11:14:03.568 24978 24978 D DpmAnalyzer: performMultiStrategyDecode: frame=480x640, roi=Rect(67, 147 - 412, 492), strategies=1
09-02 11:14:03.575 24978 24978 D DpmAnalyzer: Stage1: ROI 345x345 → scaled 345x345
09-02 11:14:03.588 24978 25317 D DpmFrameAnalyzer: analyze: frame received, format=35, size=640x480, rotation=90
09-02 11:14:03.619 24978 25317 D DpmFrameAnalyzer: analyze: bitmap converted, size=480x640, scanRoi=Rect(67, 147 - 412, 492)
09-02 11:14:03.621 24978 24978 D DpmAnalyzer: analyze: frame=480x640, roi=Rect(67, 147 - 412, 492), focus=FOCUSED, mode=SCAN
09-02 11:14:03.621 24978 24978 D DpmAnalyzer: analyze: THROTTLED (already running)
09-02 11:14:03.621 24978 24978 D DpmFrameAnalyzer: analyze: result status=THROTTLED, code=null, source=null
09-02 11:14:03.621 24978 25317 D DpmFrameAnalyzer: analyze: frame received, format=35, size=640x480, rotation=90
09-02 11:14:03.634 24978 24978 D DpmAnalyzer: Stage1: MISS
09-02 11:14:03.634 24978 24978 D DpmAnalyzer: scanRoi present, skipping full-image stages
09-02 11:14:03.634 24978 24978 D DpmAnalyzer: analyze: decodedCode=null
09-02 11:14:03.634 24978 24978 D DpmFrameAnalyzer: analyze: result status=NO_CODE, code=null, source=null
09-02 11:14:03.643 24978 25317 D DpmFrameAnalyzer: analyze: bitmap converted, size=480x640, scanRoi=Rect(67, 147 - 412, 492)
09-02 11:14:03.643 24978 24978 D DpmAnalyzer: analyze: frame=480x640, roi=Rect(67, 147 - 412, 492), focus=FOCUSED, mode=SCAN
09-02 11:14:03.643 24978 24978 D DpmAnalyzer: analyze: THROTTLED by timing gate
09-02 11:14:03.644 24978 24978 D DpmFrameAnalyzer: analyze: result status=THROTTLED, code=null, source=null
09-02 11:14:03.654 24978 25317 D DpmFrameAnalyzer: analyze: frame received, format=35, size=640x480, rotation=90
09-02 11:14:03.674 24978 25317 D DpmFrameAnalyzer: analyze: bitmap converted, size=480x640, scanRoi=Rect(67, 147 - 412, 492)
09-02 11:14:03.676 24978 24978 D DpmAnalyzer: analyze: frame=480x640, roi=Rect(67, 147 - 412, 492), focus=FOCUSED, mode=SCAN
09-02 11:14:03.676 24978 24978 D DpmAnalyzer: analyze: THROTTLED by timing gate
09-02 11:14:03.676 24978 24978 D DpmFrameAnalyzer: analyze: result status=THROTTLED, code=null, source=null
09-02 11:14:03.686 24978 25317 D DpmFrameAnalyzer: analyze: frame received, format=35, size=640x480, rotation=90
09-02 11:14:03.708 24978 25317 D DpmFrameAnalyzer: analyze: bitmap converted, size=480x640, scanRoi=Rect(67, 147 - 412, 492)
09-02 11:14:03.710 24978 24978 D DpmAnalyzer: analyze: frame=480x640, roi=Rect(67, 147 - 412, 492), focus=FOCUSED, mode=SCAN
09-02 11:14:03.710 24978 24978 D DpmAnalyzer: analyze: THROTTLED by timing gate
09-02 11:14:03.710 24978 24978 D DpmFrameAnalyzer: analyze: result status=THROTTLED, code=null, source=null
09-02 11:14:03.735 24978 25317 D DpmFrameAnalyzer: analyze: frame received, format=35, size=640x480, rotation=90
09-02 11:14:03.755 24978 25317 D DpmFrameAnalyzer: analyze: bitmap converted, size=480x640, scanRoi=Rect(67, 147 - 412, 492)
09-02 11:14:03.756 24978 24978 D DpmAnalyzer: analyze: frame=480x640, roi=Rect(67, 147 - 412, 492), focus=FOCUSED, mode=SCAN
09-02 11:14:03.756 24978 24978 D DpmAnalyzer: analyze: THROTTLED by timing gate
09-02 11:14:03.756 24978 24978 D DpmFrameAnalyzer: analyze: result status=THROTTLED, code=null, source=null
09-02 11:14:03.777 24978 25317 D DpmFrameAnalyzer: analyze: frame received, format=35, size=640x480, rotation=90
09-02 11:14:03.799 24978 25317 D DpmFrameAnalyzer: analyze: bitmap converted, size=480x640, scanRoi=Rect(67, 147 - 412, 492)
09-02 11:14:03.800 24978 24978 D DpmAnalyzer: analyze: frame=480x640, roi=Rect(67, 147 - 412, 492), focus=FOCUSED, mode=SCAN
09-02 11:14:03.800 24978 24978 D DpmAnalyzer: analyze: THROTTLED by timing gate
09-02 11:14:03.800 24978 24978 D DpmFrameAnalyzer: analyze: result status=THROTTLED, code=null, source=null
09-02 11:14:03.806 24978 25317 D DpmFrameAnalyzer: analyze: frame received, format=35, size=640x480, rotation=90
09-02 11:14:03.824 24978 25317 D DpmFrameAnalyzer: analyze: bitmap converted, size=480x640, scanRoi=Rect(67, 147 - 412, 492)
09-02 11:14:03.827 24978 24978 D DpmAnalyzer: analyze: frame=480x640, roi=Rect(67, 147 - 412, 492), focus=FOCUSED, mode=SCAN
09-02 11:14:03.827 24978 24978 D DpmAnalyzer: analyze: THROTTLED by timing gate
09-02 11:14:03.827 24978 24978 D DpmFrameAnalyzer: analyze: result status=THROTTLED, code=null, source=null
09-02 11:14:03.858 24978 25317 D DpmFrameAnalyzer: analyze: frame received, format=35, size=640x480, rotation=90
09-02 11:14:03.881 24978 25317 D DpmFrameAnalyzer: analyze: bitmap converted, size=480x640, scanRoi=Rect(67, 147 - 412, 492)
09-02 11:14:03.882 24978 24978 D DpmAnalyzer: analyze: frame=480x640, roi=Rect(67, 147 - 412, 492), focus=FOCUSED, mode=SCAN
09-02 11:14:03.882 24978 24978 D DpmAnalyzer: analyze: starting performMultiStrategyDecode
09-02 11:14:03.882 24978 24978 D DpmAnalyzer: performMultiStrategyDecode: frame=480x640, roi=Rect(67, 147 - 412, 492), strategies=1
09-02 11:14:03.884 24978 24978 D DpmAnalyzer: Stage1: ROI 345x345 → scaled 345x345
09-02 11:14:03.894 24978 25317 D DpmFrameAnalyzer: analyze: frame received, format=35, size=640x480, rotation=90
09-02 11:14:03.915 24978 25317 D DpmFrameAnalyzer: analyze: bitmap converted, size=480x640, scanRoi=Rect(67, 147 - 412, 492)
09-02 11:14:03.915 24978 24978 D DpmAnalyzer: analyze: frame=480x640, roi=Rect(67, 147 - 412, 492), focus=FOCUSED, mode=SCAN
09-02 11:14:03.916 24978 24978 D DpmAnalyzer: analyze: THROTTLED (already running)
09-02 11:14:03.916 24978 24978 D DpmFrameAnalyzer: analyze: result status=THROTTLED, code=null, source=null
09-02 11:14:03.932 24978 25317 D DpmFrameAnalyzer: analyze: frame received, format=35, size=640x480, rotation=90
09-02 11:14:03.938 24978 24978 D DpmAnalyzer: Stage1: MISS
09-02 11:14:03.938 24978 24978 D DpmAnalyzer: scanRoi present, skipping full-image stages
09-02 11:14:03.938 24978 24978 D DpmAnalyzer: analyze: decodedCode=null
09-02 11:14:03.938 24978 24978 D DpmFrameAnalyzer: analyze: result status=NO_CODE, code=null, source=null
09-02 11:14:03.952 24978 25317 D DpmFrameAnalyzer: analyze: bitmap converted, size=480x640, scanRoi=Rect(67, 147 - 412, 492)
09-02 11:14:03.953 24978 24978 D DpmAnalyzer: analyze: frame=480x640, roi=Rect(67, 147 - 412, 492), focus=FOCUSED, mode=SCAN
09-02 11:14:03.953 24978 24978 D DpmAnalyzer: analyze: THROTTLED by timing gate
09-02 11:14:03.953 24978 24978 D DpmFrameAnalyzer: analyze: result status=THROTTLED, code=null, source=null
09-02 11:14:03.968 24978 25317 D DpmFrameAnalyzer: analyze: frame received, format=35, size=640x480, rotation=90
09-02 11:14:03.986 24978 25317 D DpmFrameAnalyzer: analyze: bitmap converted, size=480x640, scanRoi=Rect(67, 147 - 412, 492)
09-02 11:14:03.986 24978 24978 D DpmAnalyzer: analyze: frame=480x640, roi=Rect(67, 147 - 412, 492), focus=FOCUSED, mode=SCAN
09-02 11:14:03.986 24978 24978 D DpmAnalyzer: analyze: THROTTLED by timing gate
09-02 11:14:03.986 24978 24978 D DpmFrameAnalyzer: analyze: result status=THROTTLED, code=null, source=null
09-02 11:14:04.013 24978 25317 D DpmFrameAnalyzer: analyze: frame received, format=35, size=640x480, rotation=90
09-02 11:14:04.035 24978 25317 D DpmFrameAnalyzer: analyze: bitmap converted, size=480x640, scanRoi=Rect(67, 147 - 412, 492)
09-02 11:14:04.036 24978 24978 D DpmAnalyzer: analyze: frame=480x640, roi=Rect(67, 147 - 412, 492), focus=FOCUSED, mode=SCAN
09-02 11:14:04.036 24978 24978 D DpmAnalyzer: analyze: THROTTLED by timing gate
09-02 11:14:04.036 24978 24978 D DpmFrameAnalyzer: analyze: result status=THROTTLED, code=null, source=null
09-02 11:14:04.054 24978 25317 D DpmFrameAnalyzer: analyze: frame received, format=35, size=640x480, rotation=90
09-02 11:14:04.075 24978 25317 D DpmFrameAnalyzer: analyze: bitmap converted, size=480x640, scanRoi=Rect(67, 147 - 412, 492)
09-02 11:14:04.079 24978 24978 D DpmAnalyzer: analyze: frame=480x640, roi=Rect(67, 147 - 412, 492), focus=FOCUSED, mode=SCAN
09-02 11:14:04.079 24978 24978 D DpmAnalyzer: analyze: THROTTLED by timing gate
09-02 11:14:04.079 24978 24978 D DpmFrameAnalyzer: analyze: result status=THROTTLED, code=null, source=null
09-02 11:14:04.083 24978 25317 D DpmFrameAnalyzer: analyze: frame received, format=35, size=640x480, rotation=90
09-02 11:14:04.102 24978 25317 D DpmFrameAnalyzer: analyze: bitmap converted, size=480x640, scanRoi=Rect(67, 147 - 412, 492)
09-02 11:14:04.102 24978 24978 D DpmAnalyzer: analyze: frame=480x640, roi=Rect(67, 147 - 412, 492), focus=FOCUSED, mode=SCAN
09-02 11:14:04.102 24978 24978 D DpmAnalyzer: analyze: THROTTLED by timing gate
09-02 11:14:04.102 24978 24978 D DpmFrameAnalyzer: analyze: result status=THROTTLED, code=null, source=null
09-02 11:14:04.127 24978 25317 D DpmFrameAnalyzer: analyze: frame received, format=35, size=640x480, rotation=90
09-02 11:14:04.150 24978 25317 D DpmFrameAnalyzer: analyze: bitmap converted, size=480x640, scanRoi=Rect(67, 147 - 412, 492)
09-02 11:14:04.151 24978 24978 D DpmAnalyzer: analyze: frame=480x640, roi=Rect(67, 147 - 412, 492), focus=FOCUSED, mode=SCAN
09-02 11:14:04.151 24978 24978 D DpmAnalyzer: analyze: starting performMultiStrategyDecode
09-02 11:14:04.151 24978 24978 D DpmAnalyzer: performMultiStrategyDecode: frame=480x640, roi=Rect(67, 147 - 412, 492), strategies=1
09-02 11:14:04.160 24978 24978 D DpmAnalyzer: Stage1: ROI 345x345 → scaled 345x345
09-02 11:14:04.170 24978 25317 D DpmFrameAnalyzer: analyze: frame received, format=35, size=640x480, rotation=90
09-02 11:14:04.198 24978 25317 D DpmFrameAnalyzer: analyze: bitmap converted, size=480x640, scanRoi=Rect(67, 147 - 412, 492)
09-02 11:14:04.202 24978 24978 D DpmAnalyzer: analyze: frame=480x640, roi=Rect(67, 147 - 412, 492), focus=FOCUSED, mode=SCAN
09-02 11:14:04.202 24978 24978 D DpmAnalyzer: analyze: THROTTLED (already running)
09-02 11:14:04.202 24978 24978 D DpmFrameAnalyzer: analyze: result status=THROTTLED, code=null, source=null
09-02 11:14:04.203 24978 25317 D DpmFrameAnalyzer: analyze: frame received, format=35, size=640x480, rotation=90
09-02 11:14:04.221 24978 24978 D DpmAnalyzer: Stage1: MISS
09-02 11:14:04.221 24978 24978 D DpmAnalyzer: scanRoi present, skipping full-image stages
09-02 11:14:04.221 24978 24978 D DpmAnalyzer: analyze: decodedCode=null
09-02 11:14:04.221 24978 24978 D DpmFrameAnalyzer: analyze: result status=NO_CODE, code=null, source=null
09-02 11:14:04.225 24978 25317 D DpmFrameAnalyzer: analyze: bitmap converted, size=480x640, scanRoi=Rect(67, 147 - 412, 492)
09-02 11:14:04.227 24978 24978 D DpmAnalyzer: analyze: frame=480x640, roi=Rect(67, 147 - 412, 492), focus=FOCUSED, mode=SCAN
09-02 11:14:04.227 24978 24978 D DpmAnalyzer: analyze: THROTTLED by timing gate
09-02 11:14:04.227 24978 24978 D DpmFrameAnalyzer: analyze: result status=THROTTLED, code=null, source=null
09-02 11:14:04.246 24978 25317 D DpmFrameAnalyzer: analyze: frame received, format=35, size=640x480, rotation=90
09-02 11:14:04.269 24978 25317 D DpmFrameAnalyzer: analyze: bitmap converted, size=480x640, scanRoi=Rect(67, 147 - 412, 492)
09-02 11:14:04.270 24978 24978 D DpmAnalyzer: analyze: frame=480x640, roi=Rect(67, 147 - 412, 492), focus=FOCUSED, mode=SCAN
09-02 11:14:04.270 24978 24978 D DpmAnalyzer: analyze: THROTTLED by timing gate
09-02 11:14:04.270 24978 24978 D DpmFrameAnalyzer: analyze: result status=THROTTLED, code=null, source=null
09-02 11:14:04.283 24978 25317 D DpmFrameAnalyzer: analyze: frame received, format=35, size=640x480, rotation=90
09-02 11:14:04.301 24978 25317 D DpmFrameAnalyzer: analyze: bitmap converted, size=480x640, scanRoi=Rect(67, 147 - 412, 492)
09-02 11:14:04.302 24978 24978 D DpmAnalyzer: analyze: frame=480x640, roi=Rect(67, 147 - 412, 492), focus=FOCUSED, mode=SCAN
09-02 11:14:04.302 24978 24978 D DpmAnalyzer: analyze: THROTTLED by timing gate
09-02 11:14:04.302 24978 24978 D DpmFrameAnalyzer: analyze: result status=THROTTLED, code=null, source=null
09-02 11:14:04.319 24978 25317 D DpmFrameAnalyzer: analyze: frame received, format=35, size=640x480, rotation=90
09-02 11:14:04.341 24978 25317 D DpmFrameAnalyzer: analyze: bitmap converted, size=480x640, scanRoi=Rect(67, 147 - 412, 492)
09-02 11:14:04.345 24978 24978 D DpmAnalyzer: analyze: frame=480x640, roi=Rect(67, 147 - 412, 492), focus=FOCUSED, mode=SCAN
09-02 11:14:04.345 24978 24978 D DpmAnalyzer: analyze: THROTTLED by timing gate
09-02 11:14:04.345 24978 24978 D DpmFrameAnalyzer: analyze: result status=THROTTLED, code=null, source=null
09-02 11:14:04.361 24978 25317 D DpmFrameAnalyzer: analyze: frame received, format=35, size=640x480, rotation=90
09-02 11:14:04.381 24978 25317 D DpmFrameAnalyzer: analyze: bitmap converted, size=480x640, scanRoi=Rect(67, 147 - 412, 492)
09-02 11:14:04.382 24978 24978 D DpmAnalyzer: analyze: frame=480x640, roi=Rect(67, 147 - 412, 492), focus=FOCUSED, mode=SCAN
09-02 11:14:04.382 24978 24978 D DpmAnalyzer: analyze: THROTTLED by timing gate
09-02 11:14:04.382 24978 24978 D DpmFrameAnalyzer: analyze: result status=THROTTLED, code=null, source=null
09-02 11:14:04.404 24978 25317 D DpmFrameAnalyzer: analyze: frame received, format=35, size=640x480, rotation=90
09-02 11:14:04.426 24978 25317 D DpmFrameAnalyzer: analyze: bitmap converted, size=480x640, scanRoi=Rect(67, 147 - 412, 492)
09-02 11:14:04.427 24978 24978 D DpmAnalyzer: analyze: frame=480x640, roi=Rect(67, 147 - 412, 492), focus=FOCUSED, mode=SCAN
09-02 11:14:04.427 24978 24978 D DpmAnalyzer: analyze: starting performMultiStrategyDecode
09-02 11:14:04.427 24978 24978 D DpmAnalyzer: performMultiStrategyDecode: frame=480x640, roi=Rect(67, 147 - 412, 492), strategies=1
09-02 11:14:04.434 24978 24978 D DpmAnalyzer: Stage1: ROI 345x345 → scaled 345x345
09-02 11:14:04.452 24978 25317 D DpmFrameAnalyzer: analyze: frame received, format=35, size=640x480, rotation=90
09-02 11:14:04.481 24978 25317 D DpmFrameAnalyzer: analyze: bitmap converted, size=480x640, scanRoi=Rect(67, 147 - 412, 492)
09-02 11:14:04.484 24978 24978 D DpmAnalyzer: analyze: frame=480x640, roi=Rect(67, 147 - 412, 492), focus=FOCUSED, mode=SCAN
09-02 11:14:04.484 24978 24978 D DpmAnalyzer: analyze: THROTTLED (already running)
09-02 11:14:04.484 24978 24978 D DpmFrameAnalyzer: analyze: result status=THROTTLED, code=null, source=null
09-02 11:14:04.488 24978 25317 D DpmFrameAnalyzer: analyze: frame received, format=35, size=640x480, rotation=90
09-02 11:14:04.495 24978 24978 D DpmAnalyzer: Stage1: MISS
09-02 11:14:04.496 24978 24978 D DpmAnalyzer: scanRoi present, skipping full-image stages
09-02 11:14:04.496 24978 24978 D DpmAnalyzer: analyze: decodedCode=null
09-02 11:14:04.496 24978 24978 D DpmFrameAnalyzer: analyze: result status=NO_CODE, code=null, source=null
09-02 11:14:04.510 24978 25317 D DpmFrameAnalyzer: analyze: bitmap converted, size=480x640, scanRoi=Rect(67, 147 - 412, 492)
09-02 11:14:04.515 24978 24978 D DpmAnalyzer: analyze: frame=480x640, roi=Rect(67, 147 - 412, 492), focus=FOCUSED, mode=SCAN
09-02 11:14:04.515 24978 24978 D DpmAnalyzer: analyze: THROTTLED by timing gate
09-02 11:14:04.515 24978 24978 D DpmFrameAnalyzer: analyze: result status=THROTTLED, code=null, source=null
09-02 11:14:04.520 24978 25317 D DpmFrameAnalyzer: analyze: frame received, format=35, size=640x480, rotation=90
09-02 11:14:04.542 24978 25317 D DpmFrameAnalyzer: analyze: bitmap converted, size=480x640, scanRoi=Rect(67, 147 - 412, 492)
09-02 11:14:04.543 24978 24978 D DpmAnalyzer: analyze: frame=480x640, roi=Rect(67, 147 - 412, 492), focus=FOCUSED, mode=SCAN
09-02 11:14:04.543 24978 24978 D DpmAnalyzer: analyze: THROTTLED by timing gate
09-02 11:14:04.543 24978 24978 D DpmFrameAnalyzer: analyze: result status=THROTTLED, code=null, source=null
09-02 11:14:04.556 24978 25317 D DpmFrameAnalyzer: analyze: frame received, format=35, size=640x480, rotation=90
09-02 11:14:04.579 24978 25317 D DpmFrameAnalyzer: analyze: bitmap converted, size=480x640, scanRoi=Rect(67, 147 - 412, 492)
09-02 11:14:04.579 24978 24978 D DpmAnalyzer: analyze: frame=480x640, roi=Rect(67, 147 - 412, 492), focus=FOCUSED, mode=SCAN
09-02 11:14:04.579 24978 24978 D DpmAnalyzer: analyze: THROTTLED by timing gate
09-02 11:14:04.579 24978 24978 D DpmFrameAnalyzer: analyze: result status=THROTTLED, code=null, source=null
09-02 11:14:04.600 24978 25317 D DpmFrameAnalyzer: analyze: frame received, format=35, size=640x480, rotation=90
09-02 11:14:04.620 24978 25317 D DpmFrameAnalyzer: analyze: bitmap converted, size=480x640, scanRoi=Rect(67, 147 - 412, 492)
09-02 11:14:04.620 24978 24978 D DpmAnalyzer: analyze: frame=480x640, roi=Rect(67, 147 - 412, 492), focus=FOCUSED, mode=SCAN
09-02 11:14:04.620 24978 24978 D DpmAnalyzer: analyze: THROTTLED by timing gate
09-02 11:14:04.620 24978 24978 D DpmFrameAnalyzer: analyze: result status=THROTTLED, code=null, source=null
09-02 11:14:04.635 24978 25317 D DpmFrameAnalyzer: analyze: frame received, format=35, size=640x480, rotation=90
09-02 11:14:04.655 24978 25317 D DpmFrameAnalyzer: analyze: bitmap converted, size=480x640, scanRoi=Rect(67, 147 - 412, 492)
09-02 11:14:04.655 24978 24978 D DpmAnalyzer: analyze: frame=480x640, roi=Rect(67, 147 - 412, 492), focus=FOCUSED, mode=SCAN
09-02 11:14:04.655 24978 24978 D DpmAnalyzer: analyze: THROTTLED by timing gate
09-02 11:14:04.655 24978 24978 D DpmFrameAnalyzer: analyze: result status=THROTTLED, code=null, source=null
09-02 11:14:04.673 24978 25317 D DpmFrameAnalyzer: analyze: frame received, format=35, size=640x480, rotation=90
09-02 11:14:04.693 24978 25317 D DpmFrameAnalyzer: analyze: bitmap converted, size=480x640, scanRoi=Rect(67, 147 - 412, 492)
09-02 11:14:04.694 24978 24978 D DpmAnalyzer: analyze: frame=480x640, roi=Rect(67, 147 - 412, 492), focus=FOCUSED, mode=SCAN
09-02 11:14:04.694 24978 24978 D DpmAnalyzer: analyze: THROTTLED by timing gate
09-02 11:14:04.694 24978 24978 D DpmFrameAnalyzer: analyze: result status=THROTTLED, code=null, source=null
09-02 11:14:04.718 24978 25317 D DpmFrameAnalyzer: analyze: frame received, format=35, size=640x480, rotation=90
09-02 11:14:04.740 24978 25317 D DpmFrameAnalyzer: analyze: bitmap converted, size=480x640, scanRoi=Rect(67, 147 - 412, 492)
09-02 11:14:04.743 24978 24978 D DpmAnalyzer: analyze: frame=480x640, roi=Rect(67, 147 - 412, 492), focus=FOCUSED, mode=SCAN
09-02 11:14:04.743 24978 24978 D DpmAnalyzer: analyze: starting performMultiStrategyDecode
09-02 11:14:04.743 24978 24978 D DpmAnalyzer: performMultiStrategyDecode: frame=480x640, roi=Rect(67, 147 - 412, 492), strategies=1
09-02 11:14:04.749 24978 24978 D DpmAnalyzer: Stage1: ROI 345x345 → scaled 345x345
09-02 11:14:04.767 24978 25317 D DpmFrameAnalyzer: analyze: frame received, format=35, size=640x480, rotation=90
09-02 11:14:04.799 24978 25317 D DpmFrameAnalyzer: analyze: bitmap converted, size=480x640, scanRoi=Rect(67, 147 - 412, 492)
09-02 11:14:04.800 24978 24978 D DpmAnalyzer: analyze: frame=480x640, roi=Rect(67, 147 - 412, 492), focus=FOCUSED, mode=SCAN
09-02 11:14:04.800 24978 24978 D DpmAnalyzer: analyze: THROTTLED (already running)
09-02 11:14:04.800 24978 24978 D DpmFrameAnalyzer: analyze: result status=THROTTLED, code=null, source=null
09-02 11:14:04.801 24978 25317 D DpmFrameAnalyzer: analyze: frame received, format=35, size=640x480, rotation=90
09-02 11:14:04.818 24978 25317 D DpmFrameAnalyzer: analyze: bitmap converted, size=480x640, scanRoi=Rect(67, 147 - 412, 492)
09-02 11:14:04.819 24978 24978 D DpmAnalyzer: analyze: frame=480x640, roi=Rect(67, 147 - 412, 492), focus=FOCUSED, mode=SCAN
09-02 11:14:04.819 24978 24978 D DpmAnalyzer: analyze: THROTTLED (already running)
09-02 11:14:04.819 24978 24978 D DpmFrameAnalyzer: analyze: result status=THROTTLED, code=null, source=null
09-02 11:14:04.821 24978 24978 D DpmAnalyzer: Stage1: MISS
09-02 11:14:04.821 24978 24978 D DpmAnalyzer: scanRoi present, skipping full-image stages
09-02 11:14:04.821 24978 24978 D DpmAnalyzer: analyze: decodedCode=null
09-02 11:14:04.821 24978 24978 D DpmFrameAnalyzer: analyze: result status=NO_CODE, code=null, source=null
09-02 11:14:04.834 24978 25317 D DpmFrameAnalyzer: analyze: frame received, format=35, size=640x480, rotation=90
09-02 11:14:04.851 24978 25317 D DpmFrameAnalyzer: analyze: bitmap converted, size=480x640, scanRoi=Rect(67, 147 - 412, 492)
09-02 11:14:04.851 24978 24978 D DpmAnalyzer: analyze: frame=480x640, roi=Rect(67, 147 - 412, 492), focus=FOCUSED, mode=SCAN
09-02 11:14:04.851 24978 24978 D DpmAnalyzer: analyze: THROTTLED by timing gate
09-02 11:14:04.851 24978 24978 D DpmFrameAnalyzer: analyze: result status=THROTTLED, code=null, source=null
09-02 11:14:04.871 24978 25317 D DpmFrameAnalyzer: analyze: frame received, format=35, size=640x480, rotation=90
09-02 11:14:04.895 24978 25317 D DpmFrameAnalyzer: analyze: bitmap converted, size=480x640, scanRoi=Rect(67, 147 - 412, 492)
09-02 11:14:04.896 24978 24978 D DpmAnalyzer: analyze: frame=480x640, roi=Rect(67, 147 - 412, 492), focus=FOCUSED, mode=SCAN
09-02 11:14:04.896 24978 24978 D DpmAnalyzer: analyze: THROTTLED by timing gate
09-02 11:14:04.896 24978 24978 D DpmFrameAnalyzer: analyze: result status=THROTTLED, code=null, source=null
09-02 11:14:04.912 24978 25317 D DpmFrameAnalyzer: analyze: frame received, format=35, size=640x480, rotation=90
09-02 11:14:04.932 24978 25317 D DpmFrameAnalyzer: analyze: bitmap converted, size=480x640, scanRoi=Rect(67, 147 - 412, 492)
09-02 11:14:04.933 24978 24978 D DpmAnalyzer: analyze: frame=480x640, roi=Rect(67, 147 - 412, 492), focus=FOCUSED, mode=SCAN
09-02 11:14:04.933 24978 24978 D DpmAnalyzer: analyze: THROTTLED by timing gate
09-02 11:14:04.933 24978 24978 D DpmFrameAnalyzer: analyze: result status=THROTTLED, code=null, source=null
09-02 11:14:04.959 24978 25317 D DpmFrameAnalyzer: analyze: frame received, format=35, size=640x480, rotation=90
09-02 11:14:04.982 24978 25317 D DpmFrameAnalyzer: analyze: bitmap converted, size=480x640, scanRoi=Rect(67, 147 - 412, 492)
09-02 11:14:04.983 24978 24978 D DpmAnalyzer: analyze: frame=480x640, roi=Rect(67, 147 - 412, 492), focus=FOCUSED, mode=SCAN
09-02 11:14:04.983 24978 24978 D DpmAnalyzer: analyze: THROTTLED by timing gate
09-02 11:14:04.983 24978 24978 D DpmFrameAnalyzer: analyze: result status=THROTTLED, code=null, source=null
09-02 11:14:04.993 24978 25317 D DpmFrameAnalyzer: analyze: frame received, format=35, size=640x480, rotation=90
09-02 11:14:05.014 24978 25317 D DpmFrameAnalyzer: analyze: bitmap converted, size=480x640, scanRoi=Rect(67, 147 - 412, 492)
09-02 11:14:05.014 24978 24978 D DpmAnalyzer: analyze: frame=480x640, roi=Rect(67, 147 - 412, 492), focus=FOCUSED, mode=SCAN
09-02 11:14:05.014 24978 24978 D DpmAnalyzer: analyze: THROTTLED by timing gate
09-02 11:14:05.014 24978 24978 D DpmFrameAnalyzer: analyze: result status=THROTTLED, code=null, source=null
09-02 11:14:05.030 24978 25317 D DpmFrameAnalyzer: analyze: frame received, format=35, size=640x480, rotation=90
09-02 11:14:05.052 24978 25317 D DpmFrameAnalyzer: analyze: bitmap converted, size=480x640, scanRoi=Rect(67, 147 - 412, 492)
09-02 11:14:05.052 24978 24978 D DpmAnalyzer: analyze: frame=480x640, roi=Rect(67, 147 - 412, 492), focus=FOCUSED, mode=SCAN
09-02 11:14:05.052 24978 24978 D DpmAnalyzer: analyze: starting performMultiStrategyDecode
09-02 11:14:05.053 24978 24978 D DpmAnalyzer: performMultiStrategyDecode: frame=480x640, roi=Rect(67, 147 - 412, 492), strategies=1
09-02 11:14:05.056 24978 24978 D DpmAnalyzer: Stage1: ROI 345x345 → scaled 345x345
09-02 11:14:05.068 24978 25317 D DpmFrameAnalyzer: analyze: frame received, format=35, size=640x480, rotation=90
09-02 11:14:05.090 24978 25317 D DpmFrameAnalyzer: analyze: bitmap converted, size=480x640, scanRoi=Rect(67, 147 - 412, 492)
09-02 11:14:05.096 24978 24978 D DpmAnalyzer: analyze: frame=480x640, roi=Rect(67, 147 - 412, 492), focus=FOCUSED, mode=SCAN
09-02 11:14:05.096 24978 24978 D DpmAnalyzer: analyze: THROTTLED (already running)
09-02 11:14:05.096 24978 24978 D DpmFrameAnalyzer: analyze: result status=THROTTLED, code=null, source=null
09-02 11:14:05.110 24978 24978 D DpmAnalyzer: Stage1: MISS
09-02 11:14:05.110 24978 24978 D DpmAnalyzer: scanRoi present, skipping full-image stages
09-02 11:14:05.110 24978 24978 D DpmAnalyzer: analyze: decodedCode=null
09-02 11:14:05.110 24978 24978 D DpmFrameAnalyzer: analyze: result status=NO_CODE, code=null, source=null
09-02 11:14:05.110 24978 25317 D DpmFrameAnalyzer: analyze: frame received, format=35, size=640x480, rotation=90
09-02 11:14:05.130 24978 25317 D DpmFrameAnalyzer: analyze: bitmap converted, size=480x640, scanRoi=Rect(67, 147 - 412, 492)
09-02 11:14:05.130 24978 24978 D DpmAnalyzer: analyze: frame=480x640, roi=Rect(67, 147 - 412, 492), focus=FOCUSED, mode=SCAN
09-02 11:14:05.130 24978 24978 D DpmAnalyzer: analyze: THROTTLED by timing gate
09-02 11:14:05.131 24978 24978 D DpmFrameAnalyzer: analyze: result status=THROTTLED, code=null, source=null
09-02 11:14:05.152 24978 25317 D DpmFrameAnalyzer: analyze: frame received, format=35, size=640x480, rotation=90
09-02 11:14:05.178 24978 25317 D DpmFrameAnalyzer: analyze: bitmap converted, size=480x640, scanRoi=Rect(67, 147 - 412, 492)
09-02 11:14:05.181 24978 24978 D DpmAnalyzer: analyze: frame=480x640, roi=Rect(67, 147 - 412, 492), focus=FOCUSED, mode=SCAN
09-02 11:14:05.181 24978 24978 D DpmAnalyzer: analyze: THROTTLED by timing gate
09-02 11:14:05.181 24978 24978 D DpmFrameAnalyzer: analyze: result status=THROTTLED, code=null, source=null
09-02 11:14:05.189 24978 25317 D DpmFrameAnalyzer: analyze: frame received, format=35, size=640x480, rotation=90
09-02 11:14:05.213 24978 25317 D DpmFrameAnalyzer: analyze: bitmap converted, size=480x640, scanRoi=Rect(67, 147 - 412, 492)
09-02 11:14:05.213 24978 24978 D DpmAnalyzer: analyze: frame=480x640, roi=Rect(67, 147 - 412, 492), focus=FOCUSED, mode=SCAN
09-02 11:14:05.213 24978 24978 D DpmAnalyzer: analyze: THROTTLED by timing gate
09-02 11:14:05.213 24978 24978 D DpmFrameAnalyzer: analyze: result status=THROTTLED, code=null, source=null
09-02 11:14:05.219 24978 25317 D DpmFrameAnalyzer: analyze: frame received, format=35, size=640x480, rotation=90
09-02 11:14:05.241 24978 25317 D DpmFrameAnalyzer: analyze: bitmap converted, size=480x640, scanRoi=Rect(67, 147 - 412, 492)
09-02 11:14:05.242 24978 24978 D DpmAnalyzer: analyze: frame=480x640, roi=Rect(67, 147 - 412, 492), focus=FOCUSED, mode=SCAN
09-02 11:14:05.242 24978 24978 D DpmAnalyzer: analyze: THROTTLED by timing gate
09-02 11:14:05.242 24978 24978 D DpmFrameAnalyzer: analyze: result status=THROTTLED, code=null, source=null
09-02 11:14:05.265 24978 25317 D DpmFrameAnalyzer: analyze: frame received, format=35, size=640x480, rotation=90
09-02 11:14:05.288 24978 25317 D DpmFrameAnalyzer: analyze: bitmap converted, size=480x640, scanRoi=Rect(67, 147 - 412, 492)
09-02 11:14:05.288 24978 24978 D DpmAnalyzer: analyze: frame=480x640, roi=Rect(67, 147 - 412, 492), focus=FOCUSED, mode=SCAN
09-02 11:14:05.288 24978 24978 D DpmAnalyzer: analyze: THROTTLED by timing gate
09-02 11:14:05.288 24978 24978 D DpmFrameAnalyzer: analyze: result status=THROTTLED, code=null, source=null
09-02 11:14:05.303 24978 25317 D DpmFrameAnalyzer: analyze: frame received, format=35, size=640x480, rotation=90
09-02 11:14:05.329 24978 25317 D DpmFrameAnalyzer: analyze: bitmap converted, size=480x640, scanRoi=Rect(67, 147 - 412, 492)
09-02 11:14:05.330 24978 24978 D DpmAnalyzer: analyze: frame=480x640, roi=Rect(67, 147 - 412, 492), focus=FOCUSED, mode=SCAN
09-02 11:14:05.330 24978 24978 D DpmAnalyzer: analyze: starting performMultiStrategyDecode
09-02 11:14:05.330 24978 24978 D DpmAnalyzer: performMultiStrategyDecode: frame=480x640, roi=Rect(67, 147 - 412, 492), strategies=1
09-02 11:14:05.336 24978 24978 D DpmAnalyzer: Stage1: ROI 345x345 → scaled 345x345
09-02 11:14:05.351 24978 25317 D DpmFrameAnalyzer: analyze: frame received, format=35, size=640x480, rotation=90
09-02 11:14:05.383 24978 25317 D DpmFrameAnalyzer: analyze: bitmap converted, size=480x640, scanRoi=Rect(67, 147 - 412, 492)
09-02 11:14:05.383 24978 24978 D DpmAnalyzer: analyze: frame=480x640, roi=Rect(67, 147 - 412, 492), focus=FOCUSED, mode=SCAN
09-02 11:14:05.383 24978 24978 D DpmAnalyzer: analyze: THROTTLED (already running)
09-02 11:14:05.383 24978 24978 D DpmFrameAnalyzer: analyze: result status=THROTTLED, code=null, source=null
09-02 11:14:05.385 24978 25317 D DpmFrameAnalyzer: analyze: frame received, format=35, size=640x480, rotation=90
09-02 11:14:05.409 24978 25317 D DpmFrameAnalyzer: analyze: bitmap converted, size=480x640, scanRoi=Rect(67, 147 - 412, 492)
09-02 11:14:05.412 24978 24978 D DpmAnalyzer: analyze: frame=480x640, roi=Rect(67, 147 - 412, 492), focus=FOCUSED, mode=SCAN
09-02 11:14:05.412 24978 24978 D DpmAnalyzer: analyze: THROTTLED (already running)
09-02 11:14:05.412 24978 24978 D DpmFrameAnalyzer: analyze: result status=THROTTLED, code=null, source=null
09-02 11:14:05.413 24978 24978 D DpmAnalyzer: Stage1: MISS
09-02 11:14:05.413 24978 24978 D DpmAnalyzer: scanRoi present, skipping full-image stages
09-02 11:14:05.413 24978 24978 D DpmAnalyzer: analyze: decodedCode=null
09-02 11:14:05.413 24978 24978 D DpmFrameAnalyzer: analyze: result status=NO_CODE, code=null, source=null
09-02 11:14:05.418 24978 25317 D DpmFrameAnalyzer: analyze: frame received, format=35, size=640x480, rotation=90
09-02 11:14:05.436 24978 25317 D DpmFrameAnalyzer: analyze: bitmap converted, size=480x640, scanRoi=Rect(67, 147 - 412, 492)
09-02 11:14:05.436 24978 24978 D DpmAnalyzer: analyze: frame=480x640, roi=Rect(67, 147 - 412, 492), focus=FOCUSED, mode=SCAN
09-02 11:14:05.436 24978 24978 D DpmAnalyzer: analyze: THROTTLED by timing gate
09-02 11:14:05.436 24978 24978 D DpmFrameAnalyzer: analyze: result status=THROTTLED, code=null, source=null
09-02 11:14:05.462 24978 25317 D DpmFrameAnalyzer: analyze: frame received, format=35, size=640x480, rotation=90
09-02 11:14:05.485 24978 25317 D DpmFrameAnalyzer: analyze: bitmap converted, size=480x640, scanRoi=Rect(67, 147 - 412, 492)
09-02 11:14:05.485 24978 24978 D DpmAnalyzer: analyze: frame=480x640, roi=Rect(67, 147 - 412, 492), focus=FOCUSED, mode=SCAN
09-02 11:14:05.485 24978 24978 D DpmAnalyzer: analyze: THROTTLED by timing gate
09-02 11:14:05.485 24978 24978 D DpmFrameAnalyzer: analyze: result status=THROTTLED, code=null, source=null
09-02 11:14:05.505 24978 25317 D DpmFrameAnalyzer: analyze: frame received, format=35, size=640x480, rotation=90
09-02 11:14:05.526 24978 25317 D DpmFrameAnalyzer: analyze: bitmap converted, size=480x640, scanRoi=Rect(67, 147 - 412, 492)
09-02 11:14:05.527 24978 24978 D DpmAnalyzer: analyze: frame=480x640, roi=Rect(67, 147 - 412, 492), focus=FOCUSED, mode=SCAN
09-02 11:14:05.527 24978 24978 D DpmAnalyzer: analyze: THROTTLED by timing gate
09-02 11:14:05.527 24978 24978 D DpmFrameAnalyzer: analyze: result status=THROTTLED, code=null, source=null
09-02 11:14:05.538 24978 25317 D DpmFrameAnalyzer: analyze: frame received, format=35, size=640x480, rotation=90
09-02 11:14:05.559 24978 25317 D DpmFrameAnalyzer: analyze: bitmap converted, size=480x640, scanRoi=Rect(67, 147 - 412, 492)
09-02 11:14:05.560 24978 24978 D DpmAnalyzer: analyze: frame=480x640, roi=Rect(67, 147 - 412, 492), focus=FOCUSED, mode=SCAN
09-02 11:14:05.560 24978 24978 D DpmAnalyzer: analyze: THROTTLED by timing gate
09-02 11:14:05.560 24978 24978 D DpmFrameAnalyzer: analyze: result status=THROTTLED, code=null, source=null
09-02 11:14:05.578 24978 25317 D DpmFrameAnalyzer: analyze: frame received, format=35, size=640x480, rotation=90
09-02 11:14:05.596 24978 25317 D DpmFrameAnalyzer: analyze: bitmap converted, size=480x640, scanRoi=Rect(67, 147 - 412, 492)
09-02 11:14:05.597 24978 24978 D DpmAnalyzer: analyze: frame=480x640, roi=Rect(67, 147 - 412, 492), focus=FOCUSED, mode=SCAN
09-02 11:14:05.597 24978 24978 D DpmAnalyzer: analyze: THROTTLED by timing gate
09-02 11:14:05.597 24978 24978 D DpmFrameAnalyzer: analyze: result status=THROTTLED, code=null, source=null
09-02 11:14:05.617 24978 25317 D DpmFrameAnalyzer: analyze: frame received, format=35, size=640x480, rotation=90
09-02 11:14:05.635 24978 25317 D DpmFrameAnalyzer: analyze: bitmap converted, size=480x640, scanRoi=Rect(67, 147 - 412, 492)
09-02 11:14:05.635 24978 24978 D DpmAnalyzer: analyze: frame=480x640, roi=Rect(67, 147 - 412, 492), focus=FOCUSED, mode=SCAN
09-02 11:14:05.635 24978 24978 D DpmAnalyzer: analyze: starting performMultiStrategyDecode
09-02 11:14:05.635 24978 24978 D DpmAnalyzer: performMultiStrategyDecode: frame=480x640, roi=Rect(67, 147 - 412, 492), strategies=1
09-02 11:14:05.642 24978 24978 D DpmAnalyzer: Stage1: ROI 345x345 → scaled 345x345
09-02 11:14:05.668 24978 25317 D DpmFrameAnalyzer: analyze: frame received, format=35, size=640x480, rotation=90
09-02 11:14:05.688 24978 25317 D DpmFrameAnalyzer: analyze: bitmap converted, size=480x640, scanRoi=Rect(67, 147 - 412, 492)
09-02 11:14:05.689 24978 24978 D DpmAnalyzer: analyze: frame=480x640, roi=Rect(67, 147 - 412, 492), focus=FOCUSED, mode=SCAN
09-02 11:14:05.689 24978 24978 D DpmAnalyzer: analyze: THROTTLED (already running)
09-02 11:14:05.689 24978 24978 D DpmFrameAnalyzer: analyze: result status=THROTTLED, code=null, source=null
09-02 11:14:05.701 24978 25317 D DpmFrameAnalyzer: analyze: frame received, format=35, size=640x480, rotation=90
09-02 11:14:05.717 24978 24978 D DpmAnalyzer: Stage1: MISS
09-02 11:14:05.717 24978 24978 D DpmAnalyzer: scanRoi present, skipping full-image stages
09-02 11:14:05.717 24978 24978 D DpmAnalyzer: analyze: decodedCode=null
09-02 11:14:05.717 24978 24978 D DpmFrameAnalyzer: analyze: result status=NO_CODE, code=null, source=null
09-02 11:14:05.722 24978 25317 D DpmFrameAnalyzer: analyze: bitmap converted, size=480x640, scanRoi=Rect(67, 147 - 412, 492)
09-02 11:14:05.724 24978 24978 D DpmAnalyzer: analyze: frame=480x640, roi=Rect(67, 147 - 412, 492), focus=FOCUSED, mode=SCAN
09-02 11:14:05.724 24978 24978 D DpmAnalyzer: analyze: THROTTLED by timing gate
09-02 11:14:05.724 24978 24978 D DpmFrameAnalyzer: analyze: result status=THROTTLED, code=null, source=null
09-02 11:14:05.732 24978 25317 D DpmFrameAnalyzer: analyze: frame received, format=35, size=640x480, rotation=90
09-02 11:14:05.755 24978 25317 D DpmFrameAnalyzer: analyze: bitmap converted, size=480x640, scanRoi=Rect(67, 147 - 412, 492)
09-02 11:14:05.756 24978 24978 D DpmAnalyzer: analyze: frame=480x640, roi=Rect(67, 147 - 412, 492), focus=FOCUSED, mode=SCAN
09-02 11:14:05.756 24978 24978 D DpmAnalyzer: analyze: THROTTLED by timing gate
09-02 11:14:05.756 24978 24978 D DpmFrameAnalyzer: analyze: result status=THROTTLED, code=null, source=null
09-02 11:14:05.773 24978 25317 D DpmFrameAnalyzer: analyze: frame received, format=35, size=640x480, rotation=90
09-02 11:14:05.794 24978 25317 D DpmFrameAnalyzer: analyze: bitmap converted, size=480x640, scanRoi=Rect(67, 147 - 412, 492)
09-02 11:14:05.794 24978 24978 D DpmAnalyzer: analyze: frame=480x640, roi=Rect(67, 147 - 412, 492), focus=FOCUSED, mode=SCAN
09-02 11:14:05.794 24978 24978 D DpmAnalyzer: analyze: THROTTLED by timing gate
09-02 11:14:05.794 24978 24978 D DpmFrameAnalyzer: analyze: result status=THROTTLED, code=null, source=null
09-02 11:14:05.816 24978 25317 D DpmFrameAnalyzer: analyze: frame received, format=35, size=640x480, rotation=90
09-02 11:14:05.838 24978 25317 D DpmFrameAnalyzer: analyze: bitmap converted, size=480x640, scanRoi=Rect(67, 147 - 412, 492)
09-02 11:14:05.839 24978 24978 D DpmAnalyzer: analyze: frame=480x640, roi=Rect(67, 147 - 412, 492), focus=FOCUSED, mode=SCAN
09-02 11:14:05.839 24978 24978 D DpmAnalyzer: analyze: THROTTLED by timing gate
09-02 11:14:05.839 24978 24978 D DpmFrameAnalyzer: analyze: result status=THROTTLED, code=null, source=null
09-02 11:14:05.858 24978 25317 D DpmFrameAnalyzer: analyze: frame received, format=35, size=640x480, rotation=90
09-02 11:14:05.880 24978 25317 D DpmFrameAnalyzer: analyze: bitmap converted, size=480x640, scanRoi=Rect(67, 147 - 412, 492)
09-02 11:14:05.880 24978 24978 D DpmAnalyzer: analyze: frame=480x640, roi=Rect(67, 147 - 412, 492), focus=FOCUSED, mode=SCAN
09-02 11:14:05.881 24978 24978 D DpmAnalyzer: analyze: THROTTLED by timing gate
09-02 11:14:05.881 24978 24978 D DpmFrameAnalyzer: analyze: result status=THROTTLED, code=null, source=null
09-02 11:14:05.900 24978 25317 D DpmFrameAnalyzer: analyze: frame received, format=35, size=640x480, rotation=90
09-02 11:14:05.918 24978 25317 D DpmFrameAnalyzer: analyze: bitmap converted, size=480x640, scanRoi=Rect(67, 147 - 412, 492)
09-02 11:14:05.918 24978 24978 D DpmAnalyzer: analyze: frame=480x640, roi=Rect(67, 147 - 412, 492), focus=FOCUSED, mode=SCAN
09-02 11:14:05.918 24978 24978 D DpmAnalyzer: analyze: starting performMultiStrategyDecode
09-02 11:14:05.918 24978 24978 D DpmAnalyzer: performMultiStrategyDecode: frame=480x640, roi=Rect(67, 147 - 412, 492), strategies=1
09-02 11:14:05.924 24978 24978 D DpmAnalyzer: Stage1: ROI 345x345 → scaled 345x345
09-02 11:14:05.951 24978 25317 D DpmFrameAnalyzer: analyze: frame received, format=35, size=640x480, rotation=90
09-02 11:14:05.977 24978 25317 D DpmFrameAnalyzer: analyze: bitmap converted, size=480x640, scanRoi=Rect(67, 147 - 412, 492)
09-02 11:14:05.978 24978 25317 D DpmFrameAnalyzer: analyze: frame received, format=35, size=640x480, rotation=90
09-02 11:14:05.978 24978 24978 D DpmAnalyzer: analyze: frame=480x640, roi=Rect(67, 147 - 412, 492), focus=FOCUSED, mode=SCAN
09-02 11:14:05.978 24978 24978 D DpmAnalyzer: analyze: THROTTLED (already running)
09-02 11:14:05.978 24978 24978 D DpmFrameAnalyzer: analyze: result status=THROTTLED, code=null, source=null
09-02 11:14:05.997 24978 24978 D DpmAnalyzer: Stage1: MISS
09-02 11:14:05.997 24978 24978 D DpmAnalyzer: scanRoi present, skipping full-image stages
09-02 11:14:05.997 24978 24978 D DpmAnalyzer: analyze: decodedCode=null
09-02 11:14:05.997 24978 24978 D DpmFrameAnalyzer: analyze: result status=NO_CODE, code=null, source=null
09-02 11:14:06.001 24978 25317 D DpmFrameAnalyzer: analyze: bitmap converted, size=480x640, scanRoi=Rect(67, 147 - 412, 492)
09-02 11:14:06.001 24978 24978 D DpmAnalyzer: analyze: frame=480x640, roi=Rect(67, 147 - 412, 492), focus=FOCUSED, mode=SCAN
09-02 11:14:06.001 24978 24978 D DpmAnalyzer: analyze: THROTTLED by timing gate
09-02 11:14:06.001 24978 24978 D DpmFrameAnalyzer: analyze: result status=THROTTLED, code=null, source=null
09-02 11:14:06.009 24978 25317 D DpmFrameAnalyzer: analyze: frame received, format=35, size=640x480, rotation=90
09-02 11:14:06.030 24978 25317 D DpmFrameAnalyzer: analyze: bitmap converted, size=480x640, scanRoi=Rect(67, 147 - 412, 492)
09-02 11:14:06.030 24978 24978 D DpmAnalyzer: analyze: frame=480x640, roi=Rect(67, 147 - 412, 492), focus=FOCUSED, mode=SCAN
09-02 11:14:06.030 24978 24978 D DpmAnalyzer: analyze: THROTTLED by timing gate
09-02 11:14:06.030 24978 24978 D DpmFrameAnalyzer: analyze: result status=THROTTLED, code=null, source=null
09-02 11:14:06.049 24978 25317 D DpmFrameAnalyzer: analyze: frame received, format=35, size=640x480, rotation=90
09-02 11:14:06.073 24978 25317 D DpmFrameAnalyzer: analyze: bitmap converted, size=480x640, scanRoi=Rect(67, 147 - 412, 492)
09-02 11:14:06.073 24978 24978 D DpmAnalyzer: analyze: frame=480x640, roi=Rect(67, 147 - 412, 492), focus=FOCUSED, mode=SCAN
09-02 11:14:06.073 24978 24978 D DpmAnalyzer: analyze: THROTTLED by timing gate
09-02 11:14:06.073 24978 24978 D DpmFrameAnalyzer: analyze: result status=THROTTLED, code=null, source=null
09-02 11:14:06.089 24978 25317 D DpmFrameAnalyzer: analyze: frame received, format=35, size=640x480, rotation=90
09-02 11:14:06.115 24978 25317 D DpmFrameAnalyzer: analyze: bitmap converted, size=480x640, scanRoi=Rect(67, 147 - 412, 492)
09-02 11:14:06.115 24978 24978 D DpmAnalyzer: analyze: frame=480x640, roi=Rect(67, 147 - 412, 492), focus=FOCUSED, mode=SCAN
09-02 11:14:06.115 24978 24978 D DpmAnalyzer: analyze: THROTTLED by timing gate
09-02 11:14:06.115 24978 24978 D DpmFrameAnalyzer: analyze: result status=THROTTLED, code=null, source=null
09-02 11:14:06.129 24978 25317 D DpmFrameAnalyzer: analyze: frame received, format=35, size=640x480, rotation=90
09-02 11:14:06.154 24978 25317 D DpmFrameAnalyzer: analyze: bitmap converted, size=480x640, scanRoi=Rect(67, 147 - 412, 492)
09-02 11:14:06.155 24978 24978 D DpmAnalyzer: analyze: frame=480x640, roi=Rect(67, 147 - 412, 492), focus=FOCUSED, mode=SCAN
09-02 11:14:06.155 24978 24978 D DpmAnalyzer: analyze: THROTTLED by timing gate
09-02 11:14:06.155 24978 24978 D DpmFrameAnalyzer: analyze: result status=THROTTLED, code=null, source=null
09-02 11:14:06.166 24978 25317 D DpmFrameAnalyzer: analyze: frame received, format=35, size=640x480, rotation=90
09-02 11:14:06.190 24978 25317 D DpmFrameAnalyzer: analyze: bitmap converted, size=480x640, scanRoi=Rect(67, 147 - 412, 492)
09-02 11:14:06.192 24978 24978 D DpmAnalyzer: analyze: frame=480x640, roi=Rect(67, 147 - 412, 492), focus=FOCUSED, mode=SCAN
09-02 11:14:06.192 24978 24978 D DpmAnalyzer: analyze: THROTTLED by timing gate
09-02 11:14:06.192 24978 24978 D DpmFrameAnalyzer: analyze: result status=THROTTLED, code=null, source=null
09-02 11:14:06.208 24978 25317 D DpmFrameAnalyzer: analyze: frame received, format=35, size=640x480, rotation=90
09-02 11:14:06.235 24978 25317 D DpmFrameAnalyzer: analyze: bitmap converted, size=480x640, scanRoi=Rect(67, 147 - 412, 492)
09-02 11:14:06.235 24978 24978 D DpmAnalyzer: analyze: frame=480x640, roi=Rect(67, 147 - 412, 492), focus=FOCUSED, mode=SCAN
09-02 11:14:06.235 24978 24978 D DpmAnalyzer: analyze: starting performMultiStrategyDecode
09-02 11:14:06.236 24978 24978 D DpmAnalyzer: performMultiStrategyDecode: frame=480x640, roi=Rect(67, 147 - 412, 492), strategies=1
09-02 11:14:06.243 24978 24978 D DpmAnalyzer: Stage1: ROI 345x345 → scaled 345x345
09-02 11:14:06.258 24978 25317 D DpmFrameAnalyzer: analyze: frame received, format=35, size=640x480, rotation=90
09-02 11:14:06.282 24978 25317 D DpmFrameAnalyzer: analyze: bitmap converted, size=480x640, scanRoi=Rect(67, 147 - 412, 492)
09-02 11:14:06.282 24978 24978 D DpmAnalyzer: analyze: frame=480x640, roi=Rect(67, 147 - 412, 492), focus=FOCUSED, mode=SCAN
09-02 11:14:06.282 24978 24978 D DpmAnalyzer: analyze: THROTTLED (already running)
09-02 11:14:06.282 24978 24978 D DpmFrameAnalyzer: analyze: result status=THROTTLED, code=null, source=null
09-02 11:14:06.289 24978 25317 D DpmFrameAnalyzer: analyze: frame received, format=35, size=640x480, rotation=90
09-02 11:14:06.303 24978 24978 D DpmAnalyzer: Stage1: MISS
09-02 11:14:06.303 24978 24978 D DpmAnalyzer: scanRoi present, skipping full-image stages
09-02 11:14:06.303 24978 24978 D DpmAnalyzer: analyze: decodedCode=null
09-02 11:14:06.304 24978 24978 D DpmFrameAnalyzer: analyze: result status=NO_CODE, code=null, source=null
09-02 11:14:06.309 24978 25317 D DpmFrameAnalyzer: analyze: bitmap converted, size=480x640, scanRoi=Rect(67, 147 - 412, 492)
09-02 11:14:06.310 24978 24978 D DpmAnalyzer: analyze: frame=480x640, roi=Rect(67, 147 - 412, 492), focus=FOCUSED, mode=SCAN
09-02 11:14:06.310 24978 24978 D DpmAnalyzer: analyze: THROTTLED by timing gate
09-02 11:14:06.310 24978 24978 D DpmFrameAnalyzer: analyze: result status=THROTTLED, code=null, source=null
09-02 11:14:06.321 24978 25317 D DpmFrameAnalyzer: analyze: frame received, format=35, size=640x480, rotation=90
09-02 11:14:06.343 24978 25317 D DpmFrameAnalyzer: analyze: bitmap converted, size=480x640, scanRoi=Rect(67, 147 - 412, 492)
09-02 11:14:06.344 24978 24978 D DpmAnalyzer: analyze: frame=480x640, roi=Rect(67, 147 - 412, 492), focus=FOCUSED, mode=SCAN
09-02 11:14:06.344 24978 24978 D DpmAnalyzer: analyze: THROTTLED by timing gate
09-02 11:14:06.344 24978 24978 D DpmFrameAnalyzer: analyze: result status=THROTTLED, code=null, source=null
09-02 11:14:06.365 24978 25317 D DpmFrameAnalyzer: analyze: frame received, format=35, size=640x480, rotation=90
09-02 11:14:06.388 24978 25317 D DpmFrameAnalyzer: analyze: bitmap converted, size=480x640, scanRoi=Rect(67, 147 - 412, 492)
09-02 11:14:06.389 24978 24978 D DpmAnalyzer: analyze: frame=480x640, roi=Rect(67, 147 - 412, 492), focus=FOCUSED, mode=SCAN
09-02 11:14:06.389 24978 24978 D DpmAnalyzer: analyze: THROTTLED by timing gate
09-02 11:14:06.389 24978 24978 D DpmFrameAnalyzer: analyze: result status=THROTTLED, code=null, source=null
09-02 11:14:06.400 24978 25317 D DpmFrameAnalyzer: analyze: frame received, format=35, size=640x480, rotation=90
09-02 11:14:06.425 24978 25317 D DpmFrameAnalyzer: analyze: bitmap converted, size=480x640, scanRoi=Rect(67, 147 - 412, 492)
09-02 11:14:06.425 24978 24978 D DpmAnalyzer: analyze: frame=480x640, roi=Rect(67, 147 - 412, 492), focus=FOCUSED, mode=SCAN
09-02 11:14:06.426 24978 24978 D DpmAnalyzer: analyze: THROTTLED by timing gate
09-02 11:14:06.426 24978 24978 D DpmFrameAnalyzer: analyze: result status=THROTTLED, code=null, source=null
09-02 11:14:06.442 24978 25317 D DpmFrameAnalyzer: analyze: frame received, format=35, size=640x480, rotation=90
09-02 11:14:06.466 24978 25317 D DpmFrameAnalyzer: analyze: bitmap converted, size=480x640, scanRoi=Rect(67, 147 - 412, 492)
09-02 11:14:06.466 24978 24978 D DpmAnalyzer: analyze: frame=480x640, roi=Rect(67, 147 - 412, 492), focus=FOCUSED, mode=SCAN
09-02 11:14:06.466 24978 24978 D DpmAnalyzer: analyze: THROTTLED by timing gate
09-02 11:14:06.466 24978 24978 D DpmFrameAnalyzer: analyze: result status=THROTTLED, code=null, source=null
09-02 11:14:06.483 24978 25317 D DpmFrameAnalyzer: analyze: frame received, format=35, size=640x480, rotation=90
09-02 11:14:06.508 24978 25317 D DpmFrameAnalyzer: analyze: bitmap converted, size=480x640, scanRoi=Rect(67, 147 - 412, 492)
09-02 11:14:06.510 24978 24978 D DpmAnalyzer: analyze: frame=480x640, roi=Rect(67, 147 - 412, 492), focus=FOCUSED, mode=SCAN
09-02 11:14:06.510 24978 24978 D DpmAnalyzer: analyze: starting performMultiStrategyDecode
09-02 11:14:06.510 24978 24978 D DpmAnalyzer: performMultiStrategyDecode: frame=480x640, roi=Rect(67, 147 - 412, 492), strategies=1
09-02 11:14:06.518 24978 24978 D DpmAnalyzer: Stage1: ROI 345x345 → scaled 345x345
09-02 11:14:06.530 24978 25317 D DpmFrameAnalyzer: analyze: frame received, format=35, size=640x480, rotation=90
09-02 11:14:06.557 24978 25317 D DpmFrameAnalyzer: analyze: bitmap converted, size=480x640, scanRoi=Rect(67, 147 - 412, 492)
09-02 11:14:06.562 24978 24978 D DpmAnalyzer: analyze: frame=480x640, roi=Rect(67, 147 - 412, 492), focus=FOCUSED, mode=SCAN
09-02 11:14:06.562 24978 24978 D DpmAnalyzer: analyze: THROTTLED (already running)
09-02 11:14:06.562 24978 24978 D DpmFrameAnalyzer: analyze: result status=THROTTLED, code=null, source=null
09-02 11:14:06.564 24978 25317 D DpmFrameAnalyzer: analyze: frame received, format=35, size=640x480, rotation=90
09-02 11:14:06.582 24978 25317 D DpmFrameAnalyzer: analyze: bitmap converted, size=480x640, scanRoi=Rect(67, 147 - 412, 492)
09-02 11:14:06.583 24978 24978 D DpmAnalyzer: analyze: frame=480x640, roi=Rect(67, 147 - 412, 492), focus=FOCUSED, mode=SCAN
09-02 11:14:06.583 24978 24978 D DpmAnalyzer: analyze: THROTTLED (already running)
09-02 11:14:06.583 24978 24978 D DpmFrameAnalyzer: analyze: result status=THROTTLED, code=null, source=null
09-02 11:14:06.585 24978 24978 D DpmAnalyzer: Stage1: MISS
09-02 11:14:06.585 24978 24978 D DpmAnalyzer: scanRoi present, skipping full-image stages
09-02 11:14:06.585 24978 24978 D DpmAnalyzer: analyze: decodedCode=null
09-02 11:14:06.585 24978 24978 D DpmFrameAnalyzer: analyze: result status=NO_CODE, code=null, source=null
09-02 11:14:06.598 24978 25317 D DpmFrameAnalyzer: analyze: frame received, format=35, size=640x480, rotation=90
09-02 11:14:06.620 24978 25317 D DpmFrameAnalyzer: analyze: bitmap converted, size=480x640, scanRoi=Rect(67, 147 - 412, 492)
09-02 11:14:06.621 24978 24978 D DpmAnalyzer: analyze: frame=480x640, roi=Rect(67, 147 - 412, 492), focus=FOCUSED, mode=SCAN
09-02 11:14:06.621 24978 24978 D DpmAnalyzer: analyze: THROTTLED by timing gate
09-02 11:14:06.621 24978 24978 D DpmFrameAnalyzer: analyze: result status=THROTTLED, code=null, source=null
09-02 11:14:06.636 24978 25317 D DpmFrameAnalyzer: analyze: frame received, format=35, size=640x480, rotation=90
09-02 11:14:06.656 24978 25317 D DpmFrameAnalyzer: analyze: bitmap converted, size=480x640, scanRoi=Rect(67, 147 - 412, 492)
09-02 11:14:06.658 24978 24978 D DpmAnalyzer: analyze: frame=480x640, roi=Rect(67, 147 - 412, 492), focus=FOCUSED, mode=SCAN
09-02 11:14:06.658 24978 24978 D DpmAnalyzer: analyze: THROTTLED by timing gate
09-02 11:14:06.658 24978 24978 D DpmFrameAnalyzer: analyze: result status=THROTTLED, code=null, source=null
09-02 11:14:06.673 24978 25317 D DpmFrameAnalyzer: analyze: frame received, format=35, size=640x480, rotation=90
09-02 11:14:06.692 24978 25317 D DpmFrameAnalyzer: analyze: bitmap converted, size=480x640, scanRoi=Rect(67, 147 - 412, 492)
09-02 11:14:06.693 24978 24978 D DpmAnalyzer: analyze: frame=480x640, roi=Rect(67, 147 - 412, 492), focus=FOCUSED, mode=SCAN
09-02 11:14:06.693 24978 24978 D DpmAnalyzer: analyze: THROTTLED by timing gate
09-02 11:14:06.693 24978 24978 D DpmFrameAnalyzer: analyze: result status=THROTTLED, code=null, source=null
09-02 11:14:06.721 24978 25317 D DpmFrameAnalyzer: analyze: frame received, format=35, size=640x480, rotation=90
09-02 11:14:06.753 24978 25317 D DpmFrameAnalyzer: analyze: bitmap converted, size=480x640, scanRoi=Rect(67, 147 - 412, 492)
09-02 11:14:06.753 24978 24978 D DpmAnalyzer: analyze: frame=480x640, roi=Rect(67, 147 - 412, 492), focus=FOCUSED, mode=SCAN
09-02 11:14:06.753 24978 24978 D DpmAnalyzer: analyze: THROTTLED by timing gate
09-02 11:14:06.753 24978 24978 D DpmFrameAnalyzer: analyze: result status=THROTTLED, code=null, source=null
09-02 11:14:06.754 24978 25317 D DpmFrameAnalyzer: analyze: frame received, format=35, size=640x480, rotation=90
09-02 11:14:06.777 24978 25317 D DpmFrameAnalyzer: analyze: bitmap converted, size=480x640, scanRoi=Rect(67, 147 - 412, 492)
09-02 11:14:06.778 24978 24978 D DpmAnalyzer: analyze: frame=480x640, roi=Rect(67, 147 - 412, 492), focus=FOCUSED, mode=SCAN
09-02 11:14:06.779 24978 24978 D DpmAnalyzer: analyze: THROTTLED by timing gate
09-02 11:14:06.779 24978 24978 D DpmFrameAnalyzer: analyze: result status=THROTTLED, code=null, source=null
09-02 11:14:06.793 24978 25317 D DpmFrameAnalyzer: analyze: frame received, format=35, size=640x480, rotation=90
09-02 11:14:06.813 24978 25317 D DpmFrameAnalyzer: analyze: bitmap converted, size=480x640, scanRoi=Rect(67, 147 - 412, 492)
09-02 11:14:06.813 24978 24978 D DpmAnalyzer: analyze: frame=480x640, roi=Rect(67, 147 - 412, 492), focus=FOCUSED, mode=SCAN
09-02 11:14:06.813 24978 24978 D DpmAnalyzer: analyze: starting performMultiStrategyDecode
09-02 11:14:06.813 24978 24978 D DpmAnalyzer: performMultiStrategyDecode: frame=480x640, roi=Rect(67, 147 - 412, 492), strategies=1
09-02 11:14:06.818 24978 24978 D DpmAnalyzer: Stage1: ROI 345x345 → scaled 345x345
09-02 11:14:06.846 24978 25317 D DpmFrameAnalyzer: analyze: frame received, format=35, size=640x480, rotation=90
09-02 11:14:06.875 24978 25317 D DpmFrameAnalyzer: analyze: bitmap converted, size=480x640, scanRoi=Rect(67, 147 - 412, 492)
09-02 11:14:06.875 24978 24978 D DpmAnalyzer: analyze: frame=480x640, roi=Rect(67, 147 - 412, 492), focus=FOCUSED, mode=SCAN
09-02 11:14:06.875 24978 24978 D DpmAnalyzer: analyze: THROTTLED (already running)
09-02 11:14:06.875 24978 24978 D DpmFrameAnalyzer: analyze: result status=THROTTLED, code=null, source=null
09-02 11:14:06.879 24978 25317 D DpmFrameAnalyzer: analyze: frame received, format=35, size=640x480, rotation=90
09-02 11:14:06.902 24978 25317 D DpmFrameAnalyzer: analyze: bitmap converted, size=480x640, scanRoi=Rect(67, 147 - 412, 492)
09-02 11:14:06.902 24978 24978 D DpmAnalyzer: analyze: frame=480x640, roi=Rect(67, 147 - 412, 492), focus=FOCUSED, mode=SCAN
09-02 11:14:06.902 24978 24978 D DpmAnalyzer: analyze: THROTTLED (already running)
09-02 11:14:06.902 24978 24978 D DpmFrameAnalyzer: analyze: result status=THROTTLED, code=null, source=null
09-02 11:14:06.912 24978 24978 D DpmAnalyzer: Stage1: MISS
09-02 11:14:06.912 24978 24978 D DpmAnalyzer: scanRoi present, skipping full-image stages
09-02 11:14:06.912 24978 24978 D DpmAnalyzer: analyze: decodedCode=null
09-02 11:14:06.912 24978 24978 D DpmFrameAnalyzer: analyze: result status=NO_CODE, code=null, source=null
09-02 11:14:06.915 24978 25317 D DpmFrameAnalyzer: analyze: frame received, format=35, size=640x480, rotation=90
09-02 11:14:06.934 24978 25317 D DpmFrameAnalyzer: analyze: bitmap converted, size=480x640, scanRoi=Rect(67, 147 - 412, 492)
09-02 11:14:06.934 24978 24978 D DpmAnalyzer: analyze: frame=480x640, roi=Rect(67, 147 - 412, 492), focus=FOCUSED, mode=SCAN
09-02 11:14:06.934 24978 24978 D DpmAnalyzer: analyze: THROTTLED by timing gate
09-02 11:14:06.934 24978 24978 D DpmFrameAnalyzer: analyze: result status=THROTTLED, code=null, source=null
09-02 11:14:06.951 24978 25317 D DpmFrameAnalyzer: analyze: frame received, format=35, size=640x480, rotation=90
09-02 11:14:06.968 24978 25317 D DpmFrameAnalyzer: analyze: bitmap converted, size=480x640, scanRoi=Rect(67, 147 - 412, 492)
09-02 11:14:06.969 24978 24978 D DpmAnalyzer: analyze: frame=480x640, roi=Rect(67, 147 - 412, 492), focus=FOCUSED, mode=SCAN
09-02 11:14:06.969 24978 24978 D DpmAnalyzer: analyze: THROTTLED by timing gate
09-02 11:14:06.969 24978 24978 D DpmFrameAnalyzer: analyze: result status=THROTTLED, code=null, source=null
09-02 11:14:06.987 24978 25317 D DpmFrameAnalyzer: analyze: frame received, format=35, size=640x480, rotation=90
09-02 11:14:07.008 24978 25317 D DpmFrameAnalyzer: analyze: bitmap converted, size=480x640, scanRoi=Rect(67, 147 - 412, 492)
09-02 11:14:07.009 24978 24978 D DpmAnalyzer: analyze: frame=480x640, roi=Rect(67, 147 - 412, 492), focus=FOCUSED, mode=SCAN
09-02 11:14:07.009 24978 24978 D DpmAnalyzer: analyze: THROTTLED by timing gate
09-02 11:14:07.009 24978 24978 D DpmFrameAnalyzer: analyze: result status=THROTTLED, code=null, source=null
09-02 11:14:07.030 24978 25317 D DpmFrameAnalyzer: analyze: frame received, format=35, size=640x480, rotation=90
09-02 11:14:07.057 24978 25317 D DpmFrameAnalyzer: analyze: bitmap converted, size=480x640, scanRoi=Rect(67, 147 - 412, 492)
09-02 11:14:07.058 24978 24978 D DpmAnalyzer: analyze: frame=480x640, roi=Rect(67, 147 - 412, 492), focus=FOCUSED, mode=SCAN
09-02 11:14:07.058 24978 24978 D DpmAnalyzer: analyze: THROTTLED by timing gate
09-02 11:14:07.058 24978 24978 D DpmFrameAnalyzer: analyze: result status=THROTTLED, code=null, source=null
09-02 11:14:07.067 24978 25317 D DpmFrameAnalyzer: analyze: frame received, format=35, size=640x480, rotation=90
09-02 11:14:07.090 24978 25317 D DpmFrameAnalyzer: analyze: bitmap converted, size=480x640, scanRoi=Rect(67, 147 - 412, 492)
09-02 11:14:07.090 24978 24978 D DpmAnalyzer: analyze: frame=480x640, roi=Rect(67, 147 - 412, 492), focus=FOCUSED, mode=SCAN
09-02 11:14:07.090 24978 24978 D DpmAnalyzer: analyze: THROTTLED by timing gate
09-02 11:14:07.090 24978 24978 D DpmFrameAnalyzer: analyze: result status=THROTTLED, code=null, source=null
09-02 11:14:07.116 24978 25317 D DpmFrameAnalyzer: analyze: frame received, format=35, size=640x480, rotation=90
09-02 11:14:07.142 24978 25317 D DpmFrameAnalyzer: analyze: bitmap converted, size=480x640, scanRoi=Rect(67, 147 - 412, 492)
09-02 11:14:07.145 24978 24978 D DpmAnalyzer: analyze: frame=480x640, roi=Rect(67, 147 - 412, 492), focus=FOCUSED, mode=SCAN
09-02 11:14:07.145 24978 24978 D DpmAnalyzer: analyze: starting performMultiStrategyDecode
09-02 11:14:07.145 24978 24978 D DpmAnalyzer: performMultiStrategyDecode: frame=480x640, roi=Rect(67, 147 - 412, 492), strategies=1
09-02 11:14:07.154 24978 24978 D DpmAnalyzer: Stage1: ROI 345x345 → scaled 345x345
09-02 11:14:07.165 24978 25317 D DpmFrameAnalyzer: analyze: frame received, format=35, size=640x480, rotation=90
09-02 11:14:07.189 24978 25317 D DpmFrameAnalyzer: analyze: bitmap converted, size=480x640, scanRoi=Rect(67, 147 - 412, 492)
09-02 11:14:07.190 24978 24978 D DpmAnalyzer: analyze: frame=480x640, roi=Rect(67, 147 - 412, 492), focus=FOCUSED, mode=SCAN
09-02 11:14:07.190 24978 24978 D DpmAnalyzer: analyze: THROTTLED (already running)
09-02 11:14:07.190 24978 24978 D DpmFrameAnalyzer: analyze: result status=THROTTLED, code=null, source=null
09-02 11:14:07.191 24978 25317 D DpmFrameAnalyzer: analyze: frame received, format=35, size=640x480, rotation=90
09-02 11:14:07.213 24978 24978 D DpmAnalyzer: Stage1: MISS
09-02 11:14:07.213 24978 24978 D DpmAnalyzer: scanRoi present, skipping full-image stages
09-02 11:14:07.213 24978 24978 D DpmAnalyzer: analyze: decodedCode=null
09-02 11:14:07.213 24978 24978 D DpmFrameAnalyzer: analyze: result status=NO_CODE, code=null, source=null
09-02 11:14:07.215 24978 25317 D DpmFrameAnalyzer: analyze: bitmap converted, size=480x640, scanRoi=Rect(67, 147 - 412, 492)
09-02 11:14:07.216 24978 24978 D DpmAnalyzer: analyze: frame=480x640, roi=Rect(67, 147 - 412, 492), focus=FOCUSED, mode=SCAN
09-02 11:14:07.216 24978 24978 D DpmAnalyzer: analyze: THROTTLED by timing gate
09-02 11:14:07.216 24978 24978 D DpmFrameAnalyzer: analyze: result status=THROTTLED, code=null, source=null
09-02 11:14:07.226 24978 25317 D DpmFrameAnalyzer: analyze: frame received, format=35, size=640x480, rotation=90
09-02 11:14:07.247 24978 25317 D DpmFrameAnalyzer: analyze: bitmap converted, size=480x640, scanRoi=Rect(67, 147 - 412, 492)
09-02 11:14:07.247 24978 24978 D DpmAnalyzer: analyze: frame=480x640, roi=Rect(67, 147 - 412, 492), focus=FOCUSED, mode=SCAN
09-02 11:14:07.247 24978 24978 D DpmAnalyzer: analyze: THROTTLED by timing gate
09-02 11:14:07.247 24978 24978 D DpmFrameAnalyzer: analyze: result status=THROTTLED, code=null, source=null
09-02 11:14:07.265 24978 25317 D DpmFrameAnalyzer: analyze: frame received, format=35, size=640x480, rotation=90
09-02 11:14:07.289 24978 25317 D DpmFrameAnalyzer: analyze: bitmap converted, size=480x640, scanRoi=Rect(67, 147 - 412, 492)
09-02 11:14:07.290 24978 24978 D DpmAnalyzer: analyze: frame=480x640, roi=Rect(67, 147 - 412, 492), focus=FOCUSED, mode=SCAN
09-02 11:14:07.290 24978 24978 D DpmAnalyzer: analyze: THROTTLED by timing gate
09-02 11:14:07.290 24978 24978 D DpmFrameAnalyzer: analyze: result status=THROTTLED, code=null, source=null
09-02 11:14:07.306 24978 25317 D DpmFrameAnalyzer: analyze: frame received, format=35, size=640x480, rotation=90
09-02 11:14:07.329 24978 25317 D DpmFrameAnalyzer: analyze: bitmap converted, size=480x640, scanRoi=Rect(67, 147 - 412, 492)
09-02 11:14:07.329 24978 24978 D DpmAnalyzer: analyze: frame=480x640, roi=Rect(67, 147 - 412, 492), focus=FOCUSED, mode=SCAN
09-02 11:14:07.329 24978 24978 D DpmAnalyzer: analyze: THROTTLED by timing gate
09-02 11:14:07.329 24978 24978 D DpmFrameAnalyzer: analyze: result status=THROTTLED, code=null, source=null
09-02 11:14:07.348 24978 25317 D DpmFrameAnalyzer: analyze: frame received, format=35, size=640x480, rotation=90
09-02 11:14:07.374 24978 25317 D DpmFrameAnalyzer: analyze: bitmap converted, size=480x640, scanRoi=Rect(67, 147 - 412, 492)
09-02 11:14:07.377 24978 24978 D DpmAnalyzer: analyze: frame=480x640, roi=Rect(67, 147 - 412, 492), focus=FOCUSED, mode=SCAN
09-02 11:14:07.377 24978 24978 D DpmAnalyzer: analyze: THROTTLED by timing gate
09-02 11:14:07.377 24978 24978 D DpmFrameAnalyzer: analyze: result status=THROTTLED, code=null, source=null
09-02 11:14:07.384 24978 25317 D DpmFrameAnalyzer: analyze: frame received, format=35, size=640x480, rotation=90
09-02 11:14:07.406 24978 25317 D DpmFrameAnalyzer: analyze: bitmap converted, size=480x640, scanRoi=Rect(67, 147 - 412, 492)
09-02 11:14:07.408 24978 24978 D DpmAnalyzer: analyze: frame=480x640, roi=Rect(67, 147 - 412, 492), focus=FOCUSED, mode=SCAN
09-02 11:14:07.408 24978 24978 D DpmAnalyzer: analyze: THROTTLED by timing gate
09-02 11:14:07.408 24978 24978 D DpmFrameAnalyzer: analyze: result status=THROTTLED, code=null, source=null
09-02 11:14:07.425 24978 25317 D DpmFrameAnalyzer: analyze: frame received, format=35, size=640x480, rotation=90
09-02 11:14:07.449 24978 25317 D DpmFrameAnalyzer: analyze: bitmap converted, size=480x640, scanRoi=Rect(67, 147 - 412, 492)
09-02 11:14:07.449 24978 24978 D DpmAnalyzer: analyze: frame=480x640, roi=Rect(67, 147 - 412, 492), focus=FOCUSED, mode=SCAN
09-02 11:14:07.450 24978 24978 D DpmAnalyzer: analyze: starting performMultiStrategyDecode
09-02 11:14:07.450 24978 24978 D DpmAnalyzer: performMultiStrategyDecode: frame=480x640, roi=Rect(67, 147 - 412, 492), strategies=1
09-02 11:14:07.458 24978 24978 D DpmAnalyzer: Stage1: ROI 345x345 → scaled 345x345
09-02 11:14:07.469 24978 25317 D DpmFrameAnalyzer: analyze: frame received, format=35, size=640x480, rotation=90
09-02 11:14:07.493 24978 25317 D DpmFrameAnalyzer: analyze: bitmap converted, size=480x640, scanRoi=Rect(67, 147 - 412, 492)
09-02 11:14:07.494 24978 24978 D DpmAnalyzer: analyze: frame=480x640, roi=Rect(67, 147 - 412, 492), focus=FOCUSED, mode=SCAN
09-02 11:14:07.494 24978 24978 D DpmAnalyzer: analyze: THROTTLED (already running)
09-02 11:14:07.494 24978 24978 D DpmFrameAnalyzer: analyze: result status=THROTTLED, code=null, source=null
09-02 11:14:07.506 24978 25317 D DpmFrameAnalyzer: analyze: frame received, format=35, size=640x480, rotation=90
09-02 11:14:07.519 24978 24978 D DpmAnalyzer: Stage1: MISS
09-02 11:14:07.519 24978 24978 D DpmAnalyzer: scanRoi present, skipping full-image stages
09-02 11:14:07.519 24978 24978 D DpmAnalyzer: analyze: decodedCode=null
09-02 11:14:07.519 24978 24978 D DpmFrameAnalyzer: analyze: result status=NO_CODE, code=null, source=null
09-02 11:14:07.524 24978 25317 D DpmFrameAnalyzer: analyze: bitmap converted, size=480x640, scanRoi=Rect(67, 147 - 412, 492)
09-02 11:14:07.524 24978 24978 D DpmAnalyzer: analyze: frame=480x640, roi=Rect(67, 147 - 412, 492), focus=FOCUSED, mode=SCAN
09-02 11:14:07.524 24978 24978 D DpmAnalyzer: analyze: THROTTLED by timing gate
09-02 11:14:07.524 24978 24978 D DpmFrameAnalyzer: analyze: result status=THROTTLED, code=null, source=null
09-02 11:14:07.539 24978 25317 D DpmFrameAnalyzer: analyze: frame received, format=35, size=640x480, rotation=90
09-02 11:14:07.559 24978 25317 D DpmFrameAnalyzer: analyze: bitmap converted, size=480x640, scanRoi=Rect(67, 147 - 412, 492)
09-02 11:14:07.559 24978 24978 D DpmAnalyzer: analyze: frame=480x640, roi=Rect(67, 147 - 412, 492), focus=FOCUSED, mode=SCAN
09-02 11:14:07.559 24978 24978 D DpmAnalyzer: analyze: THROTTLED by timing gate
09-02 11:14:07.559 24978 24978 D DpmFrameAnalyzer: analyze: result status=THROTTLED, code=null, source=null
09-02 11:14:07.581 24978 25317 D DpmFrameAnalyzer: analyze: frame received, format=35, size=640x480, rotation=90
09-02 11:14:07.598 24978 25317 D DpmFrameAnalyzer: analyze: bitmap converted, size=480x640, scanRoi=Rect(67, 147 - 412, 492)
09-02 11:14:07.598 24978 24978 D DpmAnalyzer: analyze: frame=480x640, roi=Rect(67, 147 - 412, 492), focus=FOCUSED, mode=SCAN
09-02 11:14:07.599 24978 24978 D DpmAnalyzer: analyze: THROTTLED by timing gate
09-02 11:14:07.599 24978 24978 D DpmFrameAnalyzer: analyze: result status=THROTTLED, code=null, source=null
09-02 11:14:07.616 24978 25317 D DpmFrameAnalyzer: analyze: frame received, format=35, size=640x480, rotation=90
09-02 11:14:07.634 24978 25317 D DpmFrameAnalyzer: analyze: bitmap converted, size=480x640, scanRoi=Rect(67, 147 - 412, 492)
09-02 11:14:07.634 24978 24978 D DpmAnalyzer: analyze: frame=480x640, roi=Rect(67, 147 - 412, 492), focus=FOCUSED, mode=SCAN
09-02 11:14:07.634 24978 24978 D DpmAnalyzer: analyze: THROTTLED by timing gate
09-02 11:14:07.634 24978 24978 D DpmFrameAnalyzer: analyze: result status=THROTTLED, code=null, source=null
09-02 11:14:07.657 24978 25317 D DpmFrameAnalyzer: analyze: frame received, format=35, size=640x480, rotation=90
09-02 11:14:07.676 24978 25317 D DpmFrameAnalyzer: analyze: bitmap converted, size=480x640, scanRoi=Rect(67, 147 - 412, 492)
09-02 11:14:07.676 24978 24978 D DpmAnalyzer: analyze: frame=480x640, roi=Rect(67, 147 - 412, 492), focus=FOCUSED, mode=SCAN
09-02 11:14:07.676 24978 24978 D DpmAnalyzer: analyze: THROTTLED by timing gate
09-02 11:14:07.676 24978 24978 D DpmFrameAnalyzer: analyze: result status=THROTTLED, code=null, source=null
09-02 11:14:07.696 24978 25317 D DpmFrameAnalyzer: analyze: frame received, format=35, size=640x480, rotation=90
09-02 11:14:07.715 24978 25317 D DpmFrameAnalyzer: analyze: bitmap converted, size=480x640, scanRoi=Rect(67, 147 - 412, 492)
09-02 11:14:07.715 24978 24978 D DpmAnalyzer: analyze: frame=480x640, roi=Rect(67, 147 - 412, 492), focus=FOCUSED, mode=SCAN
09-02 11:14:07.715 24978 24978 D DpmAnalyzer: analyze: THROTTLED by timing gate
09-02 11:14:07.715 24978 24978 D DpmFrameAnalyzer: analyze: result status=THROTTLED, code=null, source=null
09-02 11:14:07.737 24978 25317 D DpmFrameAnalyzer: analyze: frame received, format=35, size=640x480, rotation=90
09-02 11:14:07.755 24978 25317 D DpmFrameAnalyzer: analyze: bitmap converted, size=480x640, scanRoi=Rect(67, 147 - 412, 492)
09-02 11:14:07.756 24978 24978 D DpmAnalyzer: analyze: frame=480x640, roi=Rect(67, 147 - 412, 492), focus=FOCUSED, mode=SCAN
09-02 11:14:07.756 24978 24978 D DpmAnalyzer: analyze: starting performMultiStrategyDecode
09-02 11:14:07.756 24978 24978 D DpmAnalyzer: performMultiStrategyDecode: frame=480x640, roi=Rect(67, 147 - 412, 492), strategies=1
09-02 11:14:07.758 24978 24978 D DpmAnalyzer: Stage1: ROI 345x345 → scaled 345x345
09-02 11:14:07.780 24978 25317 D DpmFrameAnalyzer: analyze: frame received, format=35, size=640x480, rotation=90
09-02 11:14:07.799 24978 24978 D DpmAnalyzer: Stage1: MISS
09-02 11:14:07.799 24978 24978 D DpmAnalyzer: scanRoi present, skipping full-image stages
09-02 11:14:07.799 24978 24978 D DpmAnalyzer: analyze: decodedCode=null
09-02 11:14:07.799 24978 24978 D DpmFrameAnalyzer: analyze: result status=NO_CODE, code=null, source=null
09-02 11:14:07.801 24978 25317 D DpmFrameAnalyzer: analyze: bitmap converted, size=480x640, scanRoi=Rect(67, 147 - 412, 492)
09-02 11:14:07.801 24978 24978 D DpmAnalyzer: analyze: frame=480x640, roi=Rect(67, 147 - 412, 492), focus=FOCUSED, mode=SCAN
09-02 11:14:07.801 24978 24978 D DpmAnalyzer: analyze: THROTTLED by timing gate
09-02 11:14:07.801 24978 24978 D DpmFrameAnalyzer: analyze: result status=THROTTLED, code=null, source=null
09-02 11:14:07.814 24978 25317 D DpmFrameAnalyzer: analyze: frame received, format=35, size=640x480, rotation=90
09-02 11:14:07.835 24978 25317 D DpmFrameAnalyzer: analyze: bitmap converted, size=480x640, scanRoi=Rect(67, 147 - 412, 492)
09-02 11:14:07.836 24978 24978 D DpmAnalyzer: analyze: frame=480x640, roi=Rect(67, 147 - 412, 492), focus=FOCUSED, mode=SCAN
09-02 11:14:07.836 24978 24978 D DpmAnalyzer: analyze: THROTTLED by timing gate
09-02 11:14:07.836 24978 24978 D DpmFrameAnalyzer: analyze: result status=THROTTLED, code=null, source=null
09-02 11:14:07.850 24978 25317 D DpmFrameAnalyzer: analyze: frame received, format=35, size=640x480, rotation=90
09-02 11:14:07.872 24978 25317 D DpmFrameAnalyzer: analyze: bitmap converted, size=480x640, scanRoi=Rect(67, 147 - 412, 492)
09-02 11:14:07.874 24978 24978 D DpmAnalyzer: analyze: frame=480x640, roi=Rect(67, 147 - 412, 492), focus=FOCUSED, mode=SCAN
09-02 11:14:07.874 24978 24978 D DpmAnalyzer: analyze: THROTTLED by timing gate
09-02 11:14:07.874 24978 24978 D DpmFrameAnalyzer: analyze: result status=THROTTLED, code=null, source=null
09-02 11:14:07.896 24978 25317 D DpmFrameAnalyzer: analyze: frame received, format=35, size=640x480, rotation=90
09-02 11:14:07.920 24978 25317 D DpmFrameAnalyzer: analyze: bitmap converted, size=480x640, scanRoi=Rect(67, 147 - 412, 492)
09-02 11:14:07.922 24978 24978 D DpmAnalyzer: analyze: frame=480x640, roi=Rect(67, 147 - 412, 492), focus=FOCUSED, mode=SCAN
09-02 11:14:07.922 24978 24978 D DpmAnalyzer: analyze: THROTTLED by timing gate
09-02 11:14:07.922 24978 24978 D DpmFrameAnalyzer: analyze: result status=THROTTLED, code=null, source=null
09-02 11:14:07.928 24978 25317 D DpmFrameAnalyzer: analyze: frame received, format=35, size=640x480, rotation=90
09-02 11:14:07.950 24978 25317 D DpmFrameAnalyzer: analyze: bitmap converted, size=480x640, scanRoi=Rect(67, 147 - 412, 492)
09-02 11:14:07.951 24978 24978 D DpmAnalyzer: analyze: frame=480x640, roi=Rect(67, 147 - 412, 492), focus=FOCUSED, mode=SCAN
09-02 11:14:07.951 24978 24978 D DpmAnalyzer: analyze: THROTTLED by timing gate
09-02 11:14:07.951 24978 24978 D DpmFrameAnalyzer: analyze: result status=THROTTLED, code=null, source=null
09-02 11:14:07.968 24978 25317 D DpmFrameAnalyzer: analyze: frame received, format=35, size=640x480, rotation=90
09-02 11:14:07.991 24978 25317 D DpmFrameAnalyzer: analyze: bitmap converted, size=480x640, scanRoi=Rect(67, 147 - 412, 492)
09-02 11:14:07.992 24978 24978 D DpmAnalyzer: analyze: frame=480x640, roi=Rect(67, 147 - 412, 492), focus=FOCUSED, mode=SCAN
09-02 11:14:07.992 24978 24978 D DpmAnalyzer: analyze: THROTTLED by timing gate
09-02 11:14:07.992 24978 24978 D DpmFrameAnalyzer: analyze: result status=THROTTLED, code=null, source=null
09-02 11:14:08.011 24978 25317 D DpmFrameAnalyzer: analyze: frame received, format=35, size=640x480, rotation=90
09-02 11:14:08.039 24978 25317 D DpmFrameAnalyzer: analyze: bitmap converted, size=480x640, scanRoi=Rect(67, 147 - 412, 492)
09-02 11:14:08.040 24978 24978 D DpmAnalyzer: analyze: frame=480x640, roi=Rect(67, 147 - 412, 492), focus=FOCUSED, mode=SCAN
09-02 11:14:08.040 24978 24978 D DpmAnalyzer: analyze: starting performMultiStrategyDecode
09-02 11:14:08.040 24978 24978 D DpmAnalyzer: performMultiStrategyDecode: frame=480x640, roi=Rect(67, 147 - 412, 492), strategies=1
09-02 11:14:08.042 24978 24978 D DpmAnalyzer: Stage1: ROI 345x345 → scaled 345x345
09-02 11:14:08.064 24978 25317 D DpmFrameAnalyzer: analyze: frame received, format=35, size=640x480, rotation=90
09-02 11:14:08.087 24978 25317 D DpmFrameAnalyzer: analyze: bitmap converted, size=480x640, scanRoi=Rect(67, 147 - 412, 492)
09-02 11:14:08.087 24978 24978 D DpmAnalyzer: analyze: frame=480x640, roi=Rect(67, 147 - 412, 492), focus=FOCUSED, mode=SCAN
09-02 11:14:08.087 24978 24978 D DpmAnalyzer: analyze: THROTTLED (already running)
09-02 11:14:08.087 24978 24978 D DpmFrameAnalyzer: analyze: result status=THROTTLED, code=null, source=null
09-02 11:14:08.095 24978 25317 D DpmFrameAnalyzer: analyze: frame received, format=35, size=640x480, rotation=90
09-02 11:14:08.105 24978 24978 D DpmAnalyzer: Stage1: MISS
09-02 11:14:08.105 24978 24978 D DpmAnalyzer: scanRoi present, skipping full-image stages
09-02 11:14:08.105 24978 24978 D DpmAnalyzer: analyze: decodedCode=null
09-02 11:14:08.105 24978 24978 D DpmFrameAnalyzer: analyze: result status=NO_CODE, code=null, source=null
09-02 11:14:08.110 24978 25317 D DpmFrameAnalyzer: analyze: bitmap converted, size=480x640, scanRoi=Rect(67, 147 - 412, 492)
09-02 11:14:08.111 24978 24978 D DpmAnalyzer: analyze: frame=480x640, roi=Rect(67, 147 - 412, 492), focus=FOCUSED, mode=SCAN
09-02 11:14:08.111 24978 24978 D DpmAnalyzer: analyze: THROTTLED by timing gate
09-02 11:14:08.111 24978 24978 D DpmFrameAnalyzer: analyze: result status=THROTTLED, code=null, source=null
09-02 11:14:08.127 24978 25317 D DpmFrameAnalyzer: analyze: frame received, format=35, size=640x480, rotation=90
09-02 11:14:08.145 24978 25317 D DpmFrameAnalyzer: analyze: bitmap converted, size=480x640, scanRoi=Rect(67, 147 - 412, 492)
09-02 11:14:08.145 24978 24978 D DpmAnalyzer: analyze: frame=480x640, roi=Rect(67, 147 - 412, 492), focus=FOCUSED, mode=SCAN
09-02 11:14:08.145 24978 24978 D DpmAnalyzer: analyze: THROTTLED by timing gate
09-02 11:14:08.145 24978 24978 D DpmFrameAnalyzer: analyze: result status=THROTTLED, code=null, source=null
09-02 11:14:08.167 24978 25317 D DpmFrameAnalyzer: analyze: frame received, format=35, size=640x480, rotation=90
09-02 11:14:08.191 24978 25317 D DpmFrameAnalyzer: analyze: bitmap converted, size=480x640, scanRoi=Rect(67, 147 - 412, 492)
09-02 11:14:08.191 24978 24978 D DpmAnalyzer: analyze: frame=480x640, roi=Rect(67, 147 - 412, 492), focus=FOCUSED, mode=SCAN
09-02 11:14:08.191 24978 24978 D DpmAnalyzer: analyze: THROTTLED by timing gate
09-02 11:14:08.191 24978 24978 D DpmFrameAnalyzer: analyze: result status=THROTTLED, code=null, source=null
09-02 11:14:08.201 24978 25317 D DpmFrameAnalyzer: analyze: frame received, format=35, size=640x480, rotation=90
09-02 11:14:08.227 24978 25317 D DpmFrameAnalyzer: analyze: bitmap converted, size=480x640, scanRoi=Rect(67, 147 - 412, 492)
09-02 11:14:08.228 24978 24978 D DpmAnalyzer: analyze: frame=480x640, roi=Rect(67, 147 - 412, 492), focus=FOCUSED, mode=SCAN
09-02 11:14:08.228 24978 24978 D DpmAnalyzer: analyze: THROTTLED by timing gate
09-02 11:14:08.228 24978 24978 D DpmFrameAnalyzer: analyze: result status=THROTTLED, code=null, source=null
09-02 11:14:08.248 24978 25317 D DpmFrameAnalyzer: analyze: frame received, format=35, size=640x480, rotation=90
09-02 11:14:08.275 24978 25317 D DpmFrameAnalyzer: analyze: bitmap converted, size=480x640, scanRoi=Rect(67, 147 - 412, 492)
09-02 11:14:08.275 24978 24978 D DpmAnalyzer: analyze: frame=480x640, roi=Rect(67, 147 - 412, 492), focus=FOCUSED, mode=SCAN
09-02 11:14:08.275 24978 24978 D DpmAnalyzer: analyze: THROTTLED by timing gate
09-02 11:14:08.275 24978 24978 D DpmFrameAnalyzer: analyze: result status=THROTTLED, code=null, source=null
09-02 11:14:08.287 24978 25317 D DpmFrameAnalyzer: analyze: frame received, format=35, size=640x480, rotation=90
09-02 11:14:08.312 24978 25317 D DpmFrameAnalyzer: analyze: bitmap converted, size=480x640, scanRoi=Rect(67, 147 - 412, 492)
09-02 11:14:08.312 24978 24978 D DpmAnalyzer: analyze: frame=480x640, roi=Rect(67, 147 - 412, 492), focus=FOCUSED, mode=SCAN
09-02 11:14:08.312 24978 24978 D DpmAnalyzer: analyze: starting performMultiStrategyDecode
09-02 11:14:08.313 24978 24978 D DpmAnalyzer: performMultiStrategyDecode: frame=480x640, roi=Rect(67, 147 - 412, 492), strategies=1
09-02 11:14:08.318 24978 24978 D DpmAnalyzer: Stage1: ROI 345x345 → scaled 345x345
09-02 11:14:08.344 24978 25317 D DpmFrameAnalyzer: analyze: frame received, format=35, size=640x480, rotation=90
09-02 11:14:08.376 24978 25317 D DpmFrameAnalyzer: analyze: bitmap converted, size=480x640, scanRoi=Rect(67, 147 - 412, 492)
09-02 11:14:08.376 24978 25317 D DpmFrameAnalyzer: analyze: frame received, format=35, size=640x480, rotation=90
09-02 11:14:08.377 24978 24978 D DpmAnalyzer: analyze: frame=480x640, roi=Rect(67, 147 - 412, 492), focus=FOCUSED, mode=SCAN
09-02 11:14:08.377 24978 24978 D DpmAnalyzer: analyze: THROTTLED (already running)
09-02 11:14:08.377 24978 24978 D DpmFrameAnalyzer: analyze: result status=THROTTLED, code=null, source=null
09-02 11:14:08.387 24978 24978 D DpmAnalyzer: Stage1: MISS
09-02 11:14:08.387 24978 24978 D DpmAnalyzer: scanRoi present, skipping full-image stages
09-02 11:14:08.387 24978 24978 D DpmAnalyzer: analyze: decodedCode=null
09-02 11:14:08.387 24978 24978 D DpmFrameAnalyzer: analyze: result status=NO_CODE, code=null, source=null
09-02 11:14:08.395 24978 25317 D DpmFrameAnalyzer: analyze: bitmap converted, size=480x640, scanRoi=Rect(67, 147 - 412, 492)
09-02 11:14:08.396 24978 24978 D DpmAnalyzer: analyze: frame=480x640, roi=Rect(67, 147 - 412, 492), focus=FOCUSED, mode=SCAN
09-02 11:14:08.396 24978 24978 D DpmAnalyzer: analyze: THROTTLED by timing gate
09-02 11:14:08.396 24978 24978 D DpmFrameAnalyzer: analyze: result status=THROTTLED, code=null, source=null
09-02 11:14:08.402 24978 25317 D DpmFrameAnalyzer: analyze: frame received, format=35, size=640x480, rotation=90
09-02 11:14:08.419 24978 25317 D DpmFrameAnalyzer: analyze: bitmap converted, size=480x640, scanRoi=Rect(67, 147 - 412, 492)
09-02 11:14:08.420 24978 24978 D DpmAnalyzer: analyze: frame=480x640, roi=Rect(67, 147 - 412, 492), focus=FOCUSED, mode=SCAN
09-02 11:14:08.420 24978 24978 D DpmAnalyzer: analyze: THROTTLED by timing gate
09-02 11:14:08.420 24978 24978 D DpmFrameAnalyzer: analyze: result status=THROTTLED, code=null, source=null
09-02 11:14:08.443 24978 25317 D DpmFrameAnalyzer: analyze: frame received, format=35, size=640x480, rotation=90
09-02 11:14:08.462 24978 25317 D DpmFrameAnalyzer: analyze: bitmap converted, size=480x640, scanRoi=Rect(67, 147 - 412, 492)
09-02 11:14:08.462 24978 24978 D DpmAnalyzer: analyze: frame=480x640, roi=Rect(67, 147 - 412, 492), focus=FOCUSED, mode=SCAN
09-02 11:14:08.462 24978 24978 D DpmAnalyzer: analyze: THROTTLED by timing gate
09-02 11:14:08.462 24978 24978 D DpmFrameAnalyzer: analyze: result status=THROTTLED, code=null, source=null
09-02 11:14:08.483 24978 25317 D DpmFrameAnalyzer: analyze: frame received, format=35, size=640x480, rotation=90
09-02 11:14:08.504 24978 25317 D DpmFrameAnalyzer: analyze: bitmap converted, size=480x640, scanRoi=Rect(67, 147 - 412, 492)
09-02 11:14:08.506 24978 24978 D DpmAnalyzer: analyze: frame=480x640, roi=Rect(67, 147 - 412, 492), focus=FOCUSED, mode=SCAN
09-02 11:14:08.506 24978 24978 D DpmAnalyzer: analyze: THROTTLED by timing gate
09-02 11:14:08.506 24978 24978 D DpmFrameAnalyzer: analyze: result status=THROTTLED, code=null, source=null
09-02 11:14:08.523 24978 25317 D DpmFrameAnalyzer: analyze: frame received, format=35, size=640x480, rotation=90
09-02 11:14:08.543 24978 25317 D DpmFrameAnalyzer: analyze: bitmap converted, size=480x640, scanRoi=Rect(67, 147 - 412, 492)
09-02 11:14:08.544 24978 24978 D DpmAnalyzer: analyze: frame=480x640, roi=Rect(67, 147 - 412, 492), focus=FOCUSED, mode=SCAN
09-02 11:14:08.544 24978 24978 D DpmAnalyzer: analyze: THROTTLED by timing gate
09-02 11:14:08.544 24978 24978 D DpmFrameAnalyzer: analyze: result status=THROTTLED, code=null, source=null
09-02 11:14:08.565 24978 25317 D DpmFrameAnalyzer: analyze: frame received, format=35, size=640x480, rotation=90
09-02 11:14:08.587 24978 25317 D DpmFrameAnalyzer: analyze: bitmap converted, size=480x640, scanRoi=Rect(67, 147 - 412, 492)
09-02 11:14:08.588 24978 24978 D DpmAnalyzer: analyze: frame=480x640, roi=Rect(67, 147 - 412, 492), focus=FOCUSED, mode=SCAN
09-02 11:14:08.588 24978 24978 D DpmAnalyzer: analyze: starting performMultiStrategyDecode
09-02 11:14:08.588 24978 24978 D DpmAnalyzer: performMultiStrategyDecode: frame=480x640, roi=Rect(67, 147 - 412, 492), strategies=1
09-02 11:14:08.590 24978 24978 D DpmAnalyzer: Stage1: ROI 345x345 → scaled 345x345
09-02 11:14:08.602 24978 25317 D DpmFrameAnalyzer: analyze: frame received, format=35, size=640x480, rotation=90
09-02 11:14:08.622 24978 25317 D DpmFrameAnalyzer: analyze: bitmap converted, size=480x640, scanRoi=Rect(67, 147 - 412, 492)
09-02 11:14:08.624 24978 24978 D DpmAnalyzer: analyze: frame=480x640, roi=Rect(67, 147 - 412, 492), focus=FOCUSED, mode=SCAN
09-02 11:14:08.624 24978 24978 D DpmAnalyzer: analyze: THROTTLED (already running)
09-02 11:14:08.624 24978 24978 D DpmFrameAnalyzer: analyze: result status=THROTTLED, code=null, source=null
09-02 11:14:08.636 24978 24978 D DpmAnalyzer: Stage1: MISS
09-02 11:14:08.637 24978 24978 D DpmAnalyzer: scanRoi present, skipping full-image stages
09-02 11:14:08.637 24978 24978 D DpmAnalyzer: analyze: decodedCode=null
09-02 11:14:08.637 24978 24978 D DpmFrameAnalyzer: analyze: result status=NO_CODE, code=null, source=null
09-02 11:14:08.643 24978 25317 D DpmFrameAnalyzer: analyze: frame received, format=35, size=640x480, rotation=90
09-02 11:14:08.664 24978 25317 D DpmFrameAnalyzer: analyze: bitmap converted, size=480x640, scanRoi=Rect(67, 147 - 412, 492)
09-02 11:14:08.664 24978 24978 D DpmAnalyzer: analyze: frame=480x640, roi=Rect(67, 147 - 412, 492), focus=FOCUSED, mode=SCAN
09-02 11:14:08.664 24978 24978 D DpmAnalyzer: analyze: THROTTLED by timing gate
09-02 11:14:08.664 24978 24978 D DpmFrameAnalyzer: analyze: result status=THROTTLED, code=null, source=null
09-02 11:14:08.681 24978 25317 D DpmFrameAnalyzer: analyze: frame received, format=35, size=640x480, rotation=90
09-02 11:14:08.704 24978 25317 D DpmFrameAnalyzer: analyze: bitmap converted, size=480x640, scanRoi=Rect(67, 147 - 412, 492)
09-02 11:14:08.705 24978 24978 D DpmAnalyzer: analyze: frame=480x640, roi=Rect(67, 147 - 412, 492), focus=FOCUSED, mode=SCAN
09-02 11:14:08.705 24978 24978 D DpmAnalyzer: analyze: THROTTLED by timing gate
09-02 11:14:08.705 24978 24978 D DpmFrameAnalyzer: analyze: result status=THROTTLED, code=null, source=null
09-02 11:14:08.720 24978 25317 D DpmFrameAnalyzer: analyze: frame received, format=35, size=640x480, rotation=90
09-02 11:14:08.744 24978 25317 D DpmFrameAnalyzer: analyze: bitmap converted, size=480x640, scanRoi=Rect(67, 147 - 412, 492)
09-02 11:14:08.744 24978 24978 D DpmAnalyzer: analyze: frame=480x640, roi=Rect(67, 147 - 412, 492), focus=FOCUSED, mode=SCAN
09-02 11:14:08.744 24978 24978 D DpmAnalyzer: analyze: THROTTLED by timing gate
09-02 11:14:08.744 24978 24978 D DpmFrameAnalyzer: analyze: result status=THROTTLED, code=null, source=null
09-02 11:14:08.757 24978 25317 D DpmFrameAnalyzer: analyze: frame received, format=35, size=640x480, rotation=90
09-02 11:14:08.780 24978 25317 D DpmFrameAnalyzer: analyze: bitmap converted, size=480x640, scanRoi=Rect(67, 147 - 412, 492)
09-02 11:14:08.780 24978 24978 D DpmAnalyzer: analyze: frame=480x640, roi=Rect(67, 147 - 412, 492), focus=FOCUSED, mode=SCAN
09-02 11:14:08.780 24978 24978 D DpmAnalyzer: analyze: THROTTLED by timing gate
09-02 11:14:08.780 24978 24978 D DpmFrameAnalyzer: analyze: result status=THROTTLED, code=null, source=null
09-02 11:14:08.802 24978 25317 D DpmFrameAnalyzer: analyze: frame received, format=35, size=640x480, rotation=90
09-02 11:14:08.825 24978 25317 D DpmFrameAnalyzer: analyze: bitmap converted, size=480x640, scanRoi=Rect(67, 147 - 412, 492)
09-02 11:14:08.826 24978 24978 D DpmAnalyzer: analyze: frame=480x640, roi=Rect(67, 147 - 412, 492), focus=FOCUSED, mode=SCAN
09-02 11:14:08.826 24978 24978 D DpmAnalyzer: analyze: THROTTLED by timing gate
09-02 11:14:08.826 24978 24978 D DpmFrameAnalyzer: analyze: result status=THROTTLED, code=null, source=null
09-02 11:14:08.840 24978 25317 D DpmFrameAnalyzer: analyze: frame received, format=35, size=640x480, rotation=90
09-02 11:14:08.862 24978 25317 D DpmFrameAnalyzer: analyze: bitmap converted, size=480x640, scanRoi=Rect(67, 147 - 412, 492)
09-02 11:14:08.862 24978 24978 D DpmAnalyzer: analyze: frame=480x640, roi=Rect(67, 147 - 412, 492), focus=FOCUSED, mode=SCAN
09-02 11:14:08.862 24978 24978 D DpmAnalyzer: analyze: starting performMultiStrategyDecode
09-02 11:14:08.862 24978 24978 D DpmAnalyzer: performMultiStrategyDecode: frame=480x640, roi=Rect(67, 147 - 412, 492), strategies=1
09-02 11:14:08.866 24978 24978 D DpmAnalyzer: Stage1: ROI 345x345 → scaled 345x345
09-02 11:14:08.876 24978 25317 D DpmFrameAnalyzer: analyze: frame received, format=35, size=640x480, rotation=90
09-02 11:14:08.895 24978 25317 D DpmFrameAnalyzer: analyze: bitmap converted, size=480x640, scanRoi=Rect(67, 147 - 412, 492)
09-02 11:14:08.895 24978 24978 D DpmAnalyzer: analyze: frame=480x640, roi=Rect(67, 147 - 412, 492), focus=FOCUSED, mode=SCAN
09-02 11:14:08.895 24978 24978 D DpmAnalyzer: analyze: THROTTLED (already running)
09-02 11:14:08.895 24978 24978 D DpmFrameAnalyzer: analyze: result status=THROTTLED, code=null, source=null
09-02 11:14:08.915 24978 25317 D DpmFrameAnalyzer: analyze: frame received, format=35, size=640x480, rotation=90
09-02 11:14:08.920 24978 24978 D DpmAnalyzer: Stage1: MISS
09-02 11:14:08.920 24978 24978 D DpmAnalyzer: scanRoi present, skipping full-image stages
09-02 11:14:08.920 24978 24978 D DpmAnalyzer: analyze: decodedCode=null
09-02 11:14:08.920 24978 24978 D DpmFrameAnalyzer: analyze: result status=NO_CODE, code=null, source=null
09-02 11:14:08.933 24978 25317 D DpmFrameAnalyzer: analyze: bitmap converted, size=480x640, scanRoi=Rect(67, 147 - 412, 492)
09-02 11:14:08.933 24978 24978 D DpmAnalyzer: analyze: frame=480x640, roi=Rect(67, 147 - 412, 492), focus=FOCUSED, mode=SCAN
09-02 11:14:08.933 24978 24978 D DpmAnalyzer: analyze: THROTTLED by timing gate
09-02 11:14:08.933 24978 24978 D DpmFrameAnalyzer: analyze: result status=THROTTLED, code=null, source=null
09-02 11:14:08.949 24978 25317 D DpmFrameAnalyzer: analyze: frame received, format=35, size=640x480, rotation=90
09-02 11:14:08.967 24978 25317 D DpmFrameAnalyzer: analyze: bitmap converted, size=480x640, scanRoi=Rect(67, 147 - 412, 492)
09-02 11:14:08.967 24978 24978 D DpmAnalyzer: analyze: frame=480x640, roi=Rect(67, 147 - 412, 492), focus=FOCUSED, mode=SCAN
09-02 11:14:08.967 24978 24978 D DpmAnalyzer: analyze: THROTTLED by timing gate
09-02 11:14:08.967 24978 24978 D DpmFrameAnalyzer: analyze: result status=THROTTLED, code=null, source=null
09-02 11:14:08.995 24978 25317 D DpmFrameAnalyzer: analyze: frame received, format=35, size=640x480, rotation=90
09-02 11:14:09.017 24978 25317 D DpmFrameAnalyzer: analyze: bitmap converted, size=480x640, scanRoi=Rect(67, 147 - 412, 492)
09-02 11:14:09.017 24978 24978 D DpmAnalyzer: analyze: frame=480x640, roi=Rect(67, 147 - 412, 492), focus=FOCUSED, mode=SCAN
09-02 11:14:09.017 24978 24978 D DpmAnalyzer: analyze: THROTTLED by timing gate
09-02 11:14:09.017 24978 24978 D DpmFrameAnalyzer: analyze: result status=THROTTLED, code=null, source=null
09-02 11:14:09.042 24978 25317 D DpmFrameAnalyzer: analyze: frame received, format=35, size=640x480, rotation=90
09-02 11:14:09.077 24978 25317 D DpmFrameAnalyzer: analyze: bitmap converted, size=480x640, scanRoi=Rect(67, 147 - 412, 492)
09-02 11:14:09.079 24978 24978 D DpmAnalyzer: analyze: frame=480x640, roi=Rect(67, 147 - 412, 492), focus=FOCUSED, mode=SCAN
09-02 11:14:09.079 24978 24978 D DpmAnalyzer: analyze: THROTTLED by timing gate
09-02 11:14:09.079 24978 24978 D DpmFrameAnalyzer: analyze: result status=THROTTLED, code=null, source=null
09-02 11:14:09.084 24978 25317 D DpmFrameAnalyzer: analyze: frame received, format=35, size=640x480, rotation=90
09-02 11:14:09.115 24978 25317 D DpmFrameAnalyzer: analyze: bitmap converted, size=480x640, scanRoi=Rect(67, 147 - 412, 492)
09-02 11:14:09.116 24978 24978 D DpmAnalyzer: analyze: frame=480x640, roi=Rect(67, 147 - 412, 492), focus=FOCUSED, mode=SCAN
09-02 11:14:09.116 24978 24978 D DpmAnalyzer: analyze: THROTTLED by timing gate
09-02 11:14:09.116 24978 24978 D DpmFrameAnalyzer: analyze: result status=THROTTLED, code=null, source=null
09-02 11:14:09.120 24978 25317 D DpmFrameAnalyzer: analyze: frame received, format=35, size=640x480, rotation=90
09-02 11:14:09.144 24978 25317 D DpmFrameAnalyzer: analyze: bitmap converted, size=480x640, scanRoi=Rect(67, 147 - 412, 492)
09-02 11:14:09.144 24978 24978 D DpmAnalyzer: analyze: frame=480x640, roi=Rect(67, 147 - 412, 492), focus=FOCUSED, mode=SCAN
09-02 11:14:09.144 24978 24978 D DpmAnalyzer: analyze: starting performMultiStrategyDecode
09-02 11:14:09.144 24978 24978 D DpmAnalyzer: performMultiStrategyDecode: frame=480x640, roi=Rect(67, 147 - 412, 492), strategies=1
09-02 11:14:09.148 24978 24978 D DpmAnalyzer: Stage1: ROI 345x345 → scaled 345x345
09-02 11:14:09.161 24978 25317 D DpmFrameAnalyzer: analyze: frame received, format=35, size=640x480, rotation=90
09-02 11:14:09.181 24978 25317 D DpmFrameAnalyzer: analyze: bitmap converted, size=480x640, scanRoi=Rect(67, 147 - 412, 492)
09-02 11:14:09.181 24978 24978 D DpmAnalyzer: analyze: frame=480x640, roi=Rect(67, 147 - 412, 492), focus=FOCUSED, mode=SCAN
09-02 11:14:09.181 24978 24978 D DpmAnalyzer: analyze: THROTTLED (already running)
09-02 11:14:09.181 24978 24978 D DpmFrameAnalyzer: analyze: result status=THROTTLED, code=null, source=null
09-02 11:14:09.190 24978 25317 D DpmFrameAnalyzer: analyze: frame received, format=35, size=640x480, rotation=90
09-02 11:14:09.201 24978 24978 D DpmAnalyzer: Stage1: MISS
09-02 11:14:09.201 24978 24978 D DpmAnalyzer: scanRoi present, skipping full-image stages
09-02 11:14:09.201 24978 24978 D DpmAnalyzer: analyze: decodedCode=null
09-02 11:14:09.202 24978 24978 D DpmFrameAnalyzer: analyze: result status=NO_CODE, code=null, source=null
09-02 11:14:09.210 24978 25317 D DpmFrameAnalyzer: analyze: bitmap converted, size=480x640, scanRoi=Rect(67, 147 - 412, 492)
09-02 11:14:09.210 24978 24978 D DpmAnalyzer: analyze: frame=480x640, roi=Rect(67, 147 - 412, 492), focus=FOCUSED, mode=SCAN
09-02 11:14:09.210 24978 24978 D DpmAnalyzer: analyze: THROTTLED by timing gate
09-02 11:14:09.210 24978 24978 D DpmFrameAnalyzer: analyze: result status=THROTTLED, code=null, source=null
09-02 11:14:09.231 24978 25317 D DpmFrameAnalyzer: analyze: frame received, format=35, size=640x480, rotation=90
09-02 11:14:09.252 24978 25317 D DpmFrameAnalyzer: analyze: bitmap converted, size=480x640, scanRoi=Rect(67, 147 - 412, 492)
09-02 11:14:09.252 24978 24978 D DpmAnalyzer: analyze: frame=480x640, roi=Rect(67, 147 - 412, 492), focus=FOCUSED, mode=SCAN
09-02 11:14:09.253 24978 24978 D DpmAnalyzer: analyze: THROTTLED by timing gate
09-02 11:14:09.253 24978 24978 D DpmFrameAnalyzer: analyze: result status=THROTTLED, code=null, source=null
09-02 11:14:09.261 24978 25317 D DpmFrameAnalyzer: analyze: frame received, format=35, size=640x480, rotation=90
09-02 11:14:09.280 24978 25317 D DpmFrameAnalyzer: analyze: bitmap converted, size=480x640, scanRoi=Rect(67, 147 - 412, 492)
09-02 11:14:09.281 24978 24978 D DpmAnalyzer: analyze: frame=480x640, roi=Rect(67, 147 - 412, 492), focus=FOCUSED, mode=SCAN
09-02 11:14:09.281 24978 24978 D DpmAnalyzer: analyze: THROTTLED by timing gate
09-02 11:14:09.281 24978 24978 D DpmFrameAnalyzer: analyze: result status=THROTTLED, code=null, source=null
09-02 11:14:09.312 24978 25317 D DpmFrameAnalyzer: analyze: frame received, format=35, size=640x480, rotation=90
09-02 11:14:09.338 24978 25317 D DpmFrameAnalyzer: analyze: bitmap converted, size=480x640, scanRoi=Rect(67, 147 - 412, 492)
09-02 11:14:09.340 24978 24978 D DpmAnalyzer: analyze: frame=480x640, roi=Rect(67, 147 - 412, 492), focus=FOCUSED, mode=SCAN
09-02 11:14:09.340 24978 24978 D DpmAnalyzer: analyze: THROTTLED by timing gate
09-02 11:14:09.340 24978 24978 D DpmFrameAnalyzer: analyze: result status=THROTTLED, code=null, source=null
09-02 11:14:09.348 24978 25317 D DpmFrameAnalyzer: analyze: frame received, format=35, size=640x480, rotation=90
09-02 11:14:09.371 24978 25317 D DpmFrameAnalyzer: analyze: bitmap converted, size=480x640, scanRoi=Rect(67, 147 - 412, 492)
09-02 11:14:09.373 24978 24978 D DpmAnalyzer: analyze: frame=480x640, roi=Rect(67, 147 - 412, 492), focus=FOCUSED, mode=SCAN
09-02 11:14:09.373 24978 24978 D DpmAnalyzer: analyze: THROTTLED by timing gate
09-02 11:14:09.373 24978 24978 D DpmFrameAnalyzer: analyze: result status=THROTTLED, code=null, source=null
09-02 11:14:09.395 24978 25317 D DpmFrameAnalyzer: analyze: frame received, format=35, size=640x480, rotation=90
09-02 11:14:09.424 24978 25317 D DpmFrameAnalyzer: analyze: bitmap converted, size=480x640, scanRoi=Rect(67, 147 - 412, 492)
09-02 11:14:09.424 24978 24978 D DpmAnalyzer: analyze: frame=480x640, roi=Rect(67, 147 - 412, 492), focus=FOCUSED, mode=SCAN
09-02 11:14:09.424 24978 24978 D DpmAnalyzer: analyze: starting performMultiStrategyDecode
09-02 11:14:09.424 24978 24978 D DpmAnalyzer: performMultiStrategyDecode: frame=480x640, roi=Rect(67, 147 - 412, 492), strategies=1
09-02 11:14:09.425 24978 25317 D DpmFrameAnalyzer: analyze: frame received, format=35, size=640x480, rotation=90
09-02 11:14:09.427 24978 24978 D DpmAnalyzer: Stage1: ROI 345x345 → scaled 345x345
09-02 11:14:09.447 24978 25317 D DpmFrameAnalyzer: analyze: bitmap converted, size=480x640, scanRoi=Rect(67, 147 - 412, 492)
09-02 11:14:09.448 24978 24978 D DpmAnalyzer: analyze: frame=480x640, roi=Rect(67, 147 - 412, 492), focus=FOCUSED, mode=SCAN
09-02 11:14:09.448 24978 24978 D DpmAnalyzer: analyze: THROTTLED (already running)
09-02 11:14:09.448 24978 24978 D DpmFrameAnalyzer: analyze: result status=THROTTLED, code=null, source=null
09-02 11:14:09.467 24978 25317 D DpmFrameAnalyzer: analyze: frame received, format=35, size=640x480, rotation=90
09-02 11:14:09.478 24978 24978 D DpmAnalyzer: Stage1: MISS
09-02 11:14:09.479 24978 24978 D DpmAnalyzer: scanRoi present, skipping full-image stages
09-02 11:14:09.479 24978 24978 D DpmAnalyzer: analyze: decodedCode=null
09-02 11:14:09.479 24978 24978 D DpmFrameAnalyzer: analyze: result status=NO_CODE, code=null, source=null
09-02 11:14:09.486 24978 25317 D DpmFrameAnalyzer: analyze: bitmap converted, size=480x640, scanRoi=Rect(67, 147 - 412, 492)
09-02 11:14:09.486 24978 24978 D DpmAnalyzer: analyze: frame=480x640, roi=Rect(67, 147 - 412, 492), focus=FOCUSED, mode=SCAN
09-02 11:14:09.486 24978 24978 D DpmAnalyzer: analyze: THROTTLED by timing gate
09-02 11:14:09.486 24978 24978 D DpmFrameAnalyzer: analyze: result status=THROTTLED, code=null, source=null
09-02 11:14:09.501 24978 25317 D DpmFrameAnalyzer: analyze: frame received, format=35, size=640x480, rotation=90
09-02 11:14:09.527 24978 25317 D DpmFrameAnalyzer: analyze: bitmap converted, size=480x640, scanRoi=Rect(67, 147 - 412, 492)
09-02 11:14:09.527 24978 24978 D DpmAnalyzer: analyze: frame=480x640, roi=Rect(67, 147 - 412, 492), focus=FOCUSED, mode=SCAN
09-02 11:14:09.527 24978 24978 D DpmAnalyzer: analyze: THROTTLED by timing gate
09-02 11:14:09.527 24978 24978 D DpmFrameAnalyzer: analyze: result status=THROTTLED, code=null, source=null
09-02 11:14:09.542 24978 25317 D DpmFrameAnalyzer: analyze: frame received, format=35, size=640x480, rotation=90
09-02 11:14:09.564 24978 25317 D DpmFrameAnalyzer: analyze: bitmap converted, size=480x640, scanRoi=Rect(67, 147 - 412, 492)
09-02 11:14:09.565 24978 24978 D DpmAnalyzer: analyze: frame=480x640, roi=Rect(67, 147 - 412, 492), focus=FOCUSED, mode=SCAN
09-02 11:14:09.565 24978 24978 D DpmAnalyzer: analyze: THROTTLED by timing gate
09-02 11:14:09.565 24978 24978 D DpmFrameAnalyzer: analyze: result status=THROTTLED, code=null, source=null
09-02 11:14:09.583 24978 25317 D DpmFrameAnalyzer: analyze: frame received, format=35, size=640x480, rotation=90
09-02 11:14:09.606 24978 25317 D DpmFrameAnalyzer: analyze: bitmap converted, size=480x640, scanRoi=Rect(67, 147 - 412, 492)
09-02 11:14:09.607 24978 24978 D DpmAnalyzer: analyze: frame=480x640, roi=Rect(67, 147 - 412, 492), focus=FOCUSED, mode=SCAN
09-02 11:14:09.607 24978 24978 D DpmAnalyzer: analyze: THROTTLED by timing gate
09-02 11:14:09.607 24978 24978 D DpmFrameAnalyzer: analyze: result status=THROTTLED, code=null, source=null
09-02 11:14:09.617 24978 25317 D DpmFrameAnalyzer: analyze: frame received, format=35, size=640x480, rotation=90
09-02 11:14:09.640 24978 25317 D DpmFrameAnalyzer: analyze: bitmap converted, size=480x640, scanRoi=Rect(67, 147 - 412, 492)
09-02 11:14:09.640 24978 24978 D DpmAnalyzer: analyze: frame=480x640, roi=Rect(67, 147 - 412, 492), focus=FOCUSED, mode=SCAN
09-02 11:14:09.640 24978 24978 D DpmAnalyzer: analyze: THROTTLED by timing gate
09-02 11:14:09.641 24978 24978 D DpmFrameAnalyzer: analyze: result status=THROTTLED, code=null, source=null
09-02 11:14:09.661 24978 25317 D DpmFrameAnalyzer: analyze: frame received, format=35, size=640x480, rotation=90
09-02 11:14:09.682 24978 25317 D DpmFrameAnalyzer: analyze: bitmap converted, size=480x640, scanRoi=Rect(67, 147 - 412, 492)
09-02 11:14:09.682 24978 24978 D DpmAnalyzer: analyze: frame=480x640, roi=Rect(67, 147 - 412, 492), focus=FOCUSED, mode=SCAN
09-02 11:14:09.683 24978 24978 D DpmAnalyzer: analyze: starting performMultiStrategyDecode
09-02 11:14:09.683 24978 24978 D DpmAnalyzer: performMultiStrategyDecode: frame=480x640, roi=Rect(67, 147 - 412, 492), strategies=1
09-02 11:14:09.688 24978 24978 D DpmAnalyzer: Stage1: ROI 345x345 → scaled 345x345
09-02 11:14:09.696 24978 25317 D DpmFrameAnalyzer: analyze: frame received, format=35, size=640x480, rotation=90
09-02 11:14:09.716 24978 25317 D DpmFrameAnalyzer: analyze: bitmap converted, size=480x640, scanRoi=Rect(67, 147 - 412, 492)
09-02 11:14:09.719 24978 24978 D DpmAnalyzer: analyze: frame=480x640, roi=Rect(67, 147 - 412, 492), focus=FOCUSED, mode=SCAN
09-02 11:14:09.719 24978 24978 D DpmAnalyzer: analyze: THROTTLED (already running)
09-02 11:14:09.719 24978 24978 D DpmFrameAnalyzer: analyze: result status=THROTTLED, code=null, source=null
09-02 11:14:09.736 24978 24978 D DpmAnalyzer: Stage1: MISS
09-02 11:14:09.736 24978 24978 D DpmAnalyzer: scanRoi present, skipping full-image stages
09-02 11:14:09.736 24978 24978 D DpmAnalyzer: analyze: decodedCode=null
09-02 11:14:09.736 24978 24978 D DpmFrameAnalyzer: analyze: result status=NO_CODE, code=null, source=null
09-02 11:14:09.739 24978 25317 D DpmFrameAnalyzer: analyze: frame received, format=35, size=640x480, rotation=90
09-02 11:14:09.759 24978 25317 D DpmFrameAnalyzer: analyze: bitmap converted, size=480x640, scanRoi=Rect(67, 147 - 412, 492)
09-02 11:14:09.760 24978 24978 D DpmAnalyzer: analyze: frame=480x640, roi=Rect(67, 147 - 412, 492), focus=FOCUSED, mode=SCAN
09-02 11:14:09.760 24978 24978 D DpmAnalyzer: analyze: THROTTLED by timing gate
09-02 11:14:09.760 24978 24978 D DpmFrameAnalyzer: analyze: result status=THROTTLED, code=null, source=null
09-02 11:14:09.777 24978 25317 D DpmFrameAnalyzer: analyze: frame received, format=35, size=640x480, rotation=90
09-02 11:14:09.795 24978 25317 D DpmFrameAnalyzer: analyze: bitmap converted, size=480x640, scanRoi=Rect(67, 147 - 412, 492)
09-02 11:14:09.795 24978 24978 D DpmAnalyzer: analyze: frame=480x640, roi=Rect(67, 147 - 412, 492), focus=FOCUSED, mode=SCAN
09-02 11:14:09.795 24978 24978 D DpmAnalyzer: analyze: THROTTLED by timing gate
09-02 11:14:09.795 24978 24978 D DpmFrameAnalyzer: analyze: result status=THROTTLED, code=null, source=null
09-02 11:14:09.815 24978 25317 D DpmFrameAnalyzer: analyze: frame received, format=35, size=640x480, rotation=90
09-02 11:14:09.834 24978 25317 D DpmFrameAnalyzer: analyze: bitmap converted, size=480x640, scanRoi=Rect(67, 147 - 412, 492)
09-02 11:14:09.835 24978 24978 D DpmAnalyzer: analyze: frame=480x640, roi=Rect(67, 147 - 412, 492), focus=FOCUSED, mode=SCAN
09-02 11:14:09.835 24978 24978 D DpmAnalyzer: analyze: THROTTLED by timing gate
09-02 11:14:09.835 24978 24978 D DpmFrameAnalyzer: analyze: result status=THROTTLED, code=null, source=null
09-02 11:14:09.858 24978 25317 D DpmFrameAnalyzer: analyze: frame received, format=35, size=640x480, rotation=90
09-02 11:14:09.877 24978 25317 D DpmFrameAnalyzer: analyze: bitmap converted, size=480x640, scanRoi=Rect(67, 147 - 412, 492)
09-02 11:14:09.878 24978 24978 D DpmAnalyzer: analyze: frame=480x640, roi=Rect(67, 147 - 412, 492), focus=FOCUSED, mode=SCAN
09-02 11:14:09.878 24978 24978 D DpmAnalyzer: analyze: THROTTLED by timing gate
09-02 11:14:09.878 24978 24978 D DpmFrameAnalyzer: analyze: result status=THROTTLED, code=null, source=null
09-02 11:14:09.895 24978 25317 D DpmFrameAnalyzer: analyze: frame received, format=35, size=640x480, rotation=90
09-02 11:14:09.913 24978 25317 D DpmFrameAnalyzer: analyze: bitmap converted, size=480x640, scanRoi=Rect(67, 147 - 412, 492)
09-02 11:14:09.913 24978 24978 D DpmAnalyzer: analyze: frame=480x640, roi=Rect(67, 147 - 412, 492), focus=FOCUSED, mode=SCAN
09-02 11:14:09.913 24978 24978 D DpmAnalyzer: analyze: THROTTLED by timing gate
09-02 11:14:09.913 24978 24978 D DpmFrameAnalyzer: analyze: result status=THROTTLED, code=null, source=null
09-02 11:14:09.930 24978 25317 D DpmFrameAnalyzer: analyze: frame received, format=35, size=640x480, rotation=90
09-02 11:14:09.949 24978 25317 D DpmFrameAnalyzer: analyze: bitmap converted, size=480x640, scanRoi=Rect(67, 147 - 412, 492)
09-02 11:14:09.949 24978 24978 D DpmAnalyzer: analyze: frame=480x640, roi=Rect(67, 147 - 412, 492), focus=FOCUSED, mode=SCAN
09-02 11:14:09.949 24978 24978 D DpmAnalyzer: analyze: starting performMultiStrategyDecode
09-02 11:14:09.949 24978 24978 D DpmAnalyzer: performMultiStrategyDecode: frame=480x640, roi=Rect(67, 147 - 412, 492), strategies=1
09-02 11:14:09.955 24978 24978 D DpmAnalyzer: Stage1: ROI 345x345 → scaled 345x345
09-02 11:14:09.978 24978 25317 D DpmFrameAnalyzer: analyze: frame received, format=35, size=640x480, rotation=90
09-02 11:14:09.998 24978 24978 D DpmAnalyzer: Stage1: MISS
09-02 11:14:09.998 24978 24978 D DpmAnalyzer: scanRoi present, skipping full-image stages
09-02 11:14:09.998 24978 24978 D DpmAnalyzer: analyze: decodedCode=null
09-02 11:14:09.998 24978 24978 D DpmFrameAnalyzer: analyze: result status=NO_CODE, code=null, source=null
09-02 11:14:10.003 24978 25317 D DpmFrameAnalyzer: analyze: bitmap converted, size=480x640, scanRoi=Rect(67, 147 - 412, 492)
09-02 11:14:10.003 24978 24978 D DpmAnalyzer: analyze: frame=480x640, roi=Rect(67, 147 - 412, 492), focus=FOCUSED, mode=SCAN
09-02 11:14:10.003 24978 24978 D DpmAnalyzer: analyze: THROTTLED by timing gate
09-02 11:14:10.004 24978 24978 D DpmFrameAnalyzer: analyze: result status=THROTTLED, code=null, source=null
09-02 11:14:10.015 24978 25317 D DpmFrameAnalyzer: analyze: frame received, format=35, size=640x480, rotation=90
09-02 11:14:10.037 24978 25317 D DpmFrameAnalyzer: analyze: bitmap converted, size=480x640, scanRoi=Rect(67, 147 - 412, 492)
09-02 11:14:10.039 24978 24978 D DpmAnalyzer: analyze: frame=480x640, roi=Rect(67, 147 - 412, 492), focus=FOCUSED, mode=SCAN
09-02 11:14:10.039 24978 24978 D DpmAnalyzer: analyze: THROTTLED by timing gate
09-02 11:14:10.039 24978 24978 D DpmFrameAnalyzer: analyze: result status=THROTTLED, code=null, source=null
09-02 11:14:10.056 24978 25317 D DpmFrameAnalyzer: analyze: frame received, format=35, size=640x480, rotation=90
09-02 11:14:10.082 24978 25317 D DpmFrameAnalyzer: analyze: bitmap converted, size=480x640, scanRoi=Rect(67, 147 - 412, 492)
09-02 11:14:10.082 24978 24978 D DpmAnalyzer: analyze: frame=480x640, roi=Rect(67, 147 - 412, 492), focus=FOCUSED, mode=SCAN
09-02 11:14:10.082 24978 24978 D DpmAnalyzer: analyze: THROTTLED by timing gate
09-02 11:14:10.082 24978 24978 D DpmFrameAnalyzer: analyze: result status=THROTTLED, code=null, source=null
09-02 11:14:10.091 24978 25317 D DpmFrameAnalyzer: analyze: frame received, format=35, size=640x480, rotation=90
09-02 11:14:10.111 24978 25317 D DpmFrameAnalyzer: analyze: bitmap converted, size=480x640, scanRoi=Rect(67, 147 - 412, 492)
09-02 11:14:10.111 24978 24978 D DpmAnalyzer: analyze: frame=480x640, roi=Rect(67, 147 - 412, 492), focus=FOCUSED, mode=SCAN
09-02 11:14:10.111 24978 24978 D DpmAnalyzer: analyze: THROTTLED by timing gate
09-02 11:14:10.111 24978 24978 D DpmFrameAnalyzer: analyze: result status=THROTTLED, code=null, source=null
09-02 11:14:10.130 24978 25317 D DpmFrameAnalyzer: analyze: frame received, format=35, size=640x480, rotation=90
09-02 11:14:10.151 24978 25317 D DpmFrameAnalyzer: analyze: bitmap converted, size=480x640, scanRoi=Rect(67, 147 - 412, 492)
09-02 11:14:10.151 24978 24978 D DpmAnalyzer: analyze: frame=480x640, roi=Rect(67, 147 - 412, 492), focus=FOCUSED, mode=SCAN
09-02 11:14:10.151 24978 24978 D DpmAnalyzer: analyze: THROTTLED by timing gate
09-02 11:14:10.151 24978 24978 D DpmFrameAnalyzer: analyze: result status=THROTTLED, code=null, source=null
09-02 11:14:10.165 24978 25317 D DpmFrameAnalyzer: analyze: frame received, format=35, size=640x480, rotation=90
09-02 11:14:10.189 24978 25317 D DpmFrameAnalyzer: analyze: bitmap converted, size=480x640, scanRoi=Rect(67, 147 - 412, 492)
09-02 11:14:10.189 24978 24978 D DpmAnalyzer: analyze: frame=480x640, roi=Rect(67, 147 - 412, 492), focus=FOCUSED, mode=SCAN
09-02 11:14:10.189 24978 24978 D DpmAnalyzer: analyze: THROTTLED by timing gate
09-02 11:14:10.189 24978 24978 D DpmFrameAnalyzer: analyze: result status=THROTTLED, code=null, source=null
09-02 11:14:10.209 24978 25317 D DpmFrameAnalyzer: analyze: frame received, format=35, size=640x480, rotation=90
09-02 11:14:10.236 24978 25317 D DpmFrameAnalyzer: analyze: bitmap converted, size=480x640, scanRoi=Rect(67, 147 - 412, 492)
09-02 11:14:10.236 24978 24978 D DpmAnalyzer: analyze: frame=480x640, roi=Rect(67, 147 - 412, 492), focus=FOCUSED, mode=SCAN
09-02 11:14:10.237 24978 24978 D DpmAnalyzer: analyze: starting performMultiStrategyDecode
09-02 11:14:10.237 24978 24978 D DpmAnalyzer: performMultiStrategyDecode: frame=480x640, roi=Rect(67, 147 - 412, 492), strategies=1
09-02 11:14:10.243 24978 24978 D DpmAnalyzer: Stage1: ROI 345x345 → scaled 345x345
09-02 11:14:10.256 24978 25317 D DpmFrameAnalyzer: analyze: frame received, format=35, size=640x480, rotation=90
09-02 11:14:10.281 24978 25317 D DpmFrameAnalyzer: analyze: bitmap converted, size=480x640, scanRoi=Rect(67, 147 - 412, 492)
09-02 11:14:10.282 24978 24978 D DpmAnalyzer: analyze: frame=480x640, roi=Rect(67, 147 - 412, 492), focus=FOCUSED, mode=SCAN
09-02 11:14:10.282 24978 24978 D DpmAnalyzer: analyze: THROTTLED (already running)
09-02 11:14:10.282 24978 24978 D DpmFrameAnalyzer: analyze: result status=THROTTLED, code=null, source=null
09-02 11:14:10.290 24978 25317 D DpmFrameAnalyzer: analyze: frame received, format=35, size=640x480, rotation=90
09-02 11:14:10.296 24978 24978 D DpmAnalyzer: Stage1: MISS
09-02 11:14:10.296 24978 24978 D DpmAnalyzer: scanRoi present, skipping full-image stages
09-02 11:14:10.296 24978 24978 D DpmAnalyzer: analyze: decodedCode=null
09-02 11:14:10.296 24978 24978 D DpmFrameAnalyzer: analyze: result status=NO_CODE, code=null, source=null
09-02 11:14:10.312 24978 25317 D DpmFrameAnalyzer: analyze: bitmap converted, size=480x640, scanRoi=Rect(67, 147 - 412, 492)
09-02 11:14:10.312 24978 24978 D DpmAnalyzer: analyze: frame=480x640, roi=Rect(67, 147 - 412, 492), focus=FOCUSED, mode=SCAN
09-02 11:14:10.312 24978 24978 D DpmAnalyzer: analyze: THROTTLED by timing gate
09-02 11:14:10.312 24978 24978 D DpmFrameAnalyzer: analyze: result status=THROTTLED, code=null, source=null
09-02 11:14:10.323 24978 25317 D DpmFrameAnalyzer: analyze: frame received, format=35, size=640x480, rotation=90
09-02 11:14:10.344 24978 25317 D DpmFrameAnalyzer: analyze: bitmap converted, size=480x640, scanRoi=Rect(67, 147 - 412, 492)
09-02 11:14:10.345 24978 24978 D DpmAnalyzer: analyze: frame=480x640, roi=Rect(67, 147 - 412, 492), focus=FOCUSED, mode=SCAN
09-02 11:14:10.345 24978 24978 D DpmAnalyzer: analyze: THROTTLED by timing gate
09-02 11:14:10.345 24978 24978 D DpmFrameAnalyzer: analyze: result status=THROTTLED, code=null, source=null
09-02 11:14:10.369 24978 25317 D DpmFrameAnalyzer: analyze: frame received, format=35, size=640x480, rotation=90
09-02 11:14:10.395 24978 25317 D DpmFrameAnalyzer: analyze: bitmap converted, size=480x640, scanRoi=Rect(67, 147 - 412, 492)
09-02 11:14:10.395 24978 24978 D DpmAnalyzer: analyze: frame=480x640, roi=Rect(67, 147 - 412, 492), focus=FOCUSED, mode=SCAN
09-02 11:14:10.395 24978 24978 D DpmAnalyzer: analyze: THROTTLED by timing gate
09-02 11:14:10.395 24978 24978 D DpmFrameAnalyzer: analyze: result status=THROTTLED, code=null, source=null
09-02 11:14:10.411 24978 25317 D DpmFrameAnalyzer: analyze: frame received, format=35, size=640x480, rotation=90
09-02 11:14:10.433 24978 25317 D DpmFrameAnalyzer: analyze: bitmap converted, size=480x640, scanRoi=Rect(67, 147 - 412, 492)
09-02 11:14:10.434 24978 24978 D DpmAnalyzer: analyze: frame=480x640, roi=Rect(67, 147 - 412, 492), focus=FOCUSED, mode=SCAN
09-02 11:14:10.434 24978 24978 D DpmAnalyzer: analyze: THROTTLED by timing gate
09-02 11:14:10.434 24978 24978 D DpmFrameAnalyzer: analyze: result status=THROTTLED, code=null, source=null
09-02 11:14:10.447 24978 25317 D DpmFrameAnalyzer: analyze: frame received, format=35, size=640x480, rotation=90
09-02 11:14:10.469 24978 25317 D DpmFrameAnalyzer: analyze: bitmap converted, size=480x640, scanRoi=Rect(67, 147 - 412, 492)
09-02 11:14:10.469 24978 24978 D DpmAnalyzer: analyze: frame=480x640, roi=Rect(67, 147 - 412, 492), focus=FOCUSED, mode=SCAN
09-02 11:14:10.469 24978 24978 D DpmAnalyzer: analyze: THROTTLED by timing gate
09-02 11:14:10.469 24978 24978 D DpmFrameAnalyzer: analyze: result status=THROTTLED, code=null, source=null
09-02 11:14:10.480 24978 25317 D DpmFrameAnalyzer: analyze: frame received, format=35, size=640x480, rotation=90
09-02 11:14:10.505 24978 25317 D DpmFrameAnalyzer: analyze: bitmap converted, size=480x640, scanRoi=Rect(67, 147 - 412, 492)
09-02 11:14:10.506 24978 24978 D DpmAnalyzer: analyze: frame=480x640, roi=Rect(67, 147 - 412, 492), focus=FOCUSED, mode=SCAN
09-02 11:14:10.506 24978 24978 D DpmAnalyzer: analyze: starting performMultiStrategyDecode
09-02 11:14:10.506 24978 24978 D DpmAnalyzer: performMultiStrategyDecode: frame=480x640, roi=Rect(67, 147 - 412, 492), strategies=1
09-02 11:14:10.512 24978 24978 D DpmAnalyzer: Stage1: ROI 345x345 → scaled 345x345
09-02 11:14:10.529 24978 25317 D DpmFrameAnalyzer: analyze: frame received, format=35, size=640x480, rotation=90
09-02 11:14:10.549 24978 25317 D DpmFrameAnalyzer: analyze: bitmap converted, size=480x640, scanRoi=Rect(67, 147 - 412, 492)
09-02 11:14:10.549 24978 24978 D DpmAnalyzer: analyze: frame=480x640, roi=Rect(67, 147 - 412, 492), focus=FOCUSED, mode=SCAN
09-02 11:14:10.549 24978 24978 D DpmAnalyzer: analyze: THROTTLED (already running)
09-02 11:14:10.549 24978 24978 D DpmFrameAnalyzer: analyze: result status=THROTTLED, code=null, source=null
09-02 11:14:10.567 24978 25317 D DpmFrameAnalyzer: analyze: frame received, format=35, size=640x480, rotation=90
09-02 11:14:10.576 24978 24978 D DpmAnalyzer: Stage1: MISS
09-02 11:14:10.576 24978 24978 D DpmAnalyzer: scanRoi present, skipping full-image stages
09-02 11:14:10.576 24978 24978 D DpmAnalyzer: analyze: decodedCode=null
09-02 11:14:10.576 24978 24978 D DpmFrameAnalyzer: analyze: result status=NO_CODE, code=null, source=null
09-02 11:14:10.585 24978 25317 D DpmFrameAnalyzer: analyze: bitmap converted, size=480x640, scanRoi=Rect(67, 147 - 412, 492)
09-02 11:14:10.585 24978 24978 D DpmAnalyzer: analyze: frame=480x640, roi=Rect(67, 147 - 412, 492), focus=FOCUSED, mode=SCAN
09-02 11:14:10.585 24978 24978 D DpmAnalyzer: analyze: THROTTLED by timing gate
09-02 11:14:10.585 24978 24978 D DpmFrameAnalyzer: analyze: result status=THROTTLED, code=null, source=null
09-02 11:14:10.598 24978 25317 D DpmFrameAnalyzer: analyze: frame received, format=35, size=640x480, rotation=90
09-02 11:14:10.623 24978 25317 D DpmFrameAnalyzer: analyze: bitmap converted, size=480x640, scanRoi=Rect(67, 147 - 412, 492)
09-02 11:14:10.623 24978 24978 D DpmAnalyzer: analyze: frame=480x640, roi=Rect(67, 147 - 412, 492), focus=FOCUSED, mode=SCAN
09-02 11:14:10.623 24978 24978 D DpmAnalyzer: analyze: THROTTLED by timing gate
09-02 11:14:10.623 24978 24978 D DpmFrameAnalyzer: analyze: result status=THROTTLED, code=null, source=null
09-02 11:14:10.640 24978 25317 D DpmFrameAnalyzer: analyze: frame received, format=35, size=640x480, rotation=90
09-02 11:14:10.663 24978 25317 D DpmFrameAnalyzer: analyze: bitmap converted, size=480x640, scanRoi=Rect(67, 147 - 412, 492)
09-02 11:14:10.663 24978 24978 D DpmAnalyzer: analyze: frame=480x640, roi=Rect(67, 147 - 412, 492), focus=FOCUSED, mode=SCAN
09-02 11:14:10.663 24978 24978 D DpmAnalyzer: analyze: THROTTLED by timing gate
09-02 11:14:10.663 24978 24978 D DpmFrameAnalyzer: analyze: result status=THROTTLED, code=null, source=null
09-02 11:14:10.683 24978 25317 D DpmFrameAnalyzer: analyze: frame received, format=35, size=640x480, rotation=90
09-02 11:14:10.703 24978 25317 D DpmFrameAnalyzer: analyze: bitmap converted, size=480x640, scanRoi=Rect(67, 147 - 412, 492)
09-02 11:14:10.705 24978 24978 D DpmAnalyzer: analyze: frame=480x640, roi=Rect(67, 147 - 412, 492), focus=FOCUSED, mode=SCAN
09-02 11:14:10.705 24978 24978 D DpmAnalyzer: analyze: THROTTLED by timing gate
09-02 11:14:10.705 24978 24978 D DpmFrameAnalyzer: analyze: result status=THROTTLED, code=null, source=null
09-02 11:14:10.720 24978 25317 D DpmFrameAnalyzer: analyze: frame received, format=35, size=640x480, rotation=90
09-02 11:14:10.742 24978 25317 D DpmFrameAnalyzer: analyze: bitmap converted, size=480x640, scanRoi=Rect(67, 147 - 412, 492)
09-02 11:14:10.743 24978 24978 D DpmAnalyzer: analyze: frame=480x640, roi=Rect(67, 147 - 412, 492), focus=FOCUSED, mode=SCAN
09-02 11:14:10.743 24978 24978 D DpmAnalyzer: analyze: THROTTLED by timing gate
09-02 11:14:10.743 24978 24978 D DpmFrameAnalyzer: analyze: result status=THROTTLED, code=null, source=null
09-02 11:14:10.761 24978 25317 D DpmFrameAnalyzer: analyze: frame received, format=35, size=640x480, rotation=90
09-02 11:14:10.782 24978 25317 D DpmFrameAnalyzer: analyze: bitmap converted, size=480x640, scanRoi=Rect(67, 147 - 412, 492)
09-02 11:14:10.783 24978 24978 D DpmAnalyzer: analyze: frame=480x640, roi=Rect(67, 147 - 412, 492), focus=FOCUSED, mode=SCAN
09-02 11:14:10.783 24978 24978 D DpmAnalyzer: analyze: starting performMultiStrategyDecode
09-02 11:14:10.783 24978 24978 D DpmAnalyzer: performMultiStrategyDecode: frame=480x640, roi=Rect(67, 147 - 412, 492), strategies=1
09-02 11:14:10.788 24978 24978 D DpmAnalyzer: Stage1: ROI 345x345 → scaled 345x345
09-02 11:14:10.800 24978 25317 D DpmFrameAnalyzer: analyze: frame received, format=35, size=640x480, rotation=90
09-02 11:14:10.821 24978 25317 D DpmFrameAnalyzer: analyze: bitmap converted, size=480x640, scanRoi=Rect(67, 147 - 412, 492)
09-02 11:14:10.825 24978 24978 D DpmAnalyzer: analyze: frame=480x640, roi=Rect(67, 147 - 412, 492), focus=FOCUSED, mode=SCAN
09-02 11:14:10.825 24978 24978 D DpmAnalyzer: analyze: THROTTLED (already running)
09-02 11:14:10.825 24978 24978 D DpmFrameAnalyzer: analyze: result status=THROTTLED, code=null, source=null
09-02 11:14:10.844 24978 25317 D DpmFrameAnalyzer: analyze: frame received, format=35, size=640x480, rotation=90
09-02 11:14:10.844 24978 24978 D DpmAnalyzer: Stage1: MISS
09-02 11:14:10.844 24978 24978 D DpmAnalyzer: scanRoi present, skipping full-image stages
09-02 11:14:10.844 24978 24978 D DpmAnalyzer: analyze: decodedCode=null
09-02 11:14:10.844 24978 24978 D DpmFrameAnalyzer: analyze: result status=NO_CODE, code=null, source=null
09-02 11:14:10.860 24978 25317 D DpmFrameAnalyzer: analyze: bitmap converted, size=480x640, scanRoi=Rect(67, 147 - 412, 492)
09-02 11:14:10.860 24978 24978 D DpmAnalyzer: analyze: frame=480x640, roi=Rect(67, 147 - 412, 492), focus=FOCUSED, mode=SCAN
09-02 11:14:10.860 24978 24978 D DpmAnalyzer: analyze: THROTTLED by timing gate
09-02 11:14:10.860 24978 24978 D DpmFrameAnalyzer: analyze: result status=THROTTLED, code=null, source=null
09-02 11:14:10.881 24978 25317 D DpmFrameAnalyzer: analyze: frame received, format=35, size=640x480, rotation=90
09-02 11:14:10.899 24978 25317 D DpmFrameAnalyzer: analyze: bitmap converted, size=480x640, scanRoi=Rect(67, 147 - 412, 492)
09-02 11:14:10.899 24978 24978 D DpmAnalyzer: analyze: frame=480x640, roi=Rect(67, 147 - 412, 492), focus=FOCUSED, mode=SCAN
09-02 11:14:10.899 24978 24978 D DpmAnalyzer: analyze: THROTTLED by timing gate
09-02 11:14:10.899 24978 24978 D DpmFrameAnalyzer: analyze: result status=THROTTLED, code=null, source=null
09-02 11:14:10.914 24978 25317 D DpmFrameAnalyzer: analyze: frame received, format=35, size=640x480, rotation=90
09-02 11:14:10.932 24978 25317 D DpmFrameAnalyzer: analyze: bitmap converted, size=480x640, scanRoi=Rect(67, 147 - 412, 492)
09-02 11:14:10.933 24978 24978 D DpmAnalyzer: analyze: frame=480x640, roi=Rect(67, 147 - 412, 492), focus=FOCUSED, mode=SCAN
09-02 11:14:10.933 24978 24978 D DpmAnalyzer: analyze: THROTTLED by timing gate
09-02 11:14:10.933 24978 24978 D DpmFrameAnalyzer: analyze: result status=THROTTLED, code=null, source=null
09-02 11:14:10.954 24978 25317 D DpmFrameAnalyzer: analyze: frame received, format=35, size=640x480, rotation=90
09-02 11:14:10.974 24978 25317 D DpmFrameAnalyzer: analyze: bitmap converted, size=480x640, scanRoi=Rect(67, 147 - 412, 492)
09-02 11:14:10.975 24978 24978 D DpmAnalyzer: analyze: frame=480x640, roi=Rect(67, 147 - 412, 492), focus=FOCUSED, mode=SCAN
09-02 11:14:10.975 24978 24978 D DpmAnalyzer: analyze: THROTTLED by timing gate
09-02 11:14:10.975 24978 24978 D DpmFrameAnalyzer: analyze: result status=THROTTLED, code=null, source=null
09-02 11:14:10.998 24978 25317 D DpmFrameAnalyzer: analyze: frame received, format=35, size=640x480, rotation=90
09-02 11:14:11.018 24978 25317 D DpmFrameAnalyzer: analyze: bitmap converted, size=480x640, scanRoi=Rect(67, 147 - 412, 492)
09-02 11:14:11.019 24978 24978 D DpmAnalyzer: analyze: frame=480x640, roi=Rect(67, 147 - 412, 492), focus=FOCUSED, mode=SCAN
09-02 11:14:11.019 24978 24978 D DpmAnalyzer: analyze: THROTTLED by timing gate
09-02 11:14:11.019 24978 24978 D DpmFrameAnalyzer: analyze: result status=THROTTLED, code=null, source=null
09-02 11:14:11.031 24978 25317 D DpmFrameAnalyzer: analyze: frame received, format=35, size=640x480, rotation=90
09-02 11:14:11.049 24978 25317 D DpmFrameAnalyzer: analyze: bitmap converted, size=480x640, scanRoi=Rect(67, 147 - 412, 492)
09-02 11:14:11.050 24978 24978 D DpmAnalyzer: analyze: frame=480x640, roi=Rect(67, 147 - 412, 492), focus=FOCUSED, mode=SCAN
09-02 11:14:11.050 24978 24978 D DpmAnalyzer: analyze: starting performMultiStrategyDecode
09-02 11:14:11.050 24978 24978 D DpmAnalyzer: performMultiStrategyDecode: frame=480x640, roi=Rect(67, 147 - 412, 492), strategies=1
09-02 11:14:11.055 24978 24978 D DpmAnalyzer: Stage1: ROI 345x345 → scaled 345x345
09-02 11:14:11.077 24978 25317 D DpmFrameAnalyzer: analyze: frame received, format=35, size=640x480, rotation=90
09-02 11:14:11.098 24978 25317 D DpmFrameAnalyzer: analyze: bitmap converted, size=480x640, scanRoi=Rect(67, 147 - 412, 492)
09-02 11:14:11.100 24978 24978 D DpmAnalyzer: analyze: frame=480x640, roi=Rect(67, 147 - 412, 492), focus=FOCUSED, mode=SCAN
09-02 11:14:11.100 24978 24978 D DpmAnalyzer: analyze: THROTTLED (already running)
09-02 11:14:11.100 24978 24978 D DpmFrameAnalyzer: analyze: result status=THROTTLED, code=null, source=null
09-02 11:14:11.117 24978 25317 D DpmFrameAnalyzer: analyze: frame received, format=35, size=640x480, rotation=90
09-02 11:14:11.127 24978 24978 D DpmAnalyzer: Stage1: MISS
09-02 11:14:11.127 24978 24978 D DpmAnalyzer: scanRoi present, skipping full-image stages
09-02 11:14:11.127 24978 24978 D DpmAnalyzer: analyze: decodedCode=null
09-02 11:14:11.127 24978 24978 D DpmFrameAnalyzer: analyze: result status=NO_CODE, code=null, source=null
09-02 11:14:11.135 24978 25317 D DpmFrameAnalyzer: analyze: bitmap converted, size=480x640, scanRoi=Rect(67, 147 - 412, 492)
09-02 11:14:11.135 24978 24978 D DpmAnalyzer: analyze: frame=480x640, roi=Rect(67, 147 - 412, 492), focus=FOCUSED, mode=SCAN
09-02 11:14:11.135 24978 24978 D DpmAnalyzer: analyze: THROTTLED by timing gate
09-02 11:14:11.135 24978 24978 D DpmFrameAnalyzer: analyze: result status=THROTTLED, code=null, source=null
09-02 11:14:11.147 24978 25317 D DpmFrameAnalyzer: analyze: frame received, format=35, size=640x480, rotation=90
09-02 11:14:11.164 24978 25317 D DpmFrameAnalyzer: analyze: bitmap converted, size=480x640, scanRoi=Rect(67, 147 - 412, 492)
09-02 11:14:11.165 24978 24978 D DpmAnalyzer: analyze: frame=480x640, roi=Rect(67, 147 - 412, 492), focus=FOCUSED, mode=SCAN
09-02 11:14:11.165 24978 24978 D DpmAnalyzer: analyze: THROTTLED by timing gate
09-02 11:14:11.165 24978 24978 D DpmFrameAnalyzer: analyze: result status=THROTTLED, code=null, source=null
09-02 11:14:11.193 24978 25317 D DpmFrameAnalyzer: analyze: frame received, format=35, size=640x480, rotation=90
09-02 11:14:11.215 24978 25317 D DpmFrameAnalyzer: analyze: bitmap converted, size=480x640, scanRoi=Rect(67, 147 - 412, 492)
09-02 11:14:11.216 24978 24978 D DpmAnalyzer: analyze: frame=480x640, roi=Rect(67, 147 - 412, 492), focus=FOCUSED, mode=SCAN
09-02 11:14:11.216 24978 24978 D DpmAnalyzer: analyze: THROTTLED by timing gate
09-02 11:14:11.216 24978 24978 D DpmFrameAnalyzer: analyze: result status=THROTTLED, code=null, source=null
09-02 11:14:11.243 24978 25317 D DpmFrameAnalyzer: analyze: frame received, format=35, size=640x480, rotation=90
09-02 11:14:11.265 24978 25317 D DpmFrameAnalyzer: analyze: bitmap converted, size=480x640, scanRoi=Rect(67, 147 - 412, 492)
09-02 11:14:11.265 24978 24978 D DpmAnalyzer: analyze: frame=480x640, roi=Rect(67, 147 - 412, 492), focus=FOCUSED, mode=SCAN
09-02 11:14:11.265 24978 24978 D DpmAnalyzer: analyze: THROTTLED by timing gate
09-02 11:14:11.265 24978 24978 D DpmFrameAnalyzer: analyze: result status=THROTTLED, code=null, source=null
09-02 11:14:11.267 24978 25317 D DpmFrameAnalyzer: analyze: frame received, format=35, size=640x480, rotation=90
09-02 11:14:11.287 24978 25317 D DpmFrameAnalyzer: analyze: bitmap converted, size=480x640, scanRoi=Rect(67, 147 - 412, 492)
09-02 11:14:11.293 24978 24978 D DpmAnalyzer: analyze: frame=480x640, roi=Rect(67, 147 - 412, 492), focus=FOCUSED, mode=SCAN
09-02 11:14:11.293 24978 24978 D DpmAnalyzer: analyze: THROTTLED by timing gate
09-02 11:14:11.293 24978 24978 D DpmFrameAnalyzer: analyze: result status=THROTTLED, code=null, source=null
09-02 11:14:11.310 24978 25317 D DpmFrameAnalyzer: analyze: frame received, format=35, size=640x480, rotation=90
09-02 11:14:11.333 24978 25317 D DpmFrameAnalyzer: analyze: bitmap converted, size=480x640, scanRoi=Rect(67, 147 - 412, 492)
09-02 11:14:11.333 24978 24978 D DpmAnalyzer: analyze: frame=480x640, roi=Rect(67, 147 - 412, 492), focus=FOCUSED, mode=SCAN
09-02 11:14:11.333 24978 24978 D DpmAnalyzer: analyze: starting performMultiStrategyDecode
09-02 11:14:11.333 24978 24978 D DpmAnalyzer: performMultiStrategyDecode: frame=480x640, roi=Rect(67, 147 - 412, 492), strategies=1
09-02 11:14:11.336 24978 24978 D DpmAnalyzer: Stage1: ROI 345x345 → scaled 345x345
09-02 11:14:11.350 24978 25317 D DpmFrameAnalyzer: analyze: frame received, format=35, size=640x480, rotation=90
09-02 11:14:11.371 24978 25317 D DpmFrameAnalyzer: analyze: bitmap converted, size=480x640, scanRoi=Rect(67, 147 - 412, 492)
09-02 11:14:11.377 24978 24978 D DpmAnalyzer: analyze: frame=480x640, roi=Rect(67, 147 - 412, 492), focus=FOCUSED, mode=SCAN
09-02 11:14:11.377 24978 24978 D DpmAnalyzer: analyze: THROTTLED (already running)
09-02 11:14:11.378 24978 24978 D DpmFrameAnalyzer: analyze: result status=THROTTLED, code=null, source=null
09-02 11:14:11.396 24978 25317 D DpmFrameAnalyzer: analyze: frame received, format=35, size=640x480, rotation=90
09-02 11:14:11.397 24978 24978 D DpmAnalyzer: Stage1: MISS
09-02 11:14:11.397 24978 24978 D DpmAnalyzer: scanRoi present, skipping full-image stages
09-02 11:14:11.397 24978 24978 D DpmAnalyzer: analyze: decodedCode=null
09-02 11:14:11.397 24978 24978 D DpmFrameAnalyzer: analyze: result status=NO_CODE, code=null, source=null
09-02 11:14:11.415 24978 25317 D DpmFrameAnalyzer: analyze: bitmap converted, size=480x640, scanRoi=Rect(67, 147 - 412, 492)
09-02 11:14:11.416 24978 24978 D DpmAnalyzer: analyze: frame=480x640, roi=Rect(67, 147 - 412, 492), focus=FOCUSED, mode=SCAN
09-02 11:14:11.416 24978 24978 D DpmAnalyzer: analyze: THROTTLED by timing gate
09-02 11:14:11.416 24978 24978 D DpmFrameAnalyzer: analyze: result status=THROTTLED, code=null, source=null
09-02 11:14:11.425 24978 25317 D DpmFrameAnalyzer: analyze: frame received, format=35, size=640x480, rotation=90
09-02 11:14:11.442 24978 25317 D DpmFrameAnalyzer: analyze: bitmap converted, size=480x640, scanRoi=Rect(67, 147 - 412, 492)
09-02 11:14:11.445 24978 24978 D DpmAnalyzer: analyze: frame=480x640, roi=Rect(67, 147 - 412, 492), focus=FOCUSED, mode=SCAN
09-02 11:14:11.445 24978 24978 D DpmAnalyzer: analyze: THROTTLED by timing gate
09-02 11:14:11.445 24978 24978 D DpmFrameAnalyzer: analyze: result status=THROTTLED, code=null, source=null
09-02 11:14:11.464 24978 25317 D DpmFrameAnalyzer: analyze: frame received, format=35, size=640x480, rotation=90
09-02 11:14:11.483 24978 25317 D DpmFrameAnalyzer: analyze: bitmap converted, size=480x640, scanRoi=Rect(67, 147 - 412, 492)
09-02 11:14:11.484 24978 24978 D DpmAnalyzer: analyze: frame=480x640, roi=Rect(67, 147 - 412, 492), focus=FOCUSED, mode=SCAN
09-02 11:14:11.484 24978 24978 D DpmAnalyzer: analyze: THROTTLED by timing gate
09-02 11:14:11.484 24978 24978 D DpmFrameAnalyzer: analyze: result status=THROTTLED, code=null, source=null
09-02 11:14:11.497 24978 25317 D DpmFrameAnalyzer: analyze: frame received, format=35, size=640x480, rotation=90
09-02 11:14:11.519 24978 25317 D DpmFrameAnalyzer: analyze: bitmap converted, size=480x640, scanRoi=Rect(67, 147 - 412, 492)
09-02 11:14:11.519 24978 24978 D DpmAnalyzer: analyze: frame=480x640, roi=Rect(67, 147 - 412, 492), focus=FOCUSED, mode=SCAN
09-02 11:14:11.520 24978 24978 D DpmAnalyzer: analyze: THROTTLED by timing gate
09-02 11:14:11.520 24978 24978 D DpmFrameAnalyzer: analyze: result status=THROTTLED, code=null, source=null
09-02 11:14:11.552 24978 25317 D DpmFrameAnalyzer: analyze: frame received, format=35, size=640x480, rotation=90
09-02 11:14:11.579 24978 25317 D DpmFrameAnalyzer: analyze: bitmap converted, size=480x640, scanRoi=Rect(67, 147 - 412, 492)
09-02 11:14:11.579 24978 24978 D DpmAnalyzer: analyze: frame=480x640, roi=Rect(67, 147 - 412, 492), focus=FOCUSED, mode=SCAN
09-02 11:14:11.579 24978 24978 D DpmAnalyzer: analyze: THROTTLED by timing gate
09-02 11:14:11.580 24978 24978 D DpmFrameAnalyzer: analyze: result status=THROTTLED, code=null, source=null
09-02 11:14:11.596 24978 25317 D DpmFrameAnalyzer: analyze: frame received, format=35, size=640x480, rotation=90
09-02 11:14:11.619 24978 25317 D DpmFrameAnalyzer: analyze: bitmap converted, size=480x640, scanRoi=Rect(67, 147 - 412, 492)
09-02 11:14:11.620 24978 24978 D DpmAnalyzer: analyze: frame=480x640, roi=Rect(67, 147 - 412, 492), focus=FOCUSED, mode=SCAN
09-02 11:14:11.620 24978 24978 D DpmAnalyzer: analyze: starting performMultiStrategyDecode
09-02 11:14:11.620 24978 24978 D DpmAnalyzer: performMultiStrategyDecode: frame=480x640, roi=Rect(67, 147 - 412, 492), strategies=1
09-02 11:14:11.623 24978 24978 D DpmAnalyzer: Stage1: ROI 345x345 → scaled 345x345
09-02 11:14:11.636 24978 25317 D DpmFrameAnalyzer: analyze: frame received, format=35, size=640x480, rotation=90
09-02 11:14:11.662 24978 25317 D DpmFrameAnalyzer: analyze: bitmap converted, size=480x640, scanRoi=Rect(67, 147 - 412, 492)
09-02 11:14:11.665 24978 24978 D DpmAnalyzer: analyze: frame=480x640, roi=Rect(67, 147 - 412, 492), focus=FOCUSED, mode=SCAN
09-02 11:14:11.665 24978 24978 D DpmAnalyzer: analyze: THROTTLED (already running)
09-02 11:14:11.665 24978 24978 D DpmFrameAnalyzer: analyze: result status=THROTTLED, code=null, source=null
09-02 11:14:11.671 24978 25317 D DpmFrameAnalyzer: analyze: frame received, format=35, size=640x480, rotation=90
09-02 11:14:11.686 24978 24978 D DpmAnalyzer: Stage1: MISS
09-02 11:14:11.686 24978 24978 D DpmAnalyzer: scanRoi present, skipping full-image stages
09-02 11:14:11.686 24978 24978 D DpmAnalyzer: analyze: decodedCode=null
09-02 11:14:11.686 24978 24978 D DpmFrameAnalyzer: analyze: result status=NO_CODE, code=null, source=null
09-02 11:14:11.694 24978 25317 D DpmFrameAnalyzer: analyze: bitmap converted, size=480x640, scanRoi=Rect(67, 147 - 412, 492)
09-02 11:14:11.696 24978 24978 D DpmAnalyzer: analyze: frame=480x640, roi=Rect(67, 147 - 412, 492), focus=FOCUSED, mode=SCAN
09-02 11:14:11.696 24978 24978 D DpmAnalyzer: analyze: THROTTLED by timing gate
09-02 11:14:11.696 24978 24978 D DpmFrameAnalyzer: analyze: result status=THROTTLED, code=null, source=null
09-02 11:14:11.697 24978 25317 D DpmFrameAnalyzer: analyze: frame received, format=35, size=640x480, rotation=90
09-02 11:14:11.720 24978 25317 D DpmFrameAnalyzer: analyze: bitmap converted, size=480x640, scanRoi=Rect(67, 147 - 412, 492)
09-02 11:14:11.720 24978 24978 D DpmAnalyzer: analyze: frame=480x640, roi=Rect(67, 147 - 412, 492), focus=FOCUSED, mode=SCAN
09-02 11:14:11.720 24978 24978 D DpmAnalyzer: analyze: THROTTLED by timing gate
09-02 11:14:11.720 24978 24978 D DpmFrameAnalyzer: analyze: result status=THROTTLED, code=null, source=null
09-02 11:14:11.743 24978 25317 D DpmFrameAnalyzer: analyze: frame received, format=35, size=640x480, rotation=90
09-02 11:14:11.760 24978 25317 D DpmFrameAnalyzer: analyze: bitmap converted, size=480x640, scanRoi=Rect(67, 147 - 412, 492)
09-02 11:14:11.760 24978 24978 D DpmAnalyzer: analyze: frame=480x640, roi=Rect(67, 147 - 412, 492), focus=FOCUSED, mode=SCAN
09-02 11:14:11.760 24978 24978 D DpmAnalyzer: analyze: THROTTLED by timing gate
09-02 11:14:11.760 24978 24978 D DpmFrameAnalyzer: analyze: result status=THROTTLED, code=null, source=null
09-02 11:14:11.780 24978 25317 D DpmFrameAnalyzer: analyze: frame received, format=35, size=640x480, rotation=90
09-02 11:14:11.800 24978 25317 D DpmFrameAnalyzer: analyze: bitmap converted, size=480x640, scanRoi=Rect(67, 147 - 412, 492)
09-02 11:14:11.800 24978 24978 D DpmAnalyzer: analyze: frame=480x640, roi=Rect(67, 147 - 412, 492), focus=FOCUSED, mode=SCAN
09-02 11:14:11.800 24978 24978 D DpmAnalyzer: analyze: THROTTLED by timing gate
09-02 11:14:11.800 24978 24978 D DpmFrameAnalyzer: analyze: result status=THROTTLED, code=null, source=null
09-02 11:14:11.820 24978 25317 D DpmFrameAnalyzer: analyze: frame received, format=35, size=640x480, rotation=90
09-02 11:14:11.838 24978 25317 D DpmFrameAnalyzer: analyze: bitmap converted, size=480x640, scanRoi=Rect(67, 147 - 412, 492)
09-02 11:14:11.842 24978 24978 D DpmAnalyzer: analyze: frame=480x640, roi=Rect(67, 147 - 412, 492), focus=FOCUSED, mode=SCAN
09-02 11:14:11.843 24978 24978 D DpmAnalyzer: analyze: THROTTLED by timing gate
09-02 11:14:11.843 24978 24978 D DpmFrameAnalyzer: analyze: result status=THROTTLED, code=null, source=null
09-02 11:14:11.866 24978 25317 D DpmFrameAnalyzer: analyze: frame received, format=35, size=640x480, rotation=90
09-02 11:14:11.884 24978 25317 D DpmFrameAnalyzer: analyze: bitmap converted, size=480x640, scanRoi=Rect(67, 147 - 412, 492)
09-02 11:14:11.885 24978 24978 D DpmAnalyzer: analyze: frame=480x640, roi=Rect(67, 147 - 412, 492), focus=FOCUSED, mode=SCAN
09-02 11:14:11.885 24978 24978 D DpmAnalyzer: analyze: THROTTLED by timing gate
09-02 11:14:11.885 24978 24978 D DpmFrameAnalyzer: analyze: result status=THROTTLED, code=null, source=null
09-02 11:14:11.894 24978 25317 D DpmFrameAnalyzer: analyze: frame received, format=35, size=640x480, rotation=90
09-02 11:14:11.916 24978 25317 D DpmFrameAnalyzer: analyze: bitmap converted, size=480x640, scanRoi=Rect(67, 147 - 412, 492)
09-02 11:14:11.916 24978 24978 D DpmAnalyzer: analyze: frame=480x640, roi=Rect(67, 147 - 412, 492), focus=FOCUSED, mode=SCAN
09-02 11:14:11.916 24978 24978 D DpmAnalyzer: analyze: starting performMultiStrategyDecode
09-02 11:14:11.916 24978 24978 D DpmAnalyzer: performMultiStrategyDecode: frame=480x640, roi=Rect(67, 147 - 412, 492), strategies=1
09-02 11:14:11.922 24978 24978 D DpmAnalyzer: Stage1: ROI 345x345 → scaled 345x345
09-02 11:14:11.936 24978 25317 D DpmFrameAnalyzer: analyze: frame received, format=35, size=640x480, rotation=90
09-02 11:14:11.958 24978 25317 D DpmFrameAnalyzer: analyze: bitmap converted, size=480x640, scanRoi=Rect(67, 147 - 412, 492)
09-02 11:14:11.960 24978 24978 D DpmAnalyzer: analyze: frame=480x640, roi=Rect(67, 147 - 412, 492), focus=FOCUSED, mode=SCAN
09-02 11:14:11.960 24978 24978 D DpmAnalyzer: analyze: THROTTLED (already running)
09-02 11:14:11.960 24978 24978 D DpmFrameAnalyzer: analyze: result status=THROTTLED, code=null, source=null
09-02 11:14:11.969 24978 24978 D DpmAnalyzer: Stage1: MISS
09-02 11:14:11.969 24978 24978 D DpmAnalyzer: scanRoi present, skipping full-image stages
09-02 11:14:11.969 24978 24978 D DpmAnalyzer: analyze: decodedCode=null
09-02 11:14:11.969 24978 24978 D DpmFrameAnalyzer: analyze: result status=NO_CODE, code=null, source=null
09-02 11:14:11.978 24978 25317 D DpmFrameAnalyzer: analyze: frame received, format=35, size=640x480, rotation=90
09-02 11:14:11.999 24978 25317 D DpmFrameAnalyzer: analyze: bitmap converted, size=480x640, scanRoi=Rect(67, 147 - 412, 492)
09-02 11:14:11.999 24978 24978 D DpmAnalyzer: analyze: frame=480x640, roi=Rect(67, 147 - 412, 492), focus=FOCUSED, mode=SCAN
09-02 11:14:11.999 24978 24978 D DpmAnalyzer: analyze: THROTTLED by timing gate
09-02 11:14:12.000 24978 24978 D DpmFrameAnalyzer: analyze: result status=THROTTLED, code=null, source=null
09-02 11:14:12.015 24978 25317 D DpmFrameAnalyzer: analyze: frame received, format=35, size=640x480, rotation=90
09-02 11:14:12.032 24978 25317 D DpmFrameAnalyzer: analyze: bitmap converted, size=480x640, scanRoi=Rect(67, 147 - 412, 492)
09-02 11:14:12.033 24978 24978 D DpmAnalyzer: analyze: frame=480x640, roi=Rect(67, 147 - 412, 492), focus=FOCUSED, mode=SCAN
09-02 11:14:12.033 24978 24978 D DpmAnalyzer: analyze: THROTTLED by timing gate
09-02 11:14:12.033 24978 24978 D DpmFrameAnalyzer: analyze: result status=THROTTLED, code=null, source=null
09-02 11:14:12.054 24978 25317 D DpmFrameAnalyzer: analyze: frame received, format=35, size=640x480, rotation=90
09-02 11:14:12.071 24978 25317 D DpmFrameAnalyzer: analyze: bitmap converted, size=480x640, scanRoi=Rect(67, 147 - 412, 492)
09-02 11:14:12.075 24978 24978 D DpmAnalyzer: analyze: frame=480x640, roi=Rect(67, 147 - 412, 492), focus=FOCUSED, mode=SCAN
09-02 11:14:12.075 24978 24978 D DpmAnalyzer: analyze: THROTTLED by timing gate
09-02 11:14:12.075 24978 24978 D DpmFrameAnalyzer: analyze: result status=THROTTLED, code=null, source=null
09-02 11:14:12.093 24978 25317 D DpmFrameAnalyzer: analyze: frame received, format=35, size=640x480, rotation=90
09-02 11:14:12.111 24978 25317 D DpmFrameAnalyzer: analyze: bitmap converted, size=480x640, scanRoi=Rect(67, 147 - 412, 492)
09-02 11:14:12.112 24978 24978 D DpmAnalyzer: analyze: frame=480x640, roi=Rect(67, 147 - 412, 492), focus=FOCUSED, mode=SCAN
09-02 11:14:12.112 24978 24978 D DpmAnalyzer: analyze: THROTTLED by timing gate
09-02 11:14:12.112 24978 24978 D DpmFrameAnalyzer: analyze: result status=THROTTLED, code=null, source=null
09-02 11:14:12.132 24978 25317 D DpmFrameAnalyzer: analyze: frame received, format=35, size=640x480, rotation=90
09-02 11:14:12.155 24978 25317 D DpmFrameAnalyzer: analyze: bitmap converted, size=480x640, scanRoi=Rect(67, 147 - 412, 492)
09-02 11:14:12.159 24978 24978 D DpmAnalyzer: analyze: frame=480x640, roi=Rect(67, 147 - 412, 492), focus=FOCUSED, mode=SCAN
09-02 11:14:12.159 24978 24978 D DpmAnalyzer: analyze: THROTTLED by timing gate
09-02 11:14:12.159 24978 24978 D DpmFrameAnalyzer: analyze: result status=THROTTLED, code=null, source=null
09-02 11:14:12.168 24978 25317 D DpmFrameAnalyzer: analyze: frame received, format=35, size=640x480, rotation=90
09-02 11:14:12.190 24978 25317 D DpmFrameAnalyzer: analyze: bitmap converted, size=480x640, scanRoi=Rect(67, 147 - 412, 492)
09-02 11:14:12.191 24978 24978 D DpmAnalyzer: analyze: frame=480x640, roi=Rect(67, 147 - 412, 492), focus=FOCUSED, mode=SCAN
09-02 11:14:12.191 24978 24978 D DpmAnalyzer: analyze: starting performMultiStrategyDecode
09-02 11:14:12.191 24978 24978 D DpmAnalyzer: performMultiStrategyDecode: frame=480x640, roi=Rect(67, 147 - 412, 492), strategies=1
09-02 11:14:12.196 24978 24978 D DpmAnalyzer: Stage1: ROI 345x345 → scaled 345x345
09-02 11:14:12.214 24978 25317 D DpmFrameAnalyzer: analyze: frame received, format=35, size=640x480, rotation=90
09-02 11:14:12.237 24978 25317 D DpmFrameAnalyzer: analyze: bitmap converted, size=480x640, scanRoi=Rect(67, 147 - 412, 492)
09-02 11:14:12.242 24978 24978 D DpmAnalyzer: analyze: frame=480x640, roi=Rect(67, 147 - 412, 492), focus=FOCUSED, mode=SCAN
09-02 11:14:12.242 24978 24978 D DpmAnalyzer: analyze: THROTTLED (already running)
09-02 11:14:12.242 24978 24978 D DpmFrameAnalyzer: analyze: result status=THROTTLED, code=null, source=null
09-02 11:14:12.247 24978 25317 D DpmFrameAnalyzer: analyze: frame received, format=35, size=640x480, rotation=90
09-02 11:14:12.262 24978 24978 D DpmAnalyzer: Stage1: MISS
09-02 11:14:12.262 24978 24978 D DpmAnalyzer: scanRoi present, skipping full-image stages
09-02 11:14:12.262 24978 24978 D DpmAnalyzer: analyze: decodedCode=null
09-02 11:14:12.262 24978 24978 D DpmFrameAnalyzer: analyze: result status=NO_CODE, code=null, source=null
09-02 11:14:12.267 24978 25317 D DpmFrameAnalyzer: analyze: bitmap converted, size=480x640, scanRoi=Rect(67, 147 - 412, 492)
09-02 11:14:12.268 24978 24978 D DpmAnalyzer: analyze: frame=480x640, roi=Rect(67, 147 - 412, 492), focus=FOCUSED, mode=SCAN
09-02 11:14:12.268 24978 24978 D DpmAnalyzer: analyze: THROTTLED by timing gate
09-02 11:14:12.268 24978 24978 D DpmFrameAnalyzer: analyze: result status=THROTTLED, code=null, source=null
09-02 11:14:12.287 24978 25317 D DpmFrameAnalyzer: analyze: frame received, format=35, size=640x480, rotation=90
09-02 11:14:12.307 24978 25317 D DpmFrameAnalyzer: analyze: bitmap converted, size=480x640, scanRoi=Rect(67, 147 - 412, 492)
09-02 11:14:12.308 24978 24978 D DpmAnalyzer: analyze: frame=480x640, roi=Rect(67, 147 - 412, 492), focus=FOCUSED, mode=SCAN
09-02 11:14:12.308 24978 24978 D DpmAnalyzer: analyze: THROTTLED by timing gate
09-02 11:14:12.308 24978 24978 D DpmFrameAnalyzer: analyze: result status=THROTTLED, code=null, source=null
09-02 11:14:12.331 24978 25317 D DpmFrameAnalyzer: analyze: frame received, format=35, size=640x480, rotation=90
09-02 11:14:12.358 24978 25317 D DpmFrameAnalyzer: analyze: bitmap converted, size=480x640, scanRoi=Rect(67, 147 - 412, 492)
09-02 11:14:12.359 24978 24978 D DpmAnalyzer: analyze: frame=480x640, roi=Rect(67, 147 - 412, 492), focus=FOCUSED, mode=SCAN
09-02 11:14:12.359 24978 24978 D DpmAnalyzer: analyze: THROTTLED by timing gate
09-02 11:14:12.359 24978 24978 D DpmFrameAnalyzer: analyze: result status=THROTTLED, code=null, source=null
09-02 11:14:12.365 24978 25317 D DpmFrameAnalyzer: analyze: frame received, format=35, size=640x480, rotation=90
09-02 11:14:12.387 24978 25317 D DpmFrameAnalyzer: analyze: bitmap converted, size=480x640, scanRoi=Rect(67, 147 - 412, 492)
09-02 11:14:12.393 24978 24978 D DpmAnalyzer: analyze: frame=480x640, roi=Rect(67, 147 - 412, 492), focus=FOCUSED, mode=SCAN
09-02 11:14:12.393 24978 24978 D DpmAnalyzer: analyze: THROTTLED by timing gate
09-02 11:14:12.393 24978 24978 D DpmFrameAnalyzer: analyze: result status=THROTTLED, code=null, source=null
09-02 11:14:12.408 24978 25317 D DpmFrameAnalyzer: analyze: frame received, format=35, size=640x480, rotation=90
09-02 11:14:12.436 24978 25317 D DpmFrameAnalyzer: analyze: bitmap converted, size=480x640, scanRoi=Rect(67, 147 - 412, 492)
09-02 11:14:12.438 24978 24978 D DpmAnalyzer: analyze: frame=480x640, roi=Rect(67, 147 - 412, 492), focus=FOCUSED, mode=SCAN
09-02 11:14:12.438 24978 24978 D DpmAnalyzer: analyze: THROTTLED by timing gate
09-02 11:14:12.438 24978 24978 D DpmFrameAnalyzer: analyze: result status=THROTTLED, code=null, source=null
09-02 11:14:12.448 24978 25317 D DpmFrameAnalyzer: analyze: frame received, format=35, size=640x480, rotation=90
09-02 11:14:12.474 24978 25317 D DpmFrameAnalyzer: analyze: bitmap converted, size=480x640, scanRoi=Rect(67, 147 - 412, 492)
09-02 11:14:12.477 24978 24978 D DpmAnalyzer: analyze: frame=480x640, roi=Rect(67, 147 - 412, 492), focus=FOCUSED, mode=SCAN
09-02 11:14:12.477 24978 24978 D DpmAnalyzer: analyze: starting performMultiStrategyDecode
09-02 11:14:12.477 24978 24978 D DpmAnalyzer: performMultiStrategyDecode: frame=480x640, roi=Rect(67, 147 - 412, 492), strategies=1
09-02 11:14:12.483 24978 24978 D DpmAnalyzer: Stage1: ROI 345x345 → scaled 345x345
09-02 11:14:12.502 24978 25317 D DpmFrameAnalyzer: analyze: frame received, format=35, size=640x480, rotation=90
09-02 11:14:12.528 24978 25317 D DpmFrameAnalyzer: analyze: bitmap converted, size=480x640, scanRoi=Rect(67, 147 - 412, 492)
09-02 11:14:12.534 24978 24978 D DpmAnalyzer: analyze: frame=480x640, roi=Rect(67, 147 - 412, 492), focus=FOCUSED, mode=SCAN
09-02 11:14:12.534 24978 24978 D DpmAnalyzer: analyze: THROTTLED (already running)
09-02 11:14:12.534 24978 24978 D DpmFrameAnalyzer: analyze: result status=THROTTLED, code=null, source=null
09-02 11:14:12.536 24978 25317 D DpmFrameAnalyzer: analyze: frame received, format=35, size=640x480, rotation=90
09-02 11:14:12.557 24978 25317 D DpmFrameAnalyzer: analyze: bitmap converted, size=480x640, scanRoi=Rect(67, 147 - 412, 492)
09-02 11:14:12.557 24978 24978 D DpmAnalyzer: Stage1: MISS
09-02 11:14:12.557 24978 24978 D DpmAnalyzer: scanRoi present, skipping full-image stages
09-02 11:14:12.557 24978 24978 D DpmAnalyzer: analyze: decodedCode=null
09-02 11:14:12.558 24978 24978 D DpmFrameAnalyzer: analyze: result status=NO_CODE, code=null, source=null
09-02 11:14:12.559 24978 24978 D DpmAnalyzer: analyze: frame=480x640, roi=Rect(67, 147 - 412, 492), focus=FOCUSED, mode=SCAN
09-02 11:14:12.559 24978 24978 D DpmAnalyzer: analyze: THROTTLED by timing gate
09-02 11:14:12.559 24978 24978 D DpmFrameAnalyzer: analyze: result status=THROTTLED, code=null, source=null
09-02 11:14:12.568 24978 25317 D DpmFrameAnalyzer: analyze: frame received, format=35, size=640x480, rotation=90
09-02 11:14:12.585 24978 25317 D DpmFrameAnalyzer: analyze: bitmap converted, size=480x640, scanRoi=Rect(67, 147 - 412, 492)
09-02 11:14:12.586 24978 24978 D DpmAnalyzer: analyze: frame=480x640, roi=Rect(67, 147 - 412, 492), focus=FOCUSED, mode=SCAN
09-02 11:14:12.586 24978 24978 D DpmAnalyzer: analyze: THROTTLED by timing gate
09-02 11:14:12.586 24978 24978 D DpmFrameAnalyzer: analyze: result status=THROTTLED, code=null, source=null
09-02 11:14:12.597 24978 25317 D DpmFrameAnalyzer: analyze: frame received, format=35, size=640x480, rotation=90
09-02 11:14:12.619 24978 25317 D DpmFrameAnalyzer: analyze: bitmap converted, size=480x640, scanRoi=Rect(67, 147 - 412, 492)
09-02 11:14:12.619 24978 24978 D DpmAnalyzer: analyze: frame=480x640, roi=Rect(67, 147 - 412, 492), focus=FOCUSED, mode=SCAN
09-02 11:14:12.619 24978 24978 D DpmAnalyzer: analyze: THROTTLED by timing gate
09-02 11:14:12.619 24978 24978 D DpmFrameAnalyzer: analyze: result status=THROTTLED, code=null, source=null
09-02 11:14:12.643 24978 25317 D DpmFrameAnalyzer: analyze: frame received, format=35, size=640x480, rotation=90
09-02 11:14:12.664 24978 25317 D DpmFrameAnalyzer: analyze: bitmap converted, size=480x640, scanRoi=Rect(67, 147 - 412, 492)
09-02 11:14:12.664 24978 24978 D DpmAnalyzer: analyze: frame=480x640, roi=Rect(67, 147 - 412, 492), focus=FOCUSED, mode=SCAN
09-02 11:14:12.664 24978 24978 D DpmAnalyzer: analyze: THROTTLED by timing gate
09-02 11:14:12.664 24978 24978 D DpmFrameAnalyzer: analyze: result status=THROTTLED, code=null, source=null
09-02 11:14:12.680 24978 25317 D DpmFrameAnalyzer: analyze: frame received, format=35, size=640x480, rotation=90
09-02 11:14:12.705 24978 25317 D DpmFrameAnalyzer: analyze: bitmap converted, size=480x640, scanRoi=Rect(67, 147 - 412, 492)
09-02 11:14:12.710 24978 24978 D DpmAnalyzer: analyze: frame=480x640, roi=Rect(67, 147 - 412, 492), focus=FOCUSED, mode=SCAN
09-02 11:14:12.710 24978 24978 D DpmAnalyzer: analyze: THROTTLED by timing gate
09-02 11:14:12.710 24978 24978 D DpmFrameAnalyzer: analyze: result status=THROTTLED, code=null, source=null
09-02 11:14:12.729 24978 25317 D DpmFrameAnalyzer: analyze: frame received, format=35, size=640x480, rotation=90
09-02 11:14:12.757 24978 25317 D DpmFrameAnalyzer: analyze: bitmap converted, size=480x640, scanRoi=Rect(67, 147 - 412, 492)
09-02 11:14:12.761 24978 24978 D DpmAnalyzer: analyze: frame=480x640, roi=Rect(67, 147 - 412, 492), focus=FOCUSED, mode=SCAN
09-02 11:14:12.761 24978 24978 D DpmAnalyzer: analyze: starting performMultiStrategyDecode
09-02 11:14:12.761 24978 24978 D DpmAnalyzer: performMultiStrategyDecode: frame=480x640, roi=Rect(67, 147 - 412, 492), strategies=1
09-02 11:14:12.767 24978 24978 D DpmAnalyzer: Stage1: ROI 345x345 → scaled 345x345
09-02 11:14:12.783 24978 25317 D DpmFrameAnalyzer: analyze: frame received, format=35, size=640x480, rotation=90
09-02 11:14:12.817 24978 25317 D DpmFrameAnalyzer: analyze: bitmap converted, size=480x640, scanRoi=Rect(67, 147 - 412, 492)
09-02 11:14:12.818 24978 24978 D DpmAnalyzer: analyze: frame=480x640, roi=Rect(67, 147 - 412, 492), focus=FOCUSED, mode=SCAN
09-02 11:14:12.818 24978 24978 D DpmAnalyzer: analyze: THROTTLED (already running)
09-02 11:14:12.818 24978 24978 D DpmFrameAnalyzer: analyze: result status=THROTTLED, code=null, source=null
09-02 11:14:12.819 24978 25317 D DpmFrameAnalyzer: analyze: frame received, format=35, size=640x480, rotation=90
09-02 11:14:12.839 24978 25317 D DpmFrameAnalyzer: analyze: bitmap converted, size=480x640, scanRoi=Rect(67, 147 - 412, 492)
09-02 11:14:12.841 24978 24978 D DpmAnalyzer: Stage1: MISS
09-02 11:14:12.841 24978 24978 D DpmAnalyzer: scanRoi present, skipping full-image stages
09-02 11:14:12.841 24978 24978 D DpmAnalyzer: analyze: decodedCode=null
09-02 11:14:12.841 24978 24978 D DpmFrameAnalyzer: analyze: result status=NO_CODE, code=null, source=null
09-02 11:14:12.841 24978 24978 D DpmAnalyzer: analyze: frame=480x640, roi=Rect(67, 147 - 412, 492), focus=FOCUSED, mode=SCAN
09-02 11:14:12.841 24978 24978 D DpmAnalyzer: analyze: THROTTLED by timing gate
09-02 11:14:12.841 24978 24978 D DpmFrameAnalyzer: analyze: result status=THROTTLED, code=null, source=null
09-02 11:14:12.844 24978 25317 D DpmFrameAnalyzer: analyze: frame received, format=35, size=640x480, rotation=90
09-02 11:14:12.860 24978 25317 D DpmFrameAnalyzer: analyze: bitmap converted, size=480x640, scanRoi=Rect(67, 147 - 412, 492)
09-02 11:14:12.860 24978 24978 D DpmAnalyzer: analyze: frame=480x640, roi=Rect(67, 147 - 412, 492), focus=FOCUSED, mode=SCAN
09-02 11:14:12.860 24978 24978 D DpmAnalyzer: analyze: THROTTLED by timing gate
09-02 11:14:12.860 24978 24978 D DpmFrameAnalyzer: analyze: result status=THROTTLED, code=null, source=null
09-02 11:14:12.880 24978 25317 D DpmFrameAnalyzer: analyze: frame received, format=35, size=640x480, rotation=90
09-02 11:14:12.897 24978 25317 D DpmFrameAnalyzer: analyze: bitmap converted, size=480x640, scanRoi=Rect(67, 147 - 412, 492)
09-02 11:14:12.898 24978 24978 D DpmAnalyzer: analyze: frame=480x640, roi=Rect(67, 147 - 412, 492), focus=FOCUSED, mode=SCAN
09-02 11:14:12.898 24978 24978 D DpmAnalyzer: analyze: THROTTLED by timing gate
09-02 11:14:12.898 24978 24978 D DpmFrameAnalyzer: analyze: result status=THROTTLED, code=null, source=null
09-02 11:14:12.912 24978 25317 D DpmFrameAnalyzer: analyze: frame received, format=35, size=640x480, rotation=90
09-02 11:14:12.930 24978 25317 D DpmFrameAnalyzer: analyze: bitmap converted, size=480x640, scanRoi=Rect(67, 147 - 412, 492)
09-02 11:14:12.930 24978 24978 D DpmAnalyzer: analyze: frame=480x640, roi=Rect(67, 147 - 412, 492), focus=FOCUSED, mode=SCAN
09-02 11:14:12.930 24978 24978 D DpmAnalyzer: analyze: THROTTLED by timing gate
09-02 11:14:12.930 24978 24978 D DpmFrameAnalyzer: analyze: result status=THROTTLED, code=null, source=null
09-02 11:14:12.959 24978 25317 D DpmFrameAnalyzer: analyze: frame received, format=35, size=640x480, rotation=90
09-02 11:14:12.989 24978 25317 D DpmFrameAnalyzer: analyze: bitmap converted, size=480x640, scanRoi=Rect(67, 147 - 412, 492)
09-02 11:14:12.993 24978 24978 D DpmAnalyzer: analyze: frame=480x640, roi=Rect(67, 147 - 412, 492), focus=FOCUSED, mode=SCAN
09-02 11:14:12.993 24978 24978 D DpmAnalyzer: analyze: THROTTLED by timing gate
09-02 11:14:12.993 24978 24978 D DpmFrameAnalyzer: analyze: result status=THROTTLED, code=null, source=null
09-02 11:14:12.997 24978 25317 D DpmFrameAnalyzer: analyze: frame received, format=35, size=640x480, rotation=90
09-02 11:14:13.018 24978 25317 D DpmFrameAnalyzer: analyze: bitmap converted, size=480x640, scanRoi=Rect(67, 147 - 412, 492)
09-02 11:14:13.018 24978 24978 D DpmAnalyzer: analyze: frame=480x640, roi=Rect(67, 147 - 412, 492), focus=FOCUSED, mode=SCAN
09-02 11:14:13.018 24978 24978 D DpmAnalyzer: analyze: THROTTLED by timing gate
09-02 11:14:13.018 24978 24978 D DpmFrameAnalyzer: analyze: result status=THROTTLED, code=null, source=null
09-02 11:14:13.029 24978 25317 D DpmFrameAnalyzer: analyze: frame received, format=35, size=640x480, rotation=90
09-02 11:14:13.046 24978 25317 D DpmFrameAnalyzer: analyze: bitmap converted, size=480x640, scanRoi=Rect(67, 147 - 412, 492)
09-02 11:14:13.047 24978 24978 D DpmAnalyzer: analyze: frame=480x640, roi=Rect(67, 147 - 412, 492), focus=FOCUSED, mode=SCAN
09-02 11:14:13.047 24978 24978 D DpmAnalyzer: analyze: starting performMultiStrategyDecode
09-02 11:14:13.047 24978 24978 D DpmAnalyzer: performMultiStrategyDecode: frame=480x640, roi=Rect(67, 147 - 412, 492), strategies=1
09-02 11:14:13.052 24978 24978 D DpmAnalyzer: Stage1: ROI 345x345 → scaled 345x345
09-02 11:14:13.082 24978 25317 D DpmFrameAnalyzer: analyze: frame received, format=35, size=640x480, rotation=90
09-02 11:14:13.118 24978 25317 D DpmFrameAnalyzer: analyze: bitmap converted, size=480x640, scanRoi=Rect(67, 147 - 412, 492)
09-02 11:14:13.118 24978 24978 D DpmAnalyzer: analyze: frame=480x640, roi=Rect(67, 147 - 412, 492), focus=FOCUSED, mode=SCAN
09-02 11:14:13.119 24978 24978 D DpmAnalyzer: analyze: THROTTLED (already running)
09-02 11:14:13.119 24978 24978 D DpmFrameAnalyzer: analyze: result status=THROTTLED, code=null, source=null
09-02 11:14:13.125 24978 24978 D DpmAnalyzer: Stage1: MISS
09-02 11:14:13.125 24978 24978 D DpmAnalyzer: scanRoi present, skipping full-image stages
09-02 11:14:13.125 24978 24978 D DpmAnalyzer: analyze: decodedCode=null
09-02 11:14:13.125 24978 24978 D DpmFrameAnalyzer: analyze: result status=NO_CODE, code=null, source=null
09-02 11:14:13.125 24978 25317 D DpmFrameAnalyzer: analyze: frame received, format=35, size=640x480, rotation=90
09-02 11:14:13.147 24978 25317 D DpmFrameAnalyzer: analyze: bitmap converted, size=480x640, scanRoi=Rect(67, 147 - 412, 492)
09-02 11:14:13.147 24978 24978 D DpmAnalyzer: analyze: frame=480x640, roi=Rect(67, 147 - 412, 492), focus=FOCUSED, mode=SCAN
09-02 11:14:13.147 24978 24978 D DpmAnalyzer: analyze: THROTTLED by timing gate
09-02 11:14:13.147 24978 24978 D DpmFrameAnalyzer: analyze: result status=THROTTLED, code=null, source=null
09-02 11:14:13.152 24978 25317 D DpmFrameAnalyzer: analyze: frame received, format=35, size=640x480, rotation=90
09-02 11:14:13.173 24978 25317 D DpmFrameAnalyzer: analyze: bitmap converted, size=480x640, scanRoi=Rect(67, 147 - 412, 492)
09-02 11:14:13.175 24978 24978 D DpmAnalyzer: analyze: frame=480x640, roi=Rect(67, 147 - 412, 492), focus=FOCUSED, mode=SCAN
09-02 11:14:13.175 24978 24978 D DpmAnalyzer: analyze: THROTTLED by timing gate
09-02 11:14:13.175 24978 24978 D DpmFrameAnalyzer: analyze: result status=THROTTLED, code=null, source=null
09-02 11:14:13.194 24978 25317 D DpmFrameAnalyzer: analyze: frame received, format=35, size=640x480, rotation=90
09-02 11:14:13.217 24978 25317 D DpmFrameAnalyzer: analyze: bitmap converted, size=480x640, scanRoi=Rect(67, 147 - 412, 492)
09-02 11:14:13.217 24978 24978 D DpmAnalyzer: analyze: frame=480x640, roi=Rect(67, 147 - 412, 492), focus=FOCUSED, mode=SCAN
09-02 11:14:13.217 24978 24978 D DpmAnalyzer: analyze: THROTTLED by timing gate
09-02 11:14:13.217 24978 24978 D DpmFrameAnalyzer: analyze: result status=THROTTLED, code=null, source=null
09-02 11:14:13.230 24978 25317 D DpmFrameAnalyzer: analyze: frame received, format=35, size=640x480, rotation=90
09-02 11:14:13.250 24978 25317 D DpmFrameAnalyzer: analyze: bitmap converted, size=480x640, scanRoi=Rect(67, 147 - 412, 492)
09-02 11:14:13.251 24978 24978 D DpmAnalyzer: analyze: frame=480x640, roi=Rect(67, 147 - 412, 492), focus=FOCUSED, mode=SCAN
09-02 11:14:13.251 24978 24978 D DpmAnalyzer: analyze: THROTTLED by timing gate
09-02 11:14:13.251 24978 24978 D DpmFrameAnalyzer: analyze: result status=THROTTLED, code=null, source=null
09-02 11:14:13.270 24978 25317 D DpmFrameAnalyzer: analyze: frame received, format=35, size=640x480, rotation=90
09-02 11:14:13.295 24978 25317 D DpmFrameAnalyzer: analyze: bitmap converted, size=480x640, scanRoi=Rect(67, 147 - 412, 492)
09-02 11:14:13.296 24978 24978 D DpmAnalyzer: analyze: frame=480x640, roi=Rect(67, 147 - 412, 492), focus=FOCUSED, mode=SCAN
09-02 11:14:13.296 24978 24978 D DpmAnalyzer: analyze: THROTTLED by timing gate
09-02 11:14:13.296 24978 24978 D DpmFrameAnalyzer: analyze: result status=THROTTLED, code=null, source=null
09-02 11:14:13.315 24978 25317 D DpmFrameAnalyzer: analyze: frame received, format=35, size=640x480, rotation=90
09-02 11:14:13.336 24978 25317 D DpmFrameAnalyzer: analyze: bitmap converted, size=480x640, scanRoi=Rect(67, 147 - 412, 492)
09-02 11:14:13.340 24978 24978 D DpmAnalyzer: analyze: frame=480x640, roi=Rect(67, 147 - 412, 492), focus=FOCUSED, mode=SCAN
09-02 11:14:13.340 24978 24978 D DpmAnalyzer: analyze: starting performMultiStrategyDecode
09-02 11:14:13.340 24978 24978 D DpmAnalyzer: performMultiStrategyDecode: frame=480x640, roi=Rect(67, 147 - 412, 492), strategies=1
09-02 11:14:13.348 24978 24978 D DpmAnalyzer: Stage1: ROI 345x345 → scaled 345x345
09-02 11:14:13.355 24978 25317 D DpmFrameAnalyzer: analyze: frame received, format=35, size=640x480, rotation=90
09-02 11:14:13.375 24978 25317 D DpmFrameAnalyzer: analyze: bitmap converted, size=480x640, scanRoi=Rect(67, 147 - 412, 492)
09-02 11:14:13.378 24978 24978 D DpmAnalyzer: analyze: frame=480x640, roi=Rect(67, 147 - 412, 492), focus=FOCUSED, mode=SCAN
09-02 11:14:13.378 24978 24978 D DpmAnalyzer: analyze: THROTTLED (already running)
09-02 11:14:13.378 24978 24978 D DpmFrameAnalyzer: analyze: result status=THROTTLED, code=null, source=null
09-02 11:14:13.395 24978 25317 D DpmFrameAnalyzer: analyze: frame received, format=35, size=640x480, rotation=90
09-02 11:14:13.403 24978 24978 D DpmAnalyzer: Stage1: MISS
09-02 11:14:13.403 24978 24978 D DpmAnalyzer: scanRoi present, skipping full-image stages
09-02 11:14:13.403 24978 24978 D DpmAnalyzer: analyze: decodedCode=null
09-02 11:14:13.403 24978 24978 D DpmFrameAnalyzer: analyze: result status=NO_CODE, code=null, source=null
09-02 11:14:13.414 24978 25317 D DpmFrameAnalyzer: analyze: bitmap converted, size=480x640, scanRoi=Rect(67, 147 - 412, 492)
09-02 11:14:13.415 24978 24978 D DpmAnalyzer: analyze: frame=480x640, roi=Rect(67, 147 - 412, 492), focus=FOCUSED, mode=SCAN
09-02 11:14:13.415 24978 24978 D DpmAnalyzer: analyze: THROTTLED by timing gate
09-02 11:14:13.415 24978 24978 D DpmFrameAnalyzer: analyze: result status=THROTTLED, code=null, source=null
09-02 11:14:13.427 24978 25317 D DpmFrameAnalyzer: analyze: frame received, format=35, size=640x480, rotation=90
09-02 11:14:13.446 24978 25317 D DpmFrameAnalyzer: analyze: bitmap converted, size=480x640, scanRoi=Rect(67, 147 - 412, 492)
09-02 11:14:13.446 24978 24978 D DpmAnalyzer: analyze: frame=480x640, roi=Rect(67, 147 - 412, 492), focus=FOCUSED, mode=SCAN
09-02 11:14:13.446 24978 24978 D DpmAnalyzer: analyze: THROTTLED by timing gate
09-02 11:14:13.446 24978 24978 D DpmFrameAnalyzer: analyze: result status=THROTTLED, code=null, source=null
09-02 11:14:13.465 24978 25317 D DpmFrameAnalyzer: analyze: frame received, format=35, size=640x480, rotation=90
09-02 11:14:13.491 24978 25317 D DpmFrameAnalyzer: analyze: bitmap converted, size=480x640, scanRoi=Rect(67, 147 - 412, 492)
09-02 11:14:13.493 24978 24978 D DpmAnalyzer: analyze: frame=480x640, roi=Rect(67, 147 - 412, 492), focus=FOCUSED, mode=SCAN
09-02 11:14:13.493 24978 24978 D DpmAnalyzer: analyze: THROTTLED by timing gate
09-02 11:14:13.493 24978 24978 D DpmFrameAnalyzer: analyze: result status=THROTTLED, code=null, source=null
09-02 11:14:13.509 24978 25317 D DpmFrameAnalyzer: analyze: frame received, format=35, size=640x480, rotation=90
09-02 11:14:13.537 24978 25317 D DpmFrameAnalyzer: analyze: bitmap converted, size=480x640, scanRoi=Rect(67, 147 - 412, 492)
09-02 11:14:13.543 24978 24978 D DpmAnalyzer: analyze: frame=480x640, roi=Rect(67, 147 - 412, 492), focus=FOCUSED, mode=SCAN
09-02 11:14:13.543 24978 24978 D DpmAnalyzer: analyze: THROTTLED by timing gate
09-02 11:14:13.543 24978 24978 D DpmFrameAnalyzer: analyze: result status=THROTTLED, code=null, source=null
09-02 11:14:13.550 24978 25317 D DpmFrameAnalyzer: analyze: frame received, format=35, size=640x480, rotation=90
09-02 11:14:13.573 24978 25317 D DpmFrameAnalyzer: analyze: bitmap converted, size=480x640, scanRoi=Rect(67, 147 - 412, 492)
09-02 11:14:13.583 24978 24978 D DpmAnalyzer: analyze: frame=480x640, roi=Rect(67, 147 - 412, 492), focus=FOCUSED, mode=SCAN
09-02 11:14:13.583 24978 24978 D DpmAnalyzer: analyze: THROTTLED by timing gate
09-02 11:14:13.583 24978 24978 D DpmFrameAnalyzer: analyze: result status=THROTTLED, code=null, source=null
09-02 11:14:13.598 24978 25317 D DpmFrameAnalyzer: analyze: frame received, format=35, size=640x480, rotation=90
09-02 11:14:13.620 24978 25317 D DpmFrameAnalyzer: analyze: bitmap converted, size=480x640, scanRoi=Rect(67, 147 - 412, 492)
09-02 11:14:13.625 24978 24978 D DpmAnalyzer: analyze: frame=480x640, roi=Rect(67, 147 - 412, 492), focus=FOCUSED, mode=SCAN
09-02 11:14:13.625 24978 24978 D DpmAnalyzer: analyze: starting performMultiStrategyDecode
09-02 11:14:13.625 24978 24978 D DpmAnalyzer: performMultiStrategyDecode: frame=480x640, roi=Rect(67, 147 - 412, 492), strategies=1
09-02 11:14:13.631 24978 24978 D DpmAnalyzer: Stage1: ROI 345x345 → scaled 345x345
09-02 11:14:13.647 24978 25317 D DpmFrameAnalyzer: analyze: frame received, format=35, size=640x480, rotation=90
09-02 11:14:13.667 24978 25317 D DpmFrameAnalyzer: analyze: bitmap converted, size=480x640, scanRoi=Rect(67, 147 - 412, 492)
09-02 11:14:13.667 24978 24978 D DpmAnalyzer: analyze: frame=480x640, roi=Rect(67, 147 - 412, 492), focus=FOCUSED, mode=SCAN
09-02 11:14:13.667 24978 24978 D DpmAnalyzer: analyze: THROTTLED (already running)
09-02 11:14:13.667 24978 24978 D DpmFrameAnalyzer: analyze: result status=THROTTLED, code=null, source=null
09-02 11:14:13.669 24978 25317 D DpmFrameAnalyzer: analyze: frame received, format=35, size=640x480, rotation=90
09-02 11:14:13.687 24978 25317 D DpmFrameAnalyzer: analyze: bitmap converted, size=480x640, scanRoi=Rect(67, 147 - 412, 492)
09-02 11:14:13.692 24978 24978 D DpmAnalyzer: analyze: frame=480x640, roi=Rect(67, 147 - 412, 492), focus=FOCUSED, mode=SCAN
09-02 11:14:13.692 24978 24978 D DpmAnalyzer: analyze: THROTTLED (already running)
09-02 11:14:13.692 24978 24978 D DpmFrameAnalyzer: analyze: result status=THROTTLED, code=null, source=null
09-02 11:14:13.696 24978 25317 D DpmFrameAnalyzer: analyze: frame received, format=35, size=640x480, rotation=90
09-02 11:14:13.700 24978 24978 D DpmAnalyzer: Stage1: MISS
09-02 11:14:13.700 24978 24978 D DpmAnalyzer: scanRoi present, skipping full-image stages
09-02 11:14:13.700 24978 24978 D DpmAnalyzer: analyze: decodedCode=null
09-02 11:14:13.700 24978 24978 D DpmFrameAnalyzer: analyze: result status=NO_CODE, code=null, source=null
09-02 11:14:13.713 24978 25317 D DpmFrameAnalyzer: analyze: bitmap converted, size=480x640, scanRoi=Rect(67, 147 - 412, 492)
09-02 11:14:13.713 24978 24978 D DpmAnalyzer: analyze: frame=480x640, roi=Rect(67, 147 - 412, 492), focus=FOCUSED, mode=SCAN
09-02 11:14:13.713 24978 24978 D DpmAnalyzer: analyze: THROTTLED by timing gate
09-02 11:14:13.713 24978 24978 D DpmFrameAnalyzer: analyze: result status=THROTTLED, code=null, source=null
09-02 11:14:13.746 24978 25317 D DpmFrameAnalyzer: analyze: frame received, format=35, size=640x480, rotation=90
09-02 11:14:13.767 24978 25317 D DpmFrameAnalyzer: analyze: bitmap converted, size=480x640, scanRoi=Rect(67, 147 - 412, 492)
09-02 11:14:13.768 24978 24978 D DpmAnalyzer: analyze: frame=480x640, roi=Rect(67, 147 - 412, 492), focus=FOCUSED, mode=SCAN
09-02 11:14:13.768 24978 24978 D DpmAnalyzer: analyze: THROTTLED by timing gate
09-02 11:14:13.768 24978 24978 D DpmFrameAnalyzer: analyze: result status=THROTTLED, code=null, source=null
09-02 11:14:13.784 24978 25317 D DpmFrameAnalyzer: analyze: frame received, format=35, size=640x480, rotation=90
09-02 11:14:13.806 24978 25317 D DpmFrameAnalyzer: analyze: bitmap converted, size=480x640, scanRoi=Rect(67, 147 - 412, 492)
09-02 11:14:13.811 24978 24978 D DpmAnalyzer: analyze: frame=480x640, roi=Rect(67, 147 - 412, 492), focus=FOCUSED, mode=SCAN
09-02 11:14:13.811 24978 24978 D DpmAnalyzer: analyze: THROTTLED by timing gate
09-02 11:14:13.811 24978 24978 D DpmFrameAnalyzer: analyze: result status=THROTTLED, code=null, source=null
09-02 11:14:13.828 24978 25317 D DpmFrameAnalyzer: analyze: frame received, format=35, size=640x480, rotation=90
09-02 11:14:13.851 24978 25317 D DpmFrameAnalyzer: analyze: bitmap converted, size=480x640, scanRoi=Rect(67, 147 - 412, 492)
09-02 11:14:13.851 24978 24978 D DpmAnalyzer: analyze: frame=480x640, roi=Rect(67, 147 - 412, 492), focus=FOCUSED, mode=SCAN
09-02 11:14:13.851 24978 24978 D DpmAnalyzer: analyze: THROTTLED by timing gate
09-02 11:14:13.851 24978 24978 D DpmFrameAnalyzer: analyze: result status=THROTTLED, code=null, source=null
09-02 11:14:13.864 24978 25317 D DpmFrameAnalyzer: analyze: frame received, format=35, size=640x480, rotation=90
09-02 11:14:13.885 24978 25317 D DpmFrameAnalyzer: analyze: bitmap converted, size=480x640, scanRoi=Rect(67, 147 - 412, 492)
09-02 11:14:13.885 24978 24978 D DpmAnalyzer: analyze: frame=480x640, roi=Rect(67, 147 - 412, 492), focus=FOCUSED, mode=SCAN
09-02 11:14:13.885 24978 24978 D DpmAnalyzer: analyze: THROTTLED by timing gate
09-02 11:14:13.885 24978 24978 D DpmFrameAnalyzer: analyze: result status=THROTTLED, code=null, source=null
09-02 11:14:13.901 24978 25317 D DpmFrameAnalyzer: analyze: frame received, format=35, size=640x480, rotation=90
09-02 11:14:13.924 24978 25317 D DpmFrameAnalyzer: analyze: bitmap converted, size=480x640, scanRoi=Rect(67, 147 - 412, 492)
09-02 11:14:13.925 24978 24978 D DpmAnalyzer: analyze: frame=480x640, roi=Rect(67, 147 - 412, 492), focus=FOCUSED, mode=SCAN
09-02 11:14:13.925 24978 24978 D DpmAnalyzer: analyze: starting performMultiStrategyDecode
09-02 11:14:13.925 24978 24978 D DpmAnalyzer: performMultiStrategyDecode: frame=480x640, roi=Rect(67, 147 - 412, 492), strategies=1
09-02 11:14:13.932 24978 24978 D DpmAnalyzer: Stage1: ROI 345x345 → scaled 345x345
09-02 11:14:13.967 24978 25317 D DpmFrameAnalyzer: analyze: frame received, format=35, size=640x480, rotation=90
09-02 11:14:14.000 24978 25317 D DpmFrameAnalyzer: analyze: bitmap converted, size=480x640, scanRoi=Rect(67, 147 - 412, 492)
09-02 11:14:14.002 24978 25317 D DpmFrameAnalyzer: analyze: frame received, format=35, size=640x480, rotation=90
09-02 11:14:14.002 24978 24978 D DpmAnalyzer: analyze: frame=480x640, roi=Rect(67, 147 - 412, 492), focus=FOCUSED, mode=SCAN
09-02 11:14:14.003 24978 24978 D DpmAnalyzer: analyze: THROTTLED (already running)
09-02 11:14:14.003 24978 24978 D DpmFrameAnalyzer: analyze: result status=THROTTLED, code=null, source=null
09-02 11:14:14.026 24978 25317 D DpmFrameAnalyzer: analyze: bitmap converted, size=480x640, scanRoi=Rect(67, 147 - 412, 492)
09-02 11:14:14.026 24978 24978 D DpmAnalyzer: analyze: frame=480x640, roi=Rect(67, 147 - 412, 492), focus=FOCUSED, mode=SCAN
09-02 11:14:14.026 24978 24978 D DpmAnalyzer: analyze: THROTTLED (already running)
09-02 11:14:14.026 24978 24978 D DpmFrameAnalyzer: analyze: result status=THROTTLED, code=null, source=null
09-02 11:14:14.028 24978 25317 D DpmFrameAnalyzer: analyze: frame received, format=35, size=640x480, rotation=90
09-02 11:14:14.033 24978 24978 D DpmAnalyzer: Stage1: MISS
09-02 11:14:14.033 24978 24978 D DpmAnalyzer: scanRoi present, skipping full-image stages
09-02 11:14:14.033 24978 24978 D DpmAnalyzer: analyze: decodedCode=null
09-02 11:14:14.034 24978 24978 D DpmFrameAnalyzer: analyze: result status=NO_CODE, code=null, source=null
09-02 11:14:14.047 24978 25317 D DpmFrameAnalyzer: analyze: bitmap converted, size=480x640, scanRoi=Rect(67, 147 - 412, 492)
09-02 11:14:14.048 24978 24978 D DpmAnalyzer: analyze: frame=480x640, roi=Rect(67, 147 - 412, 492), focus=FOCUSED, mode=SCAN
09-02 11:14:14.048 24978 24978 D DpmAnalyzer: analyze: THROTTLED by timing gate
09-02 11:14:14.048 24978 24978 D DpmFrameAnalyzer: analyze: result status=THROTTLED, code=null, source=null
09-02 11:14:14.055 24978 25317 D DpmFrameAnalyzer: analyze: frame received, format=35, size=640x480, rotation=90
09-02 11:14:14.074 24978 25317 D DpmFrameAnalyzer: analyze: bitmap converted, size=480x640, scanRoi=Rect(67, 147 - 412, 492)
09-02 11:14:14.076 24978 24978 D DpmAnalyzer: analyze: frame=480x640, roi=Rect(67, 147 - 412, 492), focus=FOCUSED, mode=SCAN
09-02 11:14:14.076 24978 24978 D DpmAnalyzer: analyze: THROTTLED by timing gate
09-02 11:14:14.076 24978 24978 D DpmFrameAnalyzer: analyze: result status=THROTTLED, code=null, source=null
09-02 11:14:14.090 24978 25317 D DpmFrameAnalyzer: analyze: frame received, format=35, size=640x480, rotation=90
09-02 11:14:14.112 24978 25317 D DpmFrameAnalyzer: analyze: bitmap converted, size=480x640, scanRoi=Rect(67, 147 - 412, 492)
09-02 11:14:14.112 24978 24978 D DpmAnalyzer: analyze: frame=480x640, roi=Rect(67, 147 - 412, 492), focus=FOCUSED, mode=SCAN
09-02 11:14:14.112 24978 24978 D DpmAnalyzer: analyze: THROTTLED by timing gate
09-02 11:14:14.112 24978 24978 D DpmFrameAnalyzer: analyze: result status=THROTTLED, code=null, source=null
09-02 11:14:14.130 24978 25317 D DpmFrameAnalyzer: analyze: frame received, format=35, size=640x480, rotation=90
09-02 11:14:14.153 24978 25317 D DpmFrameAnalyzer: analyze: bitmap converted, size=480x640, scanRoi=Rect(67, 147 - 412, 492)
09-02 11:14:14.155 24978 24978 D DpmAnalyzer: analyze: frame=480x640, roi=Rect(67, 147 - 412, 492), focus=FOCUSED, mode=SCAN
09-02 11:14:14.155 24978 24978 D DpmAnalyzer: analyze: THROTTLED by timing gate
09-02 11:14:14.155 24978 24978 D DpmFrameAnalyzer: analyze: result status=THROTTLED, code=null, source=null
09-02 11:14:14.176 24978 25317 D DpmFrameAnalyzer: analyze: frame received, format=35, size=640x480, rotation=90
09-02 11:14:14.200 24978 25317 D DpmFrameAnalyzer: analyze: bitmap converted, size=480x640, scanRoi=Rect(67, 147 - 412, 492)
09-02 11:14:14.201 24978 24978 D DpmAnalyzer: analyze: frame=480x640, roi=Rect(67, 147 - 412, 492), focus=FOCUSED, mode=SCAN
09-02 11:14:14.201 24978 24978 D DpmAnalyzer: analyze: THROTTLED by timing gate
09-02 11:14:14.201 24978 24978 D DpmFrameAnalyzer: analyze: result status=THROTTLED, code=null, source=null
09-02 11:14:14.213 24978 25317 D DpmFrameAnalyzer: analyze: frame received, format=35, size=640x480, rotation=90
09-02 11:14:14.235 24978 25317 D DpmFrameAnalyzer: analyze: bitmap converted, size=480x640, scanRoi=Rect(67, 147 - 412, 492)
09-02 11:14:14.235 24978 24978 D DpmAnalyzer: analyze: frame=480x640, roi=Rect(67, 147 - 412, 492), focus=FOCUSED, mode=SCAN
09-02 11:14:14.235 24978 24978 D DpmAnalyzer: analyze: starting performMultiStrategyDecode
09-02 11:14:14.235 24978 24978 D DpmAnalyzer: performMultiStrategyDecode: frame=480x640, roi=Rect(67, 147 - 412, 492), strategies=1
09-02 11:14:14.240 24978 24978 D DpmAnalyzer: Stage1: ROI 345x345 → scaled 345x345
09-02 11:14:14.251 24978 25317 D DpmFrameAnalyzer: analyze: frame received, format=35, size=640x480, rotation=90
09-02 11:14:14.280 24978 25317 D DpmFrameAnalyzer: analyze: bitmap converted, size=480x640, scanRoi=Rect(67, 147 - 412, 492)
09-02 11:14:14.281 24978 24978 D DpmAnalyzer: analyze: frame=480x640, roi=Rect(67, 147 - 412, 492), focus=FOCUSED, mode=SCAN
09-02 11:14:14.281 24978 24978 D DpmAnalyzer: analyze: THROTTLED (already running)
09-02 11:14:14.281 24978 24978 D DpmFrameAnalyzer: analyze: result status=THROTTLED, code=null, source=null
09-02 11:14:14.293 24978 25317 D DpmFrameAnalyzer: analyze: frame received, format=35, size=640x480, rotation=90
09-02 11:14:14.294 24978 24978 D DpmAnalyzer: Stage1: MISS
09-02 11:14:14.294 24978 24978 D DpmAnalyzer: scanRoi present, skipping full-image stages
09-02 11:14:14.294 24978 24978 D DpmAnalyzer: analyze: decodedCode=null
09-02 11:14:14.294 24978 24978 D DpmFrameAnalyzer: analyze: result status=NO_CODE, code=null, source=null
09-02 11:14:14.315 24978 25317 D DpmFrameAnalyzer: analyze: bitmap converted, size=480x640, scanRoi=Rect(67, 147 - 412, 492)
09-02 11:14:14.315 24978 24978 D DpmAnalyzer: analyze: frame=480x640, roi=Rect(67, 147 - 412, 492), focus=FOCUSED, mode=SCAN
09-02 11:14:14.315 24978 24978 D DpmAnalyzer: analyze: THROTTLED by timing gate
09-02 11:14:14.315 24978 24978 D DpmFrameAnalyzer: analyze: result status=THROTTLED, code=null, source=null
09-02 11:14:14.328 24978 25317 D DpmFrameAnalyzer: analyze: frame received, format=35, size=640x480, rotation=90
09-02 11:14:14.351 24978 25317 D DpmFrameAnalyzer: analyze: bitmap converted, size=480x640, scanRoi=Rect(67, 147 - 412, 492)
09-02 11:14:14.351 24978 24978 D DpmAnalyzer: analyze: frame=480x640, roi=Rect(67, 147 - 412, 492), focus=FOCUSED, mode=SCAN
09-02 11:14:14.351 24978 24978 D DpmAnalyzer: analyze: THROTTLED by timing gate
09-02 11:14:14.351 24978 24978 D DpmFrameAnalyzer: analyze: result status=THROTTLED, code=null, source=null
09-02 11:14:14.373 24978 25317 D DpmFrameAnalyzer: analyze: frame received, format=35, size=640x480, rotation=90
09-02 11:14:14.394 24978 25317 D DpmFrameAnalyzer: analyze: bitmap converted, size=480x640, scanRoi=Rect(67, 147 - 412, 492)
09-02 11:14:14.394 24978 24978 D DpmAnalyzer: analyze: frame=480x640, roi=Rect(67, 147 - 412, 492), focus=FOCUSED, mode=SCAN
09-02 11:14:14.394 24978 24978 D DpmAnalyzer: analyze: THROTTLED by timing gate
09-02 11:14:14.394 24978 24978 D DpmFrameAnalyzer: analyze: result status=THROTTLED, code=null, source=null
09-02 11:14:14.411 24978 25317 D DpmFrameAnalyzer: analyze: frame received, format=35, size=640x480, rotation=90
09-02 11:14:14.431 24978 25317 D DpmFrameAnalyzer: analyze: bitmap converted, size=480x640, scanRoi=Rect(67, 147 - 412, 492)
09-02 11:14:14.432 24978 24978 D DpmAnalyzer: analyze: frame=480x640, roi=Rect(67, 147 - 412, 492), focus=FOCUSED, mode=SCAN
09-02 11:14:14.432 24978 24978 D DpmAnalyzer: analyze: THROTTLED by timing gate
09-02 11:14:14.432 24978 24978 D DpmFrameAnalyzer: analyze: result status=THROTTLED, code=null, source=null
09-02 11:14:14.450 24978 25317 D DpmFrameAnalyzer: analyze: frame received, format=35, size=640x480, rotation=90
09-02 11:14:14.473 24978 25317 D DpmFrameAnalyzer: analyze: bitmap converted, size=480x640, scanRoi=Rect(67, 147 - 412, 492)
09-02 11:14:14.474 24978 24978 D DpmAnalyzer: analyze: frame=480x640, roi=Rect(67, 147 - 412, 492), focus=FOCUSED, mode=SCAN
09-02 11:14:14.474 24978 24978 D DpmAnalyzer: analyze: THROTTLED by timing gate
09-02 11:14:14.474 24978 24978 D DpmFrameAnalyzer: analyze: result status=THROTTLED, code=null, source=null
09-02 11:14:14.489 24978 25317 D DpmFrameAnalyzer: analyze: frame received, format=35, size=640x480, rotation=90
09-02 11:14:14.513 24978 25317 D DpmFrameAnalyzer: analyze: bitmap converted, size=480x640, scanRoi=Rect(67, 147 - 412, 492)
09-02 11:14:14.514 24978 24978 D DpmAnalyzer: analyze: frame=480x640, roi=Rect(67, 147 - 412, 492), focus=FOCUSED, mode=SCAN
09-02 11:14:14.514 24978 24978 D DpmAnalyzer: analyze: starting performMultiStrategyDecode
09-02 11:14:14.514 24978 24978 D DpmAnalyzer: performMultiStrategyDecode: frame=480x640, roi=Rect(67, 147 - 412, 492), strategies=1
09-02 11:14:14.516 24978 24978 D DpmAnalyzer: Stage1: ROI 345x345 → scaled 345x345
09-02 11:14:14.528 24978 25317 D DpmFrameAnalyzer: analyze: frame received, format=35, size=640x480, rotation=90
09-02 11:14:14.554 24978 25317 D DpmFrameAnalyzer: analyze: bitmap converted, size=480x640, scanRoi=Rect(67, 147 - 412, 492)
09-02 11:14:14.554 24978 24978 D DpmAnalyzer: analyze: frame=480x640, roi=Rect(67, 147 - 412, 492), focus=FOCUSED, mode=SCAN
09-02 11:14:14.554 24978 24978 D DpmAnalyzer: analyze: THROTTLED (already running)
09-02 11:14:14.554 24978 24978 D DpmFrameAnalyzer: analyze: result status=THROTTLED, code=null, source=null
09-02 11:14:14.567 24978 24978 D DpmAnalyzer: Stage1: MISS
09-02 11:14:14.567 24978 24978 D DpmAnalyzer: scanRoi present, skipping full-image stages
09-02 11:14:14.568 24978 24978 D DpmAnalyzer: analyze: decodedCode=null
09-02 11:14:14.568 24978 24978 D DpmFrameAnalyzer: analyze: result status=NO_CODE, code=null, source=null
09-02 11:14:14.569 24978 25317 D DpmFrameAnalyzer: analyze: frame received, format=35, size=640x480, rotation=90
09-02 11:14:14.592 24978 25317 D DpmFrameAnalyzer: analyze: bitmap converted, size=480x640, scanRoi=Rect(67, 147 - 412, 492)
09-02 11:14:14.592 24978 24978 D DpmAnalyzer: analyze: frame=480x640, roi=Rect(67, 147 - 412, 492), focus=FOCUSED, mode=SCAN
09-02 11:14:14.592 24978 24978 D DpmAnalyzer: analyze: THROTTLED by timing gate
09-02 11:14:14.592 24978 24978 D DpmFrameAnalyzer: analyze: result status=THROTTLED, code=null, source=null
09-02 11:14:14.610 24978 25317 D DpmFrameAnalyzer: analyze: frame received, format=35, size=640x480, rotation=90
09-02 11:14:14.635 24978 25317 D DpmFrameAnalyzer: analyze: bitmap converted, size=480x640, scanRoi=Rect(67, 147 - 412, 492)
09-02 11:14:14.636 24978 24978 D DpmAnalyzer: analyze: frame=480x640, roi=Rect(67, 147 - 412, 492), focus=FOCUSED, mode=SCAN
09-02 11:14:14.636 24978 24978 D DpmAnalyzer: analyze: THROTTLED by timing gate
09-02 11:14:14.636 24978 24978 D DpmFrameAnalyzer: analyze: result status=THROTTLED, code=null, source=null
09-02 11:14:14.639 24978 25317 D DpmFrameAnalyzer: analyze: frame received, format=35, size=640x480, rotation=90
09-02 11:14:14.660 24978 25317 D DpmFrameAnalyzer: analyze: bitmap converted, size=480x640, scanRoi=Rect(67, 147 - 412, 492)
09-02 11:14:14.660 24978 24978 D DpmAnalyzer: analyze: frame=480x640, roi=Rect(67, 147 - 412, 492), focus=FOCUSED, mode=SCAN
09-02 11:14:14.660 24978 24978 D DpmAnalyzer: analyze: THROTTLED by timing gate
09-02 11:14:14.660 24978 24978 D DpmFrameAnalyzer: analyze: result status=THROTTLED, code=null, source=null
09-02 11:14:14.687 24978 25317 D DpmFrameAnalyzer: analyze: frame received, format=35, size=640x480, rotation=90
09-02 11:14:14.710 24978 25317 D DpmFrameAnalyzer: analyze: bitmap converted, size=480x640, scanRoi=Rect(67, 147 - 412, 492)
09-02 11:14:14.711 24978 24978 D DpmAnalyzer: analyze: frame=480x640, roi=Rect(67, 147 - 412, 492), focus=FOCUSED, mode=SCAN
09-02 11:14:14.711 24978 24978 D DpmAnalyzer: analyze: THROTTLED by timing gate
09-02 11:14:14.711 24978 24978 D DpmFrameAnalyzer: analyze: result status=THROTTLED, code=null, source=null
09-02 11:14:14.731 24978 25317 D DpmFrameAnalyzer: analyze: frame received, format=35, size=640x480, rotation=90
09-02 11:14:14.761 24978 25317 D DpmFrameAnalyzer: analyze: bitmap converted, size=480x640, scanRoi=Rect(67, 147 - 412, 492)
09-02 11:14:14.761 24978 24978 D DpmAnalyzer: analyze: frame=480x640, roi=Rect(67, 147 - 412, 492), focus=FOCUSED, mode=SCAN
09-02 11:14:14.761 24978 24978 D DpmAnalyzer: analyze: THROTTLED by timing gate
09-02 11:14:14.761 24978 24978 D DpmFrameAnalyzer: analyze: result status=THROTTLED, code=null, source=null
09-02 11:14:14.771 24978 25317 D DpmFrameAnalyzer: analyze: frame received, format=35, size=640x480, rotation=90
09-02 11:14:14.792 24978 25317 D DpmFrameAnalyzer: analyze: bitmap converted, size=480x640, scanRoi=Rect(67, 147 - 412, 492)
09-02 11:14:14.792 24978 24978 D DpmAnalyzer: analyze: frame=480x640, roi=Rect(67, 147 - 412, 492), focus=FOCUSED, mode=SCAN
09-02 11:14:14.792 24978 24978 D DpmAnalyzer: analyze: starting performMultiStrategyDecode
09-02 11:14:14.792 24978 24978 D DpmAnalyzer: performMultiStrategyDecode: frame=480x640, roi=Rect(67, 147 - 412, 492), strategies=1
09-02 11:14:14.794 24978 24978 D DpmAnalyzer: Stage1: ROI 345x345 → scaled 345x345
09-02 11:14:14.804 24978 25317 D DpmFrameAnalyzer: analyze: frame received, format=35, size=640x480, rotation=90
09-02 11:14:14.822 24978 25317 D DpmFrameAnalyzer: analyze: bitmap converted, size=480x640, scanRoi=Rect(67, 147 - 412, 492)
09-02 11:14:14.823 24978 24978 D DpmAnalyzer: analyze: frame=480x640, roi=Rect(67, 147 - 412, 492), focus=FOCUSED, mode=SCAN
09-02 11:14:14.823 24978 24978 D DpmAnalyzer: analyze: THROTTLED (already running)
09-02 11:14:14.823 24978 24978 D DpmFrameAnalyzer: analyze: result status=THROTTLED, code=null, source=null
09-02 11:14:14.839 24978 25317 D DpmFrameAnalyzer: analyze: frame received, format=35, size=640x480, rotation=90
09-02 11:14:14.841 24978 24978 D DpmAnalyzer: Stage1: MISS
09-02 11:14:14.841 24978 24978 D DpmAnalyzer: scanRoi present, skipping full-image stages
09-02 11:14:14.841 24978 24978 D DpmAnalyzer: analyze: decodedCode=null
09-02 11:14:14.841 24978 24978 D DpmFrameAnalyzer: analyze: result status=NO_CODE, code=null, source=null
09-02 11:14:14.863 24978 25317 D DpmFrameAnalyzer: analyze: bitmap converted, size=480x640, scanRoi=Rect(67, 147 - 412, 492)
09-02 11:14:14.864 24978 24978 D DpmAnalyzer: analyze: frame=480x640, roi=Rect(67, 147 - 412, 492), focus=FOCUSED, mode=SCAN
09-02 11:14:14.864 24978 24978 D DpmAnalyzer: analyze: THROTTLED by timing gate
09-02 11:14:14.864 24978 24978 D DpmFrameAnalyzer: analyze: result status=THROTTLED, code=null, source=null
09-02 11:14:14.880 24978 25317 D DpmFrameAnalyzer: analyze: frame received, format=35, size=640x480, rotation=90
09-02 11:14:14.899 24978 25317 D DpmFrameAnalyzer: analyze: bitmap converted, size=480x640, scanRoi=Rect(67, 147 - 412, 492)
09-02 11:14:14.899 24978 24978 D DpmAnalyzer: analyze: frame=480x640, roi=Rect(67, 147 - 412, 492), focus=FOCUSED, mode=SCAN
09-02 11:14:14.899 24978 24978 D DpmAnalyzer: analyze: THROTTLED by timing gate
09-02 11:14:14.899 24978 24978 D DpmFrameAnalyzer: analyze: result status=THROTTLED, code=null, source=null
09-02 11:14:14.919 24978 25317 D DpmFrameAnalyzer: analyze: frame received, format=35, size=640x480, rotation=90
09-02 11:14:14.937 24978 25317 D DpmFrameAnalyzer: analyze: bitmap converted, size=480x640, scanRoi=Rect(67, 147 - 412, 492)
09-02 11:14:14.938 24978 24978 D DpmAnalyzer: analyze: frame=480x640, roi=Rect(67, 147 - 412, 492), focus=FOCUSED, mode=SCAN
09-02 11:14:14.938 24978 24978 D DpmAnalyzer: analyze: THROTTLED by timing gate
09-02 11:14:14.938 24978 24978 D DpmFrameAnalyzer: analyze: result status=THROTTLED, code=null, source=null
09-02 11:14:14.960 24978 25317 D DpmFrameAnalyzer: analyze: frame received, format=35, size=640x480, rotation=90
09-02 11:14:14.981 24978 25317 D DpmFrameAnalyzer: analyze: bitmap converted, size=480x640, scanRoi=Rect(67, 147 - 412, 492)
09-02 11:14:14.982 24978 24978 D DpmAnalyzer: analyze: frame=480x640, roi=Rect(67, 147 - 412, 492), focus=FOCUSED, mode=SCAN
09-02 11:14:14.982 24978 24978 D DpmAnalyzer: analyze: THROTTLED by timing gate
09-02 11:14:14.982 24978 24978 D DpmFrameAnalyzer: analyze: result status=THROTTLED, code=null, source=null
09-02 11:14:14.999 24978 25317 D DpmFrameAnalyzer: analyze: frame received, format=35, size=640x480, rotation=90
09-02 11:14:15.020 24978 25317 D DpmFrameAnalyzer: analyze: bitmap converted, size=480x640, scanRoi=Rect(67, 147 - 412, 492)
09-02 11:14:15.022 24978 24978 D DpmAnalyzer: analyze: frame=480x640, roi=Rect(67, 147 - 412, 492), focus=FOCUSED, mode=SCAN
09-02 11:14:15.022 24978 24978 D DpmAnalyzer: analyze: THROTTLED by timing gate
09-02 11:14:15.022 24978 24978 D DpmFrameAnalyzer: analyze: result status=THROTTLED, code=null, source=null
09-02 11:14:15.040 24978 25317 D DpmFrameAnalyzer: analyze: frame received, format=35, size=640x480, rotation=90
09-02 11:14:15.058 24978 25317 D DpmFrameAnalyzer: analyze: bitmap converted, size=480x640, scanRoi=Rect(67, 147 - 412, 492)
09-02 11:14:15.059 24978 24978 D DpmAnalyzer: analyze: frame=480x640, roi=Rect(67, 147 - 412, 492), focus=FOCUSED, mode=SCAN
09-02 11:14:15.059 24978 24978 D DpmAnalyzer: analyze: starting performMultiStrategyDecode
09-02 11:14:15.059 24978 24978 D DpmAnalyzer: performMultiStrategyDecode: frame=480x640, roi=Rect(67, 147 - 412, 492), strategies=1
09-02 11:14:15.065 24978 24978 D DpmAnalyzer: Stage1: ROI 345x345 → scaled 345x345
09-02 11:14:15.091 24978 25317 D DpmFrameAnalyzer: analyze: frame received, format=35, size=640x480, rotation=90
09-02 11:14:15.120 24978 25317 D DpmFrameAnalyzer: analyze: bitmap converted, size=480x640, scanRoi=Rect(67, 147 - 412, 492)
09-02 11:14:15.120 24978 24978 D DpmAnalyzer: analyze: frame=480x640, roi=Rect(67, 147 - 412, 492), focus=FOCUSED, mode=SCAN
09-02 11:14:15.121 24978 24978 D DpmAnalyzer: analyze: THROTTLED (already running)
09-02 11:14:15.121 24978 24978 D DpmFrameAnalyzer: analyze: result status=THROTTLED, code=null, source=null
09-02 11:14:15.121 24978 25317 D DpmFrameAnalyzer: analyze: frame received, format=35, size=640x480, rotation=90
09-02 11:14:15.132 24978 24978 D DpmAnalyzer: Stage1: MISS
09-02 11:14:15.132 24978 24978 D DpmAnalyzer: scanRoi present, skipping full-image stages
09-02 11:14:15.132 24978 24978 D DpmAnalyzer: analyze: decodedCode=null
09-02 11:14:15.132 24978 24978 D DpmFrameAnalyzer: analyze: result status=NO_CODE, code=null, source=null
09-02 11:14:15.141 24978 25317 D DpmFrameAnalyzer: analyze: bitmap converted, size=480x640, scanRoi=Rect(67, 147 - 412, 492)
09-02 11:14:15.142 24978 24978 D DpmAnalyzer: analyze: frame=480x640, roi=Rect(67, 147 - 412, 492), focus=FOCUSED, mode=SCAN
09-02 11:14:15.143 24978 24978 D DpmAnalyzer: analyze: THROTTLED by timing gate
09-02 11:14:15.143 24978 24978 D DpmFrameAnalyzer: analyze: result status=THROTTLED, code=null, source=null
09-02 11:14:15.151 24978 25317 D DpmFrameAnalyzer: analyze: frame received, format=35, size=640x480, rotation=90
09-02 11:14:15.168 24978 25317 D DpmFrameAnalyzer: analyze: bitmap converted, size=480x640, scanRoi=Rect(67, 147 - 412, 492)
09-02 11:14:15.168 24978 24978 D DpmAnalyzer: analyze: frame=480x640, roi=Rect(67, 147 - 412, 492), focus=FOCUSED, mode=SCAN
09-02 11:14:15.168 24978 24978 D DpmAnalyzer: analyze: THROTTLED by timing gate
09-02 11:14:15.168 24978 24978 D DpmFrameAnalyzer: analyze: result status=THROTTLED, code=null, source=null
09-02 11:14:15.198 24978 25317 D DpmFrameAnalyzer: analyze: frame received, format=35, size=640x480, rotation=90
09-02 11:14:15.220 24978 25317 D DpmFrameAnalyzer: analyze: bitmap converted, size=480x640, scanRoi=Rect(67, 147 - 412, 492)
09-02 11:14:15.222 24978 24978 D DpmAnalyzer: analyze: frame=480x640, roi=Rect(67, 147 - 412, 492), focus=FOCUSED, mode=SCAN
09-02 11:14:15.222 24978 24978 D DpmAnalyzer: analyze: THROTTLED by timing gate
09-02 11:14:15.222 24978 24978 D DpmFrameAnalyzer: analyze: result status=THROTTLED, code=null, source=null
09-02 11:14:15.228 24978 25317 D DpmFrameAnalyzer: analyze: frame received, format=35, size=640x480, rotation=90
09-02 11:14:15.248 24978 25317 D DpmFrameAnalyzer: analyze: bitmap converted, size=480x640, scanRoi=Rect(67, 147 - 412, 492)
09-02 11:14:15.248 24978 24978 D DpmAnalyzer: analyze: frame=480x640, roi=Rect(67, 147 - 412, 492), focus=FOCUSED, mode=SCAN
09-02 11:14:15.248 24978 24978 D DpmAnalyzer: analyze: THROTTLED by timing gate
09-02 11:14:15.248 24978 24978 D DpmFrameAnalyzer: analyze: result status=THROTTLED, code=null, source=null
09-02 11:14:15.271 24978 25317 D DpmFrameAnalyzer: analyze: frame received, format=35, size=640x480, rotation=90
09-02 11:14:15.294 24978 25317 D DpmFrameAnalyzer: analyze: bitmap converted, size=480x640, scanRoi=Rect(67, 147 - 412, 492)
09-02 11:14:15.294 24978 24978 D DpmAnalyzer: analyze: frame=480x640, roi=Rect(67, 147 - 412, 492), focus=FOCUSED, mode=SCAN
09-02 11:14:15.294 24978 24978 D DpmAnalyzer: analyze: THROTTLED by timing gate
09-02 11:14:15.294 24978 24978 D DpmFrameAnalyzer: analyze: result status=THROTTLED, code=null, source=null
09-02 11:14:15.312 24978 25317 D DpmFrameAnalyzer: analyze: frame received, format=35, size=640x480, rotation=90
09-02 11:14:15.336 24978 25317 D DpmFrameAnalyzer: analyze: bitmap converted, size=480x640, scanRoi=Rect(67, 147 - 412, 492)
09-02 11:14:15.337 24978 24978 D DpmAnalyzer: analyze: frame=480x640, roi=Rect(67, 147 - 412, 492), focus=FOCUSED, mode=SCAN
09-02 11:14:15.337 24978 24978 D DpmAnalyzer: analyze: starting performMultiStrategyDecode
09-02 11:14:15.337 24978 24978 D DpmAnalyzer: performMultiStrategyDecode: frame=480x640, roi=Rect(67, 147 - 412, 492), strategies=1
09-02 11:14:15.343 24978 24978 D DpmAnalyzer: Stage1: ROI 345x345 → scaled 345x345
09-02 11:14:15.352 24978 25317 D DpmFrameAnalyzer: analyze: frame received, format=35, size=640x480, rotation=90
09-02 11:14:15.375 24978 25317 D DpmFrameAnalyzer: analyze: bitmap converted, size=480x640, scanRoi=Rect(67, 147 - 412, 492)
09-02 11:14:15.377 24978 24978 D DpmAnalyzer: analyze: frame=480x640, roi=Rect(67, 147 - 412, 492), focus=FOCUSED, mode=SCAN
09-02 11:14:15.377 24978 24978 D DpmAnalyzer: analyze: THROTTLED (already running)
09-02 11:14:15.377 24978 24978 D DpmFrameAnalyzer: analyze: result status=THROTTLED, code=null, source=null
09-02 11:14:15.392 24978 25317 D DpmFrameAnalyzer: analyze: frame received, format=35, size=640x480, rotation=90
09-02 11:14:15.397 24978 24978 D DpmAnalyzer: Stage1: MISS
09-02 11:14:15.397 24978 24978 D DpmAnalyzer: scanRoi present, skipping full-image stages
09-02 11:14:15.397 24978 24978 D DpmAnalyzer: analyze: decodedCode=null
09-02 11:14:15.397 24978 24978 D DpmFrameAnalyzer: analyze: result status=NO_CODE, code=null, source=null
09-02 11:14:15.414 24978 25317 D DpmFrameAnalyzer: analyze: bitmap converted, size=480x640, scanRoi=Rect(67, 147 - 412, 492)
09-02 11:14:15.414 24978 24978 D DpmAnalyzer: analyze: frame=480x640, roi=Rect(67, 147 - 412, 492), focus=FOCUSED, mode=SCAN
09-02 11:14:15.414 24978 24978 D DpmAnalyzer: analyze: THROTTLED by timing gate
09-02 11:14:15.414 24978 24978 D DpmFrameAnalyzer: analyze: result status=THROTTLED, code=null, source=null
09-02 11:14:15.432 24978 25317 D DpmFrameAnalyzer: analyze: frame received, format=35, size=640x480, rotation=90
09-02 11:14:15.453 24978 25317 D DpmFrameAnalyzer: analyze: bitmap converted, size=480x640, scanRoi=Rect(67, 147 - 412, 492)
09-02 11:14:15.455 24978 24978 D DpmAnalyzer: analyze: frame=480x640, roi=Rect(67, 147 - 412, 492), focus=FOCUSED, mode=SCAN
09-02 11:14:15.455 24978 24978 D DpmAnalyzer: analyze: THROTTLED by timing gate
09-02 11:14:15.455 24978 24978 D DpmFrameAnalyzer: analyze: result status=THROTTLED, code=null, source=null
09-02 11:14:15.466 24978 25317 D DpmFrameAnalyzer: analyze: frame received, format=35, size=640x480, rotation=90
09-02 11:14:15.488 24978 25317 D DpmFrameAnalyzer: analyze: bitmap converted, size=480x640, scanRoi=Rect(67, 147 - 412, 492)
09-02 11:14:15.489 24978 24978 D DpmAnalyzer: analyze: frame=480x640, roi=Rect(67, 147 - 412, 492), focus=FOCUSED, mode=SCAN
09-02 11:14:15.489 24978 24978 D DpmAnalyzer: analyze: THROTTLED by timing gate
09-02 11:14:15.489 24978 24978 D DpmFrameAnalyzer: analyze: result status=THROTTLED, code=null, source=null
09-02 11:14:15.510 24978 25317 D DpmFrameAnalyzer: analyze: frame received, format=35, size=640x480, rotation=90
09-02 11:14:15.537 24978 25317 D DpmFrameAnalyzer: analyze: bitmap converted, size=480x640, scanRoi=Rect(67, 147 - 412, 492)
09-02 11:14:15.537 24978 24978 D DpmAnalyzer: analyze: frame=480x640, roi=Rect(67, 147 - 412, 492), focus=FOCUSED, mode=SCAN
09-02 11:14:15.537 24978 24978 D DpmAnalyzer: analyze: THROTTLED by timing gate
09-02 11:14:15.537 24978 24978 D DpmFrameAnalyzer: analyze: result status=THROTTLED, code=null, source=null
09-02 11:14:15.550 24978 25317 D DpmFrameAnalyzer: analyze: frame received, format=35, size=640x480, rotation=90
09-02 11:14:15.576 24978 25317 D DpmFrameAnalyzer: analyze: bitmap converted, size=480x640, scanRoi=Rect(67, 147 - 412, 492)
09-02 11:14:15.576 24978 24978 D DpmAnalyzer: analyze: frame=480x640, roi=Rect(67, 147 - 412, 492), focus=FOCUSED, mode=SCAN
09-02 11:14:15.576 24978 24978 D DpmAnalyzer: analyze: THROTTLED by timing gate
09-02 11:14:15.576 24978 24978 D DpmFrameAnalyzer: analyze: result status=THROTTLED, code=null, source=null
09-02 11:14:15.588 24978 25317 D DpmFrameAnalyzer: analyze: frame received, format=35, size=640x480, rotation=90
09-02 11:14:15.607 24978 25317 D DpmFrameAnalyzer: analyze: bitmap converted, size=480x640, scanRoi=Rect(67, 147 - 412, 492)
09-02 11:14:15.609 24978 24978 D DpmAnalyzer: analyze: frame=480x640, roi=Rect(67, 147 - 412, 492), focus=FOCUSED, mode=SCAN
09-02 11:14:15.609 24978 24978 D DpmAnalyzer: analyze: starting performMultiStrategyDecode
09-02 11:14:15.609 24978 24978 D DpmAnalyzer: performMultiStrategyDecode: frame=480x640, roi=Rect(67, 147 - 412, 492), strategies=1
09-02 11:14:15.614 24978 24978 D DpmAnalyzer: Stage1: ROI 345x345 → scaled 345x345
09-02 11:14:15.627 24978 25317 D DpmFrameAnalyzer: analyze: frame received, format=35, size=640x480, rotation=90
09-02 11:14:15.653 24978 25317 D DpmFrameAnalyzer: analyze: bitmap converted, size=480x640, scanRoi=Rect(67, 147 - 412, 492)
09-02 11:14:15.655 24978 24978 D DpmAnalyzer: analyze: frame=480x640, roi=Rect(67, 147 - 412, 492), focus=FOCUSED, mode=SCAN
09-02 11:14:15.655 24978 24978 D DpmAnalyzer: analyze: THROTTLED (already running)
09-02 11:14:15.655 24978 24978 D DpmFrameAnalyzer: analyze: result status=THROTTLED, code=null, source=null
09-02 11:14:15.668 24978 25317 D DpmFrameAnalyzer: analyze: frame received, format=35, size=640x480, rotation=90
09-02 11:14:15.672 24978 24978 D DpmAnalyzer: Stage1: MISS
09-02 11:14:15.672 24978 24978 D DpmAnalyzer: scanRoi present, skipping full-image stages
09-02 11:14:15.672 24978 24978 D DpmAnalyzer: analyze: decodedCode=null
09-02 11:14:15.673 24978 24978 D DpmFrameAnalyzer: analyze: result status=NO_CODE, code=null, source=null
09-02 11:14:15.689 24978 25317 D DpmFrameAnalyzer: analyze: bitmap converted, size=480x640, scanRoi=Rect(67, 147 - 412, 492)
09-02 11:14:15.689 24978 24978 D DpmAnalyzer: analyze: frame=480x640, roi=Rect(67, 147 - 412, 492), focus=FOCUSED, mode=SCAN
09-02 11:14:15.689 24978 24978 D DpmAnalyzer: analyze: THROTTLED by timing gate
09-02 11:14:15.689 24978 24978 D DpmFrameAnalyzer: analyze: result status=THROTTLED, code=null, source=null
09-02 11:14:15.705 24978 25317 D DpmFrameAnalyzer: analyze: frame received, format=35, size=640x480, rotation=90
09-02 11:14:15.725 24978 25317 D DpmFrameAnalyzer: analyze: bitmap converted, size=480x640, scanRoi=Rect(67, 147 - 412, 492)
09-02 11:14:15.725 24978 24978 D DpmAnalyzer: analyze: frame=480x640, roi=Rect(67, 147 - 412, 492), focus=FOCUSED, mode=SCAN
09-02 11:14:15.726 24978 24978 D DpmAnalyzer: analyze: THROTTLED by timing gate
09-02 11:14:15.726 24978 24978 D DpmFrameAnalyzer: analyze: result status=THROTTLED, code=null, source=null
09-02 11:14:15.746 24978 25317 D DpmFrameAnalyzer: analyze: frame received, format=35, size=640x480, rotation=90
09-02 11:14:15.769 24978 25317 D DpmFrameAnalyzer: analyze: bitmap converted, size=480x640, scanRoi=Rect(67, 147 - 412, 492)
09-02 11:14:15.770 24978 24978 D DpmAnalyzer: analyze: frame=480x640, roi=Rect(67, 147 - 412, 492), focus=FOCUSED, mode=SCAN
09-02 11:14:15.770 24978 24978 D DpmAnalyzer: analyze: THROTTLED by timing gate
09-02 11:14:15.770 24978 24978 D DpmFrameAnalyzer: analyze: result status=THROTTLED, code=null, source=null
09-02 11:14:15.786 24978 25317 D DpmFrameAnalyzer: analyze: frame received, format=35, size=640x480, rotation=90
09-02 11:14:15.814 24978 25317 D DpmFrameAnalyzer: analyze: bitmap converted, size=480x640, scanRoi=Rect(67, 147 - 412, 492)
09-02 11:14:15.814 24978 24978 D DpmAnalyzer: analyze: frame=480x640, roi=Rect(67, 147 - 412, 492), focus=FOCUSED, mode=SCAN
09-02 11:14:15.814 24978 24978 D DpmAnalyzer: analyze: THROTTLED by timing gate
09-02 11:14:15.815 24978 24978 D DpmFrameAnalyzer: analyze: result status=THROTTLED, code=null, source=null
09-02 11:14:15.821 24978 25317 D DpmFrameAnalyzer: analyze: frame received, format=35, size=640x480, rotation=90
09-02 11:14:15.847 24978 25317 D DpmFrameAnalyzer: analyze: bitmap converted, size=480x640, scanRoi=Rect(67, 147 - 412, 492)
09-02 11:14:15.847 24978 24978 D DpmAnalyzer: analyze: frame=480x640, roi=Rect(67, 147 - 412, 492), focus=FOCUSED, mode=SCAN
09-02 11:14:15.848 24978 24978 D DpmAnalyzer: analyze: THROTTLED by timing gate
09-02 11:14:15.848 24978 24978 D DpmFrameAnalyzer: analyze: result status=THROTTLED, code=null, source=null
09-02 11:14:15.864 24978 25317 D DpmFrameAnalyzer: analyze: frame received, format=35, size=640x480, rotation=90
09-02 11:14:15.891 24978 25317 D DpmFrameAnalyzer: analyze: bitmap converted, size=480x640, scanRoi=Rect(67, 147 - 412, 492)
09-02 11:14:15.893 24978 24978 D DpmAnalyzer: analyze: frame=480x640, roi=Rect(67, 147 - 412, 492), focus=FOCUSED, mode=SCAN
09-02 11:14:15.893 24978 24978 D DpmAnalyzer: analyze: starting performMultiStrategyDecode
09-02 11:14:15.893 24978 24978 D DpmAnalyzer: performMultiStrategyDecode: frame=480x640, roi=Rect(67, 147 - 412, 492), strategies=1
09-02 11:14:15.900 24978 24978 D DpmAnalyzer: Stage1: ROI 345x345 → scaled 345x345
09-02 11:14:15.917 24978 25317 D DpmFrameAnalyzer: analyze: frame received, format=35, size=640x480, rotation=90
09-02 11:14:15.942 24978 25317 D DpmFrameAnalyzer: analyze: bitmap converted, size=480x640, scanRoi=Rect(67, 147 - 412, 492)
09-02 11:14:15.942 24978 24978 D DpmAnalyzer: analyze: frame=480x640, roi=Rect(67, 147 - 412, 492), focus=FOCUSED, mode=SCAN
09-02 11:14:15.942 24978 24978 D DpmAnalyzer: analyze: THROTTLED (already running)
09-02 11:14:15.942 24978 24978 D DpmFrameAnalyzer: analyze: result status=THROTTLED, code=null, source=null
09-02 11:14:15.943 24978 25317 D DpmFrameAnalyzer: analyze: frame received, format=35, size=640x480, rotation=90
09-02 11:14:15.950 24978 24978 D DpmAnalyzer: Stage1: MISS
09-02 11:14:15.950 24978 24978 D DpmAnalyzer: scanRoi present, skipping full-image stages
09-02 11:14:15.950 24978 24978 D DpmAnalyzer: analyze: decodedCode=null
09-02 11:14:15.950 24978 24978 D DpmFrameAnalyzer: analyze: result status=NO_CODE, code=null, source=null
09-02 11:14:15.956 24978 25317 D DpmFrameAnalyzer: analyze: bitmap converted, size=480x640, scanRoi=Rect(67, 147 - 412, 492)
09-02 11:14:15.957 24978 24978 D DpmAnalyzer: analyze: frame=480x640, roi=Rect(67, 147 - 412, 492), focus=FOCUSED, mode=SCAN
09-02 11:14:15.957 24978 24978 D DpmAnalyzer: analyze: THROTTLED by timing gate
09-02 11:14:15.957 24978 24978 D DpmFrameAnalyzer: analyze: result status=THROTTLED, code=null, source=null
09-02 11:14:15.978 24978 25317 D DpmFrameAnalyzer: analyze: frame received, format=35, size=640x480, rotation=90
09-02 11:14:15.995 24978 25317 D DpmFrameAnalyzer: analyze: bitmap converted, size=480x640, scanRoi=Rect(67, 147 - 412, 492)
09-02 11:14:15.995 24978 24978 D DpmAnalyzer: analyze: frame=480x640, roi=Rect(67, 147 - 412, 492), focus=FOCUSED, mode=SCAN
09-02 11:14:15.995 24978 24978 D DpmAnalyzer: analyze: THROTTLED by timing gate
09-02 11:14:15.995 24978 24978 D DpmFrameAnalyzer: analyze: result status=THROTTLED, code=null, source=null
09-02 11:14:16.020 24978 25317 D DpmFrameAnalyzer: analyze: frame received, format=35, size=640x480, rotation=90
09-02 11:14:16.041 24978 25317 D DpmFrameAnalyzer: analyze: bitmap converted, size=480x640, scanRoi=Rect(67, 147 - 412, 492)
09-02 11:14:16.042 24978 24978 D DpmAnalyzer: analyze: frame=480x640, roi=Rect(67, 147 - 412, 492), focus=FOCUSED, mode=SCAN
09-02 11:14:16.042 24978 24978 D DpmAnalyzer: analyze: THROTTLED by timing gate
09-02 11:14:16.042 24978 24978 D DpmFrameAnalyzer: analyze: result status=THROTTLED, code=null, source=null
09-02 11:14:16.059 24978 25317 D DpmFrameAnalyzer: analyze: frame received, format=35, size=640x480, rotation=90
09-02 11:14:16.080 24978 25317 D DpmFrameAnalyzer: analyze: bitmap converted, size=480x640, scanRoi=Rect(67, 147 - 412, 492)
09-02 11:14:16.080 24978 24978 D DpmAnalyzer: analyze: frame=480x640, roi=Rect(67, 147 - 412, 492), focus=FOCUSED, mode=SCAN
09-02 11:14:16.080 24978 24978 D DpmAnalyzer: analyze: THROTTLED by timing gate
09-02 11:14:16.081 24978 24978 D DpmFrameAnalyzer: analyze: result status=THROTTLED, code=null, source=null
09-02 11:14:16.096 24978 25317 D DpmFrameAnalyzer: analyze: frame received, format=35, size=640x480, rotation=90
09-02 11:14:16.115 24978 25317 D DpmFrameAnalyzer: analyze: bitmap converted, size=480x640, scanRoi=Rect(67, 147 - 412, 492)
09-02 11:14:16.115 24978 24978 D DpmAnalyzer: analyze: frame=480x640, roi=Rect(67, 147 - 412, 492), focus=FOCUSED, mode=SCAN
09-02 11:14:16.115 24978 24978 D DpmAnalyzer: analyze: THROTTLED by timing gate
09-02 11:14:16.115 24978 24978 D DpmFrameAnalyzer: analyze: result status=THROTTLED, code=null, source=null
09-02 11:14:16.135 24978 25317 D DpmFrameAnalyzer: analyze: frame received, format=35, size=640x480, rotation=90
09-02 11:14:16.155 24978 25317 D DpmFrameAnalyzer: analyze: bitmap converted, size=480x640, scanRoi=Rect(67, 147 - 412, 492)
09-02 11:14:16.155 24978 24978 D DpmAnalyzer: analyze: frame=480x640, roi=Rect(67, 147 - 412, 492), focus=FOCUSED, mode=SCAN
09-02 11:14:16.155 24978 24978 D DpmAnalyzer: analyze: starting performMultiStrategyDecode
09-02 11:14:16.155 24978 24978 D DpmAnalyzer: performMultiStrategyDecode: frame=480x640, roi=Rect(67, 147 - 412, 492), strategies=1
09-02 11:14:16.161 24978 24978 D DpmAnalyzer: Stage1: ROI 345x345 → scaled 345x345
09-02 11:14:16.193 24978 25317 D DpmFrameAnalyzer: analyze: frame received, format=35, size=640x480, rotation=90
09-02 11:14:16.223 24978 25317 D DpmFrameAnalyzer: analyze: bitmap converted, size=480x640, scanRoi=Rect(67, 147 - 412, 492)
09-02 11:14:16.224 24978 25317 D DpmFrameAnalyzer: analyze: frame received, format=35, size=640x480, rotation=90
09-02 11:14:16.224 24978 24978 D DpmAnalyzer: analyze: frame=480x640, roi=Rect(67, 147 - 412, 492), focus=FOCUSED, mode=SCAN
09-02 11:14:16.224 24978 24978 D DpmAnalyzer: analyze: THROTTLED (already running)
09-02 11:14:16.224 24978 24978 D DpmFrameAnalyzer: analyze: result status=THROTTLED, code=null, source=null
09-02 11:14:16.243 24978 24978 D DpmAnalyzer: Stage1: MISS
09-02 11:14:16.243 24978 24978 D DpmAnalyzer: scanRoi present, skipping full-image stages
09-02 11:14:16.243 24978 24978 D DpmAnalyzer: analyze: decodedCode=null
09-02 11:14:16.243 24978 24978 D DpmFrameAnalyzer: analyze: result status=NO_CODE, code=null, source=null
09-02 11:14:16.245 24978 25317 D DpmFrameAnalyzer: analyze: bitmap converted, size=480x640, scanRoi=Rect(67, 147 - 412, 492)
09-02 11:14:16.245 24978 24978 D DpmAnalyzer: analyze: frame=480x640, roi=Rect(67, 147 - 412, 492), focus=FOCUSED, mode=SCAN
09-02 11:14:16.245 24978 24978 D DpmAnalyzer: analyze: THROTTLED by timing gate
09-02 11:14:16.245 24978 24978 D DpmFrameAnalyzer: analyze: result status=THROTTLED, code=null, source=null
09-02 11:14:16.257 24978 25317 D DpmFrameAnalyzer: analyze: frame received, format=35, size=640x480, rotation=90
09-02 11:14:16.277 24978 25317 D DpmFrameAnalyzer: analyze: bitmap converted, size=480x640, scanRoi=Rect(67, 147 - 412, 492)
09-02 11:14:16.277 24978 24978 D DpmAnalyzer: analyze: frame=480x640, roi=Rect(67, 147 - 412, 492), focus=FOCUSED, mode=SCAN
09-02 11:14:16.277 24978 24978 D DpmAnalyzer: analyze: THROTTLED by timing gate
09-02 11:14:16.277 24978 24978 D DpmFrameAnalyzer: analyze: result status=THROTTLED, code=null, source=null
09-02 11:14:16.298 24978 25317 D DpmFrameAnalyzer: analyze: frame received, format=35, size=640x480, rotation=90
09-02 11:14:16.318 24978 25317 D DpmFrameAnalyzer: analyze: bitmap converted, size=480x640, scanRoi=Rect(67, 147 - 412, 492)
09-02 11:14:16.318 24978 24978 D DpmAnalyzer: analyze: frame=480x640, roi=Rect(67, 147 - 412, 492), focus=FOCUSED, mode=SCAN
09-02 11:14:16.318 24978 24978 D DpmAnalyzer: analyze: THROTTLED by timing gate
09-02 11:14:16.318 24978 24978 D DpmFrameAnalyzer: analyze: result status=THROTTLED, code=null, source=null
09-02 11:14:16.328 24978 25317 D DpmFrameAnalyzer: analyze: frame received, format=35, size=640x480, rotation=90
09-02 11:14:16.346 24978 25317 D DpmFrameAnalyzer: analyze: bitmap converted, size=480x640, scanRoi=Rect(67, 147 - 412, 492)
09-02 11:14:16.346 24978 24978 D DpmAnalyzer: analyze: frame=480x640, roi=Rect(67, 147 - 412, 492), focus=FOCUSED, mode=SCAN
09-02 11:14:16.346 24978 24978 D DpmAnalyzer: analyze: THROTTLED by timing gate
09-02 11:14:16.346 24978 24978 D DpmFrameAnalyzer: analyze: result status=THROTTLED, code=null, source=null
09-02 11:14:16.371 24978 25317 D DpmFrameAnalyzer: analyze: frame received, format=35, size=640x480, rotation=90
09-02 11:14:16.394 24978 25317 D DpmFrameAnalyzer: analyze: bitmap converted, size=480x640, scanRoi=Rect(67, 147 - 412, 492)
09-02 11:14:16.394 24978 24978 D DpmAnalyzer: analyze: frame=480x640, roi=Rect(67, 147 - 412, 492), focus=FOCUSED, mode=SCAN
09-02 11:14:16.394 24978 24978 D DpmAnalyzer: analyze: THROTTLED by timing gate
09-02 11:14:16.394 24978 24978 D DpmFrameAnalyzer: analyze: result status=THROTTLED, code=null, source=null
09-02 11:14:16.411 24978 25317 D DpmFrameAnalyzer: analyze: frame received, format=35, size=640x480, rotation=90
09-02 11:14:16.433 24978 25317 D DpmFrameAnalyzer: analyze: bitmap converted, size=480x640, scanRoi=Rect(67, 147 - 412, 492)
09-02 11:14:16.434 24978 24978 D DpmAnalyzer: analyze: frame=480x640, roi=Rect(67, 147 - 412, 492), focus=FOCUSED, mode=SCAN
09-02 11:14:16.434 24978 24978 D DpmAnalyzer: analyze: THROTTLED by timing gate
09-02 11:14:16.434 24978 24978 D DpmFrameAnalyzer: analyze: result status=THROTTLED, code=null, source=null
09-02 11:14:16.449 24978 25317 D DpmFrameAnalyzer: analyze: frame received, format=35, size=640x480, rotation=90
09-02 11:14:16.473 24978 25317 D DpmFrameAnalyzer: analyze: bitmap converted, size=480x640, scanRoi=Rect(67, 147 - 412, 492)
09-02 11:14:16.475 24978 24978 D DpmAnalyzer: analyze: frame=480x640, roi=Rect(67, 147 - 412, 492), focus=FOCUSED, mode=SCAN
09-02 11:14:16.475 24978 24978 D DpmAnalyzer: analyze: starting performMultiStrategyDecode
09-02 11:14:16.475 24978 24978 D DpmAnalyzer: performMultiStrategyDecode: frame=480x640, roi=Rect(67, 147 - 412, 492), strategies=1
09-02 11:14:16.481 24978 24978 D DpmAnalyzer: Stage1: ROI 345x345 → scaled 345x345
09-02 11:14:16.498 24978 25317 D DpmFrameAnalyzer: analyze: frame received, format=35, size=640x480, rotation=90
09-02 11:14:16.528 24978 25317 D DpmFrameAnalyzer: analyze: bitmap converted, size=480x640, scanRoi=Rect(67, 147 - 412, 492)
09-02 11:14:16.528 24978 24978 D DpmAnalyzer: analyze: frame=480x640, roi=Rect(67, 147 - 412, 492), focus=FOCUSED, mode=SCAN
09-02 11:14:16.528 24978 24978 D DpmAnalyzer: analyze: THROTTLED (already running)
09-02 11:14:16.528 24978 24978 D DpmFrameAnalyzer: analyze: result status=THROTTLED, code=null, source=null
09-02 11:14:16.529 24978 25317 D DpmFrameAnalyzer: analyze: frame received, format=35, size=640x480, rotation=90
09-02 11:14:16.543 24978 24978 D DpmAnalyzer: Stage1: MISS
09-02 11:14:16.543 24978 24978 D DpmAnalyzer: scanRoi present, skipping full-image stages
09-02 11:14:16.543 24978 24978 D DpmAnalyzer: analyze: decodedCode=null
09-02 11:14:16.543 24978 24978 D DpmFrameAnalyzer: analyze: result status=NO_CODE, code=null, source=null
09-02 11:14:16.551 24978 25317 D DpmFrameAnalyzer: analyze: bitmap converted, size=480x640, scanRoi=Rect(67, 147 - 412, 492)
09-02 11:14:16.551 24978 24978 D DpmAnalyzer: analyze: frame=480x640, roi=Rect(67, 147 - 412, 492), focus=FOCUSED, mode=SCAN
09-02 11:14:16.552 24978 24978 D DpmAnalyzer: analyze: THROTTLED by timing gate
09-02 11:14:16.552 24978 24978 D DpmFrameAnalyzer: analyze: result status=THROTTLED, code=null, source=null
09-02 11:14:16.563 24978 25317 D DpmFrameAnalyzer: analyze: frame received, format=35, size=640x480, rotation=90
09-02 11:14:16.581 24978 25317 D DpmFrameAnalyzer: analyze: bitmap converted, size=480x640, scanRoi=Rect(67, 147 - 412, 492)
09-02 11:14:16.582 24978 24978 D DpmAnalyzer: analyze: frame=480x640, roi=Rect(67, 147 - 412, 492), focus=FOCUSED, mode=SCAN
09-02 11:14:16.582 24978 24978 D DpmAnalyzer: analyze: THROTTLED by timing gate
09-02 11:14:16.582 24978 24978 D DpmFrameAnalyzer: analyze: result status=THROTTLED, code=null, source=null
09-02 11:14:16.605 24978 25317 D DpmFrameAnalyzer: analyze: frame received, format=35, size=640x480, rotation=90
09-02 11:14:16.624 24978 25317 D DpmFrameAnalyzer: analyze: bitmap converted, size=480x640, scanRoi=Rect(67, 147 - 412, 492)
09-02 11:14:16.625 24978 24978 D DpmAnalyzer: analyze: frame=480x640, roi=Rect(67, 147 - 412, 492), focus=FOCUSED, mode=SCAN
09-02 11:14:16.626 24978 24978 D DpmAnalyzer: analyze: THROTTLED by timing gate
09-02 11:14:16.626 24978 24978 D DpmFrameAnalyzer: analyze: result status=THROTTLED, code=null, source=null
09-02 11:14:16.650 24978 25317 D DpmFrameAnalyzer: analyze: frame received, format=35, size=640x480, rotation=90
09-02 11:14:16.680 24978 25317 D DpmFrameAnalyzer: analyze: bitmap converted, size=480x640, scanRoi=Rect(67, 147 - 412, 492)
09-02 11:14:16.681 24978 24978 D DpmAnalyzer: analyze: frame=480x640, roi=Rect(67, 147 - 412, 492), focus=FOCUSED, mode=SCAN
09-02 11:14:16.681 24978 24978 D DpmAnalyzer: analyze: THROTTLED by timing gate
09-02 11:14:16.681 24978 24978 D DpmFrameAnalyzer: analyze: result status=THROTTLED, code=null, source=null
09-02 11:14:16.685 24978 25317 D DpmFrameAnalyzer: analyze: frame received, format=35, size=640x480, rotation=90
09-02 11:14:16.707 24978 25317 D DpmFrameAnalyzer: analyze: bitmap converted, size=480x640, scanRoi=Rect(67, 147 - 412, 492)
09-02 11:14:16.708 24978 24978 D DpmAnalyzer: analyze: frame=480x640, roi=Rect(67, 147 - 412, 492), focus=FOCUSED, mode=SCAN
09-02 11:14:16.708 24978 24978 D DpmAnalyzer: analyze: THROTTLED by timing gate
09-02 11:14:16.708 24978 24978 D DpmFrameAnalyzer: analyze: result status=THROTTLED, code=null, source=null
09-02 11:14:16.730 24978 25317 D DpmFrameAnalyzer: analyze: frame received, format=35, size=640x480, rotation=90
09-02 11:14:16.756 24978 25317 D DpmFrameAnalyzer: analyze: bitmap converted, size=480x640, scanRoi=Rect(67, 147 - 412, 492)
09-02 11:14:16.757 24978 24978 D DpmAnalyzer: analyze: frame=480x640, roi=Rect(67, 147 - 412, 492), focus=FOCUSED, mode=SCAN
09-02 11:14:16.757 24978 24978 D DpmAnalyzer: analyze: starting performMultiStrategyDecode
09-02 11:14:16.757 24978 24978 D DpmAnalyzer: performMultiStrategyDecode: frame=480x640, roi=Rect(67, 147 - 412, 492), strategies=1
09-02 11:14:16.764 24978 24978 D DpmAnalyzer: Stage1: ROI 345x345 → scaled 345x345
09-02 11:14:16.775 24978 25317 D DpmFrameAnalyzer: analyze: frame received, format=35, size=640x480, rotation=90
09-02 11:14:16.804 24978 25317 D DpmFrameAnalyzer: analyze: bitmap converted, size=480x640, scanRoi=Rect(67, 147 - 412, 492)
09-02 11:14:16.804 24978 24978 D DpmAnalyzer: analyze: frame=480x640, roi=Rect(67, 147 - 412, 492), focus=FOCUSED, mode=SCAN
09-02 11:14:16.804 24978 24978 D DpmAnalyzer: analyze: THROTTLED (already running)
09-02 11:14:16.804 24978 24978 D DpmFrameAnalyzer: analyze: result status=THROTTLED, code=null, source=null
09-02 11:14:16.815 24978 25317 D DpmFrameAnalyzer: analyze: frame received, format=35, size=640x480, rotation=90
09-02 11:14:16.822 24978 24978 D DpmAnalyzer: Stage1: MISS
09-02 11:14:16.822 24978 24978 D DpmAnalyzer: scanRoi present, skipping full-image stages
09-02 11:14:16.822 24978 24978 D DpmAnalyzer: analyze: decodedCode=null
09-02 11:14:16.822 24978 24978 D DpmFrameAnalyzer: analyze: result status=NO_CODE, code=null, source=null
09-02 11:14:16.833 24978 25317 D DpmFrameAnalyzer: analyze: bitmap converted, size=480x640, scanRoi=Rect(67, 147 - 412, 492)
09-02 11:14:16.833 24978 24978 D DpmAnalyzer: analyze: frame=480x640, roi=Rect(67, 147 - 412, 492), focus=FOCUSED, mode=SCAN
09-02 11:14:16.834 24978 24978 D DpmAnalyzer: analyze: THROTTLED by timing gate
09-02 11:14:16.834 24978 24978 D DpmFrameAnalyzer: analyze: result status=THROTTLED, code=null, source=null
09-02 11:14:16.844 24978 25317 D DpmFrameAnalyzer: analyze: frame received, format=35, size=640x480, rotation=90
09-02 11:14:16.862 24978 25317 D DpmFrameAnalyzer: analyze: bitmap converted, size=480x640, scanRoi=Rect(67, 147 - 412, 492)
09-02 11:14:16.862 24978 24978 D DpmAnalyzer: analyze: frame=480x640, roi=Rect(67, 147 - 412, 492), focus=FOCUSED, mode=SCAN
09-02 11:14:16.862 24978 24978 D DpmAnalyzer: analyze: THROTTLED by timing gate
09-02 11:14:16.862 24978 24978 D DpmFrameAnalyzer: analyze: result status=THROTTLED, code=null, source=null
09-02 11:14:16.884 24978 25317 D DpmFrameAnalyzer: analyze: frame received, format=35, size=640x480, rotation=90
09-02 11:14:16.905 24978 25317 D DpmFrameAnalyzer: analyze: bitmap converted, size=480x640, scanRoi=Rect(67, 147 - 412, 492)
09-02 11:14:16.906 24978 24978 D DpmAnalyzer: analyze: frame=480x640, roi=Rect(67, 147 - 412, 492), focus=FOCUSED, mode=SCAN
09-02 11:14:16.906 24978 24978 D DpmAnalyzer: analyze: THROTTLED by timing gate
09-02 11:14:16.906 24978 24978 D DpmFrameAnalyzer: analyze: result status=THROTTLED, code=null, source=null
09-02 11:14:16.921 24978 25317 D DpmFrameAnalyzer: analyze: frame received, format=35, size=640x480, rotation=90
09-02 11:14:16.945 24978 25317 D DpmFrameAnalyzer: analyze: bitmap converted, size=480x640, scanRoi=Rect(67, 147 - 412, 492)
09-02 11:14:16.945 24978 24978 D DpmAnalyzer: analyze: frame=480x640, roi=Rect(67, 147 - 412, 492), focus=FOCUSED, mode=SCAN
09-02 11:14:16.945 24978 24978 D DpmAnalyzer: analyze: THROTTLED by timing gate
09-02 11:14:16.946 24978 24978 D DpmFrameAnalyzer: analyze: result status=THROTTLED, code=null, source=null
09-02 11:14:16.964 24978 25317 D DpmFrameAnalyzer: analyze: frame received, format=35, size=640x480, rotation=90
09-02 11:14:16.992 24978 25317 D DpmFrameAnalyzer: analyze: bitmap converted, size=480x640, scanRoi=Rect(67, 147 - 412, 492)
09-02 11:14:16.993 24978 24978 D DpmAnalyzer: analyze: frame=480x640, roi=Rect(67, 147 - 412, 492), focus=FOCUSED, mode=SCAN
09-02 11:14:16.993 24978 24978 D DpmAnalyzer: analyze: THROTTLED by timing gate
09-02 11:14:16.993 24978 24978 D DpmFrameAnalyzer: analyze: result status=THROTTLED, code=null, source=null
09-02 11:14:17.000 24978 25317 D DpmFrameAnalyzer: analyze: frame received, format=35, size=640x480, rotation=90
09-02 11:14:17.022 24978 25317 D DpmFrameAnalyzer: analyze: bitmap converted, size=480x640, scanRoi=Rect(67, 147 - 412, 492)
09-02 11:14:17.022 24978 24978 D DpmAnalyzer: analyze: frame=480x640, roi=Rect(67, 147 - 412, 492), focus=FOCUSED, mode=SCAN
09-02 11:14:17.022 24978 24978 D DpmAnalyzer: analyze: starting performMultiStrategyDecode
09-02 11:14:17.022 24978 24978 D DpmAnalyzer: performMultiStrategyDecode: frame=480x640, roi=Rect(67, 147 - 412, 492), strategies=1
09-02 11:14:17.028 24978 24978 D DpmAnalyzer: Stage1: ROI 345x345 → scaled 345x345
09-02 11:14:17.053 24978 25317 D DpmFrameAnalyzer: analyze: frame received, format=35, size=640x480, rotation=90
09-02 11:14:17.074 24978 25317 D DpmFrameAnalyzer: analyze: bitmap converted, size=480x640, scanRoi=Rect(67, 147 - 412, 492)
09-02 11:14:17.075 24978 24978 D DpmAnalyzer: analyze: frame=480x640, roi=Rect(67, 147 - 412, 492), focus=FOCUSED, mode=SCAN
09-02 11:14:17.075 24978 24978 D DpmAnalyzer: analyze: THROTTLED (already running)
09-02 11:14:17.075 24978 24978 D DpmFrameAnalyzer: analyze: result status=THROTTLED, code=null, source=null
09-02 11:14:17.084 24978 25317 D DpmFrameAnalyzer: analyze: frame received, format=35, size=640x480, rotation=90
09-02 11:14:17.104 24978 24978 D DpmAnalyzer: Stage1: MISS
09-02 11:14:17.104 24978 24978 D DpmAnalyzer: scanRoi present, skipping full-image stages
09-02 11:14:17.104 24978 24978 D DpmAnalyzer: analyze: decodedCode=null
09-02 11:14:17.104 24978 24978 D DpmFrameAnalyzer: analyze: result status=NO_CODE, code=null, source=null
09-02 11:14:17.104 24978 25317 D DpmFrameAnalyzer: analyze: bitmap converted, size=480x640, scanRoi=Rect(67, 147 - 412, 492)
09-02 11:14:17.105 24978 24978 D DpmAnalyzer: analyze: frame=480x640, roi=Rect(67, 147 - 412, 492), focus=FOCUSED, mode=SCAN
09-02 11:14:17.105 24978 24978 D DpmAnalyzer: analyze: THROTTLED by timing gate
09-02 11:14:17.105 24978 24978 D DpmFrameAnalyzer: analyze: result status=THROTTLED, code=null, source=null
09-02 11:14:17.117 24978 25317 D DpmFrameAnalyzer: analyze: frame received, format=35, size=640x480, rotation=90
09-02 11:14:17.140 24978 25317 D DpmFrameAnalyzer: analyze: bitmap converted, size=480x640, scanRoi=Rect(67, 147 - 412, 492)
09-02 11:14:17.142 24978 24978 D DpmAnalyzer: analyze: frame=480x640, roi=Rect(67, 147 - 412, 492), focus=FOCUSED, mode=SCAN
09-02 11:14:17.142 24978 24978 D DpmAnalyzer: analyze: THROTTLED by timing gate
09-02 11:14:17.142 24978 24978 D DpmFrameAnalyzer: analyze: result status=THROTTLED, code=null, source=null
09-02 11:14:17.156 24978 25317 D DpmFrameAnalyzer: analyze: frame received, format=35, size=640x480, rotation=90
09-02 11:14:17.177 24978 25317 D DpmFrameAnalyzer: analyze: bitmap converted, size=480x640, scanRoi=Rect(67, 147 - 412, 492)
09-02 11:14:17.177 24978 24978 D DpmAnalyzer: analyze: frame=480x640, roi=Rect(67, 147 - 412, 492), focus=FOCUSED, mode=SCAN
09-02 11:14:17.177 24978 24978 D DpmAnalyzer: analyze: THROTTLED by timing gate
09-02 11:14:17.177 24978 24978 D DpmFrameAnalyzer: analyze: result status=THROTTLED, code=null, source=null
09-02 11:14:17.196 24978 25317 D DpmFrameAnalyzer: analyze: frame received, format=35, size=640x480, rotation=90
09-02 11:14:17.215 24978 25317 D DpmFrameAnalyzer: analyze: bitmap converted, size=480x640, scanRoi=Rect(67, 147 - 412, 492)
09-02 11:14:17.215 24978 24978 D DpmAnalyzer: analyze: frame=480x640, roi=Rect(67, 147 - 412, 492), focus=FOCUSED, mode=SCAN
09-02 11:14:17.215 24978 24978 D DpmAnalyzer: analyze: THROTTLED by timing gate
09-02 11:14:17.215 24978 24978 D DpmFrameAnalyzer: analyze: result status=THROTTLED, code=null, source=null
09-02 11:14:17.235 24978 25317 D DpmFrameAnalyzer: analyze: frame received, format=35, size=640x480, rotation=90
09-02 11:14:17.257 24978 25317 D DpmFrameAnalyzer: analyze: bitmap converted, size=480x640, scanRoi=Rect(67, 147 - 412, 492)
09-02 11:14:17.258 24978 24978 D DpmAnalyzer: analyze: frame=480x640, roi=Rect(67, 147 - 412, 492), focus=FOCUSED, mode=SCAN
09-02 11:14:17.258 24978 24978 D DpmAnalyzer: analyze: THROTTLED by timing gate
09-02 11:14:17.258 24978 24978 D DpmFrameAnalyzer: analyze: result status=THROTTLED, code=null, source=null
09-02 11:14:17.272 24978 25317 D DpmFrameAnalyzer: analyze: frame received, format=35, size=640x480, rotation=90
09-02 11:14:17.291 24978 25317 D DpmFrameAnalyzer: analyze: bitmap converted, size=480x640, scanRoi=Rect(67, 147 - 412, 492)
09-02 11:14:17.293 24978 24978 D DpmAnalyzer: analyze: frame=480x640, roi=Rect(67, 147 - 412, 492), focus=FOCUSED, mode=SCAN
09-02 11:14:17.293 24978 24978 D DpmAnalyzer: analyze: THROTTLED by timing gate
09-02 11:14:17.293 24978 24978 D DpmFrameAnalyzer: analyze: result status=THROTTLED, code=null, source=null
09-02 11:14:17.316 24978 25317 D DpmFrameAnalyzer: analyze: frame received, format=35, size=640x480, rotation=90
09-02 11:14:17.339 24978 25317 D DpmFrameAnalyzer: analyze: bitmap converted, size=480x640, scanRoi=Rect(67, 147 - 412, 492)
09-02 11:14:17.339 24978 24978 D DpmAnalyzer: analyze: frame=480x640, roi=Rect(67, 147 - 412, 492), focus=FOCUSED, mode=SCAN
09-02 11:14:17.339 24978 24978 D DpmAnalyzer: analyze: starting performMultiStrategyDecode
09-02 11:14:17.339 24978 24978 D DpmAnalyzer: performMultiStrategyDecode: frame=480x640, roi=Rect(67, 147 - 412, 492), strategies=1
09-02 11:14:17.344 24978 24978 D DpmAnalyzer: Stage1: ROI 345x345 → scaled 345x345
09-02 11:14:17.364 24978 25317 D DpmFrameAnalyzer: analyze: frame received, format=35, size=640x480, rotation=90
09-02 11:14:17.385 24978 25317 D DpmFrameAnalyzer: analyze: bitmap converted, size=480x640, scanRoi=Rect(67, 147 - 412, 492)
09-02 11:14:17.385 24978 24978 D DpmAnalyzer: analyze: frame=480x640, roi=Rect(67, 147 - 412, 492), focus=FOCUSED, mode=SCAN
09-02 11:14:17.385 24978 24978 D DpmAnalyzer: analyze: THROTTLED (already running)
09-02 11:14:17.385 24978 24978 D DpmFrameAnalyzer: analyze: result status=THROTTLED, code=null, source=null
09-02 11:14:17.399 24978 25317 D DpmFrameAnalyzer: analyze: frame received, format=35, size=640x480, rotation=90
09-02 11:14:17.407 24978 24978 D DpmAnalyzer: Stage1: MISS
09-02 11:14:17.407 24978 24978 D DpmAnalyzer: scanRoi present, skipping full-image stages
09-02 11:14:17.407 24978 24978 D DpmAnalyzer: analyze: decodedCode=null
09-02 11:14:17.407 24978 24978 D DpmFrameAnalyzer: analyze: result status=NO_CODE, code=null, source=null
09-02 11:14:17.422 24978 25317 D DpmFrameAnalyzer: analyze: bitmap converted, size=480x640, scanRoi=Rect(67, 147 - 412, 492)
09-02 11:14:17.422 24978 24978 D DpmAnalyzer: analyze: frame=480x640, roi=Rect(67, 147 - 412, 492), focus=FOCUSED, mode=SCAN
09-02 11:14:17.422 24978 24978 D DpmAnalyzer: analyze: THROTTLED by timing gate
09-02 11:14:17.422 24978 24978 D DpmFrameAnalyzer: analyze: result status=THROTTLED, code=null, source=null
09-02 11:14:17.431 24978 25317 D DpmFrameAnalyzer: analyze: frame received, format=35, size=640x480, rotation=90
09-02 11:14:17.453 24978 25317 D DpmFrameAnalyzer: analyze: bitmap converted, size=480x640, scanRoi=Rect(67, 147 - 412, 492)
09-02 11:14:17.453 24978 24978 D DpmAnalyzer: analyze: frame=480x640, roi=Rect(67, 147 - 412, 492), focus=FOCUSED, mode=SCAN
09-02 11:14:17.453 24978 24978 D DpmAnalyzer: analyze: THROTTLED by timing gate
09-02 11:14:17.453 24978 24978 D DpmFrameAnalyzer: analyze: result status=THROTTLED, code=null, source=null
09-02 11:14:17.472 24978 25317 D DpmFrameAnalyzer: analyze: frame received, format=35, size=640x480, rotation=90
09-02 11:14:17.497 24978 25317 D DpmFrameAnalyzer: analyze: bitmap converted, size=480x640, scanRoi=Rect(67, 147 - 412, 492)
09-02 11:14:17.498 24978 24978 D DpmAnalyzer: analyze: frame=480x640, roi=Rect(67, 147 - 412, 492), focus=FOCUSED, mode=SCAN
09-02 11:14:17.498 24978 24978 D DpmAnalyzer: analyze: THROTTLED by timing gate
09-02 11:14:17.498 24978 24978 D DpmFrameAnalyzer: analyze: result status=THROTTLED, code=null, source=null
09-02 11:14:17.519 24978 25317 D DpmFrameAnalyzer: analyze: frame received, format=35, size=640x480, rotation=90
09-02 11:14:17.548 24978 25317 D DpmFrameAnalyzer: analyze: bitmap converted, size=480x640, scanRoi=Rect(67, 147 - 412, 492)
09-02 11:14:17.549 24978 24978 D DpmAnalyzer: analyze: frame=480x640, roi=Rect(67, 147 - 412, 492), focus=FOCUSED, mode=SCAN
09-02 11:14:17.549 24978 24978 D DpmAnalyzer: analyze: THROTTLED by timing gate
09-02 11:14:17.549 24978 24978 D DpmFrameAnalyzer: analyze: result status=THROTTLED, code=null, source=null
09-02 11:14:17.549 24978 25317 D DpmFrameAnalyzer: analyze: frame received, format=35, size=640x480, rotation=90
09-02 11:14:17.569 24978 25317 D DpmFrameAnalyzer: analyze: bitmap converted, size=480x640, scanRoi=Rect(67, 147 - 412, 492)
09-02 11:14:17.570 24978 24978 D DpmAnalyzer: analyze: frame=480x640, roi=Rect(67, 147 - 412, 492), focus=FOCUSED, mode=SCAN
09-02 11:14:17.570 24978 24978 D DpmAnalyzer: analyze: THROTTLED by timing gate
09-02 11:14:17.570 24978 24978 D DpmFrameAnalyzer: analyze: result status=THROTTLED, code=null, source=null
09-02 11:14:17.588 24978 25317 D DpmFrameAnalyzer: analyze: frame received, format=35, size=640x480, rotation=90
09-02 11:14:17.609 24978 25317 D DpmFrameAnalyzer: analyze: bitmap converted, size=480x640, scanRoi=Rect(67, 147 - 412, 492)
09-02 11:14:17.609 24978 24978 D DpmAnalyzer: analyze: frame=480x640, roi=Rect(67, 147 - 412, 492), focus=FOCUSED, mode=SCAN
09-02 11:14:17.610 24978 24978 D DpmAnalyzer: analyze: starting performMultiStrategyDecode
09-02 11:14:17.610 24978 24978 D DpmAnalyzer: performMultiStrategyDecode: frame=480x640, roi=Rect(67, 147 - 412, 492), strategies=1
09-02 11:14:17.616 24978 24978 D DpmAnalyzer: Stage1: ROI 345x345 → scaled 345x345
09-02 11:14:17.624 24978 25317 D DpmFrameAnalyzer: analyze: frame received, format=35, size=640x480, rotation=90
09-02 11:14:17.645 24978 25317 D DpmFrameAnalyzer: analyze: bitmap converted, size=480x640, scanRoi=Rect(67, 147 - 412, 492)
09-02 11:14:17.647 24978 24978 D DpmAnalyzer: analyze: frame=480x640, roi=Rect(67, 147 - 412, 492), focus=FOCUSED, mode=SCAN
09-02 11:14:17.647 24978 24978 D DpmAnalyzer: analyze: THROTTLED (already running)
09-02 11:14:17.647 24978 24978 D DpmFrameAnalyzer: analyze: result status=THROTTLED, code=null, source=null
09-02 11:14:17.660 24978 24978 D DpmAnalyzer: Stage1: MISS
09-02 11:14:17.660 24978 24978 D DpmAnalyzer: scanRoi present, skipping full-image stages
09-02 11:14:17.660 24978 24978 D DpmAnalyzer: analyze: decodedCode=null
09-02 11:14:17.660 24978 24978 D DpmFrameAnalyzer: analyze: result status=NO_CODE, code=null, source=null
09-02 11:14:17.665 24978 25317 D DpmFrameAnalyzer: analyze: frame received, format=35, size=640x480, rotation=90
09-02 11:14:17.687 24978 25317 D DpmFrameAnalyzer: analyze: bitmap converted, size=480x640, scanRoi=Rect(67, 147 - 412, 492)
09-02 11:14:17.687 24978 24978 D DpmAnalyzer: analyze: frame=480x640, roi=Rect(67, 147 - 412, 492), focus=FOCUSED, mode=SCAN
09-02 11:14:17.687 24978 24978 D DpmAnalyzer: analyze: THROTTLED by timing gate
09-02 11:14:17.687 24978 24978 D DpmFrameAnalyzer: analyze: result status=THROTTLED, code=null, source=null
09-02 11:14:17.708 24978 25317 D DpmFrameAnalyzer: analyze: frame received, format=35, size=640x480, rotation=90
09-02 11:14:17.727 24978 25317 D DpmFrameAnalyzer: analyze: bitmap converted, size=480x640, scanRoi=Rect(67, 147 - 412, 492)
09-02 11:14:17.728 24978 24978 D DpmAnalyzer: analyze: frame=480x640, roi=Rect(67, 147 - 412, 492), focus=FOCUSED, mode=SCAN
09-02 11:14:17.728 24978 24978 D DpmAnalyzer: analyze: THROTTLED by timing gate
09-02 11:14:17.728 24978 24978 D DpmFrameAnalyzer: analyze: result status=THROTTLED, code=null, source=null
09-02 11:14:17.748 24978 25317 D DpmFrameAnalyzer: analyze: frame received, format=35, size=640x480, rotation=90
09-02 11:14:17.771 24978 25317 D DpmFrameAnalyzer: analyze: bitmap converted, size=480x640, scanRoi=Rect(67, 147 - 412, 492)
09-02 11:14:17.772 24978 24978 D DpmAnalyzer: analyze: frame=480x640, roi=Rect(67, 147 - 412, 492), focus=FOCUSED, mode=SCAN
09-02 11:14:17.772 24978 24978 D DpmAnalyzer: analyze: THROTTLED by timing gate
09-02 11:14:17.772 24978 24978 D DpmFrameAnalyzer: analyze: result status=THROTTLED, code=null, source=null
09-02 11:14:17.787 24978 25317 D DpmFrameAnalyzer: analyze: frame received, format=35, size=640x480, rotation=90
09-02 11:14:17.812 24978 25317 D DpmFrameAnalyzer: analyze: bitmap converted, size=480x640, scanRoi=Rect(67, 147 - 412, 492)
09-02 11:14:17.813 24978 24978 D DpmAnalyzer: analyze: frame=480x640, roi=Rect(67, 147 - 412, 492), focus=FOCUSED, mode=SCAN
09-02 11:14:17.813 24978 24978 D DpmAnalyzer: analyze: THROTTLED by timing gate
09-02 11:14:17.813 24978 24978 D DpmFrameAnalyzer: analyze: result status=THROTTLED, code=null, source=null
09-02 11:14:17.828 24978 25317 D DpmFrameAnalyzer: analyze: frame received, format=35, size=640x480, rotation=90
09-02 11:14:17.855 24978 25317 D DpmFrameAnalyzer: analyze: bitmap converted, size=480x640, scanRoi=Rect(67, 147 - 412, 492)
09-02 11:14:17.855 24978 24978 D DpmAnalyzer: analyze: frame=480x640, roi=Rect(67, 147 - 412, 492), focus=FOCUSED, mode=SCAN
09-02 11:14:17.855 24978 24978 D DpmAnalyzer: analyze: THROTTLED by timing gate
09-02 11:14:17.856 24978 24978 D DpmFrameAnalyzer: analyze: result status=THROTTLED, code=null, source=null
09-02 11:14:17.862 24978 25317 D DpmFrameAnalyzer: analyze: frame received, format=35, size=640x480, rotation=90
09-02 11:14:17.887 24978 25317 D DpmFrameAnalyzer: analyze: bitmap converted, size=480x640, scanRoi=Rect(67, 147 - 412, 492)
09-02 11:14:17.888 24978 24978 D DpmAnalyzer: analyze: frame=480x640, roi=Rect(67, 147 - 412, 492), focus=FOCUSED, mode=SCAN
09-02 11:14:17.888 24978 24978 D DpmAnalyzer: analyze: starting performMultiStrategyDecode
09-02 11:14:17.888 24978 24978 D DpmAnalyzer: performMultiStrategyDecode: frame=480x640, roi=Rect(67, 147 - 412, 492), strategies=1
09-02 11:14:17.894 24978 24978 D DpmAnalyzer: Stage1: ROI 345x345 → scaled 345x345
09-02 11:14:17.913 24978 25317 D DpmFrameAnalyzer: analyze: frame received, format=35, size=640x480, rotation=90
09-02 11:14:17.944 24978 25317 D DpmFrameAnalyzer: analyze: bitmap converted, size=480x640, scanRoi=Rect(67, 147 - 412, 492)
09-02 11:14:17.947 24978 24978 D DpmAnalyzer: analyze: frame=480x640, roi=Rect(67, 147 - 412, 492), focus=FOCUSED, mode=SCAN
09-02 11:14:17.947 24978 24978 D DpmAnalyzer: analyze: THROTTLED (already running)
09-02 11:14:17.947 24978 24978 D DpmFrameAnalyzer: analyze: result status=THROTTLED, code=null, source=null
09-02 11:14:17.948 24978 25317 D DpmFrameAnalyzer: analyze: frame received, format=35, size=640x480, rotation=90
09-02 11:14:17.966 24978 25317 D DpmFrameAnalyzer: analyze: bitmap converted, size=480x640, scanRoi=Rect(67, 147 - 412, 492)
09-02 11:14:17.966 24978 24978 D DpmAnalyzer: Stage1: MISS
09-02 11:14:17.966 24978 24978 D DpmAnalyzer: scanRoi present, skipping full-image stages
09-02 11:14:17.966 24978 24978 D DpmAnalyzer: analyze: decodedCode=null
09-02 11:14:17.966 24978 24978 D DpmFrameAnalyzer: analyze: result status=NO_CODE, code=null, source=null
09-02 11:14:17.967 24978 24978 D DpmAnalyzer: analyze: frame=480x640, roi=Rect(67, 147 - 412, 492), focus=FOCUSED, mode=SCAN
09-02 11:14:17.967 24978 24978 D DpmAnalyzer: analyze: THROTTLED by timing gate
09-02 11:14:17.967 24978 24978 D DpmFrameAnalyzer: analyze: result status=THROTTLED, code=null, source=null
09-02 11:14:17.981 24978 25317 D DpmFrameAnalyzer: analyze: frame received, format=35, size=640x480, rotation=90
09-02 11:14:18.002 24978 25317 D DpmFrameAnalyzer: analyze: bitmap converted, size=480x640, scanRoi=Rect(67, 147 - 412, 492)
09-02 11:14:18.005 24978 24978 D DpmAnalyzer: analyze: frame=480x640, roi=Rect(67, 147 - 412, 492), focus=FOCUSED, mode=SCAN
09-02 11:14:18.005 24978 24978 D DpmAnalyzer: analyze: THROTTLED by timing gate
09-02 11:14:18.005 24978 24978 D DpmFrameAnalyzer: analyze: result status=THROTTLED, code=null, source=null
09-02 11:14:18.017 24978 25317 D DpmFrameAnalyzer: analyze: frame received, format=35, size=640x480, rotation=90
09-02 11:14:18.039 24978 25317 D DpmFrameAnalyzer: analyze: bitmap converted, size=480x640, scanRoi=Rect(67, 147 - 412, 492)
09-02 11:14:18.041 24978 24978 D DpmAnalyzer: analyze: frame=480x640, roi=Rect(67, 147 - 412, 492), focus=FOCUSED, mode=SCAN
09-02 11:14:18.041 24978 24978 D DpmAnalyzer: analyze: THROTTLED by timing gate
09-02 11:14:18.041 24978 24978 D DpmFrameAnalyzer: analyze: result status=THROTTLED, code=null, source=null
09-02 11:14:18.061 24978 25317 D DpmFrameAnalyzer: analyze: frame received, format=35, size=640x480, rotation=90
09-02 11:14:18.082 24978 25317 D DpmFrameAnalyzer: analyze: bitmap converted, size=480x640, scanRoi=Rect(67, 147 - 412, 492)
09-02 11:14:18.083 24978 24978 D DpmAnalyzer: analyze: frame=480x640, roi=Rect(67, 147 - 412, 492), focus=FOCUSED, mode=SCAN
09-02 11:14:18.083 24978 24978 D DpmAnalyzer: analyze: THROTTLED by timing gate
09-02 11:14:18.083 24978 24978 D DpmFrameAnalyzer: analyze: result status=THROTTLED, code=null, source=null
09-02 11:14:18.095 24978 25317 D DpmFrameAnalyzer: analyze: frame received, format=35, size=640x480, rotation=90
09-02 11:14:18.116 24978 25317 D DpmFrameAnalyzer: analyze: bitmap converted, size=480x640, scanRoi=Rect(67, 147 - 412, 492)
09-02 11:14:18.117 24978 24978 D DpmAnalyzer: analyze: frame=480x640, roi=Rect(67, 147 - 412, 492), focus=FOCUSED, mode=SCAN
09-02 11:14:18.117 24978 24978 D DpmAnalyzer: analyze: THROTTLED by timing gate
09-02 11:14:18.117 24978 24978 D DpmFrameAnalyzer: analyze: result status=THROTTLED, code=null, source=null
09-02 11:14:18.140 24978 25317 D DpmFrameAnalyzer: analyze: frame received, format=35, size=640x480, rotation=90
09-02 11:14:18.173 24978 25317 D DpmFrameAnalyzer: analyze: bitmap converted, size=480x640, scanRoi=Rect(67, 147 - 412, 492)
09-02 11:14:18.174 24978 24978 D DpmAnalyzer: analyze: frame=480x640, roi=Rect(67, 147 - 412, 492), focus=FOCUSED, mode=SCAN
09-02 11:14:18.174 24978 24978 D DpmAnalyzer: analyze: starting performMultiStrategyDecode
09-02 11:14:18.174 24978 24978 D DpmAnalyzer: performMultiStrategyDecode: frame=480x640, roi=Rect(67, 147 - 412, 492), strategies=1
09-02 11:14:18.177 24978 24978 D DpmAnalyzer: Stage1: ROI 345x345 → scaled 345x345
09-02 11:14:18.193 24978 25317 D DpmFrameAnalyzer: analyze: frame received, format=35, size=640x480, rotation=90
09-02 11:14:18.227 24978 25317 D DpmFrameAnalyzer: analyze: bitmap converted, size=480x640, scanRoi=Rect(67, 147 - 412, 492)
09-02 11:14:18.227 24978 24978 D DpmAnalyzer: analyze: frame=480x640, roi=Rect(67, 147 - 412, 492), focus=FOCUSED, mode=SCAN
09-02 11:14:18.227 24978 24978 D DpmAnalyzer: analyze: THROTTLED (already running)
09-02 11:14:18.227 24978 24978 D DpmFrameAnalyzer: analyze: result status=THROTTLED, code=null, source=null
09-02 11:14:18.228 24978 25317 D DpmFrameAnalyzer: analyze: frame received, format=35, size=640x480, rotation=90
09-02 11:14:18.251 24978 25317 D DpmFrameAnalyzer: analyze: bitmap converted, size=480x640, scanRoi=Rect(67, 147 - 412, 492)
09-02 11:14:18.257 24978 24978 D DpmAnalyzer: analyze: frame=480x640, roi=Rect(67, 147 - 412, 492), focus=FOCUSED, mode=SCAN
09-02 11:14:18.257 24978 24978 D DpmAnalyzer: analyze: THROTTLED (already running)
09-02 11:14:18.257 24978 24978 D DpmFrameAnalyzer: analyze: result status=THROTTLED, code=null, source=null
09-02 11:14:18.264 24978 25317 D DpmFrameAnalyzer: analyze: frame received, format=35, size=640x480, rotation=90
09-02 11:14:18.273 24978 24978 D DpmAnalyzer: Stage1: MISS
09-02 11:14:18.273 24978 24978 D DpmAnalyzer: scanRoi present, skipping full-image stages
09-02 11:14:18.273 24978 24978 D DpmAnalyzer: analyze: decodedCode=null
09-02 11:14:18.273 24978 24978 D DpmFrameAnalyzer: analyze: result status=NO_CODE, code=null, source=null
09-02 11:14:18.287 24978 25317 D DpmFrameAnalyzer: analyze: bitmap converted, size=480x640, scanRoi=Rect(67, 147 - 412, 492)
09-02 11:14:18.294 24978 24978 D DpmAnalyzer: analyze: frame=480x640, roi=Rect(67, 147 - 412, 492), focus=FOCUSED, mode=SCAN
09-02 11:14:18.294 24978 24978 D DpmAnalyzer: analyze: THROTTLED by timing gate
09-02 11:14:18.294 24978 24978 D DpmFrameAnalyzer: analyze: result status=THROTTLED, code=null, source=null
09-02 11:14:18.296 24978 25317 D DpmFrameAnalyzer: analyze: frame received, format=35, size=640x480, rotation=90
09-02 11:14:18.319 24978 25317 D DpmFrameAnalyzer: analyze: bitmap converted, size=480x640, scanRoi=Rect(67, 147 - 412, 492)
09-02 11:14:18.325 24978 24978 D DpmAnalyzer: analyze: frame=480x640, roi=Rect(67, 147 - 412, 492), focus=FOCUSED, mode=SCAN
09-02 11:14:18.325 24978 24978 D DpmAnalyzer: analyze: THROTTLED by timing gate
09-02 11:14:18.325 24978 24978 D DpmFrameAnalyzer: analyze: result status=THROTTLED, code=null, source=null
09-02 11:14:18.329 24978 25317 D DpmFrameAnalyzer: analyze: frame received, format=35, size=640x480, rotation=90
09-02 11:14:18.349 24978 25317 D DpmFrameAnalyzer: analyze: bitmap converted, size=480x640, scanRoi=Rect(67, 147 - 412, 492)
09-02 11:14:18.349 24978 24978 D DpmAnalyzer: analyze: frame=480x640, roi=Rect(67, 147 - 412, 492), focus=FOCUSED, mode=SCAN
09-02 11:14:18.349 24978 24978 D DpmAnalyzer: analyze: THROTTLED by timing gate
09-02 11:14:18.349 24978 24978 D DpmFrameAnalyzer: analyze: result status=THROTTLED, code=null, source=null
09-02 11:14:18.375 24978 25317 D DpmFrameAnalyzer: analyze: frame received, format=35, size=640x480, rotation=90
09-02 11:14:18.400 24978 25317 D DpmFrameAnalyzer: analyze: bitmap converted, size=480x640, scanRoi=Rect(67, 147 - 412, 492)
09-02 11:14:18.400 24978 24978 D DpmAnalyzer: analyze: frame=480x640, roi=Rect(67, 147 - 412, 492), focus=FOCUSED, mode=SCAN
09-02 11:14:18.400 24978 24978 D DpmAnalyzer: analyze: THROTTLED by timing gate
09-02 11:14:18.400 24978 24978 D DpmFrameAnalyzer: analyze: result status=THROTTLED, code=null, source=null
09-02 11:14:18.414 24978 25317 D DpmFrameAnalyzer: analyze: frame received, format=35, size=640x480, rotation=90
09-02 11:14:18.436 24978 25317 D DpmFrameAnalyzer: analyze: bitmap converted, size=480x640, scanRoi=Rect(67, 147 - 412, 492)
09-02 11:14:18.441 24978 24978 D DpmAnalyzer: analyze: frame=480x640, roi=Rect(67, 147 - 412, 492), focus=FOCUSED, mode=SCAN
09-02 11:14:18.441 24978 24978 D DpmAnalyzer: analyze: THROTTLED by timing gate
09-02 11:14:18.442 24978 24978 D DpmFrameAnalyzer: analyze: result status=THROTTLED, code=null, source=null
09-02 11:14:18.450 24978 25317 D DpmFrameAnalyzer: analyze: frame received, format=35, size=640x480, rotation=90
09-02 11:14:18.470 24978 25317 D DpmFrameAnalyzer: analyze: bitmap converted, size=480x640, scanRoi=Rect(67, 147 - 412, 492)
09-02 11:14:18.472 24978 24978 D DpmAnalyzer: analyze: frame=480x640, roi=Rect(67, 147 - 412, 492), focus=FOCUSED, mode=SCAN
09-02 11:14:18.472 24978 24978 D DpmAnalyzer: analyze: THROTTLED by timing gate
09-02 11:14:18.472 24978 24978 D DpmFrameAnalyzer: analyze: result status=THROTTLED, code=null, source=null
09-02 11:14:18.491 24978 25317 D DpmFrameAnalyzer: analyze: frame received, format=35, size=640x480, rotation=90
09-02 11:14:18.515 24978 25317 D DpmFrameAnalyzer: analyze: bitmap converted, size=480x640, scanRoi=Rect(67, 147 - 412, 492)
09-02 11:14:18.516 24978 24978 D DpmAnalyzer: analyze: frame=480x640, roi=Rect(67, 147 - 412, 492), focus=FOCUSED, mode=SCAN
09-02 11:14:18.516 24978 24978 D DpmAnalyzer: analyze: starting performMultiStrategyDecode
09-02 11:14:18.516 24978 24978 D DpmAnalyzer: performMultiStrategyDecode: frame=480x640, roi=Rect(67, 147 - 412, 492), strategies=1
09-02 11:14:18.521 24978 24978 D DpmAnalyzer: Stage1: ROI 345x345 → scaled 345x345
09-02 11:14:18.549 24978 25317 D DpmFrameAnalyzer: analyze: frame received, format=35, size=640x480, rotation=90
09-02 11:14:18.578 24978 25317 D DpmFrameAnalyzer: analyze: bitmap converted, size=480x640, scanRoi=Rect(67, 147 - 412, 492)
09-02 11:14:18.579 24978 24978 D DpmAnalyzer: analyze: frame=480x640, roi=Rect(67, 147 - 412, 492), focus=FOCUSED, mode=SCAN
09-02 11:14:18.579 24978 24978 D DpmAnalyzer: analyze: THROTTLED (already running)
09-02 11:14:18.579 24978 24978 D DpmFrameAnalyzer: analyze: result status=THROTTLED, code=null, source=null
09-02 11:14:18.579 24978 25317 D DpmFrameAnalyzer: analyze: frame received, format=35, size=640x480, rotation=90
09-02 11:14:18.598 24978 25317 D DpmFrameAnalyzer: analyze: bitmap converted, size=480x640, scanRoi=Rect(67, 147 - 412, 492)
09-02 11:14:18.600 24978 24978 D DpmAnalyzer: analyze: frame=480x640, roi=Rect(67, 147 - 412, 492), focus=FOCUSED, mode=SCAN
09-02 11:14:18.600 24978 24978 D DpmAnalyzer: analyze: THROTTLED (already running)
09-02 11:14:18.600 24978 24978 D DpmFrameAnalyzer: analyze: result status=THROTTLED, code=null, source=null
09-02 11:14:18.607 24978 24978 D DpmAnalyzer: Stage1: MISS
09-02 11:14:18.607 24978 24978 D DpmAnalyzer: scanRoi present, skipping full-image stages
09-02 11:14:18.607 24978 24978 D DpmAnalyzer: analyze: decodedCode=null
09-02 11:14:18.607 24978 24978 D DpmFrameAnalyzer: analyze: result status=NO_CODE, code=null, source=null
09-02 11:14:18.612 24978 25317 D DpmFrameAnalyzer: analyze: frame received, format=35, size=640x480, rotation=90
09-02 11:14:18.628 24978 25317 D DpmFrameAnalyzer: analyze: bitmap converted, size=480x640, scanRoi=Rect(67, 147 - 412, 492)
09-02 11:14:18.628 24978 24978 D DpmAnalyzer: analyze: frame=480x640, roi=Rect(67, 147 - 412, 492), focus=FOCUSED, mode=SCAN
09-02 11:14:18.628 24978 24978 D DpmAnalyzer: analyze: THROTTLED by timing gate
09-02 11:14:18.629 24978 24978 D DpmFrameAnalyzer: analyze: result status=THROTTLED, code=null, source=null
09-02 11:14:18.648 24978 25317 D DpmFrameAnalyzer: analyze: frame received, format=35, size=640x480, rotation=90
09-02 11:14:18.670 24978 25317 D DpmFrameAnalyzer: analyze: bitmap converted, size=480x640, scanRoi=Rect(67, 147 - 412, 492)
09-02 11:14:18.670 24978 24978 D DpmAnalyzer: analyze: frame=480x640, roi=Rect(67, 147 - 412, 492), focus=FOCUSED, mode=SCAN
09-02 11:14:18.670 24978 24978 D DpmAnalyzer: analyze: THROTTLED by timing gate
09-02 11:14:18.670 24978 24978 D DpmFrameAnalyzer: analyze: result status=THROTTLED, code=null, source=null
09-02 11:14:18.689 24978 25317 D DpmFrameAnalyzer: analyze: frame received, format=35, size=640x480, rotation=90
09-02 11:14:18.716 24978 25317 D DpmFrameAnalyzer: analyze: bitmap converted, size=480x640, scanRoi=Rect(67, 147 - 412, 492)
09-02 11:14:18.716 24978 24978 D DpmAnalyzer: analyze: frame=480x640, roi=Rect(67, 147 - 412, 492), focus=FOCUSED, mode=SCAN
09-02 11:14:18.716 24978 24978 D DpmAnalyzer: analyze: THROTTLED by timing gate
09-02 11:14:18.716 24978 24978 D DpmFrameAnalyzer: analyze: result status=THROTTLED, code=null, source=null
09-02 11:14:18.729 24978 25317 D DpmFrameAnalyzer: analyze: frame received, format=35, size=640x480, rotation=90
09-02 11:14:18.753 24978 25317 D DpmFrameAnalyzer: analyze: bitmap converted, size=480x640, scanRoi=Rect(67, 147 - 412, 492)
09-02 11:14:18.754 24978 24978 D DpmAnalyzer: analyze: frame=480x640, roi=Rect(67, 147 - 412, 492), focus=FOCUSED, mode=SCAN
09-02 11:14:18.754 24978 24978 D DpmAnalyzer: analyze: THROTTLED by timing gate
09-02 11:14:18.754 24978 24978 D DpmFrameAnalyzer: analyze: result status=THROTTLED, code=null, source=null
09-02 11:14:18.766 24978 25317 D DpmFrameAnalyzer: analyze: frame received, format=35, size=640x480, rotation=90
09-02 11:14:18.791 24978 25317 D DpmFrameAnalyzer: analyze: bitmap converted, size=480x640, scanRoi=Rect(67, 147 - 412, 492)
09-02 11:14:18.791 24978 24978 D DpmAnalyzer: analyze: frame=480x640, roi=Rect(67, 147 - 412, 492), focus=FOCUSED, mode=SCAN
09-02 11:14:18.792 24978 24978 D DpmAnalyzer: analyze: THROTTLED by timing gate
09-02 11:14:18.792 24978 24978 D DpmFrameAnalyzer: analyze: result status=THROTTLED, code=null, source=null
09-02 11:14:18.809 24978 25317 D DpmFrameAnalyzer: analyze: frame received, format=35, size=640x480, rotation=90
09-02 11:14:18.837 24978 25317 D DpmFrameAnalyzer: analyze: bitmap converted, size=480x640, scanRoi=Rect(67, 147 - 412, 492)
09-02 11:14:18.837 24978 24978 D DpmAnalyzer: analyze: frame=480x640, roi=Rect(67, 147 - 412, 492), focus=FOCUSED, mode=SCAN
09-02 11:14:18.837 24978 24978 D DpmAnalyzer: analyze: starting performMultiStrategyDecode
09-02 11:14:18.837 24978 24978 D DpmAnalyzer: performMultiStrategyDecode: frame=480x640, roi=Rect(67, 147 - 412, 492), strategies=1
09-02 11:14:18.840 24978 24978 D DpmAnalyzer: Stage1: ROI 345x345 → scaled 345x345
09-02 11:14:18.847 24978 25317 D DpmFrameAnalyzer: analyze: frame received, format=35, size=640x480, rotation=90
09-02 11:14:18.870 24978 25317 D DpmFrameAnalyzer: analyze: bitmap converted, size=480x640, scanRoi=Rect(67, 147 - 412, 492)
09-02 11:14:18.871 24978 24978 D DpmAnalyzer: analyze: frame=480x640, roi=Rect(67, 147 - 412, 492), focus=FOCUSED, mode=SCAN
09-02 11:14:18.871 24978 24978 D DpmAnalyzer: analyze: THROTTLED (already running)
09-02 11:14:18.871 24978 24978 D DpmFrameAnalyzer: analyze: result status=THROTTLED, code=null, source=null
09-02 11:14:18.882 24978 25317 D DpmFrameAnalyzer: analyze: frame received, format=35, size=640x480, rotation=90
09-02 11:14:18.888 24978 24978 D DpmAnalyzer: Stage1: MISS
09-02 11:14:18.888 24978 24978 D DpmAnalyzer: scanRoi present, skipping full-image stages
09-02 11:14:18.888 24978 24978 D DpmAnalyzer: analyze: decodedCode=null
09-02 11:14:18.888 24978 24978 D DpmFrameAnalyzer: analyze: result status=NO_CODE, code=null, source=null
09-02 11:14:18.899 24978 25317 D DpmFrameAnalyzer: analyze: bitmap converted, size=480x640, scanRoi=Rect(67, 147 - 412, 492)
09-02 11:14:18.899 24978 24978 D DpmAnalyzer: analyze: frame=480x640, roi=Rect(67, 147 - 412, 492), focus=FOCUSED, mode=SCAN
09-02 11:14:18.899 24978 24978 D DpmAnalyzer: analyze: THROTTLED by timing gate
09-02 11:14:18.899 24978 24978 D DpmFrameAnalyzer: analyze: result status=THROTTLED, code=null, source=null
09-02 11:14:18.921 24978 25317 D DpmFrameAnalyzer: analyze: frame received, format=35, size=640x480, rotation=90
09-02 11:14:18.938 24978 25317 D DpmFrameAnalyzer: analyze: bitmap converted, size=480x640, scanRoi=Rect(67, 147 - 412, 492)
09-02 11:14:18.939 24978 24978 D DpmAnalyzer: analyze: frame=480x640, roi=Rect(67, 147 - 412, 492), focus=FOCUSED, mode=SCAN
09-02 11:14:18.939 24978 24978 D DpmAnalyzer: analyze: THROTTLED by timing gate
09-02 11:14:18.939 24978 24978 D DpmFrameAnalyzer: analyze: result status=THROTTLED, code=null, source=null
09-02 11:14:18.965 24978 25317 D DpmFrameAnalyzer: analyze: frame received, format=35, size=640x480, rotation=90
09-02 11:14:18.984 24978 25317 D DpmFrameAnalyzer: analyze: bitmap converted, size=480x640, scanRoi=Rect(67, 147 - 412, 492)
09-02 11:14:18.984 24978 24978 D DpmAnalyzer: analyze: frame=480x640, roi=Rect(67, 147 - 412, 492), focus=FOCUSED, mode=SCAN
09-02 11:14:18.984 24978 24978 D DpmAnalyzer: analyze: THROTTLED by timing gate
09-02 11:14:18.984 24978 24978 D DpmFrameAnalyzer: analyze: result status=THROTTLED, code=null, source=null
09-02 11:14:19.007 24978 25317 D DpmFrameAnalyzer: analyze: frame received, format=35, size=640x480, rotation=90
09-02 11:14:19.030 24978 25317 D DpmFrameAnalyzer: analyze: bitmap converted, size=480x640, scanRoi=Rect(67, 147 - 412, 492)
09-02 11:14:19.031 24978 24978 D DpmAnalyzer: analyze: frame=480x640, roi=Rect(67, 147 - 412, 492), focus=FOCUSED, mode=SCAN
09-02 11:14:19.031 24978 24978 D DpmAnalyzer: analyze: THROTTLED by timing gate
09-02 11:14:19.031 24978 24978 D DpmFrameAnalyzer: analyze: result status=THROTTLED, code=null, source=null
09-02 11:14:19.046 24978 25317 D DpmFrameAnalyzer: analyze: frame received, format=35, size=640x480, rotation=90
09-02 11:14:19.074 24978 25317 D DpmFrameAnalyzer: analyze: bitmap converted, size=480x640, scanRoi=Rect(67, 147 - 412, 492)
09-02 11:14:19.075 24978 24978 D DpmAnalyzer: analyze: frame=480x640, roi=Rect(67, 147 - 412, 492), focus=FOCUSED, mode=SCAN
09-02 11:14:19.075 24978 24978 D DpmAnalyzer: analyze: THROTTLED by timing gate
09-02 11:14:19.075 24978 24978 D DpmFrameAnalyzer: analyze: result status=THROTTLED, code=null, source=null
09-02 11:14:19.088 24978 25317 D DpmFrameAnalyzer: analyze: frame received, format=35, size=640x480, rotation=90
09-02 11:14:19.113 24978 25317 D DpmFrameAnalyzer: analyze: bitmap converted, size=480x640, scanRoi=Rect(67, 147 - 412, 492)
09-02 11:14:19.113 24978 24978 D DpmAnalyzer: analyze: frame=480x640, roi=Rect(67, 147 - 412, 492), focus=FOCUSED, mode=SCAN
09-02 11:14:19.113 24978 24978 D DpmAnalyzer: analyze: starting performMultiStrategyDecode
09-02 11:14:19.113 24978 24978 D DpmAnalyzer: performMultiStrategyDecode: frame=480x640, roi=Rect(67, 147 - 412, 492), strategies=1
09-02 11:14:19.116 24978 24978 D DpmAnalyzer: Stage1: ROI 345x345 → scaled 345x345
09-02 11:14:19.123 24978 25317 D DpmFrameAnalyzer: analyze: frame received, format=35, size=640x480, rotation=90
09-02 11:14:19.147 24978 25317 D DpmFrameAnalyzer: analyze: bitmap converted, size=480x640, scanRoi=Rect(67, 147 - 412, 492)
09-02 11:14:19.148 24978 24978 D DpmAnalyzer: analyze: frame=480x640, roi=Rect(67, 147 - 412, 492), focus=FOCUSED, mode=SCAN
09-02 11:14:19.149 24978 24978 D DpmAnalyzer: analyze: THROTTLED (already running)
09-02 11:14:19.149 24978 24978 D DpmFrameAnalyzer: analyze: result status=THROTTLED, code=null, source=null
09-02 11:14:19.162 24978 25317 D DpmFrameAnalyzer: analyze: frame received, format=35, size=640x480, rotation=90
09-02 11:14:19.166 24978 24978 D DpmAnalyzer: Stage1: MISS
09-02 11:14:19.166 24978 24978 D DpmAnalyzer: scanRoi present, skipping full-image stages
09-02 11:14:19.166 24978 24978 D DpmAnalyzer: analyze: decodedCode=null
09-02 11:14:19.166 24978 24978 D DpmFrameAnalyzer: analyze: result status=NO_CODE, code=null, source=null
09-02 11:14:19.185 24978 25317 D DpmFrameAnalyzer: analyze: bitmap converted, size=480x640, scanRoi=Rect(67, 147 - 412, 492)
09-02 11:14:19.186 24978 24978 D DpmAnalyzer: analyze: frame=480x640, roi=Rect(67, 147 - 412, 492), focus=FOCUSED, mode=SCAN
09-02 11:14:19.186 24978 24978 D DpmAnalyzer: analyze: THROTTLED by timing gate
09-02 11:14:19.186 24978 24978 D DpmFrameAnalyzer: analyze: result status=THROTTLED, code=null, source=null
09-02 11:14:19.197 24978 25317 D DpmFrameAnalyzer: analyze: frame received, format=35, size=640x480, rotation=90
09-02 11:14:19.220 24978 25317 D DpmFrameAnalyzer: analyze: bitmap converted, size=480x640, scanRoi=Rect(67, 147 - 412, 492)
09-02 11:14:19.220 24978 24978 D DpmAnalyzer: analyze: frame=480x640, roi=Rect(67, 147 - 412, 492), focus=FOCUSED, mode=SCAN
09-02 11:14:19.220 24978 24978 D DpmAnalyzer: analyze: THROTTLED by timing gate
09-02 11:14:19.220 24978 24978 D DpmFrameAnalyzer: analyze: result status=THROTTLED, code=null, source=null
09-02 11:14:19.241 24978 25317 D DpmFrameAnalyzer: analyze: frame received, format=35, size=640x480, rotation=90
09-02 11:14:19.261 24978 25317 D DpmFrameAnalyzer: analyze: bitmap converted, size=480x640, scanRoi=Rect(67, 147 - 412, 492)
09-02 11:14:19.262 24978 24978 D DpmAnalyzer: analyze: frame=480x640, roi=Rect(67, 147 - 412, 492), focus=FOCUSED, mode=SCAN
09-02 11:14:19.262 24978 24978 D DpmAnalyzer: analyze: THROTTLED by timing gate
09-02 11:14:19.262 24978 24978 D DpmFrameAnalyzer: analyze: result status=THROTTLED, code=null, source=null
09-02 11:14:19.275 24978 25317 D DpmFrameAnalyzer: analyze: frame received, format=35, size=640x480, rotation=90
09-02 11:14:19.295 24978 25317 D DpmFrameAnalyzer: analyze: bitmap converted, size=480x640, scanRoi=Rect(67, 147 - 412, 492)
09-02 11:14:19.295 24978 24978 D DpmAnalyzer: analyze: frame=480x640, roi=Rect(67, 147 - 412, 492), focus=FOCUSED, mode=SCAN
09-02 11:14:19.295 24978 24978 D DpmAnalyzer: analyze: THROTTLED by timing gate
09-02 11:14:19.295 24978 24978 D DpmFrameAnalyzer: analyze: result status=THROTTLED, code=null, source=null
09-02 11:14:19.312 24978 25317 D DpmFrameAnalyzer: analyze: frame received, format=35, size=640x480, rotation=90
09-02 11:14:19.335 24978 25317 D DpmFrameAnalyzer: analyze: bitmap converted, size=480x640, scanRoi=Rect(67, 147 - 412, 492)
09-02 11:14:19.336 24978 24978 D DpmAnalyzer: analyze: frame=480x640, roi=Rect(67, 147 - 412, 492), focus=FOCUSED, mode=SCAN
09-02 11:14:19.336 24978 24978 D DpmAnalyzer: analyze: THROTTLED by timing gate
09-02 11:14:19.336 24978 24978 D DpmFrameAnalyzer: analyze: result status=THROTTLED, code=null, source=null
09-02 11:14:19.354 24978 25317 D DpmFrameAnalyzer: analyze: frame received, format=35, size=640x480, rotation=90
09-02 11:14:19.375 24978 25317 D DpmFrameAnalyzer: analyze: bitmap converted, size=480x640, scanRoi=Rect(67, 147 - 412, 492)
09-02 11:14:19.375 24978 24978 D DpmAnalyzer: analyze: frame=480x640, roi=Rect(67, 147 - 412, 492), focus=FOCUSED, mode=SCAN
09-02 11:14:19.375 24978 24978 D DpmAnalyzer: analyze: starting performMultiStrategyDecode
09-02 11:14:19.375 24978 24978 D DpmAnalyzer: performMultiStrategyDecode: frame=480x640, roi=Rect(67, 147 - 412, 492), strategies=1
09-02 11:14:19.382 24978 24978 D DpmAnalyzer: Stage1: ROI 345x345 → scaled 345x345
09-02 11:14:19.400 24978 25317 D DpmFrameAnalyzer: analyze: frame received, format=35, size=640x480, rotation=90
09-02 11:14:19.423 24978 25317 D DpmFrameAnalyzer: analyze: bitmap converted, size=480x640, scanRoi=Rect(67, 147 - 412, 492)
09-02 11:14:19.423 24978 24978 D DpmAnalyzer: analyze: frame=480x640, roi=Rect(67, 147 - 412, 492), focus=FOCUSED, mode=SCAN
09-02 11:14:19.424 24978 24978 D DpmAnalyzer: analyze: THROTTLED (already running)
09-02 11:14:19.424 24978 24978 D DpmFrameAnalyzer: analyze: result status=THROTTLED, code=null, source=null
09-02 11:14:19.436 24978 25317 D DpmFrameAnalyzer: analyze: frame received, format=35, size=640x480, rotation=90
09-02 11:14:19.446 24978 24978 D DpmAnalyzer: Stage1: MISS
09-02 11:14:19.446 24978 24978 D DpmAnalyzer: scanRoi present, skipping full-image stages
09-02 11:14:19.446 24978 24978 D DpmAnalyzer: analyze: decodedCode=null
09-02 11:14:19.446 24978 24978 D DpmFrameAnalyzer: analyze: result status=NO_CODE, code=null, source=null
09-02 11:14:19.461 24978 25317 D DpmFrameAnalyzer: analyze: bitmap converted, size=480x640, scanRoi=Rect(67, 147 - 412, 492)
09-02 11:14:19.461 24978 24978 D DpmAnalyzer: analyze: frame=480x640, roi=Rect(67, 147 - 412, 492), focus=FOCUSED, mode=SCAN
09-02 11:14:19.461 24978 24978 D DpmAnalyzer: analyze: THROTTLED by timing gate
09-02 11:14:19.461 24978 24978 D DpmFrameAnalyzer: analyze: result status=THROTTLED, code=null, source=null
09-02 11:14:19.473 24978 25317 D DpmFrameAnalyzer: analyze: frame received, format=35, size=640x480, rotation=90
09-02 11:14:19.492 24978 25317 D DpmFrameAnalyzer: analyze: bitmap converted, size=480x640, scanRoi=Rect(67, 147 - 412, 492)
09-02 11:14:19.492 24978 24978 D DpmAnalyzer: analyze: frame=480x640, roi=Rect(67, 147 - 412, 492), focus=FOCUSED, mode=SCAN
09-02 11:14:19.492 24978 24978 D DpmAnalyzer: analyze: THROTTLED by timing gate
09-02 11:14:19.492 24978 24978 D DpmFrameAnalyzer: analyze: result status=THROTTLED, code=null, source=null
09-02 11:14:19.512 24978 25317 D DpmFrameAnalyzer: analyze: frame received, format=35, size=640x480, rotation=90
09-02 11:14:19.533 24978 25317 D DpmFrameAnalyzer: analyze: bitmap converted, size=480x640, scanRoi=Rect(67, 147 - 412, 492)
09-02 11:14:19.533 24978 24978 D DpmAnalyzer: analyze: frame=480x640, roi=Rect(67, 147 - 412, 492), focus=FOCUSED, mode=SCAN
09-02 11:14:19.534 24978 24978 D DpmAnalyzer: analyze: THROTTLED by timing gate
09-02 11:14:19.534 24978 24978 D DpmFrameAnalyzer: analyze: result status=THROTTLED, code=null, source=null
09-02 11:14:19.550 24978 25317 D DpmFrameAnalyzer: analyze: frame received, format=35, size=640x480, rotation=90
09-02 11:14:19.574 24978 25317 D DpmFrameAnalyzer: analyze: bitmap converted, size=480x640, scanRoi=Rect(67, 147 - 412, 492)
09-02 11:14:19.574 24978 24978 D DpmAnalyzer: analyze: frame=480x640, roi=Rect(67, 147 - 412, 492), focus=FOCUSED, mode=SCAN
09-02 11:14:19.574 24978 24978 D DpmAnalyzer: analyze: THROTTLED by timing gate
09-02 11:14:19.574 24978 24978 D DpmFrameAnalyzer: analyze: result status=THROTTLED, code=null, source=null
09-02 11:14:19.593 24978 25317 D DpmFrameAnalyzer: analyze: frame received, format=35, size=640x480, rotation=90
09-02 11:14:19.617 24978 25317 D DpmFrameAnalyzer: analyze: bitmap converted, size=480x640, scanRoi=Rect(67, 147 - 412, 492)
09-02 11:14:19.617 24978 24978 D DpmAnalyzer: analyze: frame=480x640, roi=Rect(67, 147 - 412, 492), focus=FOCUSED, mode=SCAN
09-02 11:14:19.617 24978 24978 D DpmAnalyzer: analyze: THROTTLED by timing gate
09-02 11:14:19.617 24978 24978 D DpmFrameAnalyzer: analyze: result status=THROTTLED, code=null, source=null
09-02 11:14:19.636 24978 25317 D DpmFrameAnalyzer: analyze: frame received, format=35, size=640x480, rotation=90
09-02 11:14:19.659 24978 25317 D DpmFrameAnalyzer: analyze: bitmap converted, size=480x640, scanRoi=Rect(67, 147 - 412, 492)
09-02 11:14:19.660 24978 24978 D DpmAnalyzer: analyze: frame=480x640, roi=Rect(67, 147 - 412, 492), focus=FOCUSED, mode=SCAN
09-02 11:14:19.660 24978 24978 D DpmAnalyzer: analyze: starting performMultiStrategyDecode
09-02 11:14:19.660 24978 24978 D DpmAnalyzer: performMultiStrategyDecode: frame=480x640, roi=Rect(67, 147 - 412, 492), strategies=1
09-02 11:14:19.662 24978 24978 D DpmAnalyzer: Stage1: ROI 345x345 → scaled 345x345
09-02 11:14:19.678 24978 25317 D DpmFrameAnalyzer: analyze: frame received, format=35, size=640x480, rotation=90
09-02 11:14:19.708 24978 25317 D DpmFrameAnalyzer: analyze: bitmap converted, size=480x640, scanRoi=Rect(67, 147 - 412, 492)
09-02 11:14:19.709 24978 24978 D DpmAnalyzer: analyze: frame=480x640, roi=Rect(67, 147 - 412, 492), focus=FOCUSED, mode=SCAN
09-02 11:14:19.709 24978 24978 D DpmAnalyzer: analyze: THROTTLED (already running)
09-02 11:14:19.709 24978 24978 D DpmFrameAnalyzer: analyze: result status=THROTTLED, code=null, source=null
09-02 11:14:19.715 24978 25317 D DpmFrameAnalyzer: analyze: frame received, format=35, size=640x480, rotation=90
09-02 11:14:19.723 24978 24978 D DpmAnalyzer: Stage1: MISS
09-02 11:14:19.723 24978 24978 D DpmAnalyzer: scanRoi present, skipping full-image stages
09-02 11:14:19.723 24978 24978 D DpmAnalyzer: analyze: decodedCode=null
09-02 11:14:19.723 24978 24978 D DpmFrameAnalyzer: analyze: result status=NO_CODE, code=null, source=null
09-02 11:14:19.734 24978 25317 D DpmFrameAnalyzer: analyze: bitmap converted, size=480x640, scanRoi=Rect(67, 147 - 412, 492)
09-02 11:14:19.735 24978 24978 D DpmAnalyzer: analyze: frame=480x640, roi=Rect(67, 147 - 412, 492), focus=FOCUSED, mode=SCAN
09-02 11:14:19.735 24978 24978 D DpmAnalyzer: analyze: THROTTLED by timing gate
09-02 11:14:19.735 24978 24978 D DpmFrameAnalyzer: analyze: result status=THROTTLED, code=null, source=null
09-02 11:14:19.744 24978 25317 D DpmFrameAnalyzer: analyze: frame received, format=35, size=640x480, rotation=90
09-02 11:14:19.762 24978 25317 D DpmFrameAnalyzer: analyze: bitmap converted, size=480x640, scanRoi=Rect(67, 147 - 412, 492)
09-02 11:14:19.762 24978 24978 D DpmAnalyzer: analyze: frame=480x640, roi=Rect(67, 147 - 412, 492), focus=FOCUSED, mode=SCAN
09-02 11:14:19.762 24978 24978 D DpmAnalyzer: analyze: THROTTLED by timing gate
09-02 11:14:19.762 24978 24978 D DpmFrameAnalyzer: analyze: result status=THROTTLED, code=null, source=null
09-02 11:14:19.785 24978 25317 D DpmFrameAnalyzer: analyze: frame received, format=35, size=640x480, rotation=90
09-02 11:14:19.807 24978 25317 D DpmFrameAnalyzer: analyze: bitmap converted, size=480x640, scanRoi=Rect(67, 147 - 412, 492)
09-02 11:14:19.808 24978 24978 D DpmAnalyzer: analyze: frame=480x640, roi=Rect(67, 147 - 412, 492), focus=FOCUSED, mode=SCAN
09-02 11:14:19.808 24978 24978 D DpmAnalyzer: analyze: THROTTLED by timing gate
09-02 11:14:19.808 24978 24978 D DpmFrameAnalyzer: analyze: result status=THROTTLED, code=null, source=null
09-02 11:14:19.829 24978 25317 D DpmFrameAnalyzer: analyze: frame received, format=35, size=640x480, rotation=90
09-02 11:14:19.860 24978 25317 D DpmFrameAnalyzer: analyze: bitmap converted, size=480x640, scanRoi=Rect(67, 147 - 412, 492)
09-02 11:14:19.860 24978 24978 D DpmAnalyzer: analyze: frame=480x640, roi=Rect(67, 147 - 412, 492), focus=FOCUSED, mode=SCAN
09-02 11:14:19.860 24978 24978 D DpmAnalyzer: analyze: THROTTLED by timing gate
09-02 11:14:19.860 24978 24978 D DpmFrameAnalyzer: analyze: result status=THROTTLED, code=null, source=null
09-02 11:14:19.869 24978 25317 D DpmFrameAnalyzer: analyze: frame received, format=35, size=640x480, rotation=90
09-02 11:14:19.894 24978 25317 D DpmFrameAnalyzer: analyze: bitmap converted, size=480x640, scanRoi=Rect(67, 147 - 412, 492)
09-02 11:14:19.895 24978 24978 D DpmAnalyzer: analyze: frame=480x640, roi=Rect(67, 147 - 412, 492), focus=FOCUSED, mode=SCAN
09-02 11:14:19.895 24978 24978 D DpmAnalyzer: analyze: THROTTLED by timing gate
09-02 11:14:19.895 24978 24978 D DpmFrameAnalyzer: analyze: result status=THROTTLED, code=null, source=null
09-02 11:14:19.908 24978 25317 D DpmFrameAnalyzer: analyze: frame received, format=35, size=640x480, rotation=90
09-02 11:14:19.930 24978 25317 D DpmFrameAnalyzer: analyze: bitmap converted, size=480x640, scanRoi=Rect(67, 147 - 412, 492)
09-02 11:14:19.930 24978 24978 D DpmAnalyzer: analyze: frame=480x640, roi=Rect(67, 147 - 412, 492), focus=FOCUSED, mode=SCAN
09-02 11:14:19.930 24978 24978 D DpmAnalyzer: analyze: starting performMultiStrategyDecode
09-02 11:14:19.931 24978 24978 D DpmAnalyzer: performMultiStrategyDecode: frame=480x640, roi=Rect(67, 147 - 412, 492), strategies=1
09-02 11:14:19.937 24978 24978 D DpmAnalyzer: Stage1: ROI 345x345 → scaled 345x345
09-02 11:14:19.952 24978 25317 D DpmFrameAnalyzer: analyze: frame received, format=35, size=640x480, rotation=90
09-02 11:14:19.983 24978 25317 D DpmFrameAnalyzer: analyze: bitmap converted, size=480x640, scanRoi=Rect(67, 147 - 412, 492)
09-02 11:14:19.983 24978 24978 D DpmAnalyzer: analyze: frame=480x640, roi=Rect(67, 147 - 412, 492), focus=FOCUSED, mode=SCAN
09-02 11:14:19.984 24978 24978 D DpmAnalyzer: analyze: THROTTLED (already running)
09-02 11:14:19.984 24978 24978 D DpmFrameAnalyzer: analyze: result status=THROTTLED, code=null, source=null
09-02 11:14:19.992 24978 25317 D DpmFrameAnalyzer: analyze: frame received, format=35, size=640x480, rotation=90
09-02 11:14:20.000 24978 24978 D DpmAnalyzer: Stage1: MISS
09-02 11:14:20.000 24978 24978 D DpmAnalyzer: scanRoi present, skipping full-image stages
09-02 11:14:20.000 24978 24978 D DpmAnalyzer: analyze: decodedCode=null
09-02 11:14:20.000 24978 24978 D DpmFrameAnalyzer: analyze: result status=NO_CODE, code=null, source=null
09-02 11:14:20.011 24978 25317 D DpmFrameAnalyzer: analyze: bitmap converted, size=480x640, scanRoi=Rect(67, 147 - 412, 492)
09-02 11:14:20.011 24978 24978 D DpmAnalyzer: analyze: frame=480x640, roi=Rect(67, 147 - 412, 492), focus=FOCUSED, mode=SCAN
09-02 11:14:20.011 24978 24978 D DpmAnalyzer: analyze: THROTTLED by timing gate
09-02 11:14:20.011 24978 24978 D DpmFrameAnalyzer: analyze: result status=THROTTLED, code=null, source=null
09-02 11:14:20.017 24978 25317 D DpmFrameAnalyzer: analyze: frame received, format=35, size=640x480, rotation=90
09-02 11:14:20.038 24978 25317 D DpmFrameAnalyzer: analyze: bitmap converted, size=480x640, scanRoi=Rect(67, 147 - 412, 492)
09-02 11:14:20.038 24978 24978 D DpmAnalyzer: analyze: frame=480x640, roi=Rect(67, 147 - 412, 492), focus=FOCUSED, mode=SCAN
09-02 11:14:20.038 24978 24978 D DpmAnalyzer: analyze: THROTTLED by timing gate
09-02 11:14:20.038 24978 24978 D DpmFrameAnalyzer: analyze: result status=THROTTLED, code=null, source=null
09-02 11:14:20.063 24978 25317 D DpmFrameAnalyzer: analyze: frame received, format=35, size=640x480, rotation=90
09-02 11:14:20.080 24978 25317 D DpmFrameAnalyzer: analyze: bitmap converted, size=480x640, scanRoi=Rect(67, 147 - 412, 492)
09-02 11:14:20.080 24978 24978 D DpmAnalyzer: analyze: frame=480x640, roi=Rect(67, 147 - 412, 492), focus=FOCUSED, mode=SCAN
09-02 11:14:20.080 24978 24978 D DpmAnalyzer: analyze: THROTTLED by timing gate
09-02 11:14:20.080 24978 24978 D DpmFrameAnalyzer: analyze: result status=THROTTLED, code=null, source=null
09-02 11:14:20.103 24978 25317 D DpmFrameAnalyzer: analyze: frame received, format=35, size=640x480, rotation=90
09-02 11:14:20.122 24978 25317 D DpmFrameAnalyzer: analyze: bitmap converted, size=480x640, scanRoi=Rect(67, 147 - 412, 492)
09-02 11:14:20.124 24978 24978 D DpmAnalyzer: analyze: frame=480x640, roi=Rect(67, 147 - 412, 492), focus=FOCUSED, mode=SCAN
09-02 11:14:20.124 24978 24978 D DpmAnalyzer: analyze: THROTTLED by timing gate
09-02 11:14:20.124 24978 24978 D DpmFrameAnalyzer: analyze: result status=THROTTLED, code=null, source=null
09-02 11:14:20.142 24978 25317 D DpmFrameAnalyzer: analyze: frame received, format=35, size=640x480, rotation=90
09-02 11:14:20.163 24978 25317 D DpmFrameAnalyzer: analyze: bitmap converted, size=480x640, scanRoi=Rect(67, 147 - 412, 492)
09-02 11:14:20.164 24978 24978 D DpmAnalyzer: analyze: frame=480x640, roi=Rect(67, 147 - 412, 492), focus=FOCUSED, mode=SCAN
09-02 11:14:20.164 24978 24978 D DpmAnalyzer: analyze: THROTTLED by timing gate
09-02 11:14:20.164 24978 24978 D DpmFrameAnalyzer: analyze: result status=THROTTLED, code=null, source=null
09-02 11:14:20.185 24978 25317 D DpmFrameAnalyzer: analyze: frame received, format=35, size=640x480, rotation=90
09-02 11:14:20.207 24978 25317 D DpmFrameAnalyzer: analyze: bitmap converted, size=480x640, scanRoi=Rect(67, 147 - 412, 492)
09-02 11:14:20.207 24978 24978 D DpmAnalyzer: analyze: frame=480x640, roi=Rect(67, 147 - 412, 492), focus=FOCUSED, mode=SCAN
09-02 11:14:20.207 24978 24978 D DpmAnalyzer: analyze: starting performMultiStrategyDecode
09-02 11:14:20.208 24978 24978 D DpmAnalyzer: performMultiStrategyDecode: frame=480x640, roi=Rect(67, 147 - 412, 492), strategies=1
09-02 11:14:20.210 24978 24978 D DpmAnalyzer: Stage1: ROI 345x345 → scaled 345x345
09-02 11:14:20.222 24978 25317 D DpmFrameAnalyzer: analyze: frame received, format=35, size=640x480, rotation=90
09-02 11:14:20.246 24978 25317 D DpmFrameAnalyzer: analyze: bitmap converted, size=480x640, scanRoi=Rect(67, 147 - 412, 492)
09-02 11:14:20.246 24978 24978 D DpmAnalyzer: analyze: frame=480x640, roi=Rect(67, 147 - 412, 492), focus=FOCUSED, mode=SCAN
09-02 11:14:20.246 24978 24978 D DpmAnalyzer: analyze: THROTTLED (already running)
09-02 11:14:20.246 24978 24978 D DpmFrameAnalyzer: analyze: result status=THROTTLED, code=null, source=null
09-02 11:14:20.263 24978 24978 D DpmAnalyzer: Stage1: MISS
09-02 11:14:20.263 24978 24978 D DpmAnalyzer: scanRoi present, skipping full-image stages
09-02 11:14:20.263 24978 24978 D DpmAnalyzer: analyze: decodedCode=null
09-02 11:14:20.263 24978 24978 D DpmFrameAnalyzer: analyze: result status=NO_CODE, code=null, source=null
09-02 11:14:20.263 24978 25317 D DpmFrameAnalyzer: analyze: frame received, format=35, size=640x480, rotation=90
09-02 11:14:20.285 24978 25317 D DpmFrameAnalyzer: analyze: bitmap converted, size=480x640, scanRoi=Rect(67, 147 - 412, 492)
09-02 11:14:20.286 24978 24978 D DpmAnalyzer: analyze: frame=480x640, roi=Rect(67, 147 - 412, 492), focus=FOCUSED, mode=SCAN
09-02 11:14:20.286 24978 24978 D DpmAnalyzer: analyze: THROTTLED by timing gate
09-02 11:14:20.286 24978 24978 D DpmFrameAnalyzer: analyze: result status=THROTTLED, code=null, source=null
09-02 11:14:20.294 24978 25317 D DpmFrameAnalyzer: analyze: frame received, format=35, size=640x480, rotation=90
09-02 11:14:20.316 24978 25317 D DpmFrameAnalyzer: analyze: bitmap converted, size=480x640, scanRoi=Rect(67, 147 - 412, 492)
09-02 11:14:20.317 24978 24978 D DpmAnalyzer: analyze: frame=480x640, roi=Rect(67, 147 - 412, 492), focus=FOCUSED, mode=SCAN
09-02 11:14:20.317 24978 24978 D DpmAnalyzer: analyze: THROTTLED by timing gate
09-02 11:14:20.317 24978 24978 D DpmFrameAnalyzer: analyze: result status=THROTTLED, code=null, source=null
09-02 11:14:20.339 24978 25317 D DpmFrameAnalyzer: analyze: frame received, format=35, size=640x480, rotation=90
09-02 11:14:20.359 24978 25317 D DpmFrameAnalyzer: analyze: bitmap converted, size=480x640, scanRoi=Rect(67, 147 - 412, 492)
09-02 11:14:20.359 24978 24978 D DpmAnalyzer: analyze: frame=480x640, roi=Rect(67, 147 - 412, 492), focus=FOCUSED, mode=SCAN
09-02 11:14:20.359 24978 24978 D DpmAnalyzer: analyze: THROTTLED by timing gate
09-02 11:14:20.359 24978 24978 D DpmFrameAnalyzer: analyze: result status=THROTTLED, code=null, source=null
09-02 11:14:20.374 24978 25317 D DpmFrameAnalyzer: analyze: frame received, format=35, size=640x480, rotation=90
09-02 11:14:20.391 24978 25317 D DpmFrameAnalyzer: analyze: bitmap converted, size=480x640, scanRoi=Rect(67, 147 - 412, 492)
09-02 11:14:20.391 24978 24978 D DpmAnalyzer: analyze: frame=480x640, roi=Rect(67, 147 - 412, 492), focus=FOCUSED, mode=SCAN
09-02 11:14:20.391 24978 24978 D DpmAnalyzer: analyze: THROTTLED by timing gate
09-02 11:14:20.391 24978 24978 D DpmFrameAnalyzer: analyze: result status=THROTTLED, code=null, source=null
09-02 11:14:20.410 24978 25317 D DpmFrameAnalyzer: analyze: frame received, format=35, size=640x480, rotation=90
09-02 11:14:20.430 24978 25317 D DpmFrameAnalyzer: analyze: bitmap converted, size=480x640, scanRoi=Rect(67, 147 - 412, 492)
09-02 11:14:20.430 24978 24978 D DpmAnalyzer: analyze: frame=480x640, roi=Rect(67, 147 - 412, 492), focus=FOCUSED, mode=SCAN
09-02 11:14:20.430 24978 24978 D DpmAnalyzer: analyze: THROTTLED by timing gate
09-02 11:14:20.430 24978 24978 D DpmFrameAnalyzer: analyze: result status=THROTTLED, code=null, source=null
09-02 11:14:20.458 24978 25317 D DpmFrameAnalyzer: analyze: frame received, format=35, size=640x480, rotation=90
09-02 11:14:20.481 24978 25317 D DpmFrameAnalyzer: analyze: bitmap converted, size=480x640, scanRoi=Rect(67, 147 - 412, 492)
09-02 11:14:20.481 24978 24978 D DpmAnalyzer: analyze: frame=480x640, roi=Rect(67, 147 - 412, 492), focus=FOCUSED, mode=SCAN
09-02 11:14:20.482 24978 24978 D DpmAnalyzer: analyze: starting performMultiStrategyDecode
09-02 11:14:20.482 24978 24978 D DpmAnalyzer: performMultiStrategyDecode: frame=480x640, roi=Rect(67, 147 - 412, 492), strategies=1
09-02 11:14:20.483 24978 24978 D DpmAnalyzer: Stage1: ROI 345x345 → scaled 345x345
09-02 11:14:20.500 24978 25317 D DpmFrameAnalyzer: analyze: frame received, format=35, size=640x480, rotation=90
09-02 11:14:20.524 24978 25317 D DpmFrameAnalyzer: analyze: bitmap converted, size=480x640, scanRoi=Rect(67, 147 - 412, 492)
09-02 11:14:20.524 24978 24978 D DpmAnalyzer: analyze: frame=480x640, roi=Rect(67, 147 - 412, 492), focus=FOCUSED, mode=SCAN
09-02 11:14:20.524 24978 24978 D DpmAnalyzer: analyze: THROTTLED (already running)
09-02 11:14:20.524 24978 24978 D DpmFrameAnalyzer: analyze: result status=THROTTLED, code=null, source=null
09-02 11:14:20.535 24978 24978 D DpmAnalyzer: Stage1: MISS
09-02 11:14:20.535 24978 24978 D DpmAnalyzer: scanRoi present, skipping full-image stages
09-02 11:14:20.535 24978 24978 D DpmAnalyzer: analyze: decodedCode=null
09-02 11:14:20.535 24978 24978 D DpmFrameAnalyzer: analyze: result status=NO_CODE, code=null, source=null
09-02 11:14:20.538 24978 25317 D DpmFrameAnalyzer: analyze: frame received, format=35, size=640x480, rotation=90
09-02 11:14:20.555 24978 25317 D DpmFrameAnalyzer: analyze: bitmap converted, size=480x640, scanRoi=Rect(67, 147 - 412, 492)
09-02 11:14:20.556 24978 24978 D DpmAnalyzer: analyze: frame=480x640, roi=Rect(67, 147 - 412, 492), focus=FOCUSED, mode=SCAN
09-02 11:14:20.556 24978 24978 D DpmAnalyzer: analyze: THROTTLED by timing gate
09-02 11:14:20.557 24978 24978 D DpmFrameAnalyzer: analyze: result status=THROTTLED, code=null, source=null
09-02 11:14:20.566 24978 25317 D DpmFrameAnalyzer: analyze: frame received, format=35, size=640x480, rotation=90
09-02 11:14:20.581 24978 25317 D DpmFrameAnalyzer: analyze: bitmap converted, size=480x640, scanRoi=Rect(67, 147 - 412, 492)
09-02 11:14:20.581 24978 24978 D DpmAnalyzer: analyze: frame=480x640, roi=Rect(67, 147 - 412, 492), focus=FOCUSED, mode=SCAN
09-02 11:14:20.582 24978 24978 D DpmAnalyzer: analyze: THROTTLED by timing gate
09-02 11:14:20.582 24978 24978 D DpmFrameAnalyzer: analyze: result status=THROTTLED, code=null, source=null
09-02 11:14:20.610 24978 25317 D DpmFrameAnalyzer: analyze: frame received, format=35, size=640x480, rotation=90
09-02 11:14:20.631 24978 25317 D DpmFrameAnalyzer: analyze: bitmap converted, size=480x640, scanRoi=Rect(67, 147 - 412, 492)
09-02 11:14:20.631 24978 24978 D DpmAnalyzer: analyze: frame=480x640, roi=Rect(67, 147 - 412, 492), focus=FOCUSED, mode=SCAN
09-02 11:14:20.631 24978 24978 D DpmAnalyzer: analyze: THROTTLED by timing gate
09-02 11:14:20.631 24978 24978 D DpmFrameAnalyzer: analyze: result status=THROTTLED, code=null, source=null
09-02 11:14:20.649 24978 25317 D DpmFrameAnalyzer: analyze: frame received, format=35, size=640x480, rotation=90
09-02 11:14:20.674 24978 25317 D DpmFrameAnalyzer: analyze: bitmap converted, size=480x640, scanRoi=Rect(67, 147 - 412, 492)
09-02 11:14:20.675 24978 24978 D DpmAnalyzer: analyze: frame=480x640, roi=Rect(67, 147 - 412, 492), focus=FOCUSED, mode=SCAN
09-02 11:14:20.675 24978 24978 D DpmAnalyzer: analyze: THROTTLED by timing gate
09-02 11:14:20.675 24978 24978 D DpmFrameAnalyzer: analyze: result status=THROTTLED, code=null, source=null
09-02 11:14:20.693 24978 25317 D DpmFrameAnalyzer: analyze: frame received, format=35, size=640x480, rotation=90
09-02 11:14:20.718 24978 25317 D DpmFrameAnalyzer: analyze: bitmap converted, size=480x640, scanRoi=Rect(67, 147 - 412, 492)
09-02 11:14:20.719 24978 24978 D DpmAnalyzer: analyze: frame=480x640, roi=Rect(67, 147 - 412, 492), focus=FOCUSED, mode=SCAN
09-02 11:14:20.719 24978 24978 D DpmAnalyzer: analyze: THROTTLED by timing gate
09-02 11:14:20.719 24978 24978 D DpmFrameAnalyzer: analyze: result status=THROTTLED, code=null, source=null
09-02 11:14:20.728 24978 25317 D DpmFrameAnalyzer: analyze: frame received, format=35, size=640x480, rotation=90
09-02 11:14:20.749 24978 25317 D DpmFrameAnalyzer: analyze: bitmap converted, size=480x640, scanRoi=Rect(67, 147 - 412, 492)
09-02 11:14:20.750 24978 24978 D DpmAnalyzer: analyze: frame=480x640, roi=Rect(67, 147 - 412, 492), focus=FOCUSED, mode=SCAN
09-02 11:14:20.750 24978 24978 D DpmAnalyzer: analyze: starting performMultiStrategyDecode
09-02 11:14:20.750 24978 24978 D DpmAnalyzer: performMultiStrategyDecode: frame=480x640, roi=Rect(67, 147 - 412, 492), strategies=1
09-02 11:14:20.756 24978 24978 D DpmAnalyzer: Stage1: ROI 345x345 → scaled 345x345
09-02 11:14:20.787 24978 25317 D DpmFrameAnalyzer: analyze: frame received, format=35, size=640x480, rotation=90
09-02 11:14:20.815 24978 25317 D DpmFrameAnalyzer: analyze: bitmap converted, size=480x640, scanRoi=Rect(67, 147 - 412, 492)
09-02 11:14:20.816 24978 24978 D DpmAnalyzer: analyze: frame=480x640, roi=Rect(67, 147 - 412, 492), focus=FOCUSED, mode=SCAN
09-02 11:14:20.816 24978 24978 D DpmAnalyzer: analyze: THROTTLED (already running)
09-02 11:14:20.816 24978 24978 D DpmFrameAnalyzer: analyze: result status=THROTTLED, code=null, source=null
09-02 11:14:20.816 24978 25317 D DpmFrameAnalyzer: analyze: frame received, format=35, size=640x480, rotation=90
09-02 11:14:20.829 24978 24978 D DpmAnalyzer: Stage1: MISS
09-02 11:14:20.829 24978 24978 D DpmAnalyzer: scanRoi present, skipping full-image stages
09-02 11:14:20.829 24978 24978 D DpmAnalyzer: analyze: decodedCode=null
09-02 11:14:20.829 24978 24978 D DpmFrameAnalyzer: analyze: result status=NO_CODE, code=null, source=null
09-02 11:14:20.836 24978 25317 D DpmFrameAnalyzer: analyze: bitmap converted, size=480x640, scanRoi=Rect(67, 147 - 412, 492)
09-02 11:14:20.836 24978 24978 D DpmAnalyzer: analyze: frame=480x640, roi=Rect(67, 147 - 412, 492), focus=FOCUSED, mode=SCAN
09-02 11:14:20.836 24978 24978 D DpmAnalyzer: analyze: THROTTLED by timing gate
09-02 11:14:20.836 24978 24978 D DpmFrameAnalyzer: analyze: result status=THROTTLED, code=null, source=null
09-02 11:14:20.845 24978 25317 D DpmFrameAnalyzer: analyze: frame received, format=35, size=640x480, rotation=90
09-02 11:14:20.860 24978 25317 D DpmFrameAnalyzer: analyze: bitmap converted, size=480x640, scanRoi=Rect(67, 147 - 412, 492)
09-02 11:14:20.860 24978 24978 D DpmAnalyzer: analyze: frame=480x640, roi=Rect(67, 147 - 412, 492), focus=FOCUSED, mode=SCAN
09-02 11:14:20.860 24978 24978 D DpmAnalyzer: analyze: THROTTLED by timing gate
09-02 11:14:20.860 24978 24978 D DpmFrameAnalyzer: analyze: result status=THROTTLED, code=null, source=null
09-02 11:14:20.881 24978 25317 D DpmFrameAnalyzer: analyze: frame received, format=35, size=640x480, rotation=90
09-02 11:14:20.900 24978 25317 D DpmFrameAnalyzer: analyze: bitmap converted, size=480x640, scanRoi=Rect(67, 147 - 412, 492)
09-02 11:14:20.900 24978 24978 D DpmAnalyzer: analyze: frame=480x640, roi=Rect(67, 147 - 412, 492), focus=FOCUSED, mode=SCAN
09-02 11:14:20.900 24978 24978 D DpmAnalyzer: analyze: THROTTLED by timing gate
09-02 11:14:20.900 24978 24978 D DpmFrameAnalyzer: analyze: result status=THROTTLED, code=null, source=null
09-02 11:14:20.927 24978 25317 D DpmFrameAnalyzer: analyze: frame received, format=35, size=640x480, rotation=90
09-02 11:14:20.946 24978 25317 D DpmFrameAnalyzer: analyze: bitmap converted, size=480x640, scanRoi=Rect(67, 147 - 412, 492)
09-02 11:14:20.946 24978 24978 D DpmAnalyzer: analyze: frame=480x640, roi=Rect(67, 147 - 412, 492), focus=FOCUSED, mode=SCAN
09-02 11:14:20.946 24978 24978 D DpmAnalyzer: analyze: THROTTLED by timing gate
09-02 11:14:20.946 24978 24978 D DpmFrameAnalyzer: analyze: result status=THROTTLED, code=null, source=null
09-02 11:14:20.962 24978 25317 D DpmFrameAnalyzer: analyze: frame received, format=35, size=640x480, rotation=90
09-02 11:14:20.984 24978 25317 D DpmFrameAnalyzer: analyze: bitmap converted, size=480x640, scanRoi=Rect(67, 147 - 412, 492)
09-02 11:14:20.985 24978 24978 D DpmAnalyzer: analyze: frame=480x640, roi=Rect(67, 147 - 412, 492), focus=FOCUSED, mode=SCAN
09-02 11:14:20.986 24978 24978 D DpmAnalyzer: analyze: THROTTLED by timing gate
09-02 11:14:20.986 24978 24978 D DpmFrameAnalyzer: analyze: result status=THROTTLED, code=null, source=null
09-02 11:14:21.005 24978 25317 D DpmFrameAnalyzer: analyze: frame received, format=35, size=640x480, rotation=90
09-02 11:14:21.027 24978 25317 D DpmFrameAnalyzer: analyze: bitmap converted, size=480x640, scanRoi=Rect(67, 147 - 412, 492)
09-02 11:14:21.027 24978 24978 D DpmAnalyzer: analyze: frame=480x640, roi=Rect(67, 147 - 412, 492), focus=FOCUSED, mode=SCAN
09-02 11:14:21.027 24978 24978 D DpmAnalyzer: analyze: THROTTLED by timing gate
09-02 11:14:21.027 24978 24978 D DpmFrameAnalyzer: analyze: result status=THROTTLED, code=null, source=null
09-02 11:14:21.044 24978 25317 D DpmFrameAnalyzer: analyze: frame received, format=35, size=640x480, rotation=90
09-02 11:14:21.070 24978 25317 D DpmFrameAnalyzer: analyze: bitmap converted, size=480x640, scanRoi=Rect(67, 147 - 412, 492)
09-02 11:14:21.070 24978 24978 D DpmAnalyzer: analyze: frame=480x640, roi=Rect(67, 147 - 412, 492), focus=FOCUSED, mode=SCAN
09-02 11:14:21.070 24978 24978 D DpmAnalyzer: analyze: starting performMultiStrategyDecode
09-02 11:14:21.070 24978 24978 D DpmAnalyzer: performMultiStrategyDecode: frame=480x640, roi=Rect(67, 147 - 412, 492), strategies=1
09-02 11:14:21.076 24978 24978 D DpmAnalyzer: Stage1: ROI 345x345 → scaled 345x345
09-02 11:14:21.082 24978 25317 D DpmFrameAnalyzer: analyze: frame received, format=35, size=640x480, rotation=90
09-02 11:14:21.112 24978 25317 D DpmFrameAnalyzer: analyze: bitmap converted, size=480x640, scanRoi=Rect(67, 147 - 412, 492)
09-02 11:14:21.112 24978 24978 D DpmAnalyzer: analyze: frame=480x640, roi=Rect(67, 147 - 412, 492), focus=FOCUSED, mode=SCAN
09-02 11:14:21.112 24978 24978 D DpmAnalyzer: analyze: THROTTLED (already running)
09-02 11:14:21.112 24978 24978 D DpmFrameAnalyzer: analyze: result status=THROTTLED, code=null, source=null
09-02 11:14:21.124 24978 25317 D DpmFrameAnalyzer: analyze: frame received, format=35, size=640x480, rotation=90
09-02 11:14:21.126 24978 24978 D DpmAnalyzer: Stage1: MISS
09-02 11:14:21.126 24978 24978 D DpmAnalyzer: scanRoi present, skipping full-image stages
09-02 11:14:21.126 24978 24978 D DpmAnalyzer: analyze: decodedCode=null
09-02 11:14:21.126 24978 24978 D DpmFrameAnalyzer: analyze: result status=NO_CODE, code=null, source=null
09-02 11:14:21.142 24978 25317 D DpmFrameAnalyzer: analyze: bitmap converted, size=480x640, scanRoi=Rect(67, 147 - 412, 492)
09-02 11:14:21.142 24978 24978 D DpmAnalyzer: analyze: frame=480x640, roi=Rect(67, 147 - 412, 492), focus=FOCUSED, mode=SCAN
09-02 11:14:21.142 24978 24978 D DpmAnalyzer: analyze: THROTTLED by timing gate
09-02 11:14:21.142 24978 24978 D DpmFrameAnalyzer: analyze: result status=THROTTLED, code=null, source=null
09-02 11:14:21.159 24978 25317 D DpmFrameAnalyzer: analyze: frame received, format=35, size=640x480, rotation=90
09-02 11:14:21.180 24978 25317 D DpmFrameAnalyzer: analyze: bitmap converted, size=480x640, scanRoi=Rect(67, 147 - 412, 492)
09-02 11:14:21.181 24978 24978 D DpmAnalyzer: analyze: frame=480x640, roi=Rect(67, 147 - 412, 492), focus=FOCUSED, mode=SCAN
09-02 11:14:21.181 24978 24978 D DpmAnalyzer: analyze: THROTTLED by timing gate
09-02 11:14:21.181 24978 24978 D DpmFrameAnalyzer: analyze: result status=THROTTLED, code=null, source=null
09-02 11:14:21.199 24978 25317 D DpmFrameAnalyzer: analyze: frame received, format=35, size=640x480, rotation=90
09-02 11:14:21.220 24978 25317 D DpmFrameAnalyzer: analyze: bitmap converted, size=480x640, scanRoi=Rect(67, 147 - 412, 492)
09-02 11:14:21.221 24978 24978 D DpmAnalyzer: analyze: frame=480x640, roi=Rect(67, 147 - 412, 492), focus=FOCUSED, mode=SCAN
09-02 11:14:21.221 24978 24978 D DpmAnalyzer: analyze: THROTTLED by timing gate
09-02 11:14:21.221 24978 24978 D DpmFrameAnalyzer: analyze: result status=THROTTLED, code=null, source=null
09-02 11:14:21.244 24978 25317 D DpmFrameAnalyzer: analyze: frame received, format=35, size=640x480, rotation=90
09-02 11:14:21.264 24978 25317 D DpmFrameAnalyzer: analyze: bitmap converted, size=480x640, scanRoi=Rect(67, 147 - 412, 492)
09-02 11:14:21.264 24978 24978 D DpmAnalyzer: analyze: frame=480x640, roi=Rect(67, 147 - 412, 492), focus=FOCUSED, mode=SCAN
09-02 11:14:21.264 24978 24978 D DpmAnalyzer: analyze: THROTTLED by timing gate
09-02 11:14:21.264 24978 24978 D DpmFrameAnalyzer: analyze: result status=THROTTLED, code=null, source=null
09-02 11:14:21.278 24978 25317 D DpmFrameAnalyzer: analyze: frame received, format=35, size=640x480, rotation=90
09-02 11:14:21.301 24978 25317 D DpmFrameAnalyzer: analyze: bitmap converted, size=480x640, scanRoi=Rect(67, 147 - 412, 492)
09-02 11:14:21.302 24978 24978 D DpmAnalyzer: analyze: frame=480x640, roi=Rect(67, 147 - 412, 492), focus=FOCUSED, mode=SCAN
09-02 11:14:21.302 24978 24978 D DpmAnalyzer: analyze: THROTTLED by timing gate
09-02 11:14:21.302 24978 24978 D DpmFrameAnalyzer: analyze: result status=THROTTLED, code=null, source=null
09-02 11:14:21.313 24978 25317 D DpmFrameAnalyzer: analyze: frame received, format=35, size=640x480, rotation=90
09-02 11:14:21.334 24978 25317 D DpmFrameAnalyzer: analyze: bitmap converted, size=480x640, scanRoi=Rect(67, 147 - 412, 492)
09-02 11:14:21.336 24978 24978 D DpmAnalyzer: analyze: frame=480x640, roi=Rect(67, 147 - 412, 492), focus=FOCUSED, mode=SCAN
09-02 11:14:21.336 24978 24978 D DpmAnalyzer: analyze: starting performMultiStrategyDecode
09-02 11:14:21.336 24978 24978 D DpmAnalyzer: performMultiStrategyDecode: frame=480x640, roi=Rect(67, 147 - 412, 492), strategies=1
09-02 11:14:21.342 24978 24978 D DpmAnalyzer: Stage1: ROI 345x345 → scaled 345x345
09-02 11:14:21.356 24978 25317 D DpmFrameAnalyzer: analyze: frame received, format=35, size=640x480, rotation=90
09-02 11:14:21.379 24978 25317 D DpmFrameAnalyzer: analyze: bitmap converted, size=480x640, scanRoi=Rect(67, 147 - 412, 492)
09-02 11:14:21.379 24978 24978 D DpmAnalyzer: analyze: frame=480x640, roi=Rect(67, 147 - 412, 492), focus=FOCUSED, mode=SCAN
09-02 11:14:21.379 24978 24978 D DpmAnalyzer: analyze: THROTTLED (already running)
09-02 11:14:21.379 24978 24978 D DpmFrameAnalyzer: analyze: result status=THROTTLED, code=null, source=null
09-02 11:14:21.394 24978 25317 D DpmFrameAnalyzer: analyze: frame received, format=35, size=640x480, rotation=90
09-02 11:14:21.402 24978 24978 D DpmAnalyzer: Stage1: MISS
09-02 11:14:21.402 24978 24978 D DpmAnalyzer: scanRoi present, skipping full-image stages
09-02 11:14:21.402 24978 24978 D DpmAnalyzer: analyze: decodedCode=null
09-02 11:14:21.402 24978 24978 D DpmFrameAnalyzer: analyze: result status=NO_CODE, code=null, source=null
09-02 11:14:21.413 24978 25317 D DpmFrameAnalyzer: analyze: bitmap converted, size=480x640, scanRoi=Rect(67, 147 - 412, 492)
09-02 11:14:21.414 24978 24978 D DpmAnalyzer: analyze: frame=480x640, roi=Rect(67, 147 - 412, 492), focus=FOCUSED, mode=SCAN
09-02 11:14:21.414 24978 24978 D DpmAnalyzer: analyze: THROTTLED by timing gate
09-02 11:14:21.414 24978 24978 D DpmFrameAnalyzer: analyze: result status=THROTTLED, code=null, source=null
09-02 11:14:21.429 24978 25317 D DpmFrameAnalyzer: analyze: frame received, format=35, size=640x480, rotation=90
09-02 11:14:21.451 24978 25317 D DpmFrameAnalyzer: analyze: bitmap converted, size=480x640, scanRoi=Rect(67, 147 - 412, 492)
09-02 11:14:21.452 24978 24978 D DpmAnalyzer: analyze: frame=480x640, roi=Rect(67, 147 - 412, 492), focus=FOCUSED, mode=SCAN
09-02 11:14:21.452 24978 24978 D DpmAnalyzer: analyze: THROTTLED by timing gate
09-02 11:14:21.452 24978 24978 D DpmFrameAnalyzer: analyze: result status=THROTTLED, code=null, source=null
09-02 11:14:21.477 24978 25317 D DpmFrameAnalyzer: analyze: frame received, format=35, size=640x480, rotation=90
09-02 11:14:21.497 24978 25317 D DpmFrameAnalyzer: analyze: bitmap converted, size=480x640, scanRoi=Rect(67, 147 - 412, 492)
09-02 11:14:21.497 24978 24978 D DpmAnalyzer: analyze: frame=480x640, roi=Rect(67, 147 - 412, 492), focus=FOCUSED, mode=SCAN
09-02 11:14:21.497 24978 24978 D DpmAnalyzer: analyze: THROTTLED by timing gate
09-02 11:14:21.497 24978 24978 D DpmFrameAnalyzer: analyze: result status=THROTTLED, code=null, source=null
09-02 11:14:21.509 24978 25317 D DpmFrameAnalyzer: analyze: frame received, format=35, size=640x480, rotation=90
09-02 11:14:21.526 24978 25317 D DpmFrameAnalyzer: analyze: bitmap converted, size=480x640, scanRoi=Rect(67, 147 - 412, 492)
09-02 11:14:21.527 24978 24978 D DpmAnalyzer: analyze: frame=480x640, roi=Rect(67, 147 - 412, 492), focus=FOCUSED, mode=SCAN
09-02 11:14:21.527 24978 24978 D DpmAnalyzer: analyze: THROTTLED by timing gate
09-02 11:14:21.527 24978 24978 D DpmFrameAnalyzer: analyze: result status=THROTTLED, code=null, source=null
09-02 11:14:21.554 24978 25317 D DpmFrameAnalyzer: analyze: frame received, format=35, size=640x480, rotation=90
09-02 11:14:21.576 24978 25317 D DpmFrameAnalyzer: analyze: bitmap converted, size=480x640, scanRoi=Rect(67, 147 - 412, 492)
09-02 11:14:21.576 24978 24978 D DpmAnalyzer: analyze: frame=480x640, roi=Rect(67, 147 - 412, 492), focus=FOCUSED, mode=SCAN
09-02 11:14:21.576 24978 24978 D DpmAnalyzer: analyze: THROTTLED by timing gate
09-02 11:14:21.576 24978 24978 D DpmFrameAnalyzer: analyze: result status=THROTTLED, code=null, source=null
09-02 11:14:21.595 24978 25317 D DpmFrameAnalyzer: analyze: frame received, format=35, size=640x480, rotation=90
09-02 11:14:21.615 24978 25317 D DpmFrameAnalyzer: analyze: bitmap converted, size=480x640, scanRoi=Rect(67, 147 - 412, 492)
09-02 11:14:21.615 24978 24978 D DpmAnalyzer: analyze: frame=480x640, roi=Rect(67, 147 - 412, 492), focus=FOCUSED, mode=SCAN
09-02 11:14:21.615 24978 24978 D DpmAnalyzer: analyze: starting performMultiStrategyDecode
09-02 11:14:21.615 24978 24978 D DpmAnalyzer: performMultiStrategyDecode: frame=480x640, roi=Rect(67, 147 - 412, 492), strategies=1
09-02 11:14:21.621 24978 24978 D DpmAnalyzer: Stage1: ROI 345x345 → scaled 345x345
09-02 11:14:21.651 24978 25317 D DpmFrameAnalyzer: analyze: frame received, format=35, size=640x480, rotation=90
09-02 11:14:21.675 24978 25317 D DpmFrameAnalyzer: analyze: bitmap converted, size=480x640, scanRoi=Rect(67, 147 - 412, 492)
09-02 11:14:21.675 24978 24978 D DpmAnalyzer: analyze: frame=480x640, roi=Rect(67, 147 - 412, 492), focus=FOCUSED, mode=SCAN
09-02 11:14:21.675 24978 24978 D DpmAnalyzer: analyze: THROTTLED (already running)
09-02 11:14:21.675 24978 24978 D DpmFrameAnalyzer: analyze: result status=THROTTLED, code=null, source=null
09-02 11:14:21.676 24978 25317 D DpmFrameAnalyzer: analyze: frame received, format=35, size=640x480, rotation=90
09-02 11:14:21.693 24978 25317 D DpmFrameAnalyzer: analyze: bitmap converted, size=480x640, scanRoi=Rect(67, 147 - 412, 492)
09-02 11:14:21.694 24978 24978 D DpmAnalyzer: analyze: frame=480x640, roi=Rect(67, 147 - 412, 492), focus=FOCUSED, mode=SCAN
09-02 11:14:21.694 24978 24978 D DpmAnalyzer: analyze: THROTTLED (already running)
09-02 11:14:21.694 24978 24978 D DpmFrameAnalyzer: analyze: result status=THROTTLED, code=null, source=null
09-02 11:14:21.700 24978 24978 D DpmAnalyzer: Stage1: MISS
09-02 11:14:21.700 24978 24978 D DpmAnalyzer: scanRoi present, skipping full-image stages
09-02 11:14:21.700 24978 24978 D DpmAnalyzer: analyze: decodedCode=null
09-02 11:14:21.700 24978 24978 D DpmFrameAnalyzer: analyze: result status=NO_CODE, code=null, source=null
09-02 11:14:21.710 24978 25317 D DpmFrameAnalyzer: analyze: frame received, format=35, size=640x480, rotation=90
09-02 11:14:21.727 24978 25317 D DpmFrameAnalyzer: analyze: bitmap converted, size=480x640, scanRoi=Rect(67, 147 - 412, 492)
09-02 11:14:21.728 24978 24978 D DpmAnalyzer: analyze: frame=480x640, roi=Rect(67, 147 - 412, 492), focus=FOCUSED, mode=SCAN
09-02 11:14:21.728 24978 24978 D DpmAnalyzer: analyze: THROTTLED by timing gate
09-02 11:14:21.728 24978 24978 D DpmFrameAnalyzer: analyze: result status=THROTTLED, code=null, source=null
09-02 11:14:21.743 24978 25317 D DpmFrameAnalyzer: analyze: frame received, format=35, size=640x480, rotation=90
09-02 11:14:21.761 24978 25317 D DpmFrameAnalyzer: analyze: bitmap converted, size=480x640, scanRoi=Rect(67, 147 - 412, 492)
09-02 11:14:21.762 24978 24978 D DpmAnalyzer: analyze: frame=480x640, roi=Rect(67, 147 - 412, 492), focus=FOCUSED, mode=SCAN
09-02 11:14:21.762 24978 24978 D DpmAnalyzer: analyze: THROTTLED by timing gate
09-02 11:14:21.762 24978 24978 D DpmFrameAnalyzer: analyze: result status=THROTTLED, code=null, source=null
09-02 11:14:21.787 24978 25317 D DpmFrameAnalyzer: analyze: frame received, format=35, size=640x480, rotation=90
09-02 11:14:21.810 24978 25317 D DpmFrameAnalyzer: analyze: bitmap converted, size=480x640, scanRoi=Rect(67, 147 - 412, 492)
09-02 11:14:21.811 24978 24978 D DpmAnalyzer: analyze: frame=480x640, roi=Rect(67, 147 - 412, 492), focus=FOCUSED, mode=SCAN
09-02 11:14:21.811 24978 24978 D DpmAnalyzer: analyze: THROTTLED by timing gate
09-02 11:14:21.811 24978 24978 D DpmFrameAnalyzer: analyze: result status=THROTTLED, code=null, source=null
09-02 11:14:21.831 24978 25317 D DpmFrameAnalyzer: analyze: frame received, format=35, size=640x480, rotation=90
09-02 11:14:21.862 24978 25317 D DpmFrameAnalyzer: analyze: bitmap converted, size=480x640, scanRoi=Rect(67, 147 - 412, 492)
09-02 11:14:21.863 24978 24978 D DpmAnalyzer: analyze: frame=480x640, roi=Rect(67, 147 - 412, 492), focus=FOCUSED, mode=SCAN
09-02 11:14:21.863 24978 24978 D DpmAnalyzer: analyze: THROTTLED by timing gate
09-02 11:14:21.863 24978 24978 D DpmFrameAnalyzer: analyze: result status=THROTTLED, code=null, source=null
09-02 11:14:21.863 24978 25317 D DpmFrameAnalyzer: analyze: frame received, format=35, size=640x480, rotation=90
09-02 11:14:21.886 24978 25317 D DpmFrameAnalyzer: analyze: bitmap converted, size=480x640, scanRoi=Rect(67, 147 - 412, 492)
09-02 11:14:21.886 24978 24978 D DpmAnalyzer: analyze: frame=480x640, roi=Rect(67, 147 - 412, 492), focus=FOCUSED, mode=SCAN
09-02 11:14:21.886 24978 24978 D DpmAnalyzer: analyze: THROTTLED by timing gate
09-02 11:14:21.886 24978 24978 D DpmFrameAnalyzer: analyze: result status=THROTTLED, code=null, source=null
09-02 11:14:21.905 24978 25317 D DpmFrameAnalyzer: analyze: frame received, format=35, size=640x480, rotation=90
09-02 11:14:21.927 24978 25317 D DpmFrameAnalyzer: analyze: bitmap converted, size=480x640, scanRoi=Rect(67, 147 - 412, 492)
09-02 11:14:21.927 24978 24978 D DpmAnalyzer: analyze: frame=480x640, roi=Rect(67, 147 - 412, 492), focus=FOCUSED, mode=SCAN
09-02 11:14:21.928 24978 24978 D DpmAnalyzer: analyze: starting performMultiStrategyDecode
09-02 11:14:21.928 24978 24978 D DpmAnalyzer: performMultiStrategyDecode: frame=480x640, roi=Rect(67, 147 - 412, 492), strategies=1
09-02 11:14:21.934 24978 24978 D DpmAnalyzer: Stage1: ROI 345x345 → scaled 345x345
09-02 11:14:21.966 24978 25317 D DpmFrameAnalyzer: analyze: frame received, format=35, size=640x480, rotation=90
09-02 11:14:21.988 24978 25317 D DpmFrameAnalyzer: analyze: bitmap converted, size=480x640, scanRoi=Rect(67, 147 - 412, 492)
09-02 11:14:21.988 24978 25317 D DpmFrameAnalyzer: analyze: frame received, format=35, size=640x480, rotation=90
09-02 11:14:21.989 24978 24978 D DpmAnalyzer: analyze: frame=480x640, roi=Rect(67, 147 - 412, 492), focus=FOCUSED, mode=SCAN
09-02 11:14:21.989 24978 24978 D DpmAnalyzer: analyze: THROTTLED (already running)
09-02 11:14:21.989 24978 24978 D DpmFrameAnalyzer: analyze: result status=THROTTLED, code=null, source=null
09-02 11:14:22.007 24978 24978 D DpmAnalyzer: Stage1: MISS
09-02 11:14:22.007 24978 24978 D DpmAnalyzer: scanRoi present, skipping full-image stages
09-02 11:14:22.007 24978 24978 D DpmAnalyzer: analyze: decodedCode=null
09-02 11:14:22.007 24978 24978 D DpmFrameAnalyzer: analyze: result status=NO_CODE, code=null, source=null
09-02 11:14:22.007 24978 25317 D DpmFrameAnalyzer: analyze: bitmap converted, size=480x640, scanRoi=Rect(67, 147 - 412, 492)
09-02 11:14:22.008 24978 24978 D DpmAnalyzer: analyze: frame=480x640, roi=Rect(67, 147 - 412, 492), focus=FOCUSED, mode=SCAN
09-02 11:14:22.008 24978 24978 D DpmAnalyzer: analyze: THROTTLED by timing gate
09-02 11:14:22.008 24978 24978 D DpmFrameAnalyzer: analyze: result status=THROTTLED, code=null, source=null
09-02 11:14:22.026 24978 25317 D DpmFrameAnalyzer: analyze: frame received, format=35, size=640x480, rotation=90
09-02 11:14:22.042 24978 25317 D DpmFrameAnalyzer: analyze: bitmap converted, size=480x640, scanRoi=Rect(67, 147 - 412, 492)
09-02 11:14:22.043 24978 24978 D DpmAnalyzer: analyze: frame=480x640, roi=Rect(67, 147 - 412, 492), focus=FOCUSED, mode=SCAN
09-02 11:14:22.043 24978 24978 D DpmAnalyzer: analyze: THROTTLED by timing gate
09-02 11:14:22.043 24978 24978 D DpmFrameAnalyzer: analyze: result status=THROTTLED, code=null, source=null
09-02 11:14:22.060 24978 25317 D DpmFrameAnalyzer: analyze: frame received, format=35, size=640x480, rotation=90
09-02 11:14:22.082 24978 25317 D DpmFrameAnalyzer: analyze: bitmap converted, size=480x640, scanRoi=Rect(67, 147 - 412, 492)
09-02 11:14:22.082 24978 24978 D DpmAnalyzer: analyze: frame=480x640, roi=Rect(67, 147 - 412, 492), focus=FOCUSED, mode=SCAN
09-02 11:14:22.082 24978 24978 D DpmAnalyzer: analyze: THROTTLED by timing gate
09-02 11:14:22.082 24978 24978 D DpmFrameAnalyzer: analyze: result status=THROTTLED, code=null, source=null
