pair_id,pair_kind,source_file,query_file,source_category,query_category,transform_type,transform_intensity,transform_key,transform_params_json,known_homography_json,estimated_homography_json,transform_artifact,roi_count,roi_policy,template_keypoints,query_keypoints,good_match_count,inlier_count,inlier_ratio,spatial_coverage,median_reprojection_error_px,estimated_overlap_ratio,estimated_roi_valid_overlap_ratio,known_overlap_ratio,known_roi_valid_overlap_ratio,corner_error_mean_px,homography_method,registration_status,homography_estimated,quality_gates_pass,roi_gate_results_json,failure_reason,registration_time_ms,unaligned_roi_ssim_mean,unaligned_roi_ssim_min,estimated_roi_ssim_mean,estimated_roi_ssim_min,known_roi_ssim_mean,known_roi_ssim_min,unaligned_roi_gradient_ssim_mean,estimated_roi_gradient_ssim_mean,known_roi_gradient_ssim_mean,unaligned_valid_roi_ratio,estimated_valid_roi_ratio,known_valid_roi_ratio,feature_or_registration_failure_reason
synthetic-00-identity,synthetic_transform,nut_25.jpg,nut_25.jpg,nut,nut,identity,none,identity,"{""rotation_deg"":0.0,""scale"":1.0}","[[1.0,0.0,0.0],[0.0,1.0,0.0],[0.0,0.0,1.0]]","[[1.0,0.0,0.0],[0.0,1.0,0.0],[0.0,0.0,1.0]]",artifacts/masks/nut_25/identity.npz,1,paired_yolo_boxes,214,214,214,214,1.0,0.7498434682763935,0.0,1.0,1.0,1.0,1.0,0.0,USAC_MAGSAC,SUCCESS,True,True,"[{""roi_index"":0,""area_ratio"":0.04815216323869536,""failure"":null}]",,70.249,1.0,1.0,1.0,1.0,1.0,1.0,1.0,1.0,1.0,1.0,1.0,1.0,
synthetic-00-rotation_-30,synthetic_transform,nut_25.jpg,nut_25.jpg,nut,nut,rotation,30deg,rotation_-30,"{""angle_deg"":-30}","[[0.8660254037844387,-0.49999999999999994,201.92090889465624],[0.49999999999999994,0.8660254037844387,-116.57909110534371],[0.0,0.0,1.0]]","[[0.8635522467536059,-0.49992105642060325,202.26748154212723],[0.4985938913811875,0.8646397031930534,-116.02094242820333],[-1.2341455052358779e-06,-2.245097222555048e-06,1.0]]",artifacts/masks/nut_25/rotation_-30.npz,1,paired_yolo_boxes,214,176,151,149,0.9867549668874173,0.5405013058735146,0.3636924624443054,0.8456727036880534,1.0,0.8449897308399092,1.0,0.5486932992935181,USAC_MAGSAC,SUCCESS,True,True,"[{""roi_index"":0,""area_ratio"":0.04809381661941281,""failure"":null}]",,65.738,0.4166565239429474,0.4166565239429474,0.9811917543411255,0.9811917543411255,0.9820832014083862,0.9820832014083862,0.1206885576248169,0.9423556923866272,0.9461629390716553,1.0,1.0,1.0,
synthetic-00-rotation_-20,synthetic_transform,nut_25.jpg,nut_25.jpg,nut,nut,rotation,20deg,rotation_-20,"{""angle_deg"":-20}","[[0.9396926207859084,-0.3420201433256687,128.14131592891366],[0.3420201433256687,0.9396926207859084,-89.72551536953732],[0.0,0.0,1.0]]","[[0.9406385120584002,-0.3417841526970422,128.00454684154818],[0.34288211134466556,0.9410072633789741,-90.05356439041208],[2.2286607678686628e-07,2.951862005260785e-06,1.0]]",artifacts/masks/nut_25/rotation_-20.npz,1,paired_yolo_boxes,214,200,150,149,0.9933333333333333,0.5864694198084798,0.2631855309009552,0.8764408761706352,1.0,0.8764654435392734,1.0,0.4586718678474426,USAC_MAGSAC,SUCCESS,True,True,"[{""roi_index"":0,""area_ratio"":0.04814618531789584,""failure"":null}]",,64.282,0.4453686475753784,0.4453686475753784,0.9804657101631165,0.9804657101631165,0.9813812375068665,0.9813812375068665,0.12770259380340576,0.939766526222229,0.9441705942153931,1.0,1.0,1.0,
synthetic-00-rotation_-10,synthetic_transform,nut_25.jpg,nut_25.jpg,nut,nut,rotation,10deg,rotation_-10,"{""angle_deg"":-10}","[[0.984807753012208,-0.17364817766693033,60.14567525252906],[0.17364817766693033,0.984807753012208,-50.46821392130556],[0.0,0.0,1.0]]","[[0.9866369885737233,-0.17359375643855968,59.926096554175814],[0.17498021764079807,0.9858758075575861,-50.84056600539605],[2.7626532025450713e-06,5.156804145735357e-07,1.0]]",artifacts/masks/nut_25/rotation_-10.npz,1,paired_yolo_boxes,214,206,162,160,0.9876543209876543,0.7188671877820496,0.17360201478004456,0.9264182741914879,1.0,0.9265337408240878,1.0,0.36237892508506775,USAC_MAGSAC,SUCCESS,True,True,"[{""roi_index"":0,""area_ratio"":0.04814341638273805,""failure"":null}]",,64.083,0.5369493961334229,0.5369493961334229,0.9804611206054688,0.9804611206054688,0.980973482131958,0.980973482131958,0.17845076322555542,0.9388836622238159,0.9415099620819092,1.0,1.0,1.0,
synthetic-00-rotation_+10,synthetic_transform,nut_25.jpg,nut_25.jpg,nut,nut,rotation,10deg,rotation_+10,"{""angle_deg"":10}","[[0.984807753012208,0.17364817766693033,-50.46821392130556],[-0.17364817766693033,0.984807753012208,60.14567525252906],[0.0,0.0,1.0]]","[[0.9850816136284781,0.17343043448368953,-50.51743945255278],[-0.17312340900841736,0.9842933707008206,60.04642598955748],[1.0809921469406345e-06,-1.4663360030497163e-06,1.0]]",artifacts/masks/nut_25/rotation_+10.npz,1,paired_yolo_boxes,214,214,173,171,0.9884393063583815,0.7888858081248117,0.15841946005821228,0.9263273749275263,1.0,0.9265337408240878,1.0,0.22727419435977936,USAC_MAGSAC,SUCCESS,True,True,"[{""roi_index"":0,""area_ratio"":0.04815275712190434,""failure"":null}]",,63.84,0.5232510566711426,0.5232510566711426,0.9807493686676025,0.9807493686676025,0.9811422228813171,0.9811422228813171,0.17699846625328064,0.9404261708259583,0.9418765306472778,1.0,1.0,1.0,
synthetic-00-rotation_+20,synthetic_transform,nut_25.jpg,nut_25.jpg,nut,nut,rotation,20deg,rotation_+20,"{""angle_deg"":20}","[[0.9396926207859084,0.3420201433256687,-89.72551536953732],[-0.3420201433256687,0.9396926207859084,128.14131592891366],[0.0,0.0,1.0]]","[[0.9389146320448175,0.3408544230320527,-89.41935519156185],[-0.3406490575778752,0.9374700721287634,128.07051650586487],[1.8310963112449566e-06,-4.431244219577415e-06,1.0]]",artifacts/masks/nut_25/rotation_+20.npz,1,paired_yolo_boxes,214,211,162,159,0.9814814814814815,0.6909522968542277,0.25689566135406494,0.8764752704867287,1.0,0.8764654435392734,1.0,0.6097121834754944,USAC_MAGSAC,SUCCESS,True,True,"[{""roi_index"":0,""area_ratio"":0.04810724404163518,""failure"":null}]",,60.727,0.4206216037273407,0.4206216037273407,0.9805217385292053,0.9805217385292053,0.981559157371521,0.981559157371521,0.12297994643449783,0.9403669834136963,0.9446272253990173,1.0,1.0,1.0,
synthetic-00-rotation_+30,synthetic_transform,nut_25.jpg,nut_25.jpg,nut,nut,rotation,30deg,rotation_+30,"{""angle_deg"":30}","[[0.8660254037844387,0.49999999999999994,-116.57909110534371],[-0.49999999999999994,0.8660254037844387,201.92090889465624],[0.0,0.0,1.0]]","[[0.8655235773490477,0.498384156260465,-116.29395319748349],[-0.49713862748521026,0.8620005697485119,201.82595818367062],[4.184188900217115e-06,-7.942427977154461e-06,1.0]]",artifacts/masks/nut_25/rotation_+30.npz,1,paired_yolo_boxes,214,195,161,159,0.9875776397515528,0.5905934229492432,0.3940204977989197,0.8449651634712709,1.0,0.8449897308399092,1.0,1.1548833847045898,USAC_MAGSAC,SUCCESS,True,True,"[{""roi_index"":0,""area_ratio"":0.04808165755054163,""failure"":null}]",,62.678,0.3846461772918701,0.3846461772918701,0.980726957321167,0.980726957321167,0.9820998907089233,0.9820998907089233,0.11075056344270706,0.9404537677764893,0.9454824328422546,1.0,1.0,1.0,
synthetic-00-shear_x_-0.12,synthetic_transform,nut_25.jpg,nut_25.jpg,nut,nut,shear_x,12pct,shear_x_-0.12,"{""shear_x"":-0.12}","[[1.0,-0.12,38.22],[0.0,1.0,0.0],[0.0,0.0,1.0]]","[[1.000568111361533,-0.1199721459939185,38.13330123649846],[0.000814734061203468,0.9993914233953656,-0.10218643473990978],[2.5341295817587514e-06,-2.782145404948909e-06,1.0]]",artifacts/masks/nut_25/shear_x_-0.12.npz,1,paired_yolo_boxes,214,206,173,172,0.9942196531791907,0.8084244191237837,0.2584593892097473,0.9698165308910093,1.0,0.9699835889977496,1.0,0.527776300907135,USAC_MAGSAC,SUCCESS,True,True,"[{""roi_index"":0,""area_ratio"":0.04814943228355211,""failure"":null}]",,67.1,0.7025343775749207,0.7025343775749207,0.9915798902511597,0.9915798902511597,0.992879331111908,0.992879331111908,0.3423125445842743,0.9740957021713257,0.9789166450500488,1.0,1.0,1.0,
synthetic-00-shear_x_+0.12,synthetic_transform,nut_25.jpg,nut_25.jpg,nut,nut,shear_x,12pct,shear_x_+0.12,"{""shear_x"":0.12}","[[1.0,0.12,-38.22],[0.0,1.0,0.0],[0.0,0.0,1.0]]","[[0.9996967472205346,0.11982736371183408,-38.07818837356487],[-0.00014035907127796986,1.0001248528005977,-0.0872612474399832],[-9.013349249315395e-07,2.424013357101579e-07,1.0]]",artifacts/masks/nut_25/shear_x_+0.12.npz,1,paired_yolo_boxes,214,219,186,183,0.9838709677419355,0.7899078059896162,0.2245505005121231,0.9697526557325498,1.0,0.9699835889977496,1.0,0.20677663385868073,USAC_MAGSAC,SUCCESS,True,True,"[{""roi_index"":0,""area_ratio"":0.04817475985239755,""failure"":null}]",,69.545,0.6984738707542419,0.6984738707542419,0.991921603679657,0.991921603679657,0.9929170608520508,0.9929170608520508,0.34515058994293213,0.9751985669136047,0.9791548848152161,1.0,1.0,1.0,
synthetic-00-shear_y_-0.12,synthetic_transform,nut_25.jpg,nut_25.jpg,nut,nut,shear_y,12pct,shear_y_-0.12,"{""shear_y"":-0.12}","[[1.0,0.0,0.0],[-0.12,1.0,38.22],[0.0,0.0,1.0]]","[[1.0002275534414353,0.00018393239728158143,-0.1641610775663902],[-0.1198225212394029,0.9992069690280581,38.306808521635986],[1.1803132426957354e-06,-1.9600128510356203e-06,1.0]]",artifacts/masks/nut_25/shear_y_-0.12.npz,1,paired_yolo_boxes,214,202,179,178,0.994413407821229,0.8318517461470092,0.27206355333328247,0.9698214443647369,1.0,0.9699762187871581,1.0,0.39395222067832947,USAC_MAGSAC,SUCCESS,True,True,"[{""roi_index"":0,""area_ratio"":0.04815744098308532,""failure"":null}]",,64.205,0.6137250065803528,0.6137250065803528,0.9890236854553223,0.9890236854553223,0.9896705150604248,0.9896705150604248,0.26015034317970276,0.966529905796051,0.9689416885375977,1.0,1.0,1.0,
synthetic-00-shear_y_+0.12,synthetic_transform,nut_25.jpg,nut_25.jpg,nut,nut,shear_y,12pct,shear_y_+0.12,"{""shear_y"":0.12}","[[1.0,0.0,0.0],[0.12,1.0,-38.22],[0.0,0.0,1.0]]","[[1.0016292986443402,0.00025312524811752207,-0.148601474904727],[0.12112229765831278,1.001383941896661,-38.6395540452917],[2.1566876863250544e-06,1.3683258496522911e-06,1.0]]",artifacts/masks/nut_25/shear_y_+0.12.npz,1,paired_yolo_boxes,214,209,177,176,0.9943502824858758,0.7092643015813713,0.24665215611457825,0.9700081563663879,1.0,0.9699885024714773,1.0,0.31432342529296875,USAC_MAGSAC,SUCCESS,True,True,"[{""roi_index"":0,""area_ratio"":0.04813895969002579,""failure"":null}]",,67.011,0.6147423386573792,0.6147423386573792,0.9880084991455078,0.9880084991455078,0.9897233247756958,0.9897233247756958,0.2583305835723877,0.9624545574188232,0.9690196514129639,1.0,1.0,1.0,
synthetic-00-scale_0.85,synthetic_transform,nut_25.jpg,nut_25.jpg,nut,nut,scale,0.85x,scale_0.85,"{""scale"":0.85}","[[0.85,0.0,47.775000000000006],[0.0,0.85,47.775000000000006],[0.0,0.0,1.0]]","[[0.852818582686019,0.001238573468936933,47.24116054464616],[0.0013699860582191373,0.852339021061812,47.01228448335223],[4.5711756736807965e-06,9.459581241685709e-07,1.0]]",artifacts/masks/nut_25/scale_0.85.npz,1,paired_yolo_boxes,214,219,122,121,0.9918032786885246,0.8212056515753073,0.634850263595581,0.9982458898792268,1.0,1.0,1.0,0.5724165439605713,USAC_MAGSAC,SUCCESS,True,True,"[{""roi_index"":0,""area_ratio"":0.03480611051311075,""failure"":null}]",,76.052,0.4050178527832031,0.4050178527832031,0.9670610427856445,0.9670610427856445,0.974217414855957,0.974217414855957,0.08563027530908585,0.8890200257301331,0.9169619679450989,1.0,1.0,1.0,
synthetic-00-scale_1.15,synthetic_transform,nut_25.jpg,nut_25.jpg,nut,nut,scale,1.15x,scale_1.15,"{""scale"":1.15}","[[1.15,0.0,-47.77499999999997],[0.0,1.15,-47.77499999999997],[0.0,0.0,1.0]]","[[1.1510847146652166,0.0014840902933060244,-48.555810546514444],[-0.00035429918540657874,1.151103176338439,-47.72677985914241],[-1.9057850053373156e-06,3.4161036080456404e-06,1.0]]",artifacts/masks/nut_25/scale_1.15.npz,1,paired_yolo_boxes,214,185,112,110,0.9821428571428571,0.8857210598689634,0.5717734098434448,0.755284440994094,1.0,0.7540118512986311,1.0,0.6458500623703003,USAC_MAGSAC,SUCCESS,True,True,"[{""roi_index"":0,""area_ratio"":0.06373276975645283,""failure"":null}]",,67.481,0.42190778255462646,0.42190778255462646,0.9825848937034607,0.9825848937034607,0.9853261709213257,0.9853261709213257,0.09701582789421082,0.9415950775146484,0.9535232782363892,1.0,1.0,1.0,
synthetic-00-perspective_light,synthetic_transform,nut_25.jpg,nut_25.jpg,nut,nut,perspective,light,perspective_light,"{""corner_offsets_px"":[[3.05894,1.66373],[0.22357,-0.71101],[-0.43199,-0.70707],[0.6672,-0.82018]],""amount_fraction"":0.02}","[[0.9916424574301569,-0.0037575576240746734,3.0589399337768555],[-0.0037236475334112814,0.9933698514610441,1.6637300252914429],[-6.130368406115571e-06,-4.2924097560327344e-06,1.0]]","[[0.9915965407725329,-0.003762226987352342,3.071207818378147],[-0.0037317536190822433,0.9933879882703279,1.6291186603151344],[-6.284428778662723e-06,-4.261037079692271e-06,1.0]]",artifacts/masks/nut_25/perspective_light.npz,1,paired_yolo_boxes,214,210,198,196,0.98989898989899,0.7490952222559806,0.06707826256752014,0.9997838071559831,1.0,0.9998550525250341,1.0,0.042881257832050323,USAC_MAGSAC,SUCCESS,True,True,"[{""roi_index"":0,""area_ratio"":0.04790442658121685,""failure"":null}]",,64.443,0.9365617632865906,0.9365617632865906,0.971727192401886,0.971727192401886,0.9718450307846069,0.9718450307846069,0.7802911996841431,0.9090029001235962,0.9091939330101013,1.0,1.0,1.0,
synthetic-00-perspective_moderate,synthetic_transform,nut_25.jpg,nut_25.jpg,nut,nut,perspective,moderate,perspective_moderate,"{""corner_offsets_px"":[[5.97924,0.69922],[-3.69903,3.48083],[-8.59022,-3.55633],[5.87016,-9.018]],""amount_fraction"":0.055}","[[0.9805109461155479,-0.0001007644301006529,5.9792399406433105],[0.004343124985434836,0.9922847056224343,0.6992200016975403],[-6.7827602156419035e-06,1.20057208473558e-05,1.0]]","[[0.9808787281666388,-0.0003591878228548563,6.010020039769071],[0.004789512809910085,0.9920232971630077,0.6094287846042579],[-5.710549242615055e-06,1.113457213239423e-05,1.0]]",artifacts/masks/nut_25/perspective_moderate.npz,1,paired_yolo_boxes,214,209,195,194,0.9948717948717949,0.8047229118821546,0.10859742015600204,0.9999238411572213,1.0,0.999958235473315,1.0,0.14150667190551758,USAC_MAGSAC,SUCCESS,True,True,"[{""roi_index"":0,""area_ratio"":0.04665745414530432,""failure"":null}]",,66.402,0.8274967074394226,0.8274967074394226,0.9807488918304443,0.9807488918304443,0.9815081357955933,0.9815081357955933,0.536067545413971,0.9354681372642517,0.9380367398262024,1.0,1.0,1.0,
synthetic-00-perspective_strong,synthetic_transform,nut_25.jpg,nut_25.jpg,nut,nut,perspective,strong,perspective_strong,"{""corner_offsets_px"":[[7.49416,2.41161],[-5.01825,8.10529],[-4.3771,-13.48566],[-0.17978,-5.69307]],""amount_fraction"":0.1}","[[1.0019336317580403,-0.012043287105378962,7.494160175323486],[0.009214994871416951,0.9742322834139476,2.4116098880767822],[3.4140775598211186e-05,-2.066275196555678e-05,1.0]]","[[1.0028160070463572,-0.01234236550044197,7.4906401158897715],[0.010151198830437747,0.974066535231756,2.2164575276745855],[3.680093479949359e-05,-2.2361497708929613e-05,1.0]]",artifacts/masks/nut_25/perspective_strong.npz,1,paired_yolo_boxes,214,207,188,188,1.0,0.7914142935380301,0.13358548283576965,0.9995332199958726,1.0,0.999928754630949,1.0,0.33638283610343933,USAC_MAGSAC,SUCCESS,True,True,"[{""roi_index"":0,""area_ratio"":0.04627987423249992,""failure"":null}]",,59.669,0.5204896330833435,0.5204896330833435,0.978697657585144,0.978697657585144,0.9796965718269348,0.9796965718269348,0.14193545281887054,0.9332138895988464,0.9368763566017151,1.0,1.0,1.0,
synthetic-00-combined_moderate,synthetic_transform,nut_25.jpg,nut_25.jpg,nut,nut,combined,moderate,combined_moderate,"{""rotation_deg"":12.0,""shear_x"":0.06,""shear_y"":-0.04,""scale"":1.05,""corner_offsets_px"":[[6.09857,2.47555],[-3.76043,-0.31906],[-5.3328,-0.89407],[3.97067,-4.2009]]}","[[0.9881892816466824,0.26917443915206835,-85.31025347643765],[-0.26054173910791695,1.0041992516937208,78.68927145876224],[-1.4863534877251517e-05,-5.6568166300380455e-06,1.0]]","[[0.986847718950475,0.26854466194586224,-85.16966452343736],[-0.2606467327606408,1.0022626998928486,78.95077374292113],[-1.6407823006289933e-05,-7.937830379370757e-06,1.0]]",artifacts/masks/nut_25/combined_moderate.npz,1,paired_yolo_boxes,214,212,169,168,0.9940828402366864,0.7585823878870599,0.2612784504890442,0.8615923585656587,1.0,0.8620419414117393,1.0,0.34965455532073975,USAC_MAGSAC,SUCCESS,True,True,"[{""roi_index"":0,""area_ratio"":0.05212368246724808,""failure"":null}]",,63.86,0.43563783168792725,0.43563783168792725,0.9820625185966492,0.9820625185966492,0.9828584790229797,0.9828584790229797,0.12071750313043594,0.944603681564331,0.9481255412101746,1.0,1.0,1.0,
synthetic-01-identity,synthetic_transform,nut_26.jpg,nut_26.jpg,nut,nut,identity,none,identity,"{""rotation_deg"":0.0,""scale"":1.0}","[[1.0,0.0,0.0],[0.0,1.0,0.0],[0.0,0.0,1.0]]","[[1.0,0.0,0.0],[0.0,1.0,0.0],[0.0,0.0,1.0]]",artifacts/masks/nut_26/identity.npz,1,paired_yolo_boxes,203,203,203,203,1.0,0.8447675543090994,0.0,1.0,1.0,1.0,1.0,0.0,USAC_MAGSAC,SUCCESS,True,True,"[{""roi_index"":0,""area_ratio"":0.04439321900995496,""failure"":null}]",,61.273,1.0,1.0,1.0,1.0,1.0,1.0,1.0,1.0,1.0,1.0,1.0,1.0,
synthetic-01-rotation_-30,synthetic_transform,nut_26.jpg,nut_26.jpg,nut,nut,rotation,30deg,rotation_-30,"{""angle_deg"":-30}","[[0.8660254037844387,-0.49999999999999994,201.92090889465624],[0.49999999999999994,0.8660254037844387,-116.57909110534371],[0.0,0.0,1.0]]","[[0.8645253381346379,-0.5000998846448207,202.2075347103386],[0.49976400877572696,0.8654413315916617,-116.63014320173592],[-1.1608947056484083e-06,-1.2570218603042429e-06,1.0]]",artifacts/masks/nut_26/rotation_-30.npz,1,paired_yolo_boxes,203,150,132,128,0.9696969696969697,0.6916929810361089,0.3285213112831116,0.8448251294700327,1.0,0.8449897308399092,1.0,0.28891584277153015,USAC_MAGSAC,SUCCESS,True,True,"[{""roi_index"":0,""area_ratio"":0.04442174265945289,""failure"":null}]",,64.133,0.3659667372703552,0.3659667372703552,0.983043909072876,0.983043909072876,0.9832258224487305,0.9832258224487305,0.11770275235176086,0.9439562559127808,0.9446063041687012,1.0,1.0,1.0,
synthetic-01-rotation_-20,synthetic_transform,nut_26.jpg,nut_26.jpg,nut,nut,rotation,20deg,rotation_-20,"{""angle_deg"":-20}","[[0.9396926207859084,-0.3420201433256687,128.14131592891366],[0.3420201433256687,0.9396926207859084,-89.72551536953732],[0.0,0.0,1.0]]","[[0.9386060288757221,-0.34158032763629276,128.22162498354788],[0.3418690252958231,0.9394141146209627,-89.73332284901845],[-3.616706150954469e-07,-9.480495689873495e-07,1.0]]",artifacts/masks/nut_26/rotation_-20.npz,1,paired_yolo_boxes,203,170,143,140,0.9790209790209791,0.7471128629350198,0.3180839419364929,0.8766251314354222,1.0,0.8764654435392734,1.0,0.29985761642456055,USAC_MAGSAC,SUCCESS,True,True,"[{""roi_index"":0,""area_ratio"":0.044387242521072706,""failure"":null}]",,68.066,0.3836434483528137,0.3836434483528137,0.982681393623352,0.982681393623352,0.9828894734382629,0.9828894734382629,0.12884607911109924,0.9430625438690186,0.9437047243118286,1.0,1.0,1.0,
synthetic-01-rotation_-10,synthetic_transform,nut_26.jpg,nut_26.jpg,nut,nut,rotation,10deg,rotation_-10,"{""angle_deg"":-10}","[[0.984807753012208,-0.17364817766693033,60.14567525252906],[0.17364817766693033,0.984807753012208,-50.46821392130556],[0.0,0.0,1.0]]","[[0.982589966213405,-0.17367456166325848,60.37761916927046],[0.1734247947386726,0.9825279504883377,-50.21426459056149],[-1.346202493665669e-06,-3.189436091236673e-06,1.0]]",artifacts/masks/nut_26/rotation_-10.npz,1,paired_yolo_boxes,203,189,157,155,0.9872611464968153,0.8100724839017776,0.20239855349063873,0.9264821493499474,1.0,0.9265337408240878,1.0,0.4685152471065521,USAC_MAGSAC,SUCCESS,True,True,"[{""roi_index"":0,""area_ratio"":0.04441071776152354,""failure"":null}]",,76.12,0.43600285053253174,0.43600285053253174,0.9818611741065979,0.9818611741065979,0.9821847081184387,0.9821847081184387,0.13119105994701385,0.9386805891990662,0.9398226737976074,1.0,1.0,1.0,
synthetic-01-rotation_+10,synthetic_transform,nut_26.jpg,nut_26.jpg,nut,nut,rotation,10deg,rotation_+10,"{""angle_deg"":10}","[[0.984807753012208,0.17364817766693033,-50.46821392130556],[-0.17364817766693033,0.984807753012208,60.14567525252906],[0.0,0.0,1.0]]","[[0.9853623573165796,0.17340403919165834,-50.40889102702735],[-0.17340698742845084,0.985184585839798,60.016043207734604],[1.125087364698333e-06,7.629572811427324e-08,1.0]]",artifacts/masks/nut_26/rotation_+10.npz,1,paired_yolo_boxes,203,207,169,169,1.0,0.815518162824897,0.15824365615844727,0.9266762315621898,1.0,0.9265337408240878,1.0,0.16254951059818268,USAC_MAGSAC,SUCCESS,True,True,"[{""roi_index"":0,""area_ratio"":0.044376148224343055,""failure"":null}]",,61.123,0.42854124307632446,0.42854124307632446,0.9817062020301819,0.9817062020301819,0.9822438955307007,0.9822438955307007,0.11994634568691254,0.9388982653617859,0.9405727982521057,1.0,1.0,1.0,
synthetic-01-rotation_+20,synthetic_transform,nut_26.jpg,nut_26.jpg,nut,nut,rotation,20deg,rotation_+20,"{""angle_deg"":20}","[[0.9396926207859084,0.3420201433256687,-89.72551536953732],[-0.3420201433256687,0.9396926207859084,128.14131592891366],[0.0,0.0,1.0]]","[[0.9414741185357268,0.34264005456460345,-90.09860196920945],[-0.34136415901946765,0.9410216409586087,127.89512296055707],[2.883812004743576e-06,9.928119881977226e-07,1.0]]",artifacts/masks/nut_26/rotation_+20.npz,1,paired_yolo_boxes,203,179,146,145,0.9931506849315068,0.7535953352778202,0.24927262961864471,0.8765882803824648,1.0,0.8764654435392734,1.0,0.41416651010513306,USAC_MAGSAC,SUCCESS,True,True,"[{""roi_index"":0,""area_ratio"":0.04434975271213711,""failure"":null}]",,70.878,0.36729931831359863,0.36729931831359863,0.9825918674468994,0.9825918674468994,0.9828461408615112,0.9828461408615112,0.12905746698379517,0.9430508613586426,0.9437821507453918,1.0,1.0,1.0,
synthetic-01-rotation_+30,synthetic_transform,nut_26.jpg,nut_26.jpg,nut,nut,rotation,30deg,rotation_+30,"{""angle_deg"":30}","[[0.8660254037844387,0.49999999999999994,-116.57909110534371],[-0.49999999999999994,0.8660254037844387,201.92090889465624],[0.0,0.0,1.0]]","[[0.8655856728115225,0.50093277956552,-116.72828676848872],[-0.5004423321070525,0.8666778690410618,201.89955403892097],[-2.333592120261436e-06,2.6204793809975345e-06,1.0]]",artifacts/masks/nut_26/rotation_+30.npz,1,paired_yolo_boxes,203,158,130,128,0.9846153846153847,0.6848114854187975,0.30942749977111816,0.8451518754729218,1.0,0.8449897308399092,1.0,0.3967071771621704,USAC_MAGSAC,SUCCESS,True,True,"[{""roi_index"":0,""area_ratio"":0.04437814203308503,""failure"":null}]",,60.772,0.35443025827407837,0.35443025827407837,0.9832351803779602,0.9832351803779602,0.9833428263664246,0.9833428263664246,0.09502970427274704,0.9449145197868347,0.9453413486480713,1.0,1.0,1.0,
synthetic-01-shear_x_-0.12,synthetic_transform,nut_26.jpg,nut_26.jpg,nut,nut,shear_x,12pct,shear_x_-0.12,"{""shear_x"":-0.12}","[[1.0,-0.12,38.22],[0.0,1.0,0.0],[0.0,0.0,1.0]]","[[0.9987849316364664,-0.1201728960547878,38.31808039532074],[-3.767742895651668e-05,0.9985444547320014,0.21264805153065472],[-1.5110080225545458e-06,-1.2860271204295706e-06,1.0]]",artifacts/masks/nut_26/shear_x_-0.12.npz,1,paired_yolo_boxes,203,186,164,164,1.0,0.8125625328069331,0.19067680835723877,0.9697796798380519,1.0,0.9699835889977496,1.0,0.27727198600769043,USAC_MAGSAC,SUCCESS,True,True,"[{""roi_index"":0,""area_ratio"":0.04441192238544661,""failure"":null}]",,63.314,0.6139766573905945,0.6139766573905945,0.9932635426521301,0.9932635426521301,0.9940041899681091,0.9940041899681091,0.30103543400764465,0.9764275550842285,0.9800450205802917,1.0,1.0,1.0,
synthetic-01-shear_x_+0.12,synthetic_transform,nut_26.jpg,nut_26.jpg,nut,nut,shear_x,12pct,shear_x_+0.12,"{""shear_x"":0.12}","[[1.0,0.12,-38.22],[0.0,1.0,0.0],[0.0,0.0,1.0]]","[[1.0000216396880135,0.11988288254722429,-38.076285427711554],[-2.7375882163229965e-05,1.000349822144995,-0.03642954906916258],[3.7935474241601246e-07,4.4920851855354525e-07,1.0]]",artifacts/masks/nut_26/shear_x_+0.12.npz,1,paired_yolo_boxes,203,217,179,178,0.994413407821229,0.8624864266219342,0.1852797567844391,0.9702415463684516,1.0,0.9699835889977496,1.0,0.14557424187660217,USAC_MAGSAC,SUCCESS,True,True,"[{""roi_index"":0,""area_ratio"":0.044370393042742505,""failure"":null}]",,65.41,0.6149573922157288,0.6149573922157288,0.9934545755386353,0.9934545755386353,0.9939475655555725,0.9939475655555725,0.30437958240509033,0.9779719710350037,0.9800333976745605,1.0,1.0,1.0,
synthetic-01-shear_y_-0.12,synthetic_transform,nut_26.jpg,nut_26.jpg,nut,nut,shear_y,12pct,shear_y_-0.12,"{""shear_y"":-0.12}","[[1.0,0.0,0.0],[-0.12,1.0,38.22],[0.0,0.0,1.0]]","[[0.9995034710511025,-0.000731652374796552,0.30202012788944704],[-0.1191864711272529,0.9987806697922248,38.12070221183205],[9.127128352424946e-07,-2.17033753512852e-06,1.0]]",artifacts/masks/nut_26/shear_y_-0.12.npz,1,paired_yolo_boxes,203,209,177,177,1.0,0.8378408551282654,0.2782913148403168,0.9700744882617113,1.0,0.9699762187871581,1.0,0.300628662109375,USAC_MAGSAC,SUCCESS,True,True,"[{""roi_index"":0,""area_ratio"":0.044380963600738274,""failure"":null}]",,65.473,0.5804492831230164,0.5804492831230164,0.9882616400718689,0.9882616400718689,0.9896460771560669,0.9896460771560669,0.2759450078010559,0.9612553119659424,0.9670130610466003,1.0,1.0,1.0,
synthetic-01-shear_y_+0.12,synthetic_transform,nut_26.jpg,nut_26.jpg,nut,nut,shear_y,12pct,shear_y_+0.12,"{""shear_y"":0.12}","[[1.0,0.0,0.0],[0.12,1.0,-38.22],[0.0,0.0,1.0]]","[[1.0006723800512123,0.00040631437818278496,-0.2314710002253512],[0.11976032556811998,1.000956204090206,-38.28378097374679],[-7.863128662476023e-08,1.5730947616805632e-06,1.0]]",artifacts/masks/nut_26/shear_y_+0.12.npz,1,paired_yolo_boxes,203,212,181,178,0.9834254143646409,0.8472124578346655,0.2671753168106079,0.9699491946816561,1.0,0.9699885024714773,1.0,0.2266572117805481,USAC_MAGSAC,SUCCESS,True,True,"[{""roi_index"":0,""area_ratio"":0.044392008909649734,""failure"":null}]",,68.283,0.5841684937477112,0.5841684937477112,0.9891002178192139,0.9891002178192139,0.9896109700202942,0.9896109700202942,0.2820127606391907,0.9648619890213013,0.9669809937477112,1.0,1.0,1.0,
synthetic-01-scale_0.85,synthetic_transform,nut_26.jpg,nut_26.jpg,nut,nut,scale,0.85x,scale_0.85,"{""scale"":0.85}","[[0.85,0.0,47.775000000000006],[0.0,0.85,47.775000000000006],[0.0,0.0,1.0]]","[[0.8483382288422532,-0.0005972682716034016,48.31261593898449],[-0.0024403213531356796,0.8496052773288193,48.512623763947374],[-4.683344616611272e-06,1.6828082377306997e-06,1.0]]",artifacts/masks/nut_26/scale_0.85.npz,1,paired_yolo_boxes,203,226,122,122,1.0,0.8386134368840998,0.5904669761657715,0.9978970332445632,1.0,1.0,1.0,0.6845260858535767,USAC_MAGSAC,SUCCESS,True,True,"[{""roi_index"":0,""area_ratio"":0.03210159100149012,""failure"":null}]",,70.724,0.45803767442703247,0.45803767442703247,0.9735099077224731,0.9735099077224731,0.97658371925354,0.97658371925354,0.16733036935329437,0.9043437242507935,0.9178899526596069,1.0,1.0,1.0,
synthetic-01-scale_1.15,synthetic_transform,nut_26.jpg,nut_26.jpg,nut,nut,scale,1.15x,scale_1.15,"{""scale"":1.15}","[[1.15,0.0,-47.77499999999997],[0.0,1.15,-47.77499999999997],[0.0,0.0,1.0]]","[[1.1455917786210963,-0.0013951204483524011,-46.70882432747403],[-0.001668584687750672,1.1460259218153865,-46.44453080057616],[-4.8149382202180275e-06,-1.633830693443915e-06,1.0]]",artifacts/masks/nut_26/scale_1.15.npz,1,paired_yolo_boxes,203,171,112,109,0.9732142857142857,0.8709915325438683,0.6673171520233154,0.7570213539568204,1.0,0.7540118512986311,1.0,0.7926637530326843,USAC_MAGSAC,SUCCESS,True,True,"[{""roi_index"":0,""area_ratio"":0.05867366816017482,""failure"":null}]",,56.544,0.47496065497398376,0.47496065497398376,0.9830402135848999,0.9830402135848999,0.9866728782653809,0.9866728782653809,0.16588029265403748,0.9368718862533569,0.9540643095970154,1.0,1.0,1.0,
synthetic-01-perspective_light,synthetic_transform,nut_26.jpg,nut_26.jpg,nut,nut,perspective,light,perspective_light,"{""corner_offsets_px"":[[1.04099,2.11456],[-0.16162,-0.39532],[-2.35927,-1.58297],[2.57815,-1.61416]],""amount_fraction"":0.02}","[[0.9941162247916787,0.0024369830931207314,1.0409899950027466],[-0.003937676371416908,1.000026535393684,2.1145598888397217],[-6.2745049543007295e-06,9.254314984607927e-06,1.0]]","[[0.9937232625459543,0.0022899923896868278,1.131379259844795],[-0.0041186546898772675,0.9997548104778492,2.149466264457306],[-6.736435571916672e-06,8.894599458008182e-06,1.0]]",artifacts/masks/nut_26/perspective_light.npz,1,paired_yolo_boxes,203,199,183,182,0.994535519125683,0.8459227069968004,0.06926102191209793,0.9999017305254468,1.0,0.999985259578817,1.0,0.07537610083818436,USAC_MAGSAC,SUCCESS,True,True,"[{""roi_index"":0,""area_ratio"":0.043983291134938575,""failure"":null}]",,58.437,0.9523864388465881,0.9523864388465881,0.9803731441497803,0.9803731441497803,0.9800917506217957,0.9800917506217957,0.8201325535774231,0.9308934807777405,0.9301722645759583,1.0,1.0,1.0,
synthetic-01-perspective_moderate,synthetic_transform,nut_26.jpg,nut_26.jpg,nut,nut,perspective,moderate,perspective_moderate,"{""corner_offsets_px"":[[4.32364,2.89946],[-3.69071,1.61348],[-7.67358,0.62722],[1.80496,-8.20757]],""amount_fraction"":0.055}","[[0.9715671381812125,-0.003947646894516516,4.323639869689941],[-0.002059191699494904,0.9847668195248236,2.8994600772857666],[-2.50295183794386e-05,3.5040244257391123e-06,1.0]]","[[0.97074497181644,-0.0044290828173653134,4.599071939291396],[-0.002312075585764503,0.9839772849464083,3.0488458460732493],[-2.5628302925687202e-05,2.5578460079211932e-06,1.0]]",artifacts/masks/nut_26/perspective_moderate.npz,1,paired_yolo_boxes,203,204,180,178,0.9888888888888889,0.8436556444745614,0.10228203982114792,0.9997985475771661,1.0,0.9999336681046767,1.0,0.1244499683380127,USAC_MAGSAC,SUCCESS,True,True,"[{""roi_index"":0,""area_ratio"":0.04346087121419415,""failure"":null}]",,56.49,0.6493250131607056,0.6493250131607056,0.9819558262825012,0.9819558262825012,0.9820676445960999,0.9820676445960999,0.22571846842765808,0.9359344244003296,0.936389684677124,1.0,1.0,1.0,
synthetic-01-perspective_strong,synthetic_transform,nut_26.jpg,nut_26.jpg,nut,nut,perspective,strong,perspective_strong,"{""corner_offsets_px"":[[12.85779,11.57782],[-4.32229,6.10034],[-3.20972,-8.47039],[7.73522,-10.8609]],""amount_fraction"":0.1}","[[0.9605126502066605,-0.008162377988586784,12.857789993286133],[-0.008719560588552444,0.9550068232166301,11.57781982421875],[-1.9784305745695118e-05,-1.559965813108835e-05,1.0]]","[[0.9597781515616985,-0.008775232902536017,13.146355561829392],[-0.009254490671207066,0.9542251509581717,11.803476463139683],[-2.0820935452940106e-05,-1.6261904761825816e-05,1.0]]",artifacts/masks/nut_26/perspective_strong.npz,1,paired_yolo_boxes,203,202,175,172,0.9828571428571429,0.8206455923505752,0.15848523378372192,0.999614292312379,1.0,0.9999091007360383,1.0,0.21758560836315155,USAC_MAGSAC,SUCCESS,True,True,"[{""roi_index"":0,""area_ratio"":0.042355642630666254,""failure"":null}]",,57.398,0.5651835799217224,0.5651835799217224,0.9817429780960083,0.9817429780960083,0.9820297360420227,0.9820297360420227,0.17096459865570068,0.9367147088050842,0.9381795525550842,1.0,1.0,1.0,
synthetic-01-combined_moderate,synthetic_transform,nut_26.jpg,nut_26.jpg,nut,nut,combined,moderate,combined_moderate,"{""rotation_deg"":12.0,""shear_x"":0.06,""shear_y"":-0.04,""scale"":1.05,""corner_offsets_px"":[[5.81378,2.78411],[-1.45022,0.43127],[-2.71987,-1.33269],[4.44154,-4.64105]]}","[[0.9926601188097293,0.27170479589593904,-85.94450863764743],[-0.2597361993953139,1.0039415036054133,78.89982391421535],[-1.409247249468558e-05,-4.199642404849811e-06,1.0]]","[[0.9926995723551745,0.2717995010923312,-85.96234589761072],[-0.2595988815956382,1.004130297333315,78.90122574301692],[-1.3262924513906972e-05,-4.208615587780927e-06,1.0]]",artifacts/masks/nut_26/combined_moderate.npz,1,paired_yolo_boxes,203,185,150,149,0.9933333333333333,0.7762514129575478,0.3468760848045349,0.8611231218246677,1.0,0.860874991401421,1.0,0.19893525540828705,USAC_MAGSAC,SUCCESS,True,True,"[{""roi_index"":0,""area_ratio"":0.04823115317036271,""failure"":null}]",,60.541,0.38428598642349243,0.38428598642349243,0.9835788607597351,0.9835788607597351,0.9839720129966736,0.9839720129966736,0.11671065539121628,0.944943904876709,0.947177529335022,1.0,1.0,1.0,
synthetic-02-identity,synthetic_transform,nut_27.jpg,nut_27.jpg,nut,nut,identity,none,identity,"{""rotation_deg"":0.0,""scale"":1.0}","[[1.0,0.0,0.0],[0.0,1.0,0.0],[0.0,0.0,1.0]]","[[1.0,0.0,0.0],[0.0,1.0,0.0],[0.0,0.0,1.0]]",artifacts/masks/nut_27/identity.npz,1,paired_yolo_boxes,137,137,137,137,1.0,0.8723994886213723,0.0,1.0,1.0,1.0,1.0,0.0,USAC_MAGSAC,SUCCESS,True,True,"[{""roi_index"":0,""area_ratio"":0.05929416098413686,""failure"":null}]",,35.561,1.0,1.0,1.0,1.0,1.0,1.0,1.0,1.0,1.0,1.0,1.0,1.0,
synthetic-02-rotation_-30,synthetic_transform,nut_27.jpg,nut_27.jpg,nut,nut,rotation,30deg,rotation_-30,"{""angle_deg"":-30}","[[0.8660254037844387,-0.49999999999999994,134.40261439769898],[0.49999999999999994,0.8660254037844387,-77.59738560230099],[0.0,0.0,1.0]]","[[0.8673973019323765,-0.4990624463554039,134.1086622036051],[0.5003182330200263,0.86805729172933,-77.73325766652553],[-1.9661558454741777e-06,7.1594656744924815e-06,1.0]]",artifacts/masks/nut_27/rotation_-30.npz,1,paired_yolo_boxes,137,92,82,78,0.9512195121951219,0.6321566104702309,0.18377739191055298,0.8446892733564014,1.0,0.8448941176470588,1.0,0.4145231544971466,USAC_MAGSAC,SUCCESS,True,True,"[{""roi_index"":0,""area_ratio"":0.059315041832110255,""failure"":null}]",,38.381,0.3214966058731079,0.3214966058731079,0.9788882732391357,0.9788882732391357,0.9813941717147827,0.9813941717147827,0.0818726122379303,0.9385696053504944,0.9479259848594666,1.0,1.0,1.0,
synthetic-02-rotation_-20,synthetic_transform,nut_27.jpg,nut_27.jpg,nut,nut,rotation,20deg,rotation_-20,"{""angle_deg"":-20}","[[0.9396926207859084,-0.3420201433256687,85.29343477842919],[0.3420201433256687,0.9396926207859084,-59.72310599165436],[0.0,0.0,1.0]]","[[0.939041650579388,-0.3422734443770541,85.31045344695369],[0.3411302507094198,0.9384622127803542,-59.40421755347486],[-2.1092047236556365e-06,-1.1239440416645657e-06,1.0]]",artifacts/masks/nut_27/rotation_-20.npz,1,paired_yolo_boxes,137,101,86,84,0.9767441860465116,0.6838893986454591,0.13427887856960297,0.8763072664359861,1.0,0.8763847750865051,1.0,0.18710801005363464,USAC_MAGSAC,SUCCESS,True,True,"[{""roi_index"":0,""area_ratio"":0.05930339232679959,""failure"":null}]",,36.868,0.3403759002685547,0.3403759002685547,0.9804708361625671,0.9804708361625671,0.9806087613105774,0.9806087613105774,0.0883389487862587,0.9462931752204895,0.9471029043197632,1.0,1.0,1.0,
synthetic-02-rotation_-10,synthetic_transform,nut_27.jpg,nut_27.jpg,nut,nut,rotation,10deg,rotation_-10,"{""angle_deg"":-10}","[[0.984807753012208,-0.17364817766693033,40.03417002680113],[0.17364817766693033,0.984807753012208,-33.592657303977326],[0.0,0.0,1.0]]","[[0.9838058071527754,-0.17329551141086874,40.08819278008941],[0.17274380700805447,0.9848624654734289,-33.50411410035949],[-2.5868989297201893e-06,8.921507385908552e-07,1.0]]",artifacts/masks/nut_27/rotation_-10.npz,1,paired_yolo_boxes,137,118,98,96,0.9795918367346939,0.7140570066201893,0.09603898972272873,0.9264221453287197,1.0,0.9264996539792387,1.0,0.17126983404159546,USAC_MAGSAC,SUCCESS,True,True,"[{""roi_index"":0,""area_ratio"":0.05929866774375953,""failure"":null}]",,39.222,0.4620323181152344,0.4620323181152344,0.9801709055900574,0.9801709055900574,0.980108380317688,0.980108380317688,0.1510247439146042,0.9437495470046997,0.9434613585472107,1.0,1.0,1.0,
synthetic-02-rotation_+10,synthetic_transform,nut_27.jpg,nut_27.jpg,nut,nut,rotation,10deg,rotation_+10,"{""angle_deg"":10}","[[0.984807753012208,0.17364817766693033,-33.592657303977326],[-0.17364817766693033,0.984807753012208,40.03417002680113],[0.0,0.0,1.0]]","[[0.990697845596361,0.176984424462326,-34.56031681045084],[-0.1731379083803574,0.9906398838478311,39.629485796699974],[6.499280864414015e-06,1.3438867566012371e-05,1.0]]",artifacts/masks/nut_27/rotation_+10.npz,1,paired_yolo_boxes,137,127,108,106,0.9814814814814815,0.8320914336321531,0.18896542489528656,0.9262948096885814,1.0,0.9264996539792387,1.0,0.8574585318565369,USAC_MAGSAC,SUCCESS,True,True,"[{""roi_index"":0,""area_ratio"":0.059224105816652876,""failure"":null}]",,35.739,0.4566841125488281,0.4566841125488281,0.9793181419372559,0.9793181419372559,0.9804619550704956,0.9804619550704956,0.1532650589942932,0.9395074844360352,0.9441452622413635,1.0,1.0,1.0,
synthetic-02-rotation_+20,synthetic_transform,nut_27.jpg,nut_27.jpg,nut,nut,rotation,20deg,rotation_+20,"{""angle_deg"":20}","[[0.9396926207859084,0.3420201433256687,-59.72310599165436],[-0.3420201433256687,0.9396926207859084,85.29343477842919],[0.0,0.0,1.0]]","[[0.9393574631907042,0.3420534939102844,-59.799828289827765],[-0.3418582283174458,0.9391137259596567,85.22787420593933],[-1.2684510447288385e-06,-9.917717340394702e-07,1.0]]",artifacts/masks/nut_27/rotation_+20.npz,1,paired_yolo_boxes,137,113,88,88,1.0,0.7512584392059265,0.10808360576629639,0.8760525951557093,1.0,0.8763847750865051,1.0,0.13263028860092163,USAC_MAGSAC,SUCCESS,True,True,"[{""roi_index"":0,""area_ratio"":0.05932526119072892,""failure"":null}]",,33.384,0.3371483385562897,0.3371483385562897,0.9803252816200256,0.9803252816200256,0.9808986186981201,0.9808986186981201,0.09159035980701447,0.9457097053527832,0.9477559924125671,1.0,1.0,1.0,
synthetic-02-rotation_+30,synthetic_transform,nut_27.jpg,nut_27.jpg,nut,nut,rotation,30deg,rotation_+30,"{""angle_deg"":30}","[[0.8660254037844387,0.49999999999999994,-77.59738560230099],[-0.49999999999999994,0.8660254037844387,134.40261439769898],[0.0,0.0,1.0]]","[[0.8631294284684733,0.49794448025633575,-76.8685844181085],[-0.4995373839266762,0.8638391912125377,134.34523439995039],[-4.605358552153936e-06,-3.226924393425985e-06,1.0]]",artifacts/masks/nut_27/rotation_+30.npz,1,paired_yolo_boxes,137,99,88,86,0.9772727272727273,0.6673661468603117,0.16781151294708252,0.8455418685121108,1.0,0.8448941176470588,1.0,0.36089226603507996,USAC_MAGSAC,SUCCESS,True,True,"[{""roi_index"":0,""area_ratio"":0.059239946107500614,""failure"":null}]",,27.709,0.31532180309295654,0.31532180309295654,0.9804864525794983,0.9804864525794983,0.9812363982200623,0.9812363982200623,0.08675645291805267,0.9454865455627441,0.9478909373283386,1.0,1.0,1.0,
synthetic-02-shear_x_-0.12,synthetic_transform,nut_27.jpg,nut_27.jpg,nut,nut,shear_x,12pct,shear_x_-0.12,"{""shear_x"":-0.12}","[[1.0,-0.12,25.439999999999998],[0.0,1.0,0.0],[0.0,0.0,1.0]]","[[1.001208333617949,-0.11919526348665797,25.12148572794832],[-0.0005746161440817396,1.001578574421991,-0.011326530892885545],[-3.6873341230886446e-07,3.7561271725270927e-06,1.0]]",artifacts/masks/nut_27/shear_x_-0.12.npz,1,paired_yolo_boxes,137,124,109,108,0.9908256880733946,0.8437076600493963,0.15737037360668182,0.9694505190311419,1.0,0.9700152249134948,1.0,0.2372927963733673,USAC_MAGSAC,SUCCESS,True,True,"[{""roi_index"":0,""area_ratio"":0.05932446245125215,""failure"":null}]",,24.682,0.6862167119979858,0.6862167119979858,0.9926273822784424,0.9926273822784424,0.9935711026191711,0.9935711026191711,0.3916948139667511,0.9782541990280151,0.9817481637001038,1.0,1.0,1.0,
synthetic-02-shear_x_+0.12,synthetic_transform,nut_27.jpg,nut_27.jpg,nut,nut,shear_x,12pct,shear_x_+0.12,"{""shear_x"":0.12}","[[1.0,0.12,-25.439999999999998],[0.0,1.0,0.0],[0.0,0.0,1.0]]","[[0.9983036568901397,0.11890022258212415,-25.049682418395836],[-0.00039324981574553577,0.9983626727502936,0.15679057949206948],[-1.8754458363868176e-06,-2.729915813953055e-06,1.0]]",artifacts/masks/nut_27/shear_x_+0.12.npz,1,paired_yolo_boxes,137,137,113,113,1.0,0.8555888079237589,0.14873509109020233,0.9702532871972318,1.0,0.9700152249134948,1.0,0.16278685629367828,USAC_MAGSAC,SUCCESS,True,True,"[{""roi_index"":0,""area_ratio"":0.059274846702330714,""failure"":null}]",,27.839,0.6864339113235474,0.6864339113235474,0.9920939207077026,0.9920939207077026,0.9935149550437927,0.9935149550437927,0.38655439019203186,0.9764538407325745,0.9817928671836853,1.0,1.0,1.0,
synthetic-02-shear_y_-0.12,synthetic_transform,nut_27.jpg,nut_27.jpg,nut,nut,shear_y,12pct,shear_y_-0.12,"{""shear_y"":-0.12}","[[1.0,0.0,0.0],[-0.12,1.0,25.439999999999998],[0.0,0.0,1.0]]","[[1.0000104623282748,0.00015069225348944017,-0.0750454618578921],[-0.12001409000725104,0.9997634849646568,25.45226591303842],[-4.226352239014399e-07,-3.6034974185203376e-07,1.0]]",artifacts/masks/nut_27/shear_y_-0.12.npz,1,paired_yolo_boxes,137,125,107,104,0.9719626168224299,0.883385120522671,0.16206994652748108,0.9699820069204153,1.0,0.9700152249134948,1.0,0.06087075173854828,USAC_MAGSAC,SUCCESS,True,True,"[{""roi_index"":0,""area_ratio"":0.059312700261845284,""failure"":null}]",,27.334,0.568760335445404,0.568760335445404,0.9877251982688904,0.9877251982688904,0.9878263473510742,0.9878263473510742,0.28530189394950867,0.9689670205116272,0.9694147706031799,1.0,1.0,1.0,
synthetic-02-shear_y_+0.12,synthetic_transform,nut_27.jpg,nut_27.jpg,nut,nut,shear_y,12pct,shear_y_+0.12,"{""shear_y"":0.12}","[[1.0,0.0,0.0],[0.12,1.0,-25.439999999999998],[0.0,0.0,1.0]]","[[0.9997883305252704,-0.0005723003866546854,0.11975047486473434],[0.12095991793667907,0.9979857871650317,-25.35957115609054],[3.3425413256057023e-06,-5.216697487327964e-06,1.0]]",artifacts/masks/nut_27/shear_y_+0.12.npz,1,paired_yolo_boxes,137,136,108,107,0.9907407407407407,0.7997907851887155,0.1847507357597351,0.9700539792387544,1.0,0.9700152249134948,1.0,0.28992319107055664,USAC_MAGSAC,SUCCESS,True,True,"[{""roi_index"":0,""area_ratio"":0.05923131817791443,""failure"":null}]",,28.617,0.5693327188491821,0.5693327188491821,0.9864990711212158,0.9864990711212158,0.9878190159797668,0.9878190159797668,0.2854001224040985,0.9643887281417847,0.9695497155189514,1.0,1.0,1.0,
synthetic-02-scale_0.85,synthetic_transform,nut_27.jpg,nut_27.jpg,nut,nut,scale,0.85x,scale_0.85,"{""scale"":0.85}","[[0.85,0.0,31.800000000000004],[0.0,0.85,31.800000000000004],[0.0,0.0,1.0]]","[[0.852301769040853,-0.0005075733532731248,31.690658085777258],[0.0015084716366187219,0.8504731404304694,31.509766597673547],[8.247627134444802e-06,-4.5327022831807515e-06,1.0]]",artifacts/masks/nut_27/scale_0.85.npz,1,paired_yolo_boxes,137,132,68,66,0.9705882352941176,0.7978831963098608,0.385511577129364,0.9988318339100346,1.0,1.0,1.0,0.4144689440727234,USAC_MAGSAC,SUCCESS,True,True,"[{""roi_index"":0,""area_ratio"":0.04287033403640594,""failure"":null}]",,23.582,0.39279553294181824,0.39279553294181824,0.9710909724235535,0.9710909724235535,0.9723635911941528,0.9723635911941528,0.12628936767578125,0.9155793190002441,0.9199102520942688,1.0,1.0,1.0,
synthetic-02-scale_1.15,synthetic_transform,nut_27.jpg,nut_27.jpg,nut,nut,scale,1.15x,scale_1.15,"{""scale"":1.15}","[[1.15,0.0,-31.799999999999983],[0.0,1.15,-31.799999999999983],[0.0,0.0,1.0]]","[[1.164749246876356,0.0064214849163803595,-34.27454377276483],[0.0019290997987899193,1.1629674965265382,-32.714432939229646],[1.8311376000438533e-05,2.5230072560794054e-05,1.0]]",artifacts/masks/nut_27/scale_1.15.npz,1,paired_yolo_boxes,137,116,63,60,0.9523809523809523,0.8213262561760016,0.49851471185684204,0.7575529411764705,1.0,0.7538325259515571,1.0,1.768416404724121,USAC_MAGSAC,SUCCESS,True,True,"[{""roi_index"":0,""area_ratio"":0.07817240421287071,""failure"":null}]",,23.877,0.4131557047367096,0.4131557047367096,0.9776378870010376,0.9776378870010376,0.9843642711639404,0.9843642711639404,0.1536964476108551,0.9294438362121582,0.9544870853424072,1.0,1.0,1.0,
synthetic-02-perspective_light,synthetic_transform,nut_27.jpg,nut_27.jpg,nut,nut,perspective,light,perspective_light,"{""corner_offsets_px"":[[1.26287,0.6202],[-0.01411,0.44683],[-1.4195,-0.51754],[1.10191,-1.14202]],""amount_fraction"":0.02}","[[0.9950979800372413,-0.00037196571492475913,1.262869954109192],[-0.0004108835965842238,0.998782108618571,0.620199978351593],[-4.4584041794749225e-06,6.948689072826172e-06,1.0]]","[[0.9952826034460477,-0.000144724688725823,1.211917364006731],[-0.0003625464111060066,0.9992034568376614,0.5569568182580232],[-4.33054081687722e-06,7.74549883582896e-06,1.0]]",artifacts/masks/nut_27/perspective_light.npz,1,paired_yolo_boxes,137,134,121,121,1.0,0.8718522903892671,0.05043935403227806,0.9992470588235294,1.0,1.0,1.0,0.05711649730801582,USAC_MAGSAC,SUCCESS,True,True,"[{""roi_index"":0,""area_ratio"":0.058835640656412495,""failure"":null}]",,28.33,0.9924049377441406,0.9924049377441406,0.9911671280860901,0.9911671280860901,0.9910779595375061,0.9910779595375061,0.9700329899787903,0.9708846807479858,0.9706339240074158,1.0,1.0,1.0,
synthetic-02-perspective_moderate,synthetic_transform,nut_27.jpg,nut_27.jpg,nut,nut,perspective,moderate,perspective_moderate,"{""corner_offsets_px"":[[6.38406,0.18681],[-2.95649,2.39655],[-3.94274,-5.11199],[3.24526,-3.86367]],""amount_fraction"":0.055}","[[0.98620005276372,-0.007442206816830271,6.384059906005859],[0.005258493283195245,0.9853491751328461,0.18681000173091888],[1.9545800263979626e-05,-1.2133650473646437e-05,1.0]]","[[0.9865043546126235,-0.007152094890898049,6.291851170746011],[0.005492645445090028,0.9854335504795343,0.14293643423078886],[2.0597350293890983e-05,-1.2479913266584914e-05,1.0]]",artifacts/masks/nut_27/perspective_moderate.npz,1,paired_yolo_boxes,137,133,115,114,0.991304347826087,0.8643294187109515,0.0830133855342865,0.9998671280276816,1.0,0.999922491349481,1.0,0.09290124475955963,USAC_MAGSAC,SUCCESS,True,True,"[{""roi_index"":0,""area_ratio"":0.05733377421450153,""failure"":null}]",,28.247,0.5056841373443604,0.5056841373443604,0.9775699377059937,0.9775699377059937,0.9775809049606323,0.9775809049606323,0.17816558480262756,0.9342542290687561,0.9339892864227295,1.0,1.0,1.0,
synthetic-02-perspective_strong,synthetic_transform,nut_27.jpg,nut_27.jpg,nut,nut,perspective,strong,perspective_strong,"{""corner_offsets_px"":[[3.19632,9.17566],[-0.57057,-1.61783],[-7.45906,-7.36524],[-0.81698,-6.95547]],""amount_fraction"":0.1}","[[0.9663291462051562,-0.009477815037202998,3.196320056915283],[-0.02536164021074319,0.9683279481766787,9.175660133361816],[-5.853799691530563e-05,1.5281528974536013e-05,1.0]]","[[0.9706077851530421,-0.008612084005056158,2.6939481676552592],[-0.02430194372167514,0.9710564138523811,8.922760519953568],[-5.172433536061204e-05,2.01798811004616e-05,1.0]]",artifacts/masks/nut_27/perspective_strong.npz,1,paired_yolo_boxes,137,126,118,115,0.9745762711864406,0.8740625924676536,0.1504075527191162,0.9986048442906574,1.0,0.9995017301038063,1.0,0.4376615881919861,USAC_MAGSAC,SUCCESS,True,True,"[{""roi_index"":0,""area_ratio"":0.057036219617336424,""failure"":null}]",,26.722,0.48795950412750244,0.48795950412750244,0.978522539138794,0.978522539138794,0.9794331789016724,0.9794331789016724,0.17380347847938538,0.938605546951294,0.9408670663833618,1.0,1.0,1.0,
synthetic-02-combined_moderate,synthetic_transform,nut_27.jpg,nut_27.jpg,nut,nut,combined,moderate,combined_moderate,"{""rotation_deg"":12.0,""shear_x"":0.06,""shear_y"":-0.04,""scale"":1.05,""corner_offsets_px"":[[1.74309,2.20703],[-2.71631,1.5377],[-1.41479,-3.37197],[1.49703,-3.36972]]}","[[1.0020515130763683,0.2759970823445356,-59.84996210885899],[-0.2566933517652047,1.000986363021744,52.56459453053798],[-1.5614624925106862e-06,-9.867815063946402e-06,1.0]]","[[1.0022720224062789,0.27498912605548737,-59.7820216785603],[-0.2568487678475237,0.9999582285952745,52.65548322605449],[-1.419373995207404e-06,-1.2350603972695972e-05,1.0]]",artifacts/masks/nut_27/combined_moderate.npz,1,paired_yolo_boxes,137,121,94,94,1.0,0.7870939848475508,0.17073512077331543,0.8609716262975778,1.0,0.8615141868512111,1.0,0.20420828461647034,USAC_MAGSAC,SUCCESS,True,True,"[{""roi_index"":0,""area_ratio"":0.06421198109420706,""failure"":null}]",,30.076,0.37979793548583984,0.37979793548583984,0.9815731048583984,0.9815731048583984,0.9821004867553711,0.9821004867553711,0.0978730320930481,0.9476792216300964,0.9495591521263123,1.0,1.0,1.0,
synthetic-03-identity,synthetic_transform,nut_28.jpg,nut_28.jpg,nut,nut,identity,none,identity,"{""rotation_deg"":0.0,""scale"":1.0}","[[1.0,0.0,0.0],[0.0,1.0,0.0],[0.0,0.0,1.0]]","[[1.0,0.0,0.0],[0.0,1.0,0.0],[0.0,0.0,1.0]]",artifacts/masks/nut_28/identity.npz,1,paired_yolo_boxes,70,70,70,70,1.0,0.6831317108263115,0.0,1.0,1.0,1.0,1.0,0.0,USAC_MAGSAC,SUCCESS,True,True,"[{""roi_index"":0,""area_ratio"":0.0963445857758358,""failure"":null}]",,18.725,1.0,1.0,1.0,1.0,1.0,1.0,1.0,1.0,1.0,1.0,1.0,1.0,
synthetic-03-rotation_-30,synthetic_transform,nut_28.jpg,nut_28.jpg,nut,nut,rotation,30deg,rotation_-30,"{""angle_deg"":-30}","[[0.8660254037844387,-0.49999999999999994,103.33785918313647],[0.49999999999999994,0.8660254037844387,-59.6621408168635],[0.0,0.0,1.0]]","[[0.8310022621331118,-0.48530424397645944,105.20936247814258],[0.4743151748899962,0.8635693996705637,-56.459903809292044],[-9.262649036983231e-05,3.399072483490863e-05,1.0]]",artifacts/masks/nut_28/rotation_-30.npz,1,paired_yolo_boxes,70,58,45,44,0.9777777777777777,0.6441367443375109,0.3391929864883423,0.850012625199899,1.0,0.8450560652395515,1.0,3.873552083969116,USAC_MAGSAC,SUCCESS,True,True,"[{""roi_index"":0,""area_ratio"":0.09568956692163047,""failure"":null}]",,20.713,0.30152395367622375,0.30152395367622375,0.9662922620773315,0.9662922620773315,0.9757102727890015,0.9757102727890015,0.10016797482967377,0.902187705039978,0.9376640319824219,1.0,1.0,1.0,
synthetic-03-rotation_-20,synthetic_transform,nut_28.jpg,nut_28.jpg,nut,nut,rotation,20deg,rotation_-20,"{""angle_deg"":-20}","[[0.9396926207859084,-0.3420201433256687,65.57938617398092],[0.3420201433256687,0.9396926207859084,-45.91918055018707],[0.0,0.0,1.0]]","[[0.9373187678892758,-0.34189577984227437,65.88243606218323],[0.34029666762999095,0.9396741213568743,-45.7089820247461],[-6.289314507038063e-06,3.4907833276864405e-06,1.0]]",artifacts/masks/nut_28/rotation_-20.npz,1,paired_yolo_boxes,70,56,48,47,0.9791666666666666,0.6515611547594871,0.12451153993606567,0.876693880986449,1.0,0.8763291529893668,1.0,0.3332505226135254,USAC_MAGSAC,SUCCESS,True,True,"[{""roi_index"":0,""area_ratio"":0.09630564118455087,""failure"":null}]",,20.504,0.3369675576686859,0.3369675576686859,0.9748212099075317,0.9748212099075317,0.9749733209609985,0.9749733209609985,0.0963115319609642,0.9349080324172974,0.9354609847068787,1.0,1.0,1.0,
synthetic-03-rotation_-10,synthetic_transform,nut_28.jpg,nut_28.jpg,nut,nut,rotation,10deg,rotation_-10,"{""angle_deg"":-10}","[[0.984807753012208,-0.17364817766693033,30.780989218719736],[0.17364817766693033,0.984807753012208,-25.82831670069955],[0.0,0.0,1.0]]","[[0.9691258705942684,-0.1718843605982763,32.15317872833826],[0.1672926252556705,0.9790559402676413,-24.79713559572602],[-3.6905694014627776e-05,8.41641343770885e-07,1.0]]",artifacts/masks/nut_28/rotation_-10.npz,1,paired_yolo_boxes,70,56,57,55,0.9649122807017544,0.7027895549317988,0.2590543329715729,0.9271292165829663,1.0,0.926455872588353,1.0,1.498359203338623,USAC_MAGSAC,SUCCESS,True,True,"[{""roi_index"":0,""area_ratio"":0.09624795670592477,""failure"":null}]",,15.449,0.41595110297203064,0.41595110297203064,0.9735307097434998,0.9735307097434998,0.9743638634681702,0.9743638634681702,0.1644473522901535,0.9288369417190552,0.9323974847793579,1.0,1.0,1.0,
synthetic-03-rotation_+10,synthetic_transform,nut_28.jpg,nut_28.jpg,nut,nut,rotation,10deg,rotation_+10,"{""angle_deg"":10}","[[0.984807753012208,0.17364817766693033,-25.82831670069955],[-0.17364817766693033,0.984807753012208,30.780989218719736],[0.0,0.0,1.0]]","[[0.9847804854605148,0.1723265909034318,-25.692623858601266],[-0.17284024646853266,0.9834423925136266,30.77066901810592],[2.9632221704813295e-06,-5.637037064766983e-06,1.0]]",artifacts/masks/nut_28/rotation_+10.npz,1,paired_yolo_boxes,70,65,53,53,1.0,0.7742246977569587,0.09580986946821213,0.9264278165885774,1.0,0.926455872588353,1.0,0.20684684813022614,USAC_MAGSAC,SUCCESS,True,True,"[{""roi_index"":0,""area_ratio"":0.09628786739988537,""failure"":null}]",,19.433,0.41221609711647034,0.41221609711647034,0.974857747554779,0.974857747554779,0.9750645756721497,0.9750645756721497,0.16420197486877441,0.9322658181190491,0.932876706123352,1.0,1.0,1.0,
synthetic-03-rotation_+20,synthetic_transform,nut_28.jpg,nut_28.jpg,nut,nut,rotation,20deg,rotation_+20,"{""angle_deg"":20}","[[0.9396926207859084,0.3420201433256687,-45.91918055018707],[-0.3420201433256687,0.9396926207859084,65.57938617398092],[0.0,0.0,1.0]]","[[0.933543531239007,0.33879339589197793,-44.811344563904335],[-0.341956241852535,0.935621887032971,65.73621748389782],[-9.789965970040885e-06,-6.9937621656718095e-06,1.0]]",artifacts/masks/nut_28/rotation_+20.npz,1,paired_yolo_boxes,70,56,54,54,1.0,0.8320024726069887,0.1304517686367035,0.8777693609778451,1.0,0.8763291529893668,1.0,0.466269850730896,USAC_MAGSAC,SUCCESS,True,True,"[{""roi_index"":0,""area_ratio"":0.0961245791508162,""failure"":null}]",,15.336,0.32018032670021057,0.32018032670021057,0.9746463894844055,0.9746463894844055,0.9752059578895569,0.9752059578895569,0.07817632704973221,0.9343660473823547,0.936213493347168,1.0,1.0,1.0,
synthetic-03-rotation_+30,synthetic_transform,nut_28.jpg,nut_28.jpg,nut,nut,rotation,30deg,rotation_+30,"{""angle_deg"":30}","[[0.8660254037844387,0.49999999999999994,-59.6621408168635],[-0.49999999999999994,0.8660254037844387,103.33785918313647],[0.0,0.0,1.0]]","[[0.7985237342991834,0.5031153148823934,-52.454594654055185],[-0.5142467648181117,0.852924277484836,104.20105204902433],[-0.0001964600216364556,6.330053868746174e-05,1.0]]",artifacts/masks/nut_28/rotation_+30.npz,1,paired_yolo_boxes,70,51,48,47,0.9791666666666666,0.6974283552087117,0.4982432723045349,0.8486285292109718,1.0,0.8450560652395515,1.0,7.889983654022217,USAC_MAGSAC,SUCCESS,True,True,"[{""roi_index"":0,""area_ratio"":0.09607026770169107,""failure"":null}]",,17.754,0.26977914571762085,0.26977914571762085,0.9606804847717285,0.9606804847717285,0.9758713841438293,0.9758713841438293,0.0786539688706398,0.8807196617126465,0.937126636505127,1.0,1.0,1.0,
synthetic-03-shear_x_-0.12,synthetic_transform,nut_28.jpg,nut_28.jpg,nut,nut,shear_x,12pct,shear_x_-0.12,"{""shear_x"":-0.12}","[[1.0,-0.12,19.56],[0.0,1.0,0.0],[0.0,0.0,1.0]]","[[1.0018050927249573,-0.11892698939235194,19.322051290719823],[0.001171995712993956,1.0030912211031977,-0.3887499230106846],[2.183837781720494e-06,6.944249395166526e-06,1.0]]",artifacts/masks/nut_28/shear_x_-0.12.npz,1,paired_yolo_boxes,70,73,60,59,0.9833333333333333,0.6564724369344226,0.17635366320610046,0.9698304482413564,1.0,0.9700174882398601,1.0,0.24237464368343353,USAC_MAGSAC,SUCCESS,True,True,"[{""roi_index"":0,""area_ratio"":0.09639826935654108,""failure"":null}]",,19.49,0.6985667943954468,0.6985667943954468,0.9900557994842529,0.9900557994842529,0.9927264451980591,0.9927264451980591,0.393566757440567,0.973545253276825,0.9829073548316956,1.0,1.0,1.0,
synthetic-03-shear_x_+0.12,synthetic_transform,nut_28.jpg,nut_28.jpg,nut,nut,shear_x,12pct,shear_x_+0.12,"{""shear_x"":0.12}","[[1.0,0.12,-19.56],[0.0,1.0,0.0],[0.0,0.0,1.0]]","[[0.9999349524958066,0.11937430598882423,-19.501435679019558],[-0.0001756089073770083,0.9995578521542217,0.06110067351190061],[-2.5157691614582706e-07,-5.923615028663268e-07,1.0]]",artifacts/masks/nut_28/shear_x_+0.12.npz,1,paired_yolo_boxes,70,74,59,59,1.0,0.7665625325268574,0.14541226625442505,0.9698959122408327,1.0,0.9700174882398601,1.0,0.09449350833892822,USAC_MAGSAC,SUCCESS,True,True,"[{""roi_index"":0,""area_ratio"":0.09633728665325464,""failure"":null}]",,16.356,0.694605827331543,0.694605827331543,0.9921002388000488,0.9921002388000488,0.9926567077636719,0.9926567077636719,0.39180001616477966,0.9805638194084167,0.9824190139770508,1.0,1.0,1.0,
synthetic-03-shear_y_-0.12,synthetic_transform,nut_28.jpg,nut_28.jpg,nut,nut,shear_y,12pct,shear_y_-0.12,"{""shear_y"":-0.12}","[[1.0,0.0,0.0],[-0.12,1.0,19.56],[0.0,0.0,1.0]]","[[1.0018746063311719,0.0008857622911249239,-0.3357773712871957],[-0.11976652427240764,1.0010158066657813,19.524015330511066],[2.8897567248522477e-06,2.397939346709228e-06,1.0]]",artifacts/masks/nut_28/shear_y_-0.12.npz,1,paired_yolo_boxes,70,69,62,62,1.0,0.6385883675268351,0.16670924425125122,0.9700548962395609,1.0,0.9700174882398601,1.0,0.15354451537132263,USAC_MAGSAC,SUCCESS,True,True,"[{""roi_index"":0,""area_ratio"":0.09636451574036256,""failure"":null}]",,18.597,0.48175230622291565,0.48175230622291565,0.9833015203475952,0.9833015203475952,0.98387211561203,0.98387211561203,0.2751389443874359,0.9591066837310791,0.961186945438385,1.0,1.0,1.0,
synthetic-03-shear_y_+0.12,synthetic_transform,nut_28.jpg,nut_28.jpg,nut,nut,shear_y,12pct,shear_y_+0.12,"{""shear_y"":0.12}","[[1.0,0.0,0.0],[0.12,1.0,-19.56],[0.0,0.0,1.0]]","[[0.9898163120538012,-0.0011715706428418347,0.9839264151195616],[0.11665761395206636,0.9924646836434875,-18.778925316630584],[-2.1993908416177802e-05,-1.224636985767601e-05,1.0]]",artifacts/masks/nut_28/shear_y_+0.12.npz,1,paired_yolo_boxes,70,66,58,58,1.0,0.703206102568943,0.23070955276489258,0.9683902402528781,1.0,0.9700174882398601,1.0,0.906611442565918,USAC_MAGSAC,SUCCESS,True,True,"[{""roi_index"":0,""area_ratio"":0.09637309919384271,""failure"":null}]",,23.715,0.4751904010772705,0.4751904010772705,0.9821600914001465,0.9821600914001465,0.9838168025016785,0.9838168025016785,0.2791646122932434,0.9553243517875671,0.9616357684135437,1.0,1.0,1.0,
synthetic-03-scale_0.85,synthetic_transform,nut_28.jpg,nut_28.jpg,nut,nut,scale,0.85x,scale_0.85,"{""scale"":0.85}","[[0.85,0.0,24.450000000000003],[0.0,0.85,24.450000000000003],[0.0,0.0,1.0]]","[[0.8508649833582638,-0.0009315607595250432,24.55425591325326],[0.0008597938175970601,0.850855593394056,24.16770099672544],[1.0733920495484704e-06,1.5319004830431752e-06,1.0]]",artifacts/masks/nut_28/scale_0.85.npz,1,paired_yolo_boxes,70,68,35,34,0.9714285714285714,0.7017355294536806,0.3433208465576172,0.9909472640724218,1.0,0.98780499209756,1.0,0.2544989287853241,USAC_MAGSAC,SUCCESS,True,True,"[{""roi_index"":0,""area_ratio"":0.06965325219887396,""failure"":null}]",,21.44,0.3818560838699341,0.3818560838699341,0.9638612270355225,0.9638612270355225,0.9648383855819702,0.9648383855819702,0.10300654172897339,0.9021125435829163,0.9048954844474792,1.0,1.0,1.0,
synthetic-03-scale_1.15,synthetic_transform,nut_28.jpg,nut_28.jpg,nut,nut,scale,1.15x,scale_1.15,"{""scale"":1.15}","[[1.15,0.0,-24.449999999999985],[0.0,1.15,-24.449999999999985],[0.0,0.0,1.0]]","[[1.1426249764323682,0.0014530865258698686,-24.170260176238802],[-0.0028212827330100646,1.1458098523915765,-23.851220814011423],[-1.8618458173721257e-05,-2.8906045913279645e-06,1.0]]",artifacts/masks/nut_28/scale_1.15.npz,1,paired_yolo_boxes,70,68,41,40,0.975609756097561,0.7021310798205735,0.3475531339645386,0.7563336419493308,1.0,0.7596161939230704,1.0,0.7770719528198242,USAC_MAGSAC,SUCCESS,True,True,"[{""roi_index"":0,""area_ratio"":0.12759151020126008,""failure"":null}]",,22.389,0.3317584693431854,0.3317584693431854,0.9790484309196472,0.9790484309196472,0.9802023768424988,0.9802023768424988,0.06534470617771149,0.9416543245315552,0.9464224576950073,1.0,1.0,1.0,
synthetic-03-perspective_light,synthetic_transform,nut_28.jpg,nut_28.jpg,nut,nut,perspective,light,perspective_light,"{""corner_offsets_px"":[[1.04622,1.04505],[-1.03461,0.20799],[-1.11609,-0.19652],[0.62611,-0.81738]],""amount_fraction"":0.02}","[[0.9891556214615213,-0.0012906886173154085,1.0462199449539185],[-0.0025705242812560135,0.9932441952720996,1.045050024986267],[-1.372907414926046e-05,-3.206876776084548e-06,1.0]]","[[0.9911621447863773,-0.0010535577485980294,0.9002575001432548],[-0.0010675130296729479,0.9949555157272459,0.6945998031202085],[-8.041548296044932e-06,-1.660131842565071e-06,1.0]]",artifacts/masks/nut_28/perspective_light.npz,1,paired_yolo_boxes,70,68,61,61,1.0,0.6811622555762996,0.05573604628443718,0.9997100880023193,1.0,0.9999812960001496,1.0,0.20613428950309753,USAC_MAGSAC,SUCCESS,True,True,"[{""roi_index"":0,""area_ratio"":0.09551977491639466,""failure"":null}]",,19.993,0.9458618760108948,0.9458618760108948,0.9855479001998901,0.9855479001998901,0.9855929017066956,0.9855929017066956,0.8428053855895996,0.9595004916191101,0.9592062830924988,1.0,1.0,1.0,
synthetic-03-perspective_moderate,synthetic_transform,nut_28.jpg,nut_28.jpg,nut,nut,perspective,moderate,perspective_moderate,"{""corner_offsets_px"":[[1.11937,3.73113],[0.14004,0.73566],[-3.66063,-3.2997],[1.47317,-0.94573]],""amount_fraction"":0.055}","[[0.9950971764221661,0.0011436845161805467,1.1193699836730957],[-0.009192840828098611,0.9985415287948548,3.7311298847198486],[-5.821915219801328e-06,3.964801079514265e-05,1.0]]","[[0.9965555203599276,0.0007116078929963269,1.1468502098618536],[-0.006731553741996269,0.9999832227483094,3.2914656655443433],[1.2840315649743442e-06,3.97804114386029e-05,1.0]]",artifacts/masks/nut_28/perspective_moderate.npz,1,paired_yolo_boxes,70,68,59,59,1.0,0.673772077609187,0.12409830093383789,0.9994762880041898,1.0,0.9999345360005237,1.0,0.34840714931488037,USAC_MAGSAC,SUCCESS,True,True,"[{""roi_index"":0,""area_ratio"":0.0941940769985873,""failure"":null}]",,19.987,0.7697069644927979,0.7697069644927979,0.9712685942649841,0.9712685942649841,0.971754252910614,0.971754252910614,0.47697967290878296,0.9217991232872009,0.9246073961257935,1.0,1.0,1.0,
synthetic-03-perspective_strong,synthetic_transform,nut_28.jpg,nut_28.jpg,nut,nut,perspective,strong,perspective_strong,"{""corner_offsets_px"":[[8.16599,3.53213],[0.30246,2.3385],[-7.59379,-3.85348],[0.27551,-2.75572]],""amount_fraction"":0.1}","[[0.9755787841783363,-0.024203916942836422,8.165989875793457],[-0.003663591352469933,0.9807227355724664,3.532130002975464],[-9.192626569632801e-07,3.272598141703527e-08,1.0]]","[[0.976017851464576,-0.02425321902114332,8.18095630831015],[-0.003146360059770074,0.9813627869480059,3.3953526950050534],[1.5890674176529175e-07,1.0631816362238496e-06,1.0]]",artifacts/masks/nut_28/perspective_strong.npz,1,paired_yolo_boxes,70,68,62,62,1.0,0.6645584861370077,0.09043143689632416,0.9997849040017208,1.0,0.9998129600014963,1.0,0.0766935721039772,USAC_MAGSAC,SUCCESS,True,True,"[{""roi_index"":0,""area_ratio"":0.09222021684059555,""failure"":null}]",,19.682,0.8624221682548523,0.8624221682548523,0.9731221795082092,0.9731221795082092,0.9733646512031555,0.9733646512031555,0.6285394430160522,0.927743136882782,0.9282423853874207,1.0,1.0,1.0,
synthetic-03-combined_moderate,synthetic_transform,nut_28.jpg,nut_28.jpg,nut,nut,combined,moderate,combined_moderate,"{""rotation_deg"":12.0,""shear_x"":0.06,""shear_y"":-0.04,""scale"":1.05,""corner_offsets_px"":[[1.85784,1.20553],[-1.86753,1.66051],[-2.9873,-1.94599],[2.33172,-1.94248]]}","[[1.003025260307035,0.27853519019098505,-45.48979453419653],[-0.25664463947222577,1.0135216573705628,40.23136371572387],[4.651270372637697e-07,1.6753722820844405e-05,1.0]]","[[0.9950874684677713,0.2793419804109349,-44.719525024874315],[-0.2599447426131238,1.0132593793402715,40.527230392860204],[-2.4515780778253718e-05,2.842777456685411e-05,1.0]]",artifacts/masks/nut_28/combined_moderate.npz,1,paired_yolo_boxes,70,59,55,55,1.0,0.8309599573350189,0.21178841590881348,0.8639190490886476,1.0,0.8636197850910418,1.0,0.9743491411209106,USAC_MAGSAC,SUCCESS,True,True,"[{""roi_index"":0,""area_ratio"":0.10401093905843116,""failure"":null}]",,22.205,0.35686421394348145,0.35686421394348145,0.976542592048645,0.976542592048645,0.9771983623504639,0.9771983623504639,0.10710243880748749,0.9375599026679993,0.9400944113731384,1.0,1.0,1.0,
synthetic-04-identity,synthetic_transform,nut_29.jpg,nut_29.jpg,nut,nut,identity,none,identity,"{""rotation_deg"":0.0,""scale"":1.0}","[[1.0,0.0,0.0],[0.0,1.0,0.0],[0.0,0.0,1.0]]","[[1.0,0.0,0.0],[0.0,1.0,0.0],[0.0,0.0,1.0]]",artifacts/masks/nut_29/identity.npz,1,paired_yolo_boxes,178,178,178,178,1.0,0.8422680028024786,0.0,1.0,1.0,1.0,1.0,0.0,USAC_MAGSAC,SUCCESS,True,True,"[{""roi_index"":0,""area_ratio"":0.04821207553239755,""failure"":null}]",,53.132,1.0,1.0,1.0,1.0,1.0,1.0,1.0,1.0,1.0,1.0,1.0,1.0,
synthetic-04-rotation_-30,synthetic_transform,nut_29.jpg,nut_29.jpg,nut,nut,rotation,30deg,rotation_-30,"{""angle_deg"":-30}","[[0.8660254037844387,-0.49999999999999994,161.34653473686035],[0.49999999999999994,0.8660254037844387,-93.15346526313964],[0.0,0.0,1.0]]","[[0.8608516886867057,-0.4994146711333984,161.73780236964143],[0.4962635074066902,0.8625308060814538,-92.05640100066854],[-6.205586247644258e-06,-4.973941641520713e-06,1.0]]",artifacts/masks/nut_29/rotation_-30.npz,1,paired_yolo_boxes,178,149,119,118,0.9915966386554622,0.5780916323003117,0.2632126212120056,0.845682429834679,1.0,0.8451518646674356,1.0,0.7402958869934082,USAC_MAGSAC,SUCCESS,True,True,"[{""roi_index"":0,""area_ratio"":0.04814928050706434,""failure"":null}]",,58.653,0.3782990872859955,0.3782990872859955,0.982418954372406,0.982418954372406,0.9827709197998047,0.9827709197998047,0.1136336624622345,0.9503340125083923,0.9515180587768555,1.0,1.0,1.0,
synthetic-04-rotation_-20,synthetic_transform,nut_29.jpg,nut_29.jpg,nut,nut,rotation,20deg,rotation_-20,"{""angle_deg"":-20}","[[0.9396926207859084,-0.3420201433256687,102.39235448636899],[0.3420201433256687,0.9396926207859084,-71.69589846639639],[0.0,0.0,1.0]]","[[0.9391973012199345,-0.3420621377013079,102.59111339089245],[0.34253440117266265,0.9388825458518042,-71.58116389248482],[2.4140814046360745e-06,-2.1325808578188298e-06,1.0]]",artifacts/masks/nut_29/rotation_-20.npz,1,paired_yolo_boxes,178,158,136,134,0.9852941176470589,0.6294746490583171,0.22124740481376648,0.8771972318339101,1.0,0.876401384083045,1.0,0.3472263514995575,USAC_MAGSAC,SUCCESS,True,True,"[{""roi_index"":0,""area_ratio"":0.048134466891770665,""failure"":null}]",,53.163,0.41258755326271057,0.41258755326271057,0.9818830490112305,0.9818830490112305,0.9823843836784363,0.9823843836784363,0.13014666736125946,0.9491151571273804,0.9510588645935059,1.0,1.0,1.0,
synthetic-04-rotation_-10,synthetic_transform,nut_29.jpg,nut_29.jpg,nut,nut,rotation,10deg,rotation_-10,"{""angle_deg"":-10}","[[0.984807753012208,-0.17364817766693033,48.05988807462683],[0.17364817766693033,0.984807753012208,-40.32703435784071],[0.0,0.0,1.0]]","[[0.9845955617534013,-0.17350271420884975,48.15499444425278],[0.17376856615744235,0.984737791622501,-40.24197338585941],[-2.3884962957236147e-07,9.528086211307287e-07,1.0]]",artifacts/masks/nut_29/rotation_-10.npz,1,paired_yolo_boxes,178,182,146,146,1.0,0.7595335673338992,0.138435497879982,0.9268589004229143,1.0,0.9265974625144175,1.0,0.17106899619102478,USAC_MAGSAC,SUCCESS,True,True,"[{""roi_index"":0,""area_ratio"":0.04817423342837363,""failure"":null}]",,45.155,0.522053599357605,0.522053599357605,0.9810513257980347,0.9810513257980347,0.9814631938934326,0.9814631938934326,0.2042870670557022,0.9454361200332642,0.9473278522491455,1.0,1.0,1.0,
synthetic-04-rotation_+10,synthetic_transform,nut_29.jpg,nut_29.jpg,nut,nut,rotation,10deg,rotation_+10,"{""angle_deg"":10}","[[0.984807753012208,0.17364817766693033,-40.32703435784071],[-0.17364817766693033,0.984807753012208,48.05988807462683],[0.0,0.0,1.0]]","[[0.9859447784024405,0.17388683586109752,-40.74737931347378],[-0.17257255978824632,0.9841664904351454,47.91078013485951],[2.0432703173561195e-06,-1.940936389320573e-06,1.0]]",artifacts/masks/nut_29/rotation_+10.npz,1,paired_yolo_boxes,178,174,153,153,1.0,0.7726476503064195,0.17239010334014893,0.9260092272202999,1.0,0.9265974625144175,1.0,0.37666040658950806,USAC_MAGSAC,SUCCESS,True,True,"[{""roi_index"":0,""area_ratio"":0.04823474315985603,""failure"":null}]",,53.435,0.5161247253417969,0.5161247253417969,0.9808844327926636,0.9808844327926636,0.981657087802887,0.981657087802887,0.20059292018413544,0.943034291267395,0.9468066692352295,1.0,1.0,1.0,
synthetic-04-rotation_+20,synthetic_transform,nut_29.jpg,nut_29.jpg,nut,nut,rotation,20deg,rotation_+20,"{""angle_deg"":20}","[[0.9396926207859084,0.3420201433256687,-71.69589846639639],[-0.3420201433256687,0.9396926207859084,102.39235448636899],[0.0,0.0,1.0]]","[[0.9349132336861812,0.3375162201678935,-70.29974113113015],[-0.3413411329727229,0.9334042302679286,102.839884722637],[-3.2152041041225477e-06,-1.0570830239603416e-05,1.0]]",artifacts/masks/nut_29/rotation_+20.npz,1,paired_yolo_boxes,178,156,134,133,0.9925373134328358,0.662293033518023,0.1909300982952118,0.876639753940792,1.0,0.876401384083045,1.0,0.905750036239624,USAC_MAGSAC,SUCCESS,True,True,"[{""roi_index"":0,""area_ratio"":0.048159768899938685,""failure"":null}]",,49.656,0.4057188034057617,0.4057188034057617,0.9806816577911377,0.9806816577911377,0.9824954867362976,0.9824954867362976,0.1249738484621048,0.9434219002723694,0.9502595067024231,1.0,1.0,1.0,
synthetic-04-rotation_+30,synthetic_transform,nut_29.jpg,nut_29.jpg,nut,nut,rotation,30deg,rotation_+30,"{""angle_deg"":30}","[[0.8660254037844387,0.49999999999999994,-93.15346526313964],[-0.49999999999999994,0.8660254037844387,161.34653473686035],[0.0,0.0,1.0]]","[[0.8651360931335859,0.4971486267446884,-92.75108536367422],[-0.49765284708744956,0.8617792319117019,161.31276865843387],[1.4132686163615621e-06,-8.300593490013805e-06,1.0]]",artifacts/masks/nut_29/rotation_+30.npz,1,paired_yolo_boxes,178,157,131,130,0.9923664122137404,0.6015523698408535,0.2190350592136383,0.8454248366013072,1.0,0.8451518646674356,1.0,0.7063549160957336,USAC_MAGSAC,SUCCESS,True,True,"[{""roi_index"":0,""area_ratio"":0.048179544196662843,""failure"":null}]",,46.075,0.37040409445762634,0.37040409445762634,0.980453610420227,0.980453610420227,0.9825803637504578,0.9825803637504578,0.10650555789470673,0.9428985714912415,0.9511553645133972,1.0,1.0,1.0,
synthetic-04-shear_x_-0.12,synthetic_transform,nut_29.jpg,nut_29.jpg,nut,nut,shear_x,12pct,shear_x_-0.12,"{""shear_x"":-0.12}","[[1.0,-0.12,30.54],[0.0,1.0,0.0],[0.0,0.0,1.0]]","[[0.9998037340839312,-0.11959755243572494,30.439999599162277],[0.00011118374420606943,0.9993403298000402,0.06459432400482024],[5.023657455466986e-07,-1.2500697820413303e-06,1.0]]",artifacts/masks/nut_29/shear_x_-0.12.npz,1,paired_yolo_boxes,178,166,143,143,1.0,0.876889261574979,0.18505385518074036,0.9701268742791234,1.0,0.9699846212995001,1.0,0.19165270030498505,USAC_MAGSAC,SUCCESS,True,True,"[{""roi_index"":0,""area_ratio"":0.048199077443814464,""failure"":null}]",,51.919,0.7016481757164001,0.7016481757164001,0.9935625791549683,0.9935625791549683,0.9941191673278809,0.9941191673278809,0.3906349539756775,0.9808887243270874,0.9828211665153503,1.0,1.0,1.0,
synthetic-04-shear_x_+0.12,synthetic_transform,nut_29.jpg,nut_29.jpg,nut,nut,shear_x,12pct,shear_x_+0.12,"{""shear_x"":0.12}","[[1.0,0.12,-30.54],[0.0,1.0,0.0],[0.0,0.0,1.0]]","[[1.0009398200905912,0.11945470771749622,-30.505446267879126],[0.001068490174362323,0.9996798762045392,-0.10841569247639084],[2.8027855343623653e-06,-1.195620452312126e-06,1.0]]",artifacts/masks/nut_29/shear_x_+0.12.npz,1,paired_yolo_boxes,178,185,150,150,1.0,0.7960994196092299,0.169322669506073,0.9700192233756247,1.0,0.9699846212995001,1.0,0.2648290991783142,USAC_MAGSAC,SUCCESS,True,True,"[{""roi_index"":0,""area_ratio"":0.04818173076224956,""failure"":null}]",,51.431,0.6981829404830933,0.6981829404830933,0.9936060905456543,0.9936060905456543,0.9941499829292297,0.9941499829292297,0.3888801038265228,0.9810389280319214,0.982760488986969,1.0,1.0,1.0,
synthetic-04-shear_y_-0.12,synthetic_transform,nut_29.jpg,nut_29.jpg,nut,nut,shear_y,12pct,shear_y_-0.12,"{""shear_y"":-0.12}","[[1.0,0.0,0.0],[-0.12,1.0,30.54],[0.0,0.0,1.0]]","[[0.9986627421517537,0.0002292575882904297,0.05068130185652047],[-0.12071002102669287,0.9996505758505247,30.625058366591105],[-2.4010135732820497e-06,-6.053232340121436e-07,1.0]]",artifacts/masks/nut_29/shear_y_-0.12.npz,1,paired_yolo_boxes,178,171,156,156,1.0,0.8204798697718645,0.19117207825183868,0.969442522106882,1.0,0.9699923106497501,1.0,0.24525833129882812,USAC_MAGSAC,SUCCESS,True,True,"[{""roi_index"":0,""area_ratio"":0.048243880382852156,""failure"":null}]",,44.529,0.5919041633605957,0.5919041633605957,0.9886736869812012,0.9886736869812012,0.9890813827514648,0.9890813827514648,0.27658066153526306,0.9688788652420044,0.9704431891441345,1.0,1.0,1.0,
synthetic-04-shear_y_+0.12,synthetic_transform,nut_29.jpg,nut_29.jpg,nut,nut,shear_y,12pct,shear_y_+0.12,"{""shear_y"":0.12}","[[1.0,0.0,0.0],[0.12,1.0,-30.54],[0.0,0.0,1.0]]","[[1.0011556121504286,-0.00022599488882566897,-0.016317816857844544],[0.12048750162884858,1.0002549726353407,-30.542466629592873],[2.5090963430805056e-06,9.665602034654177e-08,1.0]]",artifacts/masks/nut_29/shear_y_+0.12.npz,1,paired_yolo_boxes,178,184,155,155,1.0,0.7622461196500092,0.19500446319580078,0.9702229911572472,1.0,0.9700153787004998,1.0,0.20203866064548492,USAC_MAGSAC,SUCCESS,True,True,"[{""roi_index"":0,""area_ratio"":0.0481857448043957,""failure"":null}]",,44.472,0.5951411128044128,0.5951411128044128,0.9883936643600464,0.9883936643600464,0.989104151725769,0.989104151725769,0.27544599771499634,0.9677799940109253,0.9706366062164307,1.0,1.0,1.0,
synthetic-04-scale_0.85,synthetic_transform,nut_29.jpg,nut_29.jpg,nut,nut,scale,0.85x,scale_0.85,"{""scale"":0.85}","[[0.85,0.0,38.175000000000004],[0.0,0.85,38.175000000000004],[0.0,0.0,1.0]]","[[0.8510847788947704,-0.00011835214891458691,38.15837721372859],[0.0011941422062782358,0.8492956410646162,38.26934310495101],[4.53676230098423e-06,-3.494104382247342e-06,1.0]]",artifacts/masks/nut_29/scale_0.85.npz,1,paired_yolo_boxes,178,192,115,113,0.9826086956521739,0.8355309888290223,0.46748271584510803,1.0,1.0,1.0,1.0,0.43440520763397217,USAC_MAGSAC,SUCCESS,True,True,"[{""roi_index"":0,""area_ratio"":0.03482133516767347,""failure"":null}]",,55.362,0.41603052616119385,0.41603052616119385,0.9678747057914734,0.9678747057914734,0.9748413562774658,0.9748413562774658,0.11113382875919342,0.8978724479675293,0.9230414628982544,1.0,1.0,1.0,
synthetic-04-scale_1.15,synthetic_transform,nut_29.jpg,nut_29.jpg,nut,nut,scale,1.15x,scale_1.15,"{""scale"":1.15}","[[1.15,0.0,-38.174999999999976],[0.0,1.15,-38.174999999999976],[0.0,0.0,1.0]]","[[1.1461602472448662,-0.00047547630043243654,-37.62961636726803],[-0.0010225737931350534,1.1480634137332635,-37.690222130102406],[-6.382385023791053e-06,2.231113254895306e-07,1.0]]",artifacts/masks/nut_29/scale_1.15.npz,1,paired_yolo_boxes,178,168,98,96,0.9795918367346939,0.8489410462136094,0.6375695466995239,0.7574125336409073,1.0,0.7579238754325259,1.0,0.6183509826660156,USAC_MAGSAC,SUCCESS,True,True,"[{""roi_index"":0,""area_ratio"":0.06372613052937316,""failure"":null}]",,46.069,0.422273188829422,0.422273188829422,0.9824192523956299,0.9824192523956299,0.9857898354530334,0.9857898354530334,0.15349721908569336,0.9439272284507751,0.9568918943405151,1.0,1.0,1.0,
synthetic-04-perspective_light,synthetic_transform,nut_29.jpg,nut_29.jpg,nut,nut,perspective,light,perspective_light,"{""corner_offsets_px"":[[2.04769,0.38658],[-0.038,0.04777],[-1.89352,-0.49782],[-0.18955,-2.6203]],""amount_fraction"":0.02}","[[0.9910652609441064,-0.004395076489550411,2.047689914703369],[-0.0006660924876720071,0.9933264033439175,0.3865799903869629],[-9.50390696801868e-06,-1.5130341485665752e-06,1.0]]","[[0.9909933651597828,-0.00457484791445859,2.0783023003497267],[-0.0004156082560795779,0.9927587535209609,0.41583197848323505],[-9.508046241727916e-06,-2.4556857138739595e-06,1.0]]",artifacts/masks/nut_29/perspective_light.npz,1,paired_yolo_boxes,178,176,160,160,1.0,0.8382295648332351,0.0741792768239975,0.9996501345636294,1.0,0.9999846212995002,1.0,0.11240518093109131,USAC_MAGSAC,SUCCESS,True,True,"[{""roi_index"":0,""area_ratio"":0.04786962903257257,""failure"":null}]",,48.837,0.8452036380767822,0.8452036380767822,0.9831238389015198,0.9831238389015198,0.9838382005691528,0.9838382005691528,0.596741795539856,0.9434227347373962,0.9453260898590088,1.0,1.0,1.0,
synthetic-04-perspective_moderate,synthetic_transform,nut_29.jpg,nut_29.jpg,nut,nut,perspective,moderate,perspective_moderate,"{""corner_offsets_px"":[[8.20269,1.33636],[0.04947,4.72852],[-5.38318,-6.04528],[4.23399,-7.14927]],""amount_fraction"":0.055}","[[0.9885683894991656,-0.007772252838000128,8.202690124511719],[0.006706965057206231,0.9862683666014442,1.336359977722168],[9.009940704123062e-06,5.857376114435212e-06,1.0]]","[[0.9897938177031947,-0.007673977613049327,8.099108715832665],[0.007313980529965565,0.986987144231851,1.2024702114582797],[1.11643882547395e-05,6.682178722062635e-06,1.0]]",artifacts/masks/nut_29/perspective_moderate.npz,1,paired_yolo_boxes,178,179,162,162,1.0,0.842632034465916,0.1081540584564209,0.9997500961168782,1.0,0.9999154171472511,1.0,0.17328904569149017,USAC_MAGSAC,SUCCESS,True,True,"[{""roi_index"":0,""area_ratio"":0.04645776697114824,""failure"":null}]",,57.523,0.5905930995941162,0.5905930995941162,0.9784058928489685,0.9784058928489685,0.9786573052406311,0.9786573052406311,0.18641869723796844,0.937715470790863,0.9387362003326416,1.0,1.0,1.0,
synthetic-04-perspective_strong,synthetic_transform,nut_29.jpg,nut_29.jpg,nut,nut,perspective,strong,perspective_strong,"{""corner_offsets_px"":[[3.20087,7.84066],[-2.3699,-2.40888],[-8.65617,-6.46542],[0.27661,-5.3924]],""amount_fraction"":0.1}","[[0.9709804620521522,-0.0057415786288511315,3.2008700370788574],[-0.020050679629315282,0.9804278549828812,7.840660095214844],[-3.567690256151768e-05,1.2759931931822413e-05,1.0]]","[[0.9719364863812897,-0.005721190018884885,3.1137874298895003],[-0.01953100330456013,0.9810375072848029,7.693535161053065],[-3.4183085785186925e-05,1.3226211840688959e-05,1.0]]",artifacts/masks/nut_29/perspective_strong.npz,1,paired_yolo_boxes,178,171,153,153,1.0,0.8389104063518107,0.1052655428647995,0.9991311034217608,1.0,0.9993963860053825,1.0,0.12447237968444824,USAC_MAGSAC,SUCCESS,True,True,"[{""roi_index"":0,""area_ratio"":0.04669841225076215,""failure"":null}]",,52.351,0.5554741621017456,0.5554741621017456,0.9812713861465454,0.9812713861465454,0.981418788433075,0.981418788433075,0.21882835030555725,0.9446238875389099,0.945433497428894,1.0,1.0,1.0,
synthetic-04-combined_moderate,synthetic_transform,nut_29.jpg,nut_29.jpg,nut,nut,combined,moderate,combined_moderate,"{""rotation_deg"":12.0,""shear_x"":0.06,""shear_y"":-0.04,""scale"":1.05,""corner_offsets_px"":[[5.55358,3.38565],[-0.63287,2.08769],[-1.12756,-1.47964],[0.21116,-2.08589]]}","[[1.0011528681736144,0.2649447274256797,-68.73644661951222],[-0.25688864684997675,0.9975681114409154,63.724050497934485],[-2.6155452040084757e-06,-2.1190017191425745e-05,1.0]]","[[0.9968413999194646,0.26335428654628007,-68.084423026827],[-0.25792575530539613,0.9936621340299158,64.29074720649425],[-9.711627510714191e-06,-2.5313637787789388e-05,1.0]]",artifacts/masks/nut_29/combined_moderate.npz,1,paired_yolo_boxes,178,160,134,132,0.9850746268656716,0.7385466144444578,0.22325170040130615,0.8593925413302576,1.0,0.8600499807766244,1.0,0.6132657527923584,USAC_MAGSAC,SUCCESS,True,True,"[{""roi_index"":0,""area_ratio"":0.05245458295064626,""failure"":null}]",,56.598,0.4448598623275757,0.4448598623275757,0.9822604060173035,0.9822604060173035,0.98328697681427,0.98328697681427,0.14335764944553375,0.949720561504364,0.9543076157569885,1.0,1.0,1.0,
synthetic-05-identity,synthetic_transform,nut_30.jpg,nut_30.jpg,nut,nut,identity,none,identity,"{""rotation_deg"":0.0,""scale"":1.0}","[[1.0,0.0,0.0],[0.0,1.0,0.0],[0.0,0.0,1.0]]","[[1.0,0.0,0.0],[0.0,1.0,0.0],[0.0,0.0,1.0]]",artifacts/masks/nut_30/identity.npz,1,paired_yolo_boxes,142,142,142,142,1.0,0.7144275144805764,0.0,1.0,1.0,1.0,1.0,0.0,USAC_MAGSAC,SUCCESS,True,True,"[{""roi_index"":0,""area_ratio"":0.05440992438212099,""failure"":null}]",,56.203,1.0,1.0,1.0,1.0,1.0,1.0,1.0,1.0,1.0,1.0,1.0,1.0,
synthetic-05-rotation_-30,synthetic_transform,nut_30.jpg,nut_30.jpg,nut,nut,rotation,30deg,rotation_-30,"{""angle_deg"":-30}","[[0.8660254037844387,-0.49999999999999994,161.34653473686035],[0.49999999999999994,0.8660254037844387,-93.15346526313964],[0.0,0.0,1.0]]","[[0.8652588752845282,-0.5002284446858487,161.51491154588481],[0.4985222954724344,0.8656457080808688,-92.85258015209334],[-2.5317276104110984e-06,9.344348577245637e-07,1.0]]",artifacts/masks/nut_30/rotation_-30.npz,1,paired_yolo_boxes,142,108,83,81,0.9759036144578314,0.6200880951832521,0.21877090632915497,0.8451441753171857,1.0,0.8451518646674356,1.0,0.30697399377822876,USAC_MAGSAC,SUCCESS,True,True,"[{""roi_index"":0,""area_ratio"":0.05441912824744586,""failure"":null}]",,49.968,0.37709784507751465,0.37709784507751465,0.9797452688217163,0.9797452688217163,0.9808596968650818,0.9808596968650818,0.11585476249456406,0.9339523911476135,0.9392398595809937,1.0,1.0,1.0,
synthetic-05-rotation_-20,synthetic_transform,nut_30.jpg,nut_30.jpg,nut,nut,rotation,20deg,rotation_-20,"{""angle_deg"":-20}","[[0.9396926207859084,-0.3420201433256687,102.39235448636899],[0.3420201433256687,0.9396926207859084,-71.69589846639639],[0.0,0.0,1.0]]","[[0.9428483915073866,-0.34150670124437826,101.97499059405735],[0.3434414327335751,0.9422004249695647,-72.25368677682064],[3.141335816494902e-06,3.993856309707344e-06,1.0]]",artifacts/masks/nut_30/rotation_-20.npz,1,paired_yolo_boxes,142,112,89,88,0.9887640449438202,0.6156692978404936,0.17059502005577087,0.8759015763168012,1.0,0.876401384083045,1.0,0.43245741724967957,USAC_MAGSAC,SUCCESS,True,True,"[{""roi_index"":0,""area_ratio"":0.05442069349453313,""failure"":null}]",,51.296,0.43969953060150146,0.43969953060150146,0.9799301028251648,0.9799301028251648,0.9805524945259094,0.9805524945259094,0.14206446707248688,0.9355277419090271,0.938088059425354,1.0,1.0,1.0,
synthetic-05-rotation_-10,synthetic_transform,nut_30.jpg,nut_30.jpg,nut,nut,rotation,10deg,rotation_-10,"{""angle_deg"":-10}","[[0.984807753012208,-0.17364817766693033,48.05988807462683],[0.17364817766693033,0.984807753012208,-40.32703435784071],[0.0,0.0,1.0]]","[[0.9825169828638999,-0.17542533239958263,48.91308520327746],[0.17293494786325472,0.9826882535212614,-39.792254138766324],[-1.4818988497491468e-06,-1.5951800125831444e-06,1.0]]",artifacts/masks/nut_30/rotation_-10.npz,1,paired_yolo_boxes,142,128,105,104,0.9904761904761905,0.6460027217175301,0.1849745810031891,0.9271357170319108,1.0,0.9265974625144175,1.0,0.481657475233078,USAC_MAGSAC,SUCCESS,True,True,"[{""roi_index"":0,""area_ratio"":0.05431506374611146,""failure"":null}]",,52.051,0.5309365391731262,0.5309365391731262,0.9801174998283386,0.9801174998283386,0.9805391430854797,0.9805391430854797,0.18621282279491425,0.9340924620628357,0.9362000226974487,1.0,1.0,1.0,
synthetic-05-rotation_+10,synthetic_transform,nut_30.jpg,nut_30.jpg,nut,nut,rotation,10deg,rotation_+10,"{""angle_deg"":10}","[[0.984807753012208,0.17364817766693033,-40.32703435784071],[-0.17364817766693033,0.984807753012208,48.05988807462683],[0.0,0.0,1.0]]","[[0.9837030320884511,0.1735845784834035,-40.29788106067601],[-0.17551943831321992,0.9834812368591461,48.54033391374192],[-4.166296442848968e-06,-1.6049777426854538e-07,1.0]]",artifacts/masks/nut_30/rotation_+10.npz,1,paired_yolo_boxes,142,140,116,116,1.0,0.7573861841528599,0.14275576174259186,0.9254209919261822,1.0,0.9265974625144175,1.0,0.5012046098709106,USAC_MAGSAC,SUCCESS,True,True,"[{""roi_index"":0,""area_ratio"":0.05448125054102553,""failure"":null}]",,50.02,0.5292521715164185,0.5292521715164185,0.9790853261947632,0.9790853261947632,0.9802173972129822,0.9802173972129822,0.18610334396362305,0.9292383790016174,0.9337729215621948,1.0,1.0,1.0,
synthetic-05-rotation_+20,synthetic_transform,nut_30.jpg,nut_30.jpg,nut,nut,rotation,20deg,rotation_+20,"{""angle_deg"":20}","[[0.9396926207859084,0.3420201433256687,-71.69589846639639],[-0.3420201433256687,0.9396926207859084,102.39235448636899],[0.0,0.0,1.0]]","[[0.9396433083786001,0.34207079038260163,-71.73349152059394],[-0.34344169032388705,0.9383400377105998,103.02604996526229],[-1.5907007613613773e-06,4.578679523277598e-07,1.0]]",artifacts/masks/nut_30/rotation_+20.npz,1,paired_yolo_boxes,142,140,105,105,1.0,0.7170321691337974,0.1970546990633011,0.8760899653979238,1.0,0.876401384083045,1.0,0.4384378492832184,USAC_MAGSAC,SUCCESS,True,True,"[{""roi_index"":0,""area_ratio"":0.05440812593481999,""failure"":null}]",,58.503,0.4433322548866272,0.4433322548866272,0.9799002408981323,0.9799002408981323,0.9804379343986511,0.9804379343986511,0.14115136861801147,0.9353310465812683,0.937234103679657,1.0,1.0,1.0,
synthetic-05-rotation_+30,synthetic_transform,nut_30.jpg,nut_30.jpg,nut,nut,rotation,30deg,rotation_+30,"{""angle_deg"":30}","[[0.8660254037844387,0.49999999999999994,-93.15346526313964],[-0.49999999999999994,0.8660254037844387,161.34653473686035],[0.0,0.0,1.0]]","[[0.8644192193777661,0.49705174545412656,-92.2008962872436],[-0.4988142496530638,0.8644434184281659,161.12577475007504],[1.3103842235015973e-06,-4.8792582787729875e-06,1.0]]",artifacts/masks/nut_30/rotation_+30.npz,1,paired_yolo_boxes,142,118,92,92,1.0,0.7013573849960933,0.1809830218553543,0.8459554017685506,1.0,0.8451518646674356,1.0,0.5674339532852173,USAC_MAGSAC,SUCCESS,True,True,"[{""roi_index"":0,""area_ratio"":0.054324048159282635,""failure"":null}]",,69.439,0.3807085156440735,0.3807085156440735,0.9800615310668945,0.9800615310668945,0.98112952709198,0.98112952709198,0.11627501249313354,0.9347900748252869,0.9393240809440613,1.0,1.0,1.0,
synthetic-05-shear_x_-0.12,synthetic_transform,nut_30.jpg,nut_30.jpg,nut,nut,shear_x,12pct,shear_x_-0.12,"{""shear_x"":-0.12}","[[1.0,-0.12,30.54],[0.0,1.0,0.0],[0.0,0.0,1.0]]","[[1.0004069823224835,-0.11969836302028461,30.355711519131813],[0.0003929471541355353,1.00058865003134,-0.2304101467786183],[-4.500214410880338e-08,1.506602757420993e-07,1.0]]",artifacts/masks/nut_30/shear_x_-0.12.npz,1,paired_yolo_boxes,142,128,114,114,1.0,0.670138618934007,0.21911726891994476,0.9696270665128797,1.0,0.9699846212995001,1.0,0.16698381304740906,USAC_MAGSAC,SUCCESS,True,True,"[{""roi_index"":0,""area_ratio"":0.05446260040094474,""failure"":null}]",,64.907,0.7287309169769287,0.7287309169769287,0.9920263290405273,0.9920263290405273,0.992514967918396,0.992514967918396,0.3681832551956177,0.9742111563682556,0.9765263795852661,1.0,1.0,1.0,
synthetic-05-shear_x_+0.12,synthetic_transform,nut_30.jpg,nut_30.jpg,nut,nut,shear_x,12pct,shear_x_+0.12,"{""shear_x"":0.12}","[[1.0,0.12,-30.54],[0.0,1.0,0.0],[0.0,0.0,1.0]]","[[0.9985497945086157,0.11955191905414514,-30.225133586541073],[-0.0009354109935141923,0.9987293057832052,0.3665797906042311],[-2.363128133895292e-06,-6.481259634701226e-07,1.0]]",artifacts/masks/nut_30/shear_x_+0.12.npz,1,paired_yolo_boxes,142,151,124,124,1.0,0.7685775857408398,0.18175393342971802,0.9699423298731257,1.0,0.9699846212995001,1.0,0.24921877682209015,USAC_MAGSAC,SUCCESS,True,True,"[{""roi_index"":0,""area_ratio"":0.05439745555404267,""failure"":null}]",,74.689,0.7284350991249084,0.7284350991249084,0.9922207593917847,0.9922207593917847,0.9925209879875183,0.9925209879875183,0.3655205965042114,0.9756384491920471,0.9767211079597473,1.0,1.0,1.0,
synthetic-05-shear_y_-0.12,synthetic_transform,nut_30.jpg,nut_30.jpg,nut,nut,shear_y,12pct,shear_y_-0.12,"{""shear_y"":-0.12}","[[1.0,0.0,0.0],[-0.12,1.0,30.54],[0.0,0.0,1.0]]","[[1.0004985066873315,0.0008738076996974943,-0.35901358133632666],[-0.1207836181390661,1.0002488446590663,30.583127293978016],[-1.2902609498442041e-06,6.972686462619025e-07,1.0]]",artifacts/masks/nut_30/shear_y_-0.12.npz,1,paired_yolo_boxes,142,133,114,114,1.0,0.693587933786784,0.2877427339553833,0.9697347174163783,1.0,0.9699923106497501,1.0,0.34771937131881714,USAC_MAGSAC,SUCCESS,True,True,"[{""roi_index"":0,""area_ratio"":0.054484952513459015,""failure"":null}]",,62.05,0.6329061388969421,0.6329061388969421,0.9876410961151123,0.9876410961151123,0.9892961978912354,0.9892961978912354,0.31914079189300537,0.9580910801887512,0.9652488231658936,1.0,1.0,1.0,
synthetic-05-shear_y_+0.12,synthetic_transform,nut_30.jpg,nut_30.jpg,nut,nut,shear_y,12pct,shear_y_+0.12,"{""shear_y"":0.12}","[[1.0,0.0,0.0],[0.12,1.0,-30.54],[0.0,0.0,1.0]]","[[0.9985352695105678,-0.0007366577492085823,0.41344300121180905],[0.11947065455074792,0.998275182797851,-30.1431303656146],[-1.1880633795604867e-06,-1.2371978009595937e-06,1.0]]",artifacts/masks/nut_30/shear_y_+0.12.npz,1,paired_yolo_boxes,142,143,123,123,1.0,0.6914089527118618,0.1988169103860855,0.9704152249134949,1.0,0.9700153787004998,1.0,0.25515711307525635,USAC_MAGSAC,SUCCESS,True,True,"[{""roi_index"":0,""area_ratio"":0.05434352061199266,""failure"":null}]",,57.224,0.6295064091682434,0.6295064091682434,0.9888355135917664,0.9888355135917664,0.9892863631248474,0.9892863631248474,0.3132812976837158,0.9634161591529846,0.965027928352356,1.0,1.0,1.0,
synthetic-05-scale_0.85,synthetic_transform,nut_30.jpg,nut_30.jpg,nut,nut,scale,0.85x,scale_0.85,"{""scale"":0.85}","[[0.85,0.0,38.175000000000004],[0.0,0.85,38.175000000000004],[0.0,0.0,1.0]]","[[0.8462056745137735,-0.0006578005780708434,38.97833238734402],[-0.002288538201916807,0.8460998359789303,39.27718749639308],[-2.5287357167578234e-06,-4.4062157752003305e-06,1.0]]",artifacts/masks/nut_30/scale_0.85.npz,1,paired_yolo_boxes,142,155,77,75,0.974025974025974,0.7445063879855226,0.5121024250984192,1.0,1.0,1.0,1.0,0.7260732054710388,USAC_MAGSAC,SUCCESS,True,True,"[{""roi_index"":0,""area_ratio"":0.03918052137712814,""failure"":null}]",,50.89,0.5021698474884033,0.5021698474884033,0.9703903794288635,0.9703903794288635,0.9730003476142883,0.9730003476142883,0.1650131791830063,0.897248387336731,0.9068186283111572,1.0,1.0,1.0,
synthetic-05-scale_1.15,synthetic_transform,nut_30.jpg,nut_30.jpg,nut,nut,scale,1.15x,scale_1.15,"{""scale"":1.15}","[[1.15,0.0,-38.174999999999976],[0.0,1.15,-38.174999999999976],[0.0,0.0,1.0]]","[[1.1510269388012682,0.001496902312155545,-38.58238396540766],[-0.00020480728817035037,1.1534255116089431,-38.38253896017748],[-2.7674977198980528e-06,8.693747055728755e-06,1.0]]",artifacts/masks/nut_30/scale_1.15.npz,1,paired_yolo_boxes,142,121,72,72,1.0,0.5655434174564743,0.6699113845825195,0.7572971933871588,1.0,0.7579238754325259,1.0,0.8105567097663879,USAC_MAGSAC,SUCCESS,True,True,"[{""roi_index"":0,""area_ratio"":0.07194423519250413,""failure"":null}]",,52.163,0.4912521541118622,0.4912521541118622,0.9783385992050171,0.9783385992050171,0.9847772717475891,0.9847772717475891,0.16510818898677826,0.922012209892273,0.9486343264579773,1.0,1.0,1.0,
synthetic-05-perspective_light,synthetic_transform,nut_30.jpg,nut_30.jpg,nut,nut,perspective,light,perspective_light,"{""corner_offsets_px"":[[1.31014,1.35711],[-0.54109,1.63029],[-2.21963,-0.22729],[2.15537,-1.16312]],""amount_fraction"":0.02}","[[0.9950485916538765,0.0016817293384253755,1.3101400136947632],[0.0005324848888872385,1.0000341900090195,1.3571100234985352],[-2.5851457251426634e-06,9.817166300902532e-06,1.0]]","[[0.9935828988760439,0.0015088202603117508,1.4533484841383548],[-0.000479253057011368,0.9984936315730283,1.7374152751816188],[-4.523072663872129e-06,8.180017993128036e-06,1.0]]",artifacts/masks/nut_30/perspective_light.npz,1,paired_yolo_boxes,142,139,130,130,1.0,0.7090112134479174,0.08595902472734451,0.9998116109188774,1.0,0.9999807766243752,1.0,0.21623556315898895,USAC_MAGSAC,SUCCESS,True,True,"[{""roi_index"":0,""area_ratio"":0.0538496038370253,""failure"":null}]",,58.075,0.8510434031486511,0.8510434031486511,0.988749623298645,0.988749623298645,0.9894400835037231,0.9894400835037231,0.5714367628097534,0.9549594521522522,0.9570379853248596,1.0,1.0,1.0,
synthetic-05-perspective_moderate,synthetic_transform,nut_30.jpg,nut_30.jpg,nut,nut,perspective,moderate,perspective_moderate,"{""corner_offsets_px"":[[4.22335,2.64473],[-4.03545,1.21995],[-3.7505,0.04262],[-0.44449,-6.7357]],""amount_fraction"":0.055}","[[0.9678786054214038,-0.009162064187678187,4.2233500480651855],[-0.002837578041275187,0.9719153147110313,2.6447300910949707],[-3.147910469422318e-05,-1.922409076530807e-05,1.0]]","[[0.968176073651836,-0.00889832237947958,4.123519965908354],[-0.0028461344326365626,0.9720260613361208,2.658793970724944],[-3.126864585890341e-05,-1.885240518444301e-05,1.0]]",artifacts/masks/nut_30/perspective_moderate.npz,1,paired_yolo_boxes,142,136,123,123,1.0,0.7188049800432802,0.08501570671796799,0.9999154171472511,1.0,0.9999423298731257,1.0,0.062050268054008484,USAC_MAGSAC,SUCCESS,True,True,"[{""roi_index"":0,""area_ratio"":0.053327520595450706,""failure"":null}]",,71.312,0.6234565377235413,0.6234565377235413,0.9794594645500183,0.9794594645500183,0.9795098304748535,0.9795098304748535,0.22000832855701447,0.9251759648323059,0.9253368377685547,1.0,1.0,1.0,
synthetic-05-perspective_strong,synthetic_transform,nut_30.jpg,nut_30.jpg,nut,nut,perspective,strong,perspective_strong,"{""corner_offsets_px"":[[9.8773,8.38328],[-1.84378,-1.29935],[-4.48578,0.2815],[11.19571,-9.19148]],""amount_fraction"":0.1}","[[0.9394463040439474,0.0027623417181098352,9.877300262451172],[-0.01892670551651059,0.9731570731700777,8.383279800415039],[-7.399304378573923e-05,1.5376014812708514e-05,1.0]]","[[0.9396059967477551,0.002603309447768221,9.892652345230918],[-0.01935369777313978,0.9731572485208331,8.422495177025626],[-7.385693579765905e-05,1.4933594117483088e-05,1.0]]",artifacts/masks/nut_30/perspective_strong.npz,1,paired_yolo_boxes,142,139,120,120,1.0,0.7194663428344861,0.15649068355560303,0.9993963860053825,1.0,0.9997424067666282,1.0,0.13543638586997986,USAC_MAGSAC,SUCCESS,True,True,"[{""roi_index"":0,""area_ratio"":0.05237000216026837,""failure"":null}]",,70.7,0.8059089183807373,0.8059089183807373,0.9794823527336121,0.9794823527336121,0.9801973700523376,0.9801973700523376,0.47833582758903503,0.9284887909889221,0.9307091236114502,1.0,1.0,1.0,
synthetic-05-combined_moderate,synthetic_transform,nut_30.jpg,nut_30.jpg,nut,nut,combined,moderate,combined_moderate,"{""rotation_deg"":12.0,""shear_x"":0.06,""shear_y"":-0.04,""scale"":1.05,""corner_offsets_px"":[[2.2871,1.7445],[-3.044,1.86814],[-1.70253,-0.21188],[0.19344,-2.93868]]}","[[0.9993307234799477,0.27140641359381895,-71.6019242797944],[-0.2550488252462843,1.0022372301837246,62.106450151143065],[-6.7125298949780655e-06,-1.633057305367608e-05,1.0]]","[[0.996258250988383,0.2698677715036813,-70.9746581845542],[-0.25588639967767485,0.9989346580147545,62.599001555526385],[-1.0956025498302437e-05,-2.0482218314566526e-05,1.0]]",artifacts/masks/nut_30/combined_moderate.npz,1,paired_yolo_boxes,142,138,109,109,1.0,0.748504691381773,0.22566595673561096,0.8580276816608996,1.0,0.8584275278738946,1.0,0.43754342198371887,USAC_MAGSAC,SUCCESS,True,True,"[{""roi_index"":0,""area_ratio"":0.05934681112140325,""failure"":null}]",,51.227,0.47258493304252625,0.47258493304252625,0.9816665649414062,0.9816665649414062,0.9817273616790771,0.9817273616790771,0.15284502506256104,0.9404610991477966,0.9407403469085693,1.0,1.0,1.0,
synthetic-06-identity,synthetic_transform,nut_36.jpg,nut_36.jpg,nut,nut,identity,none,identity,"{""rotation_deg"":0.0,""scale"":1.0}","[[1.0,0.0,0.0],[0.0,1.0,0.0],[0.0,0.0,1.0]]","[[1.0,0.0,0.0],[0.0,1.0,0.0],[0.0,0.0,1.0]]",artifacts/masks/nut_36/identity.npz,1,paired_yolo_boxes,269,269,269,269,1.0,0.743910175402725,0.0,1.0,1.0,1.0,1.0,0.0,USAC_MAGSAC,SUCCESS,True,True,"[{""roi_index"":0,""area_ratio"":0.04043317178220971,""failure"":null}]",,106.913,1.0,1.0,1.0,1.0,1.0,1.0,1.0,1.0,1.0,1.0,1.0,1.0,
synthetic-06-rotation_-30,synthetic_transform,nut_36.jpg,nut_36.jpg,nut,nut,rotation,30deg,rotation_-30,"{""angle_deg"":-30}","[[0.8660254037844387,-0.49999999999999994,234.57060059975765],[0.49999999999999994,0.8660254037844387,-135.4293994002423],[0.0,0.0,1.0]]","[[0.8665502891058108,-0.5006894835439543,234.6413561852154],[0.5000609990710695,0.8649826473938929,-134.90746743097736],[9.739189409694563e-07,-8.258196171535825e-07,1.0]]",artifacts/masks/nut_36/rotation_-30.npz,1,paired_yolo_boxes,269,261,208,206,0.9903846153846154,0.5536194686187274,0.3340049088001251,0.8454617806844528,1.0,0.8452978704417017,1.0,0.4511348605155945,USAC_MAGSAC,SUCCESS,True,True,"[{""roi_index"":0,""area_ratio"":0.04040578028744795,""failure"":null}]",,95.272,0.35636016726493835,0.35636016726493835,0.9769531488418579,0.9769531488418579,0.9788926243782043,0.9788926243782043,0.09905178844928741,0.929429829120636,0.9373230338096619,1.0,1.0,1.0,
synthetic-06-rotation_-20,synthetic_transform,nut_36.jpg,nut_36.jpg,nut,nut,rotation,20deg,rotation_-20,"{""angle_deg"":-20}","[[0.9396926207859084,-0.3420201433256687,148.86118333971132],[0.3420201433256687,0.9396926207859084,-104.23372272128354],[0.0,0.0,1.0]]","[[0.9394739841856915,-0.3426426493226649,148.97858428981223],[0.3417589568683513,0.9376591612398422,-103.57487032297779],[6.516223056581612e-07,-2.3033146084186563e-06,1.0]]",artifacts/masks/nut_36/rotation_-20.npz,1,paired_yolo_boxes,269,260,217,214,0.9861751152073732,0.54980307568704,0.22361797094345093,0.8766557211049008,1.0,0.8764553863637605,1.0,0.5080680847167969,USAC_MAGSAC,SUCCESS,True,True,"[{""roi_index"":0,""area_ratio"":0.040407120328463886,""failure"":null}]",,83.381,0.3769420385360718,0.3769420385360718,0.978583574295044,0.978583574295044,0.9789383411407471,0.9789383411407471,0.09834569692611694,0.9359752535820007,0.9373677968978882,1.0,1.0,1.0,
synthetic-06-rotation_-10,synthetic_transform,nut_36.jpg,nut_36.jpg,nut,nut,rotation,10deg,rotation_-10,"{""angle_deg"":-10}","[[0.984807753012208,-0.17364817766693033,69.87095712224726],[0.17364817766693033,0.984807753012208,-58.62869435128119],[0.0,0.0,1.0]]","[[0.9846420776344157,-0.17328787986279157,69.74177527406874],[0.17320253304448052,0.9846983158848165,-58.47517590609381],[-3.863324363902256e-07,-2.0885070861811279e-07,1.0]]",artifacts/masks/nut_36/rotation_-10.npz,1,paired_yolo_boxes,269,254,223,223,1.0,0.6008338454295357,0.16219530999660492,0.9263551279319445,1.0,0.9265463565484874,1.0,0.22522598505020142,USAC_MAGSAC,SUCCESS,True,True,"[{""roi_index"":0,""area_ratio"":0.04044547650658555,""failure"":null}]",,85.391,0.44167909026145935,0.44167909026145935,0.9775246381759644,0.9775246381759644,0.9776399731636047,0.9776399731636047,0.14297810196876526,0.9309366345405579,0.931281328201294,1.0,1.0,1.0,
synthetic-06-rotation_+10,synthetic_transform,nut_36.jpg,nut_36.jpg,nut,nut,rotation,10deg,rotation_+10,"{""angle_deg"":10}","[[0.984807753012208,0.17364817766693033,-58.62869435128119],[-0.17364817766693033,0.984807753012208,69.87095712224726],[0.0,0.0,1.0]]","[[0.9848007903496137,0.1725826950064537,-58.26929473987278],[-0.17314918079399996,0.9836230586420632,69.93966580806716],[9.882388690414165e-07,-1.8051374657936662e-06,1.0]]",artifacts/masks/nut_36/rotation_+10.npz,1,paired_yolo_boxes,269,273,225,224,0.9955555555555555,0.8187504263973272,0.16181771457195282,0.926684769642366,1.0,0.9265463565484874,1.0,0.3371855318546295,USAC_MAGSAC,SUCCESS,True,True,"[{""roi_index"":0,""area_ratio"":0.04041383475224357,""failure"":null}]",,88.896,0.43376249074935913,0.43376249074935913,0.9771409630775452,0.9771409630775452,0.9781647324562073,0.9781647324562073,0.1392449289560318,0.930012047290802,0.9341614842414856,1.0,1.0,1.0,
synthetic-06-rotation_+20,synthetic_transform,nut_36.jpg,nut_36.jpg,nut,nut,rotation,20deg,rotation_+20,"{""angle_deg"":20}","[[0.9396926207859084,0.3420201433256687,-104.23372272128354],[-0.3420201433256687,0.9396926207859084,148.86118333971132],[0.0,0.0,1.0]]","[[0.9390191480636126,0.340571009502052,-103.48625232652425],[-0.3415034624128313,0.9385213593423316,148.84457047062233],[4.325455893678585e-07,-1.5364549152654458e-06,1.0]]",artifacts/masks/nut_36/rotation_+20.npz,1,paired_yolo_boxes,269,280,223,219,0.9820627802690582,0.8435852199727879,0.26662352681159973,0.877019966088792,1.0,0.8764553863637605,1.0,0.3649272918701172,USAC_MAGSAC,SUCCESS,True,True,"[{""roi_index"":0,""area_ratio"":0.04039252777556174,""failure"":null}]",,100.868,0.36572787165641785,0.36572787165641785,0.976366400718689,0.976366400718689,0.9786257147789001,0.9786257147789001,0.08779687434434891,0.9285059571266174,0.9368780851364136,1.0,1.0,1.0,
synthetic-06-rotation_+30,synthetic_transform,nut_36.jpg,nut_36.jpg,nut,nut,rotation,30deg,rotation_+30,"{""angle_deg"":30}","[[0.8660254037844387,0.49999999999999994,-135.4293994002423],[-0.49999999999999994,0.8660254037844387,234.57060059975765],[0.0,0.0,1.0]]","[[0.8669829171385842,0.49974951966211745,-135.3398712229647],[-0.4990941274760195,0.8659116667959634,234.39445997399466],[1.9118382267682784e-06,-5.630283048341484e-07,1.0]]",artifacts/masks/nut_36/rotation_+30.npz,1,paired_yolo_boxes,269,275,201,197,0.9800995024875622,0.8037919605417916,0.271882563829422,0.8456694003252708,1.0,0.8452978704417017,1.0,0.31731921434402466,USAC_MAGSAC,SUCCESS,True,True,"[{""roi_index"":0,""area_ratio"":0.04039091818885952,""failure"":null}]",,97.724,0.3497326076030731,0.3497326076030731,0.976220428943634,0.976220428943634,0.9789915084838867,0.9789915084838867,0.09162966161966324,0.9272475838661194,0.9378367066383362,1.0,1.0,1.0,
synthetic-06-shear_x_-0.12,synthetic_transform,nut_36.jpg,nut_36.jpg,nut,nut,shear_x,12pct,shear_x_-0.12,"{""shear_x"":-0.12}","[[1.0,-0.12,44.4],[0.0,1.0,0.0],[0.0,0.0,1.0]]","[[0.998193377213375,-0.12048627434325737,44.787888301307184],[-0.0004618577020554518,0.9985290697640007,0.2631875376839484],[-1.4338153838531019e-06,-1.2197918728103872e-06,1.0]]",artifacts/masks/nut_36/shear_x_-0.12.npz,1,paired_yolo_boxes,269,261,226,224,0.9911504424778761,0.6992751037570276,0.17440307140350342,0.9700863806979299,1.0,0.9700044255765543,1.0,0.26495999097824097,USAC_MAGSAC,SUCCESS,True,True,"[{""roi_index"":0,""area_ratio"":0.0404270111252667,""failure"":null}]",,90.033,0.6352862119674683,0.6352862119674683,0.9871385097503662,0.9871385097503662,0.9906674027442932,0.9906674027442932,0.2869378924369812,0.9602857828140259,0.9739410877227783,1.0,1.0,1.0,
synthetic-06-shear_x_+0.12,synthetic_transform,nut_36.jpg,nut_36.jpg,nut,nut,shear_x,12pct,shear_x_+0.12,"{""shear_x"":0.12}","[[1.0,0.12,-44.4],[0.0,1.0,0.0],[0.0,0.0,1.0]]","[[1.0011783446006917,0.11934565650945199,-44.43217062209339],[0.00064798877094584,0.9994256856106395,0.009941799177859539],[1.9819838827384374e-06,-1.716954336937802e-06,1.0]]",artifacts/masks/nut_36/shear_x_+0.12.npz,1,paired_yolo_boxes,269,277,226,224,0.9911504424778761,0.7886289207106754,0.20712006092071533,0.9695400132220929,1.0,0.9700044255765543,1.0,0.36768001317977905,USAC_MAGSAC,SUCCESS,True,True,"[{""roi_index"":0,""area_ratio"":0.0404367124369177,""failure"":null}]",,82.107,0.6335402727127075,0.6335402727127075,0.9887642860412598,0.9887642860412598,0.9906184673309326,0.9906184673309326,0.29107266664505005,0.966001570224762,0.9737654328346252,1.0,1.0,1.0,
synthetic-06-shear_y_-0.12,synthetic_transform,nut_36.jpg,nut_36.jpg,nut,nut,shear_y,12pct,shear_y_-0.12,"{""shear_y"":-0.12}","[[1.0,0.0,0.0],[-0.12,1.0,44.4],[0.0,0.0,1.0]]","[[0.9986060001387608,-9.645561886713218e-05,0.2131197953502847],[-0.12041796859508604,0.9984377423390839,44.79460369160731],[-1.3928030873352682e-06,-7.648512054831989e-07,1.0]]",artifacts/masks/nut_36/shear_y_-0.12.npz,1,paired_yolo_boxes,269,267,222,222,1.0,0.7760785469250806,0.19309002161026,0.9702247937918085,1.0,0.9700044255765543,1.0,0.2899220883846283,USAC_MAGSAC,SUCCESS,True,True,"[{""roi_index"":0,""area_ratio"":0.0404180829185356,""failure"":null}]",,82.254,0.5945054292678833,0.5945054292678833,0.9877768754959106,0.9877768754959106,0.9889109134674072,0.9889109134674072,0.24820338189601898,0.9637341499328613,0.9684509634971619,1.0,1.0,1.0,
synthetic-06-shear_y_+0.12,synthetic_transform,nut_36.jpg,nut_36.jpg,nut,nut,shear_y,12pct,shear_y_+0.12,"{""shear_y"":0.12}","[[1.0,0.0,0.0],[0.12,1.0,-44.4],[0.0,0.0,1.0]]","[[1.0027170057728982,0.0008837886249794869,-0.7002221427210269],[0.12072896728858251,1.002368024095545,-44.88754077802662],[2.260171308089059e-06,1.7986635808512902e-06,1.0]]",artifacts/masks/nut_36/shear_y_+0.12.npz,1,paired_yolo_boxes,269,264,222,219,0.9864864864864865,0.6597045675563856,0.23190714418888092,0.969472627900073,1.0,0.9700044255765543,1.0,0.4695476293563843,USAC_MAGSAC,SUCCESS,True,True,"[{""roi_index"":0,""area_ratio"":0.040444585297078055,""failure"":null}]",,103.443,0.5946515798568726,0.5946515798568726,0.9862667322158813,0.9862667322158813,0.9889016151428223,0.9889016151428223,0.2540401220321655,0.9579157829284668,0.9683087468147278,1.0,1.0,1.0,
synthetic-06-scale_0.85,synthetic_transform,nut_36.jpg,nut_36.jpg,nut,nut,scale,0.85x,scale_0.85,"{""scale"":0.85}","[[0.85,0.0,55.50000000000001],[0.0,0.85,55.50000000000001],[0.0,0.0,1.0]]","[[0.8533401582931558,-0.0005900521744033782,55.28876211680167],[0.001097232140168933,0.8514994970433741,55.18546779468017],[4.909752682153054e-06,9.149853667959665e-08,1.0]]",artifacts/masks/nut_36/scale_0.85.npz,1,paired_yolo_boxes,269,275,161,157,0.9751552795031055,0.6799614310711263,0.5520588159561157,0.9973555814169495,1.0,1.0,1.0,0.7262623310089111,USAC_MAGSAC,SUCCESS,True,True,"[{""roi_index"":0,""area_ratio"":0.029190606454678268,""failure"":null}]",,97.483,0.4032599627971649,0.4032599627971649,0.9678634405136108,0.9678634405136108,0.9699745774269104,0.9699745774269104,0.12533369660377502,0.8961206674575806,0.9046738743782043,1.0,1.0,1.0,
synthetic-06-scale_1.15,synthetic_transform,nut_36.jpg,nut_36.jpg,nut,nut,scale,1.15x,scale_1.15,"{""scale"":1.15}","[[1.15,0.0,-55.499999999999964],[0.0,1.15,-55.499999999999964],[0.0,0.0,1.0]]","[[1.1500763790770567,0.001123201725516583,-55.70648479595377],[-0.0005981836878135897,1.1513661222488665,-55.5520133681298],[-8.594688443770086e-07,2.156946957021183e-06,1.0]]",artifacts/masks/nut_36/scale_1.15.npz,1,paired_yolo_boxes,269,271,157,154,0.9808917197452229,0.6418208442953859,0.6889351606369019,0.7568173001797549,1.0,0.7576750971168188,1.0,0.47232162952423096,USAC_MAGSAC,SUCCESS,True,True,"[{""roi_index"":0,""area_ratio"":0.05347155353833442,""failure"":null}]",,97.662,0.4596758186817169,0.4596758186817169,0.9826096892356873,0.9826096892356873,0.9829177260398865,0.9829177260398865,0.15992219746112823,0.9449934363365173,0.9459893107414246,1.0,1.0,1.0,
synthetic-06-perspective_light,synthetic_transform,nut_36.jpg,nut_36.jpg,nut,nut,perspective,light,perspective_light,"{""corner_offsets_px"":[[3.04571,1.92794],[-0.08071,1.33773],[-1.51985,-1.17237],[0.47961,-1.29111]],""amount_fraction"":0.02}","[[0.9948141400918711,-0.003468693744045702,3.0457100868225098],[-0.0007993184535236377,0.9941236540254971,1.927940011024475],[-1.298786139386587e-06,-2.066092653752801e-06,1.0]]","[[0.9950377654018735,-0.0033642966527596603,2.9456491548796984],[-0.0007970768603937187,0.9940258445212425,2.002577179094493],[-1.1849254103465033e-06,-2.005981116217277e-06,1.0]]",artifacts/masks/nut_36/perspective_light.npz,1,paired_yolo_boxes,269,257,238,238,1.0,0.7546760983781192,0.05775165185332298,0.9998743354805575,1.0,0.9999927151003222,1.0,0.0856277197599411,USAC_MAGSAC,SUCCESS,True,True,"[{""roi_index"":0,""area_ratio"":0.04014012553307809,""failure"":null}]",,89.054,0.9821821451187134,0.9821821451187134,0.9833620190620422,0.9833620190620422,0.9833725690841675,0.9833725690841675,0.9422181248664856,0.9527292251586914,0.9530326724052429,1.0,1.0,1.0,
synthetic-06-perspective_moderate,synthetic_transform,nut_36.jpg,nut_36.jpg,nut,nut,perspective,moderate,perspective_moderate,"{""corner_offsets_px"":[[3.58912,7.43416],[-4.67449,6.88396],[-8.37261,-5.83627],[8.71099,-9.37308]],""amount_fraction"":0.055}","[[0.9831899661985855,0.007064724323323066,3.5891199111938477],[-0.0007963425138316748,0.9893048230863688,7.434160232543945],[-7.674125914790276e-06,1.644799595055821e-05,1.0]]","[[0.9829444877316984,0.007115139717415235,3.5377713129742214],[-0.0009500107046614108,0.988741251501545,7.565413669348463],[-7.944613583439425e-06,1.571452504960787e-05,1.0]]",artifacts/masks/nut_36/perspective_moderate.npz,1,paired_yolo_boxes,269,255,235,235,1.0,0.7432366120173104,0.13990619778633118,0.9996193639918336,1.0,0.999956290601933,1.0,0.1785702109336853,USAC_MAGSAC,SUCCESS,True,True,"[{""roi_index"":0,""area_ratio"":0.03899162070834577,""failure"":null}]",,89.11,0.6596091389656067,0.6596091389656067,0.9789032936096191,0.9789032936096191,0.9790929555892944,0.9790929555892944,0.21289773285388947,0.9329842925071716,0.9337300062179565,1.0,1.0,1.0,
synthetic-06-perspective_strong,synthetic_transform,nut_36.jpg,nut_36.jpg,nut,nut,perspective,strong,perspective_strong,"{""corner_offsets_px"":[[17.37738,15.35313],[-0.94339,6.54687],[-12.95269,-3.54762],[4.51471,-13.51469]],""amount_fraction"":0.1}","[[0.9495766202593742,-0.01739179891060455,17.37738037109375],[-0.012127707525101818,0.9594105294221076,15.353130340576172],[-3.4727436666427946e-05,-2.1733078795615904e-06,1.0]]","[[0.9492669773006808,-0.017491731216735824,17.324579669564947],[-0.012286869334036988,0.9586755750642194,15.504473145228355],[-3.506773354326637e-05,-3.055292534738962e-06,1.0]]",artifacts/masks/nut_36/perspective_strong.npz,1,paired_yolo_boxes,269,254,233,233,1.0,0.7461540456582969,0.13735699653625488,0.9995046268219079,1.0,0.9999307934530607,1.0,0.19079120457172394,USAC_MAGSAC,SUCCESS,True,True,"[{""roi_index"":0,""area_ratio"":0.03857875594356141,""failure"":null}]",,83.422,0.6161417365074158,0.6161417365074158,0.9746550917625427,0.9746550917625427,0.9748371839523315,0.9748371839523315,0.2013235092163086,0.9233767986297607,0.9242644309997559,1.0,1.0,1.0,
synthetic-06-combined_moderate,synthetic_transform,nut_36.jpg,nut_36.jpg,nut,nut,combined,moderate,combined_moderate,"{""rotation_deg"":12.0,""shear_x"":0.06,""shear_y"":-0.04,""scale"":1.05,""corner_offsets_px"":[[5.43315,3.21793],[-3.67544,-0.72962],[-4.90614,-2.55424],[4.76698,-4.81864]]}","[[0.9918978132950123,0.2728660868821871,-101.0015608210557],[-0.2618207505831066,1.0052048606800688,91.96820026463588],[-1.178423739853016e-05,-2.1371980054706305e-06,1.0]]","[[0.9894622764061172,0.2706690332225562,-99.82538373460461],[-0.26132033550334205,1.0017545646449344,92.41093790496564],[-1.2636041339410604e-05,-5.8826245678581054e-06,1.0]]",artifacts/masks/nut_36/combined_moderate.npz,1,paired_yolo_boxes,269,274,227,224,0.986784140969163,0.8055160862630195,0.27743256092071533,0.8612900464594477,1.0,0.860944013724751,1.0,0.7753190398216248,USAC_MAGSAC,SUCCESS,True,True,"[{""roi_index"":0,""area_ratio"":0.04384925549567124,""failure"":null}]",,114.304,0.3886311650276184,0.3886311650276184,0.9791115522384644,0.9791115522384644,0.9797561168670654,0.9797561168670654,0.13049478828907013,0.9375395774841309,0.939785897731781,1.0,1.0,1.0,
synthetic-07-identity,synthetic_transform,nut_37.jpg,nut_37.jpg,nut,nut,identity,none,identity,"{""rotation_deg"":0.0,""scale"":1.0}","[[1.0,0.0,0.0],[0.0,1.0,0.0],[0.0,0.0,1.0]]","[[1.0,0.0,0.0],[0.0,1.0,0.0],[0.0,0.0,1.0]]",artifacts/masks/nut_37/identity.npz,1,paired_yolo_boxes,125,125,125,125,1.0,0.6661795812775829,0.0,1.0,1.0,1.0,1.0,0.0,USAC_MAGSAC,SUCCESS,True,True,"[{""roi_index"":0,""area_ratio"":0.07889271479115027,""failure"":null}]",,55.143,1.0,1.0,1.0,1.0,1.0,1.0,1.0,1.0,1.0,1.0,1.0,1.0,
synthetic-07-rotation_-30,synthetic_transform,nut_37.jpg,nut_37.jpg,nut,nut,rotation,30deg,rotation_-30,"{""angle_deg"":-30}","[[0.8660254037844387,-0.49999999999999994,161.34653473686035],[0.49999999999999994,0.8660254037844387,-93.15346526313964],[0.0,0.0,1.0]]","[[0.8620983703769026,-0.5009545802118649,161.84017509490425],[0.49687267408285835,0.8613060659568198,-92.22525733172282],[-2.9284541453350667e-06,-1.0866258974401481e-05,1.0]]",artifacts/masks/nut_37/rotation_-30.npz,1,paired_yolo_boxes,125,107,90,88,0.9777777777777777,0.6054655864148121,0.3026078939437866,0.8443598615916955,1.0,0.8451518646674356,1.0,0.9323199391365051,USAC_MAGSAC,SUCCESS,True,True,"[{""roi_index"":0,""area_ratio"":0.07889191337451407,""failure"":null}]",,48.688,0.36253848671913147,0.36253848671913147,0.9746026992797852,0.9746026992797852,0.9799100756645203,0.9799100756645203,0.09888379275798798,0.9159529209136963,0.9390232563018799,1.0,1.0,1.0,
synthetic-07-rotation_-20,synthetic_transform,nut_37.jpg,nut_37.jpg,nut,nut,rotation,20deg,rotation_-20,"{""angle_deg"":-20}","[[0.9396926207859084,-0.3420201433256687,102.39235448636899],[0.3420201433256687,0.9396926207859084,-71.69589846639639],[0.0,0.0,1.0]]","[[0.9394192621535057,-0.34263950807804655,102.50854484156075],[0.34253830187577117,0.9384098277075908,-71.75013414564077],[7.106799097568563e-07,-3.480430475645602e-06,1.0]]",artifacts/masks/nut_37/rotation_-20.npz,1,paired_yolo_boxes,125,114,103,103,1.0,0.5891755210627487,0.19220484793186188,0.8758977316416763,1.0,0.876401384083045,1.0,0.297084778547287,USAC_MAGSAC,SUCCESS,True,True,"[{""roi_index"":0,""area_ratio"":0.07893396675326926,""failure"":null}]",,46.668,0.4129205346107483,0.4129205346107483,0.9782137870788574,0.9782137870788574,0.9793875217437744,0.9793875217437744,0.12020879983901978,0.9325414299964905,0.9369339942932129,1.0,1.0,1.0,
synthetic-07-rotation_-10,synthetic_transform,nut_37.jpg,nut_37.jpg,nut,nut,rotation,10deg,rotation_-10,"{""angle_deg"":-10}","[[0.984807753012208,-0.17364817766693033,48.05988807462683],[0.17364817766693033,0.984807753012208,-40.32703435784071],[0.0,0.0,1.0]]","[[0.9855925374017311,-0.17360447281787433,47.92803301819757],[0.17394039583776005,0.9844865024311152,-40.3690231764841],[2.148079959146024e-06,-1.539519408779654e-06,1.0]]",artifacts/masks/nut_37/rotation_-10.npz,1,paired_yolo_boxes,125,119,98,97,0.9897959183673469,0.6444070054900396,0.11864632368087769,0.9266205305651672,1.0,0.9265974625144175,1.0,0.23901772499084473,USAC_MAGSAC,SUCCESS,True,True,"[{""roi_index"":0,""area_ratio"":0.07888283911269707,""failure"":null}]",,43.944,0.4967558681964874,0.4967558681964874,0.9778987765312195,0.9778987765312195,0.9789509773254395,0.9789509773254395,0.16478271782398224,0.9301992654800415,0.9345711469650269,1.0,1.0,1.0,
synthetic-07-rotation_+10,synthetic_transform,nut_37.jpg,nut_37.jpg,nut,nut,rotation,10deg,rotation_+10,"{""angle_deg"":10}","[[0.984807753012208,0.17364817766693033,-40.32703435784071],[-0.17364817766693033,0.984807753012208,48.05988807462683],[0.0,0.0,1.0]]","[[0.9842816577999435,0.17351550803930912,-40.14506988108448],[-0.17378274460040286,0.9859945808370578,47.86683005240048],[-1.075209877475058e-06,2.1356302674497175e-06,1.0]]",artifacts/masks/nut_37/rotation_+10.npz,1,paired_yolo_boxes,125,132,106,104,0.9811320754716981,0.6975130331976483,0.1276054084300995,0.9266897347174163,1.0,0.9265974625144175,1.0,0.31239861249923706,USAC_MAGSAC,SUCCESS,True,True,"[{""roi_index"":0,""area_ratio"":0.07887335307690072,""failure"":null}]",,43.204,0.4961607754230499,0.4961607754230499,0.9786877036094666,0.9786877036094666,0.9791044592857361,0.9791044592857361,0.1620318591594696,0.9326494932174683,0.9345865249633789,1.0,1.0,1.0,
synthetic-07-rotation_+20,synthetic_transform,nut_37.jpg,nut_37.jpg,nut,nut,rotation,20deg,rotation_+20,"{""angle_deg"":20}","[[0.9396926207859084,0.3420201433256687,-71.69589846639639],[-0.3420201433256687,0.9396926207859084,102.39235448636899],[0.0,0.0,1.0]]","[[0.9388764966764164,0.340566437793699,-71.38907360723285],[-0.342354469973004,0.9384148508877417,102.56504050479387],[-6.603203288540246e-07,-2.737895407014098e-06,1.0]]",artifacts/masks/nut_37/rotation_+20.npz,1,paired_yolo_boxes,125,125,103,102,0.9902912621359223,0.7083707435014329,0.16343873739242554,0.876078431372549,1.0,0.876401384083045,1.0,0.2486446052789688,USAC_MAGSAC,SUCCESS,True,True,"[{""roi_index"":0,""area_ratio"":0.07891261255740081,""failure"":null}]",,38.94,0.41613084077835083,0.41613084077835083,0.9789828658103943,0.9789828658103943,0.9792709350585938,0.9792709350585938,0.12294512987136841,0.9363971948623657,0.9375772476196289,1.0,1.0,1.0,
synthetic-07-rotation_+30,synthetic_transform,nut_37.jpg,nut_37.jpg,nut,nut,rotation,30deg,rotation_+30,"{""angle_deg"":30}","[[0.8660254037844387,0.49999999999999994,-93.15346526313964],[-0.49999999999999994,0.8660254037844387,161.34653473686035],[0.0,0.0,1.0]]","[[0.8640847249938678,0.49866342119253443,-92.77336959641227],[-0.5004560240105963,0.864912403575558,161.48033176219792],[-2.600863309277838e-06,-2.2487174548673407e-06,1.0]]",artifacts/masks/nut_37/rotation_+30.npz,1,paired_yolo_boxes,125,114,97,95,0.979381443298969,0.692930277557211,0.22046993672847748,0.844886582083814,1.0,0.8451518646674356,1.0,0.30721989274024963,USAC_MAGSAC,SUCCESS,True,True,"[{""roi_index"":0,""area_ratio"":0.07891266665163665,""failure"":null}]",,37.304,0.3622545599937439,0.3622545599937439,0.9780466556549072,0.9780466556549072,0.9799172878265381,0.9799172878265381,0.09091052412986755,0.9309853315353394,0.9385106563568115,1.0,1.0,1.0,
synthetic-07-shear_x_-0.12,synthetic_transform,nut_37.jpg,nut_37.jpg,nut,nut,shear_x,12pct,shear_x_-0.12,"{""shear_x"":-0.12}","[[1.0,-0.12,30.54],[0.0,1.0,0.0],[0.0,0.0,1.0]]","[[0.9980655260890542,-0.11973606015004133,30.655419489266066],[-0.0007621351821089295,0.9997979113437817,0.048933091105751954],[-4.3125410625963034e-06,2.032708711281497e-06,1.0]]",artifacts/masks/nut_37/shear_x_-0.12.npz,1,paired_yolo_boxes,125,121,110,110,1.0,0.6143137350425042,0.18110942840576172,0.9700269127258747,1.0,0.9699846212995001,1.0,0.36681103706359863,USAC_MAGSAC,SUCCESS,True,True,"[{""roi_index"":0,""area_ratio"":0.07886145035860019,""failure"":null}]",,45.262,0.6377245783805847,0.6377245783805847,0.9874446392059326,0.9874446392059326,0.9913365244865417,0.9913365244865417,0.2841199040412903,0.9596680998802185,0.9751118421554565,1.0,1.0,1.0,
synthetic-07-shear_x_+0.12,synthetic_transform,nut_37.jpg,nut_37.jpg,nut,nut,shear_x,12pct,shear_x_+0.12,"{""shear_x"":0.12}","[[1.0,0.12,-30.54],[0.0,1.0,0.0],[0.0,0.0,1.0]]","[[0.9993691352673856,0.1188600536781711,-30.215430247031506],[6.040961609257508e-05,0.9981770286508492,0.25721167774319775],[1.0142220293539137e-07,-3.6950044692373515e-06,1.0]]",artifacts/masks/nut_37/shear_x_+0.12.npz,1,paired_yolo_boxes,125,128,109,109,1.0,0.697444219670258,0.19703589379787445,0.9697424067666283,1.0,0.9699846212995001,1.0,0.38896822929382324,USAC_MAGSAC,SUCCESS,True,True,"[{""roi_index"":0,""area_ratio"":0.07890457440914854,""failure"":null}]",,45.904,0.6417313814163208,0.6417313814163208,0.9893027544021606,0.9893027544021606,0.9913894534111023,0.9913894534111023,0.2854466438293457,0.967429518699646,0.9752311110496521,1.0,1.0,1.0,
synthetic-07-shear_y_-0.12,synthetic_transform,nut_37.jpg,nut_37.jpg,nut,nut,shear_y,12pct,shear_y_-0.12,"{""shear_y"":-0.12}","[[1.0,0.0,0.0],[-0.12,1.0,30.54],[0.0,0.0,1.0]]","[[0.996460270921387,-0.0009128679847195761,0.3998585656806941],[-0.12078915938012949,0.9983195699260516,30.621600260998164],[-6.720413515600728e-06,-1.176079453717423e-06,1.0]]",artifacts/masks/nut_37/shear_y_-0.12.npz,1,paired_yolo_boxes,125,114,101,100,0.9900990099009901,0.7232028483193268,0.21377912163734436,0.9693886966551326,1.0,0.9699923106497501,1.0,0.5452508926391602,USAC_MAGSAC,SUCCESS,True,True,"[{""roi_index"":0,""area_ratio"":0.07893293695682599,""failure"":null}]",,46.938,0.5789930820465088,0.5789930820465088,0.9810591340065002,0.9810591340065002,0.9893440008163452,0.9893440008163452,0.25086238980293274,0.9365869164466858,0.9680812954902649,1.0,1.0,1.0,
synthetic-07-shear_y_+0.12,synthetic_transform,nut_37.jpg,nut_37.jpg,nut,nut,shear_y,12pct,shear_y_+0.12,"{""shear_y"":0.12}","[[1.0,0.0,0.0],[0.12,1.0,-30.54],[0.0,0.0,1.0]]","[[0.9984241176378438,-0.001033964986094243,0.41953410860994256],[0.11950602868419573,0.9978534309185847,-30.17285101657114],[-1.0776744862360796e-06,-3.988800217285863e-06,1.0]]",artifacts/masks/nut_37/shear_y_+0.12.npz,1,paired_yolo_boxes,125,120,105,105,1.0,0.6542525424673276,0.21177062392234802,0.9696462898885044,1.0,0.9700153787004998,1.0,0.39361342787742615,USAC_MAGSAC,SUCCESS,True,True,"[{""roi_index"":0,""area_ratio"":0.0788903253451184,""failure"":null}]",,49.422,0.5774871110916138,0.5774871110916138,0.9873600602149963,0.9873600602149963,0.9893960952758789,0.9893960952758789,0.25096601247787476,0.960634708404541,0.96796715259552,1.0,1.0,1.0,
synthetic-07-scale_0.85,synthetic_transform,nut_37.jpg,nut_37.jpg,nut,nut,scale,0.85x,scale_0.85,"{""scale"":0.85}","[[0.85,0.0,38.175000000000004],[0.0,0.85,38.175000000000004],[0.0,0.0,1.0]]","[[0.8516958019725603,0.0006629512457721505,38.17182957406609],[0.00011903923327975795,0.8539599367458434,37.74428648420008],[4.05810483780848e-06,7.353459447324267e-06,1.0]]",artifacts/masks/nut_37/scale_0.85.npz,1,paired_yolo_boxes,125,132,81,79,0.9753086419753086,0.6726604123526884,0.5023816823959351,1.0,1.0,1.0,1.0,0.7564711570739746,USAC_MAGSAC,SUCCESS,True,True,"[{""roi_index"":0,""area_ratio"":0.05687580055473539,""failure"":null}]",,49.356,0.3576298654079437,0.3576298654079437,0.964995801448822,0.964995801448822,0.9708501100540161,0.9708501100540161,0.09765273332595825,0.8822704553604126,0.9050821661949158,1.0,1.0,1.0,
synthetic-07-scale_1.15,synthetic_transform,nut_37.jpg,nut_37.jpg,nut,nut,scale,1.15x,scale_1.15,"{""scale"":1.15}","[[1.15,0.0,-38.174999999999976],[0.0,1.15,-38.174999999999976],[0.0,0.0,1.0]]","[[1.143934254951207,-0.00016645947744903984,-37.44728907428215],[-0.0014304673048925332,1.148184472547183,-38.174275078428174],[-1.2265031695203769e-05,-1.2736527338558528e-06,1.0]]",artifacts/masks/nut_37/scale_1.15.npz,1,paired_yolo_boxes,125,114,78,77,0.9871794871794872,0.6971812817281078,0.7258415222167969,0.7535524798154556,1.0,0.7579238754325259,1.0,1.3814339637756348,USAC_MAGSAC,SUCCESS,True,True,"[{""roi_index"":0,""area_ratio"":0.10461383510380089,""failure"":null}]",,53.877,0.4236447215080261,0.4236447215080261,0.9815061092376709,0.9815061092376709,0.9833460450172424,0.9833460450172424,0.13631552457809448,0.9398449063301086,0.946821928024292,1.0,1.0,1.0,
synthetic-07-perspective_light,synthetic_transform,nut_37.jpg,nut_37.jpg,nut,nut,perspective,light,perspective_light,"{""corner_offsets_px"":[[1.94679,1.22414],[0.06488,0.0524],[-0.72745,-0.98422],[0.24301,-2.61021]],""amount_fraction"":0.02}","[[0.9908000872667682,-0.0033481690535613158,1.9467899799346924],[-0.002302609723859282,0.9906734881319452,1.2241400480270386],[-1.0809318039870104e-05,-3.541598433490789e-06,1.0]]","[[0.9898215261490154,-0.0040194965599862405,2.1157158642228513],[-0.0023422303455715478,0.98912019005212,1.3493749510223836],[-1.190696028372866e-05,-6.143528395856881e-06,1.0]]",artifacts/masks/nut_37/perspective_light.npz,1,paired_yolo_boxes,125,116,110,110,1.0,0.6536639220421134,0.0671692043542862,0.9991003460207613,1.0,0.9999846212995002,1.0,0.2240450531244278,USAC_MAGSAC,SUCCESS,True,True,"[{""roi_index"":0,""area_ratio"":0.07827308412037234,""failure"":null}]",,53.255,0.88154137134552,0.88154137134552,0.9801788926124573,0.9801788926124573,0.9801280498504639,0.9801280498504639,0.6616178750991821,0.9354848265647888,0.9357949495315552,1.0,1.0,1.0,
synthetic-07-perspective_moderate,synthetic_transform,nut_37.jpg,nut_37.jpg,nut,nut,perspective,moderate,perspective_moderate,"{""corner_offsets_px"":[[6.27694,3.96202],[-1.68229,4.9552],[-6.33108,0.21615],[2.58731,-5.23826]],""amount_fraction"":0.055}","[[0.9755254143026862,-0.007239450899626603,6.276939868927002],[0.001864917370116798,0.9837415287386535,3.962019920349121],[-1.742026394157927e-05,3.6063012642371582e-06,1.0]]","[[0.9753695248951781,-0.007460453717037015,6.332061302666794],[0.0018944589506037456,0.9831669369423259,3.9691870406275935],[-1.75000371700822e-05,2.602705444218172e-06,1.0]]",artifacts/masks/nut_37/perspective_moderate.npz,1,paired_yolo_boxes,125,121,107,106,0.9906542056074766,0.7114814010910794,0.14442357420921326,0.9998577470203768,1.0,0.9999538638985006,1.0,0.07074413448572159,USAC_MAGSAC,SUCCESS,True,True,"[{""roi_index"":0,""area_ratio"":0.07650180939765211,""failure"":null}]",,48.743,0.7807376980781555,0.7807376980781555,0.9780200123786926,0.9780200123786926,0.978540301322937,0.978540301322937,0.3960074484348297,0.9279094338417053,0.9305146336555481,1.0,1.0,1.0,
synthetic-07-perspective_strong,synthetic_transform,nut_37.jpg,nut_37.jpg,nut,nut,perspective,strong,perspective_strong,"{""corner_offsets_px"":[[9.39505,11.52615],[0.15565,3.79026],[-7.77383,-2.91673],[3.4134,-12.68618]],""amount_fraction"":0.1}","[[0.9469210634701496,-0.011729258747622462,9.395050048828125],[-0.015458214279841297,0.9557044961356225,11.52614974975586],[-6.859759718929948e-05,6.5944952917819445e-06,1.0]]","[[0.9475570640893346,-0.012105408192361146,9.352848325341263],[-0.015453298618202518,0.9561241162617681,11.458650959592646],[-6.872459131569537e-05,7.918501817304307e-06,1.0]]",artifacts/masks/nut_37/perspective_strong.npz,1,paired_yolo_boxes,125,124,111,111,1.0,0.7029942568734293,0.1733846217393875,0.9993502499038831,1.0,0.9998731257208766,1.0,0.24741950631141663,USAC_MAGSAC,SUCCESS,True,True,"[{""roi_index"":0,""area_ratio"":0.0748129013220433,""failure"":null}]",,43.046,0.6357055902481079,0.6357055902481079,0.97664475440979,0.97664475440979,0.9771261811256409,0.9771261811256409,0.2253609448671341,0.9249229431152344,0.9274570941925049,1.0,1.0,1.0,
synthetic-07-combined_moderate,synthetic_transform,nut_37.jpg,nut_37.jpg,nut,nut,combined,moderate,combined_moderate,"{""rotation_deg"":12.0,""shear_x"":0.06,""shear_y"":-0.04,""scale"":1.05,""corner_offsets_px"":[[3.74547,0.6332],[-3.60412,-0.73419],[-2.7238,-1.81152],[1.84222,-4.38404]]}","[[0.9920409623420406,0.2697849176976407,-69.59259796645341],[-0.2580078613103946,1.0015058814215045,61.21632402542598],[-1.258541816019478e-05,-1.525645894929526e-05,1.0]]","[[0.9918633636128968,0.26945502212755273,-69.52424689628427],[-0.25767469318847774,1.0002940424850244,61.23712489543592],[-1.1723557026918287e-05,-1.8328330535710928e-05,1.0]]",artifacts/masks/nut_37/combined_moderate.npz,1,paired_yolo_boxes,125,135,105,104,0.9904761904761905,0.7590996904798196,0.23320476710796356,0.8598692810457517,1.0,0.8602960399846213,1.0,0.2912185490131378,USAC_MAGSAC,SUCCESS,True,True,"[{""roi_index"":0,""area_ratio"":0.08559862116077402,""failure"":null}]",,41.467,0.47086936235427856,0.47086936235427856,0.9797951579093933,0.9797951579093933,0.9806570410728455,0.9806570410728455,0.14583410322666168,0.9372125864028931,0.9407505393028259,1.0,1.0,1.0,
synthetic-08-identity,synthetic_transform,nut_38.jpg,nut_38.jpg,nut,nut,identity,none,identity,"{""rotation_deg"":0.0,""scale"":1.0}","[[1.0,0.0,0.0],[0.0,1.0,0.0],[0.0,0.0,1.0]]","[[0.9999999999999992,-6.025664428793833e-16,1.4814242893683254e-13],[-1.8483296512490678e-16,0.999999999999999,1.1750912303155414e-13],[-1.2212350884661277e-18,-1.7568905301786492e-18,1.0]]",artifacts/masks/nut_38/identity.npz,1,paired_yolo_boxes,228,228,228,228,1.0,0.7269637732984259,0.0,1.0,1.0,1.0,1.0,8.389361931928144e-14,USAC_MAGSAC,SUCCESS,True,True,"[{""roi_index"":0,""area_ratio"":0.07512794818813077,""failure"":null}]",,30.246,1.0,1.0,1.0,1.0,1.0,1.0,1.0,1.0,1.0,1.0,1.0,1.0,
synthetic-08-rotation_-30,synthetic_transform,nut_38.jpg,nut_38.jpg,nut,nut,rotation,30deg,rotation_-30,"{""angle_deg"":-30}","[[0.8660254037844387,-0.49999999999999994,134.40261439769898],[0.49999999999999994,0.8660254037844387,-77.59738560230099],[0.0,0.0,1.0]]","[[0.8689659047463478,-0.49889163339232984,134.40707510936744],[0.5027985345491379,0.8732318508490149,-78.54035403957697],[1.0519246692779315e-06,2.0547553029029623e-05,1.0]]",artifacts/masks/nut_38/rotation_-30.npz,1,paired_yolo_boxes,228,188,153,148,0.9673202614379085,0.6156532850248194,0.28262636065483093,0.8451100346020761,1.0,0.8448941176470588,1.0,1.1943401098251343,USAC_MAGSAC,SUCCESS,True,True,"[{""roi_index"":0,""area_ratio"":0.07501183449411088,""failure"":null}]",,29.423,0.3214878737926483,0.3214878737926483,0.9697337746620178,0.9697337746620178,0.9766385555267334,0.9766385555267334,0.06901232898235321,0.9129552841186523,0.9391494393348694,1.0,1.0,1.0,
synthetic-08-rotation_-20,synthetic_transform,nut_38.jpg,nut_38.jpg,nut,nut,rotation,20deg,rotation_-20,"{""angle_deg"":-20}","[[0.9396926207859084,-0.3420201433256687,85.29343477842919],[0.3420201433256687,0.9396926207859084,-59.72310599165436],[0.0,0.0,1.0]]","[[0.9376029208826435,-0.342419292255231,85.5344906789975],[0.34134720214355635,0.9384850986232963,-59.475703205600645],[-3.372556857384281e-06,-6.679577287076957e-07,1.0]]",artifacts/masks/nut_38/rotation_-20.npz,1,paired_yolo_boxes,228,194,150,147,0.98,0.6092864781119675,0.16372187435626984,0.8765176470588235,1.0,0.8763847750865051,1.0,0.24592754244804382,USAC_MAGSAC,SUCCESS,True,True,"[{""roi_index"":0,""area_ratio"":0.07509347061098047,""failure"":null}]",,29.752,0.3677692711353302,0.3677692711353302,0.9743185043334961,0.9743185043334961,0.9758781790733337,0.9758781790733337,0.08634275197982788,0.9327602386474609,0.9384021759033203,1.0,1.0,1.0,
synthetic-08-rotation_-10,synthetic_transform,nut_38.jpg,nut_38.jpg,nut,nut,rotation,10deg,rotation_-10,"{""angle_deg"":-10}","[[0.984807753012208,-0.17364817766693033,40.03417002680113],[0.17364817766693033,0.984807753012208,-33.592657303977326],[0.0,0.0,1.0]]","[[0.9848022423090419,-0.17385955375632164,40.0844734460625],[0.17366529923184054,0.984746566126196,-33.570835838140795],[3.5804770381526433e-07,1.046560552346514e-07,1.0]]",artifacts/masks/nut_38/rotation_-10.npz,1,paired_yolo_boxes,228,190,167,164,0.9820359281437125,0.685814634383246,0.0917973667383194,0.9266878892733564,1.0,0.9264996539792387,1.0,0.0687924176454544,USAC_MAGSAC,SUCCESS,True,True,"[{""roi_index"":0,""area_ratio"":0.07510312778100654,""failure"":null}]",,34.752,0.44709593057632446,0.44709593057632446,0.9749427437782288,0.9749427437782288,0.9750622510910034,0.9750622510910034,0.1314903348684311,0.9336548447608948,0.9340776205062866,1.0,1.0,1.0,
synthetic-08-rotation_+10,synthetic_transform,nut_38.jpg,nut_38.jpg,nut,nut,rotation,10deg,rotation_+10,"{""angle_deg"":10}","[[0.984807753012208,0.17364817766693033,-33.592657303977326],[-0.17364817766693033,0.984807753012208,40.03417002680113],[0.0,0.0,1.0]]","[[0.9860861876357586,0.1736880093916445,-33.659566461832064],[-0.1732344976163336,0.9852539298644709,39.998919937965155],[2.9877297600564477e-06,8.153611921969417e-07,1.0]]",artifacts/masks/nut_38/rotation_+10.npz,1,paired_yolo_boxes,228,222,183,182,0.994535519125683,0.7785584475822321,0.09981845319271088,0.9268373702422146,1.0,0.9264996539792387,1.0,0.17545676231384277,USAC_MAGSAC,SUCCESS,True,True,"[{""roi_index"":0,""area_ratio"":0.07507455064242441,""failure"":null}]",,33.754,0.4325140118598938,0.4325140118598938,0.9746045470237732,0.9746045470237732,0.9749541282653809,0.9749541282653809,0.12466387450695038,0.9332549571990967,0.9344425797462463,1.0,1.0,1.0,
synthetic-08-rotation_+20,synthetic_transform,nut_38.jpg,nut_38.jpg,nut,nut,rotation,20deg,rotation_+20,"{""angle_deg"":20}","[[0.9396926207859084,0.3420201433256687,-59.72310599165436],[-0.3420201433256687,0.9396926207859084,85.29343477842919],[0.0,0.0,1.0]]","[[0.9411088982386098,0.34296628091819065,-59.9559048869068],[-0.34219032092424667,0.9414754399663738,85.1995957756972],[1.3406174556234078e-06,3.7646374368722036e-06,1.0]]",artifacts/masks/nut_38/rotation_+20.npz,1,paired_yolo_boxes,228,215,173,170,0.9826589595375722,0.7263823662891546,0.12085297703742981,0.8762961937716263,1.0,0.8763847750865051,1.0,0.22424516081809998,USAC_MAGSAC,SUCCESS,True,True,"[{""roi_index"":0,""area_ratio"":0.07512808927952225,""failure"":null}]",,34.277,0.3449968695640564,0.3449968695640564,0.9759057760238647,0.9759057760238647,0.9760788083076477,0.9760788083076477,0.06916128098964691,0.9374443292617798,0.9383592009544373,1.0,1.0,1.0,
synthetic-08-rotation_+30,synthetic_transform,nut_38.jpg,nut_38.jpg,nut,nut,rotation,30deg,rotation_+30,"{""angle_deg"":30}","[[0.8660254037844387,0.49999999999999994,-77.59738560230099],[-0.49999999999999994,0.8660254037844387,134.40261439769898],[0.0,0.0,1.0]]","[[0.8638369706797173,0.49867755637935013,-77.07429961972599],[-0.49963019624587957,0.8655445130037116,134.2279344626799],[-3.5128837059776475e-06,-1.7984102152626038e-06,1.0]]",artifacts/masks/nut_38/rotation_+30.npz,1,paired_yolo_boxes,228,204,157,154,0.9808917197452229,0.7497374129729801,0.19030022621154785,0.8452152249134948,1.0,0.8448941176470588,1.0,0.30360373854637146,USAC_MAGSAC,SUCCESS,True,True,"[{""roi_index"":0,""area_ratio"":0.075121502517564,""failure"":null}]",,31.414,0.3056718111038208,0.3056718111038208,0.9759842753410339,0.9759842753410339,0.976705014705658,0.976705014705658,0.06522300839424133,0.9362082481384277,0.9390547275543213,1.0,1.0,1.0,
synthetic-08-shear_x_-0.12,synthetic_transform,nut_38.jpg,nut_38.jpg,nut,nut,shear_x,12pct,shear_x_-0.12,"{""shear_x"":-0.12}","[[1.0,-0.12,25.439999999999998],[0.0,1.0,0.0],[0.0,0.0,1.0]]","[[0.999163326725625,-0.1198732386905781,25.47775095811346],[-0.0005001003968583213,0.9989677690294798,0.13222083259191372],[-3.6863142207375927e-07,-2.076392423542534e-06,1.0]]",artifacts/masks/nut_38/shear_x_-0.12.npz,1,paired_yolo_boxes,228,209,171,170,0.9941520467836257,0.7223928711005231,0.1645076721906662,0.9701868512110726,1.0,0.9700152249134948,1.0,0.16573986411094666,USAC_MAGSAC,SUCCESS,True,True,"[{""roi_index"":0,""area_ratio"":0.07510162565297734,""failure"":null}]",,33.477,0.5417569875717163,0.5417569875717163,0.9856331944465637,0.9856331944465637,0.9879565834999084,0.9879565834999084,0.2457638829946518,0.9636063575744629,0.9712390899658203,1.0,1.0,1.0,
synthetic-08-shear_x_+0.12,synthetic_transform,nut_38.jpg,nut_38.jpg,nut,nut,shear_x,12pct,shear_x_+0.12,"{""shear_x"":0.12}","[[1.0,0.12,-25.439999999999998],[0.0,1.0,0.0],[0.0,0.0,1.0]]","[[1.0019969240640176,0.1202357855029332,-25.615134442932145],[0.0010725468985402413,1.0010261098245863,-0.1714950323076719],[3.923012956487234e-06,1.4093085009932752e-06,1.0]]",artifacts/masks/nut_38/shear_x_+0.12.npz,1,paired_yolo_boxes,228,223,178,177,0.9943820224719101,0.7515406040657228,0.1660868525505066,0.9699266435986159,1.0,0.9700152249134948,1.0,0.24025937914848328,USAC_MAGSAC,SUCCESS,True,True,"[{""roi_index"":0,""area_ratio"":0.07509618620455691,""failure"":null}]",,34.23,0.5479920506477356,0.5479920506477356,0.9868859648704529,0.9868859648704529,0.9879270195960999,0.9879270195960999,0.25186243653297424,0.9671747088432312,0.9711073637008667,1.0,1.0,1.0,
synthetic-08-shear_y_-0.12,synthetic_transform,nut_38.jpg,nut_38.jpg,nut,nut,shear_y,12pct,shear_y_-0.12,"{""shear_y"":-0.12}","[[1.0,0.0,0.0],[-0.12,1.0,25.439999999999998],[0.0,0.0,1.0]]","[[0.9986681351921882,-0.0002924300303779678,0.13339568272847754],[-0.12079807993577599,0.9980746075848589,25.680974372050787],[-1.27962193156769e-06,-3.5941249659948985e-06,1.0]]",artifacts/masks/nut_38/shear_y_-0.12.npz,1,paired_yolo_boxes,228,215,184,181,0.9836956521739131,0.6955159081436021,0.1532375067472458,0.9699044982698962,1.0,0.9700152249134948,1.0,0.23739725351333618,USAC_MAGSAC,SUCCESS,True,True,"[{""roi_index"":0,""area_ratio"":0.07512240106691591,""failure"":null}]",,34.057,0.5709457397460938,0.5709457397460938,0.986496090888977,0.986496090888977,0.9889471530914307,0.9889471530914307,0.2740243077278137,0.9630056023597717,0.9709779620170593,1.0,1.0,1.0,
synthetic-08-shear_y_+0.12,synthetic_transform,nut_38.jpg,nut_38.jpg,nut,nut,shear_y,12pct,shear_y_+0.12,"{""shear_y"":0.12}","[[1.0,0.0,0.0],[0.12,1.0,-25.439999999999998],[0.0,0.0,1.0]]","[[1.000208954311833,0.0006388363351132556,-0.07794284199437448],[0.12004963116940402,1.0007812772269455,-25.42064933588882],[-1.224694423315068e-06,3.072601775442861e-06,1.0]]",artifacts/masks/nut_38/shear_y_+0.12.npz,1,paired_yolo_boxes,228,205,174,172,0.9885057471264368,0.7231382221363987,0.16890200972557068,0.970076124567474,1.0,0.9700152249134948,1.0,0.15689633786678314,USAC_MAGSAC,SUCCESS,True,True,"[{""roi_index"":0,""area_ratio"":0.07511317243820256,""failure"":null}]",,36.094,0.5854774713516235,0.5854774713516235,0.9865872859954834,0.9865872859954834,0.9888646602630615,0.9888646602630615,0.2810470163822174,0.9615702033042908,0.9703623056411743,1.0,1.0,1.0,
synthetic-08-scale_0.85,synthetic_transform,nut_38.jpg,nut_38.jpg,nut,nut,scale,0.85x,scale_0.85,"{""scale"":0.85}","[[0.85,0.0,31.800000000000004],[0.0,0.85,31.800000000000004],[0.0,0.0,1.0]]","[[0.849953712877185,-0.00018895175422401796,31.724901186593915],[-7.159138298833763e-05,0.850499388081784,31.718270964606525],[-1.0113957837404807e-06,-5.147682540547251e-07,1.0]]",artifacts/masks/nut_38/scale_0.85.npz,1,paired_yolo_boxes,228,210,119,119,1.0,0.7778191507925031,0.48618897795677185,0.9990865051903114,1.0,1.0,1.0,0.21449187397956848,USAC_MAGSAC,SUCCESS,True,True,"[{""roi_index"":0,""area_ratio"":0.05436512480363714,""failure"":null}]",,38.585,0.3095913231372833,0.3095913231372833,0.9635649919509888,0.9635649919509888,0.9652059078216553,0.9652059078216553,0.06533119827508926,0.8999854922294617,0.9061776399612427,1.0,1.0,1.0,
synthetic-08-scale_1.15,synthetic_transform,nut_38.jpg,nut_38.jpg,nut,nut,scale,1.15x,scale_1.15,"{""scale"":1.15}","[[1.15,0.0,-31.799999999999983],[0.0,1.15,-31.799999999999983],[0.0,0.0,1.0]]","[[1.1453909341339266,-0.002139928855341991,-31.003261104304666],[0.0003039975603945104,1.1449947225189288,-31.435656429619],[-4.622094023568535e-06,-1.0743109257688653e-05,1.0]]",artifacts/masks/nut_38/scale_1.15.npz,1,paired_yolo_boxes,228,224,116,113,0.9741379310344828,0.7344799629075922,0.46944913268089294,0.7561245674740484,1.0,0.7538325259515571,1.0,0.85509192943573,USAC_MAGSAC,SUCCESS,True,True,"[{""roi_index"":0,""area_ratio"":0.09946379133027988,""failure"":null}]",,37.36,0.3102860152721405,0.3102860152721405,0.9788525700569153,0.9788525700569153,0.9802970290184021,0.9802970290184021,0.08276619762182236,0.9412276148796082,0.9467859268188477,1.0,1.0,1.0,
synthetic-08-perspective_light,synthetic_transform,nut_38.jpg,nut_38.jpg,nut,nut,perspective,light,perspective_light,"{""corner_offsets_px"":[[2.43042,0.4498],[0.2208,0.71852],[-2.01511,-1.75352],[0.08149,-1.68632]],""amount_fraction"":0.02}","[[0.9955859021771295,-0.005539979732445928,2.430419921875],[0.0006351239066481701,0.9946993741828286,0.4498000144958496],[1.8794045776726462e-06,-6.218859356963045e-07,1.0]]","[[0.9955982955682496,-0.005297772263344589,2.395004230633605],[0.0006914277768520045,0.9949415024605083,0.4161616631484095],[1.7001954809193964e-06,1.4116148764709254e-07,1.0]]",artifacts/masks/nut_38/perspective_light.npz,1,paired_yolo_boxes,228,214,190,187,0.9842105263157894,0.6892486363943218,0.054288532584905624,0.9997397923875433,1.0,0.9999667820069205,1.0,0.04701587185263634,USAC_MAGSAC,SUCCESS,True,True,"[{""roi_index"":0,""area_ratio"":0.07433115120595482,""failure"":null}]",,33.389,0.9025933742523193,0.9025933742523193,0.970259964466095,0.970259964466095,0.9703279137611389,0.9703279137611389,0.7331317663192749,0.9187929630279541,0.919101357460022,1.0,1.0,1.0,
synthetic-08-perspective_moderate,synthetic_transform,nut_38.jpg,nut_38.jpg,nut,nut,perspective,moderate,perspective_moderate,"{""corner_offsets_px"":[[5.54538,4.61319],[-1.42915,0.66085],[-1.34228,-0.41222],[4.77722,-2.67857]],""amount_fraction"":0.055}","[[0.9689072556336784,-0.0018347176563232135,5.545380115509033],[-0.009344457572099453,0.9807723688541671,4.613190174102783],[-3.465314331557446e-05,-4.818437369275724e-06,1.0]]","[[0.9695106953556072,-0.0012656780112022606,5.397694149643398],[-0.00936389087584169,0.9816454693893716,4.586909143749157],[-3.437726179226143e-05,-2.4583300416631233e-06,1.0]]",artifacts/masks/nut_38/perspective_moderate.npz,1,paired_yolo_boxes,228,213,194,192,0.9896907216494846,0.7097254423735184,0.0899008959531784,0.9997176470588235,1.0,0.9999335640138408,1.0,0.13121873140335083,USAC_MAGSAC,SUCCESS,True,True,"[{""roi_index"":0,""area_ratio"":0.07322908209722656,""failure"":null}]",,35.102,0.8773413300514221,0.8773413300514221,0.9762166738510132,0.9762166738510132,0.9762606620788574,0.9762606620788574,0.7064675092697144,0.9343518614768982,0.9351385235786438,1.0,1.0,1.0,
synthetic-08-perspective_strong,synthetic_transform,nut_38.jpg,nut_38.jpg,nut,nut,perspective,strong,perspective_strong,"{""corner_offsets_px"":[[8.94271,6.9181],[-1.61895,3.32151],[-1.5694,-5.85545],[8.05046,-2.99845]],""amount_fraction"":0.1}","[[0.9732987052905033,-0.002147513109382138,8.942709922790527],[-0.008496612663725747,0.9743553944466304,6.918099880218506],[-4.24190837199021e-06,-5.359912122149522e-06,1.0]]","[[0.9735708255453621,-0.0014949279229274587,8.847965521107202],[-0.008374240953430078,0.9752426408604453,6.82501563926252],[-3.548803953964602e-06,-3.65826921830564e-06,1.0]]",artifacts/masks/nut_38/perspective_strong.npz,1,paired_yolo_boxes,228,210,184,181,0.9836956521739131,0.6985697782005247,0.12433835119009018,0.9997896193771626,1.0,0.9999114186851211,1.0,0.14550566673278809,USAC_MAGSAC,SUCCESS,True,True,"[{""roi_index"":0,""area_ratio"":0.07166549166854355,""failure"":null}]",,27.009,0.4839874505996704,0.4839874505996704,0.9727278351783752,0.9727278351783752,0.972793698310852,0.972793698310852,0.15604904294013977,0.9279435873031616,0.9281885027885437,1.0,1.0,1.0,
synthetic-08-combined_moderate,synthetic_transform,nut_38.jpg,nut_38.jpg,nut,nut,combined,moderate,combined_moderate,"{""rotation_deg"":12.0,""shear_x"":0.06,""shear_y"":-0.04,""scale"":1.05,""corner_offsets_px"":[[3.95974,3.05879],[-0.64466,-0.19079],[-1.40222,-1.52134],[1.20179,-3.84026]]}","[[0.9899811305294072,0.2662168066297813,-57.1054064459421],[-0.26135299590804445,0.9934471743995691,53.49631723498576],[-2.8486139076274807e-05,-2.0111254793588335e-05,1.0]]","[[0.9904235288091188,0.26559284315944337,-56.954471700988904],[-0.26092437881339475,0.9938218498183256,53.40077095466341],[-2.7897117922055456e-05,-2.0402892182484357e-05,1.0]]",artifacts/masks/nut_38/combined_moderate.npz,1,paired_yolo_boxes,228,216,178,178,1.0,0.6833525145888173,0.19717641174793243,0.860484429065744,1.0,0.8608,1.0,0.20375558733940125,USAC_MAGSAC,SUCCESS,True,True,"[{""roi_index"":0,""area_ratio"":0.08156554999583397,""failure"":null}]",,31.659,0.3781812787055969,0.3781812787055969,0.9755974411964417,0.9755974411964417,0.9776577353477478,0.9776577353477478,0.08303480595350266,0.9333947896957397,0.9411536455154419,1.0,1.0,1.0,
synthetic-09-identity,synthetic_transform,nut_39.jpg,nut_39.jpg,nut,nut,identity,none,identity,"{""rotation_deg"":0.0,""scale"":1.0}","[[1.0,0.0,0.0],[0.0,1.0,0.0],[0.0,0.0,1.0]]","[[1.0000000000000016,4.872012218897308e-16,-4.287929336389972e-13],[8.21928567300602e-16,1.000000000000001,-5.016454157249621e-13],[1.2823719090198152e-18,5.900973229557811e-19,1.0]]",artifacts/masks/nut_39/identity.npz,1,paired_yolo_boxes,472,472,472,472,1.0,0.8700083062122722,0.0,1.0,1.0,1.0,1.0,2.0869468804994573e-13,USAC_MAGSAC,SUCCESS,True,True,"[{""roi_index"":0,""area_ratio"":0.026848475252848208,""failure"":null}]",,107.335,1.0,1.0,1.0,1.0,1.0,1.0,1.0,1.0,1.0,1.0,1.0,1.0,
synthetic-09-rotation_-30,synthetic_transform,nut_39.jpg,nut_39.jpg,nut,nut,rotation,30deg,rotation_-30,"{""angle_deg"":-30}","[[0.8660254037844387,-0.49999999999999994,234.57060059975765],[0.49999999999999994,0.8660254037844387,-135.4293994002423],[0.0,0.0,1.0]]","[[0.8661130794461717,-0.49998851441912945,234.3100633018086],[0.49896193995799637,0.8644266528425075,-134.72594093978526],[-2.7295027056397375e-07,-1.844452192039921e-06,1.0]]",artifacts/masks/nut_39/rotation_-30.npz,1,paired_yolo_boxes,472,364,285,280,0.9824561403508771,0.6280703254256724,0.23169365525245667,0.8450137593542665,1.0,0.8452978704417017,1.0,0.4698830544948578,USAC_MAGSAC,SUCCESS,True,True,"[{""roi_index"":0,""area_ratio"":0.026852378289600153,""failure"":null}]",,86.201,0.29537683725357056,0.29537683725357056,0.9791862964630127,0.9791862964630127,0.979924201965332,0.979924201965332,0.08294377475976944,0.9446093440055847,0.9473345279693604,1.0,1.0,1.0,
synthetic-09-rotation_-20,synthetic_transform,nut_39.jpg,nut_39.jpg,nut,nut,rotation,20deg,rotation_-20,"{""angle_deg"":-20}","[[0.9396926207859084,-0.3420201433256687,148.86118333971132],[0.3420201433256687,0.9396926207859084,-104.23372272128354],[0.0,0.0,1.0]]","[[0.9402847667820822,-0.34185036942363833,148.55458076995876],[0.34204812463025963,0.9395144013024852,-104.22694215074806],[2.0239380997896656e-07,-6.093869658794681e-07,1.0]]",artifacts/masks/nut_39/rotation_-20.npz,1,paired_yolo_boxes,472,379,296,296,1.0,0.6980307084770953,0.1704578399658203,0.8759235886872793,1.0,0.8764553863637605,1.0,0.26073774695396423,USAC_MAGSAC,SUCCESS,True,True,"[{""roi_index"":0,""area_ratio"":0.02686690549686933,""failure"":null}]",,98.117,0.3259198069572449,0.3259198069572449,0.9788047075271606,0.9788047075271606,0.9790344834327698,0.9790344834327698,0.10196838527917862,0.9448999762535095,0.945510983467102,1.0,1.0,1.0,
synthetic-09-rotation_-10,synthetic_transform,nut_39.jpg,nut_39.jpg,nut,nut,rotation,10deg,rotation_-10,"{""angle_deg"":-10}","[[0.984807753012208,-0.17364817766693033,69.87095712224726],[0.17364817766693033,0.984807753012208,-58.62869435128119],[0.0,0.0,1.0]]","[[0.986611055178684,-0.1731190703018884,69.41499521558849],[0.1739833462865578,0.9864333449623095,-58.93646828482214],[1.2886921196253557e-06,1.6497993737115903e-06,1.0]]",artifacts/masks/nut_39/rotation_-10.npz,1,paired_yolo_boxes,472,417,355,352,0.9915492957746479,0.7890948835211175,0.12637853622436523,0.9263023124092802,1.0,0.9265463565484874,1.0,0.3550758957862854,USAC_MAGSAC,SUCCESS,True,True,"[{""roi_index"":0,""area_ratio"":0.026850930215855887,""failure"":null}]",,101.481,0.42455822229385376,0.42455822229385376,0.9783775806427002,0.9783775806427002,0.9784095287322998,0.9784095287322998,0.11880355328321457,0.9409493207931519,0.9411652088165283,1.0,1.0,1.0,
synthetic-09-rotation_+10,synthetic_transform,nut_39.jpg,nut_39.jpg,nut,nut,rotation,10deg,rotation_+10,"{""angle_deg"":10}","[[0.984807753012208,0.17364817766693033,-58.62869435128119],[-0.17364817766693033,0.984807753012208,69.87095712224726],[0.0,0.0,1.0]]","[[0.9834124999490135,0.17287636056256014,-58.10341767089315],[-0.1735831848277192,0.9842367169369661,69.80944778465454],[-1.3805630247098834e-06,-4.89763123062104e-07,1.0]]",artifacts/masks/nut_39/rotation_+10.npz,1,paired_yolo_boxes,472,446,361,356,0.9861495844875346,0.8645401843160162,0.13043254613876343,0.9265390716488096,1.0,0.9265463565484874,1.0,0.35243794322013855,USAC_MAGSAC,SUCCESS,True,True,"[{""roi_index"":0,""area_ratio"":0.026846941026042143,""failure"":null}]",,92.526,0.41239622235298157,0.41239622235298157,0.978869616985321,0.978869616985321,0.9790482521057129,0.9790482521057129,0.11072766035795212,0.9430220723152161,0.9433965682983398,1.0,1.0,1.0,
synthetic-09-rotation_+20,synthetic_transform,nut_39.jpg,nut_39.jpg,nut,nut,rotation,20deg,rotation_+20,"{""angle_deg"":20}","[[0.9396926207859084,0.3420201433256687,-104.23372272128354],[-0.3420201433256687,0.9396926207859084,148.86118333971132],[0.0,0.0,1.0]]","[[0.9400055113454803,0.34117440712177693,-103.9800131050377],[-0.3418794705476301,0.939444191967187,148.76698114546195],[8.237418940893594e-07,-8.836175710261763e-07,1.0]]",artifacts/masks/nut_39/rotation_+20.npz,1,paired_yolo_boxes,472,414,311,308,0.9903536977491961,0.7196537726082084,0.2010394185781479,0.8764499226890021,1.0,0.8764553863637605,1.0,0.2459886521100998,USAC_MAGSAC,SUCCESS,True,True,"[{""roi_index"":0,""area_ratio"":0.02684870088181079,""failure"":null}]",,92.277,0.31390270590782166,0.31390270590782166,0.9768601655960083,0.9768601655960083,0.979229211807251,0.979229211807251,0.09652489423751831,0.9370262622833252,0.9458513855934143,1.0,1.0,1.0,
synthetic-09-rotation_+30,synthetic_transform,nut_39.jpg,nut_39.jpg,nut,nut,rotation,30deg,rotation_+30,"{""angle_deg"":30}","[[0.8660254037844387,0.49999999999999994,-135.4293994002423],[-0.49999999999999994,0.8660254037844387,234.57060059975765],[0.0,0.0,1.0]]","[[0.8643527857201709,0.49889588371632226,-134.59914198417096],[-0.49978436185003466,0.8658665779819025,234.33153017024466],[-9.570100446996601e-07,-4.393276011152034e-07,1.0]]",artifacts/masks/nut_39/rotation_+30.npz,1,paired_yolo_boxes,472,385,286,282,0.986013986013986,0.7120369969039559,0.2279476821422577,0.8455929088786536,1.0,0.8452978704417017,1.0,0.404488205909729,USAC_MAGSAC,SUCCESS,True,True,"[{""roi_index"":0,""area_ratio"":0.026825673484154003,""failure"":null}]",,82.635,0.28411543369293213,0.28411543369293213,0.979568362236023,0.979568362236023,0.979827344417572,0.979827344417572,0.07168936729431152,0.9462406635284424,0.9467751979827881,1.0,1.0,1.0,
synthetic-09-shear_x_-0.12,synthetic_transform,nut_39.jpg,nut_39.jpg,nut,nut,shear_x,12pct,shear_x_-0.12,"{""shear_x"":-0.12}","[[1.0,-0.12,44.4],[0.0,1.0,0.0],[0.0,0.0,1.0]]","[[0.998936405262035,-0.12023336333640776,44.60158547539623],[-0.00015557906372278829,0.9992810889142412,0.06791695054448488],[-8.35923995436702e-07,-8.617878348211941e-07,1.0]]",artifacts/masks/nut_39/shear_x_-0.12.npz,1,paired_yolo_boxes,472,444,390,388,0.9948717948717949,0.8279471069845309,0.2004351019859314,0.9700171741509904,1.0,0.9700044255765543,1.0,0.1752491146326065,USAC_MAGSAC,SUCCESS,True,True,"[{""roi_index"":0,""area_ratio"":0.026852149890642354,""failure"":null}]",,103.737,0.5945661067962646,0.5945661067962646,0.9912595748901367,0.9912595748901367,0.9918972849845886,0.9918972849845886,0.2913224995136261,0.9782565832138062,0.9805071353912354,1.0,1.0,1.0,
synthetic-09-shear_x_+0.12,synthetic_transform,nut_39.jpg,nut_39.jpg,nut,nut,shear_x,12pct,shear_x_+0.12,"{""shear_x"":0.12}","[[1.0,0.12,-44.4],[0.0,1.0,0.0],[0.0,0.0,1.0]]","[[1.001187270092682,0.12043445295489076,-44.66800563747324],[2.5707130626663074e-05,1.0006872014648038,-0.028629269038376638],[1.1160759290596229e-06,7.602336825177309e-07,1.0]]",artifacts/masks/nut_39/shear_x_+0.12.npz,1,paired_yolo_boxes,472,482,378,378,1.0,0.8957017689875735,0.2126408815383911,0.9699151855555009,1.0,0.9700044255765543,1.0,0.23178431391716003,USAC_MAGSAC,SUCCESS,True,True,"[{""roi_index"":0,""area_ratio"":0.026843662146739698,""failure"":null}]",,99.8,0.6062822341918945,0.6062822341918945,0.9907945990562439,0.9907945990562439,0.9918327927589417,0.9918327927589417,0.29365602135658264,0.9766041040420532,0.9800482988357544,1.0,1.0,1.0,
synthetic-09-shear_y_-0.12,synthetic_transform,nut_39.jpg,nut_39.jpg,nut,nut,shear_y,12pct,shear_y_-0.12,"{""shear_y"":-0.12}","[[1.0,0.0,0.0],[-0.12,1.0,44.4],[0.0,0.0,1.0]]","[[0.9989970509328835,-0.0005170303617556496,0.33774611113875064],[-0.12016294032566652,0.9994031688150936,44.51093881660452],[-7.071460762141951e-07,-5.196360128379334e-07,1.0]]",artifacts/masks/nut_39/shear_y_-0.12.npz,1,paired_yolo_boxes,472,454,391,387,0.989769820971867,0.8328883850347067,0.20760533213615417,0.9699042582059841,1.0,0.9700044255765543,1.0,0.16505075991153717,USAC_MAGSAC,SUCCESS,True,True,"[{""roi_index"":0,""area_ratio"":0.026841344984875885,""failure"":null}]",,112.873,0.5096506476402283,0.5096506476402283,0.9869422316551208,0.9869422316551208,0.9881069660186768,0.9881069660186768,0.219146266579628,0.9633073806762695,0.966916024684906,1.0,1.0,1.0,
synthetic-09-shear_y_+0.12,synthetic_transform,nut_39.jpg,nut_39.jpg,nut,nut,shear_y,12pct,shear_y_+0.12,"{""shear_y"":0.12}","[[1.0,0.0,0.0],[0.12,1.0,-44.4],[0.0,0.0,1.0]]","[[1.002983656439917,0.001254835947517643,-0.7584718511930512],[0.12098917924518164,1.0031570326460466,-45.127301034241114],[2.2814898947680552e-06,3.2374490637556185e-06,1.0]]",artifacts/masks/nut_39/shear_y_+0.12.npz,1,paired_yolo_boxes,472,460,376,371,0.9867021276595744,0.8300655127296979,0.22099438309669495,0.9696328956929852,1.0,0.9700044255765543,1.0,0.6284812688827515,USAC_MAGSAC,SUCCESS,True,True,"[{""roi_index"":0,""area_ratio"":0.02684717993744549,""failure"":null}]",,101.732,0.5226033329963684,0.5226033329963684,0.9868258237838745,0.9868258237838745,0.9880902171134949,0.9880902171134949,0.2235415279865265,0.961849570274353,0.9667538404464722,1.0,1.0,1.0,
synthetic-09-scale_0.85,synthetic_transform,nut_39.jpg,nut_39.jpg,nut,nut,scale,0.85x,scale_0.85,"{""scale"":0.85}","[[0.85,0.0,55.50000000000001],[0.0,0.85,55.50000000000001],[0.0,0.0,1.0]]","[[0.8511249955972648,0.00023054275714649955,55.323185447205084],[0.0011712485802054227,0.8517814009942222,54.62995033120832],[1.3859491946369875e-06,6.514416792066488e-07,1.0]]",artifacts/masks/nut_39/scale_0.85.npz,1,paired_yolo_boxes,472,488,252,251,0.996031746031746,0.8576028577579021,0.6131331920623779,0.9959259198551762,1.0,1.0,1.0,0.35892489552497864,USAC_MAGSAC,SUCCESS,True,True,"[{""roi_index"":0,""area_ratio"":0.019417535393382566,""failure"":null}]",,91.141,0.29694807529449463,0.29694807529449463,0.9701557159423828,0.9701557159423828,0.9711478352546692,0.9711478352546692,0.09975998848676682,0.9168418049812317,0.9198268055915833,1.0,1.0,1.0,
synthetic-09-scale_1.15,synthetic_transform,nut_39.jpg,nut_39.jpg,nut,nut,scale,1.15x,scale_1.15,"{""scale"":1.15}","[[1.15,0.0,-55.499999999999964],[0.0,1.15,-55.499999999999964],[0.0,0.0,1.0]]","[[1.154224990139145,0.0009328215315672044,-56.44518159156724],[0.0006524971031731218,1.153125909264436,-55.87904145770111],[3.6102076921319742e-06,3.2705813871953754e-06,1.0]]",artifacts/masks/nut_39/scale_1.15.npz,1,paired_yolo_boxes,472,439,245,242,0.9877551020408163,0.8339216566808462,0.5878409743309021,0.7570121712461367,1.0,0.7576750971168188,1.0,0.8501994013786316,USAC_MAGSAC,SUCCESS,True,True,"[{""roi_index"":0,""area_ratio"":0.03547239600323239,""failure"":null}]",,97.994,0.3285714089870453,0.3285714089870453,0.9828088283538818,0.9828088283538818,0.9835237264633179,0.9835237264633179,0.12345218658447266,0.9520863890647888,0.9550042152404785,1.0,1.0,1.0,
synthetic-09-perspective_light,synthetic_transform,nut_39.jpg,nut_39.jpg,nut,nut,perspective,light,perspective_light,"{""corner_offsets_px"":[[2.716,2.80725],[-0.58767,2.34542],[-2.31385,-0.89016],[1.04564,-1.8082]],""amount_fraction"":0.02}","[[0.9936640640027735,-0.0022571424593297853,2.7160000801086426],[-0.0006300313453377425,0.9938341029915536,2.8072500228881836],[-2.531130019414125e-06,9.649908236612702e-08,1.0]]","[[0.9944568603088928,-0.0021048987427148436,2.5677904381284735],[-0.0001421540528533394,0.9946325003275278,2.478307731172321],[-1.6168761318816603e-06,5.431801778642817e-07,1.0]]",artifacts/masks/nut_39/perspective_light.npz,1,paired_yolo_boxes,472,447,418,418,1.0,0.8115320948174173,0.07619322836399078,0.9989163711729235,1.0,0.9999799665258859,1.0,0.1742701679468155,USAC_MAGSAC,SUCCESS,True,True,"[{""roi_index"":0,""area_ratio"":0.02658823714635366,""failure"":null}]",,113.719,0.9210584163665771,0.9210584163665771,0.9733108282089233,0.9733108282089233,0.9738374948501587,0.9738374948501587,0.7530771493911743,0.9301882982254028,0.932567298412323,1.0,1.0,1.0,
synthetic-09-perspective_moderate,synthetic_transform,nut_39.jpg,nut_39.jpg,nut,nut,perspective,moderate,perspective_moderate,"{""corner_offsets_px"":[[7.26845,7.83764],[0.62622,-1.51231],[-8.34353,-8.01886],[6.93312,-7.56644]],""amount_fraction"":0.055}","[[0.9788906277910847,-0.00034293066126792163,7.268449783325195],[-0.012610291768555616,0.9908273664387298,7.837639808654785],[-1.6382606034196547e-05,1.5897316128969895e-05,1.0]]","[[0.9786412988145883,-0.0005398834754028032,7.404449320579807],[-0.012726496315235909,0.9906797138776361,7.888840294742335],[-1.639551288986614e-05,1.571871855624347e-05,1.0]]",artifacts/masks/nut_39/perspective_moderate.npz,1,paired_yolo_boxes,472,440,400,398,0.995,0.821557829784083,0.10735198855400085,0.9998288048575711,1.0,0.9998288048575711,1.0,0.08463722467422485,USAC_MAGSAC,SUCCESS,True,True,"[{""roi_index"":0,""area_ratio"":0.026047835893821734,""failure"":null}]",,105.055,0.8499720096588135,0.8499720096588135,0.9768770933151245,0.9768770933151245,0.9769858717918396,0.9769858717918396,0.6455440521240234,0.9367371201515198,0.9373803734779358,1.0,1.0,1.0,
synthetic-09-perspective_strong,synthetic_transform,nut_39.jpg,nut_39.jpg,nut,nut,perspective,strong,perspective_strong,"{""corner_offsets_px"":[[18.75931,11.14433],[0.78406,10.91974],[-7.65493,-13.50101],[8.30963,-7.11292]],""amount_fraction"":0.1}","[[0.9843076683426942,-0.014151248772707091,18.759309768676758],[-0.00017675101823599738,0.9726767981582324,11.144330024719238],[1.1607363546102082e-05,-3.617541001246699e-06,1.0]]","[[0.9846151353763867,-0.014134092582968235,18.702780660666004],[0.00011381885971410031,0.9729309649766927,10.948991522757836],[1.226135775619824e-05,-3.7815922226298485e-06,1.0]]",artifacts/masks/nut_39/perspective_strong.npz,1,paired_yolo_boxes,472,441,398,397,0.9974874371859297,0.8329984913839096,0.14441123604774475,0.999856123231363,1.0,0.9999089387540272,1.0,0.1451534479856491,USAC_MAGSAC,SUCCESS,True,True,"[{""roi_index"":0,""area_ratio"":0.02547324741187752,""failure"":null}]",,114.316,0.3717915415763855,0.3717915415763855,0.975796639919281,0.975796639919281,0.9763747453689575,0.9763747453689575,0.10838761180639267,0.9336000084877014,0.9355155825614929,1.0,1.0,1.0,
synthetic-09-combined_moderate,synthetic_transform,nut_39.jpg,nut_39.jpg,nut,nut,combined,moderate,combined_moderate,"{""rotation_deg"":12.0,""shear_x"":0.06,""shear_y"":-0.04,""scale"":1.05,""corner_offsets_px"":[[4.76759,5.12199],[-0.21265,-0.15461],[-2.76925,-4.99371],[5.06369,-2.44714]]}","[[1.00225720799287,0.27716526448395135,-102.69464432293216],[-0.2647017068866202,1.008831543164269,94.42932899429478],[-6.424564999099246e-06,3.940183942309985e-06,1.0]]","[[1.0006204433579418,0.2758834619638819,-101.92378811616678],[-0.2650410375060806,1.0075431243279867,94.80829349179925],[-7.432638272494865e-06,3.3595606705516703e-06,1.0]]",artifacts/masks/nut_39/combined_moderate.npz,1,paired_yolo_boxes,472,424,322,321,0.9968944099378882,0.8374852392256347,0.244850754737854,0.8600079041161505,1.0,0.8592739504736095,1.0,0.3943195343017578,USAC_MAGSAC,SUCCESS,True,True,"[{""roi_index"":0,""area_ratio"":0.02913109256002071,""failure"":null}]",,108.218,0.3851545453071594,0.3851545453071594,0.9792503714561462,0.9792503714561462,0.9805828928947449,0.9805828928947449,0.1084815263748169,0.9437878727912903,0.948086142539978,1.0,1.0,1.0,
synthetic-10-identity,synthetic_transform,nut_40.jpg,nut_40.jpg,nut,nut,identity,none,identity,"{""rotation_deg"":0.0,""scale"":1.0}","[[1.0,0.0,0.0],[0.0,1.0,0.0],[0.0,0.0,1.0]]","[[1.0,0.0,0.0],[0.0,1.0,0.0],[0.0,0.0,1.0]]",artifacts/masks/nut_40/identity.npz,1,paired_yolo_boxes,208,208,208,208,1.0,0.8222009912517388,0.0,1.0,1.0,1.0,1.0,0.0,USAC_MAGSAC,SUCCESS,True,True,"[{""roi_index"":0,""area_ratio"":0.0810353748783611,""failure"":null}]",,34.816,1.0,1.0,1.0,1.0,1.0,1.0,1.0,1.0,1.0,1.0,1.0,1.0,
synthetic-10-rotation_-30,synthetic_transform,nut_40.jpg,nut_40.jpg,nut,nut,rotation,30deg,rotation_-30,"{""angle_deg"":-30}","[[0.8660254037844387,-0.49999999999999994,134.40261439769898],[0.49999999999999994,0.8660254037844387,-77.59738560230099],[0.0,0.0,1.0]]","[[0.8674129801988623,-0.5009389929234476,134.57580790978855],[0.5005942089423615,0.8676362918606328,-77.75017483061696],[1.1946819306362919e-06,6.125537261230193e-06,1.0]]",artifacts/masks/nut_40/rotation_-30.npz,1,paired_yolo_boxes,208,173,144,142,0.9861111111111112,0.6164962054319723,0.18572072684764862,0.8450546712802768,1.0,0.8448941176470588,1.0,0.47511687874794006,USAC_MAGSAC,SUCCESS,True,True,"[{""roi_index"":0,""area_ratio"":0.08099352451852268,""failure"":null}]",,28.817,0.2831200361251831,0.2831200361251831,0.9763348698616028,0.9763348698616028,0.9775912761688232,0.9775912761688232,0.05728559568524361,0.93985515832901,0.9439423084259033,1.0,1.0,1.0,
synthetic-10-rotation_-20,synthetic_transform,nut_40.jpg,nut_40.jpg,nut,nut,rotation,20deg,rotation_-20,"{""angle_deg"":-20}","[[0.9396926207859084,-0.3420201433256687,85.29343477842919],[0.3420201433256687,0.9396926207859084,-59.72310599165436],[0.0,0.0,1.0]]","[[0.938824419262902,-0.3421502967686074,85.31873986205999],[0.34116065211944646,0.939308859365794,-59.62926600666986],[-2.624873830321416e-06,-7.558810960655092e-07,1.0]]",artifacts/masks/nut_40/rotation_-20.npz,1,paired_yolo_boxes,208,191,158,156,0.9873417721518988,0.6968806368875993,0.12491443753242493,0.8758145328719723,1.0,0.8763847750865051,1.0,0.17456038296222687,USAC_MAGSAC,SUCCESS,True,True,"[{""roi_index"":0,""area_ratio"":0.08110446861305219,""failure"":null}]",,35.032,0.3208479583263397,0.3208479583263397,0.9764194488525391,0.9764194488525391,0.9766545295715332,0.9766545295715332,0.06524515151977539,0.9409158825874329,0.9419010281562805,1.0,1.0,1.0,
synthetic-10-rotation_-10,synthetic_transform,nut_40.jpg,nut_40.jpg,nut,nut,rotation,10deg,rotation_-10,"{""angle_deg"":-10}","[[0.984807753012208,-0.17364817766693033,40.03417002680113],[0.17364817766693033,0.984807753012208,-33.592657303977326],[0.0,0.0,1.0]]","[[0.9838497250598756,-0.1735897042320523,40.07971979619304],[0.17298996710988326,0.9840977344167479,-33.46719626439264],[-1.6601398369147838e-06,-1.784622526177426e-06,1.0]]",artifacts/masks/nut_40/rotation_-10.npz,1,paired_yolo_boxes,208,198,163,163,1.0,0.7910486287696825,0.08880682289600372,0.9261342560553634,1.0,0.9264996539792387,1.0,0.17475798726081848,USAC_MAGSAC,SUCCESS,True,True,"[{""roi_index"":0,""area_ratio"":0.0810691715101431,""failure"":null}]",,37.209,0.4077751636505127,0.4077751636505127,0.9763584136962891,0.9763584136962891,0.9764191508293152,0.9764191508293152,0.10314598679542542,0.938942015171051,0.939024031162262,1.0,1.0,1.0,
synthetic-10-rotation_+10,synthetic_transform,nut_40.jpg,nut_40.jpg,nut,nut,rotation,10deg,rotation_+10,"{""angle_deg"":10}","[[0.984807753012208,0.17364817766693033,-33.592657303977326],[-0.17364817766693033,0.984807753012208,40.03417002680113],[0.0,0.0,1.0]]","[[0.98651526714015,0.17404091363956722,-33.76201952903309],[-0.1739231692146024,0.9869885373451446,39.934159611431134],[2.5481093569782255e-06,3.601302401441865e-06,1.0]]",artifacts/masks/nut_40/rotation_+10.npz,1,paired_yolo_boxes,208,205,169,167,0.9881656804733728,0.6079743426280915,0.1098768338561058,0.9262671280276816,1.0,0.9264996539792387,1.0,0.2799355089664459,USAC_MAGSAC,SUCCESS,True,True,"[{""roi_index"":0,""area_ratio"":0.0810362408440283,""failure"":null}]",,30.485,0.38116198778152466,0.38116198778152466,0.9762648344039917,0.9762648344039917,0.9764800667762756,0.9764800667762756,0.09894102066755295,0.9380096793174744,0.9388418793678284,1.0,1.0,1.0,
synthetic-10-rotation_+20,synthetic_transform,nut_40.jpg,nut_40.jpg,nut,nut,rotation,20deg,rotation_+20,"{""angle_deg"":20}","[[0.9396926207859084,0.3420201433256687,-59.72310599165436],[-0.3420201433256687,0.9396926207859084,85.29343477842919],[0.0,0.0,1.0]]","[[0.9414700615456132,0.34402621964534563,-60.11690899895923],[-0.3431387717821807,0.9430603770967038,85.25382645979353],[7.69304120024367e-07,8.441485056378829e-06,1.0]]",artifacts/masks/nut_40/rotation_+20.npz,1,paired_yolo_boxes,208,192,153,149,0.9738562091503268,0.6153269167134376,0.1399819701910019,0.8763183391003461,1.0,0.8763847750865051,1.0,0.5280557870864868,USAC_MAGSAC,SUCCESS,True,True,"[{""roi_index"":0,""area_ratio"":0.08100973498017035,""failure"":null}]",,29.502,0.2838202714920044,0.2838202714920044,0.9764723777770996,0.9764723777770996,0.9768288135528564,0.9768288135528564,0.055194273591041565,0.9416028261184692,0.9423812627792358,1.0,1.0,1.0,
synthetic-10-rotation_+30,synthetic_transform,nut_40.jpg,nut_40.jpg,nut,nut,rotation,30deg,rotation_+30,"{""angle_deg"":30}","[[0.8660254037844387,0.49999999999999994,-77.59738560230099],[-0.49999999999999994,0.8660254037844387,134.40261439769898],[0.0,0.0,1.0]]","[[0.866927953575906,0.5008197134711038,-77.64943440795089],[-0.5018714905508376,0.8684746537308006,134.51529674972915],[3.642310756175417e-07,6.430906224376655e-06,1.0]]",artifacts/masks/nut_40/rotation_+30.npz,1,paired_yolo_boxes,208,185,149,149,1.0,0.7031877813219748,0.196236252784729,0.8451044982698962,1.0,0.8448941176470588,1.0,0.4947715699672699,USAC_MAGSAC,SUCCESS,True,True,"[{""roi_index"":0,""area_ratio"":0.08099792747924678,""failure"":null}]",,34.831,0.24475356936454773,0.24475356936454773,0.9759199023246765,0.9759199023246765,0.9773765802383423,0.9773765802383423,0.040370963513851166,0.9388533234596252,0.9435803890228271,1.0,1.0,1.0,
synthetic-10-shear_x_-0.12,synthetic_transform,nut_40.jpg,nut_40.jpg,nut,nut,shear_x,12pct,shear_x_-0.12,"{""shear_x"":-0.12}","[[1.0,-0.12,25.439999999999998],[0.0,1.0,0.0],[0.0,0.0,1.0]]","[[0.9973460251852346,-0.12027799014841013,25.726300381390175],[-0.0013660605613001761,0.9987767871867189,0.22452872707598798],[-4.812839838040195e-06,-1.2868330813892186e-06,1.0]]",artifacts/masks/nut_40/shear_x_-0.12.npz,1,paired_yolo_boxes,208,204,169,166,0.9822485207100592,0.605071442911536,0.17876683175563812,0.9700429065743945,1.0,0.9700152249134948,1.0,0.28261226415634155,USAC_MAGSAC,SUCCESS,True,True,"[{""roi_index"":0,""area_ratio"":0.08103750470538067,""failure"":null}]",,31.089,0.5563296675682068,0.5563296675682068,0.9882296919822693,0.9882296919822693,0.9900746941566467,0.9900746941566467,0.2590170204639435,0.9713740944862366,0.9774727821350098,1.0,1.0,1.0,
synthetic-10-shear_x_+0.12,synthetic_transform,nut_40.jpg,nut_40.jpg,nut,nut,shear_x,12pct,shear_x_+0.12,"{""shear_x"":0.12}","[[1.0,0.12,-25.439999999999998],[0.0,1.0,0.0],[0.0,0.0,1.0]]","[[1.003522433381439,0.12151690380413507,-25.909908717031474],[0.000826705206769969,1.0033561140286607,-0.3102540523807657],[5.648273920922746e-06,6.003760772037492e-06,1.0]]",artifacts/masks/nut_40/shear_x_+0.12.npz,1,paired_yolo_boxes,208,213,178,177,0.9943820224719101,0.6409999860418043,0.15852931141853333,0.9700152249134948,1.0,0.9700152249134948,1.0,0.39796027541160583,USAC_MAGSAC,SUCCESS,True,True,"[{""roi_index"":0,""area_ratio"":0.08099351115743904,""failure"":null}]",,28.061,0.5538776516914368,0.5538776516914368,0.9884560704231262,0.9884560704231262,0.9899972677230835,0.9899972677230835,0.2605321407318115,0.9720652103424072,0.9774118661880493,1.0,1.0,1.0,
synthetic-10-shear_y_-0.12,synthetic_transform,nut_40.jpg,nut_40.jpg,nut,nut,shear_y,12pct,shear_y_-0.12,"{""shear_y"":-0.12}","[[1.0,0.0,0.0],[-0.12,1.0,25.439999999999998],[0.0,0.0,1.0]]","[[0.9994420792545458,-0.001028308494869136,0.2065683779225881],[-0.12005595356977895,1.0001900703204782,25.387480105168084],[-1.3193778230986064e-06,7.460173095743929e-08,1.0]]",artifacts/masks/nut_40/shear_y_-0.12.npz,1,paired_yolo_boxes,208,205,167,164,0.9820359281437125,0.6049328886804525,0.19887816905975342,0.9695889273356402,1.0,0.9700152249134948,1.0,0.2482592761516571,USAC_MAGSAC,SUCCESS,True,True,"[{""roi_index"":0,""area_ratio"":0.08106141058297821,""failure"":null}]",,33.788,0.47278711199760437,0.47278711199760437,0.9853977560997009,0.9853977560997009,0.9874318838119507,0.9874318838119507,0.21872614324092865,0.9624322652816772,0.9685278534889221,1.0,1.0,1.0,
synthetic-10-shear_y_+0.12,synthetic_transform,nut_40.jpg,nut_40.jpg,nut,nut,shear_y,12pct,shear_y_+0.12,"{""shear_y"":0.12}","[[1.0,0.0,0.0],[0.12,1.0,-25.439999999999998],[0.0,0.0,1.0]]","[[1.0046030984926344,0.000842222871966123,-0.42710288553183096],[0.12157903158393826,1.0035732499390067,-25.8541494451807],[7.76881955310032e-06,5.5112860776628485e-06,1.0]]",artifacts/masks/nut_40/shear_y_+0.12.npz,1,paired_yolo_boxes,208,204,173,170,0.9826589595375722,0.6195211980349631,0.19242039322853088,0.970242214532872,1.0,0.9700152249134948,1.0,0.4748126268386841,USAC_MAGSAC,SUCCESS,True,True,"[{""roi_index"":0,""area_ratio"":0.08101098686726216,""failure"":null}]",,29.839,0.484307199716568,0.484307199716568,0.9832118153572083,0.9832118153572083,0.9874210953712463,0.9874210953712463,0.223086878657341,0.9550976753234863,0.968694806098938,1.0,1.0,1.0,
synthetic-10-scale_0.85,synthetic_transform,nut_40.jpg,nut_40.jpg,nut,nut,scale,0.85x,scale_0.85,"{""scale"":0.85}","[[0.85,0.0,31.800000000000004],[0.0,0.85,31.800000000000004],[0.0,0.0,1.0]]","[[0.849726218544217,-0.0008469020392653292,31.926354984558042],[-0.0002696527509033152,0.8493851629504499,31.977332345138905],[-8.054301067947255e-07,7.24213453412826e-07,1.0]]",artifacts/masks/nut_40/scale_0.85.npz,1,paired_yolo_boxes,208,209,114,112,0.9824561403508771,0.8582666441945692,0.39875227212905884,1.0,1.0,1.0,1.0,0.2697690725326538,USAC_MAGSAC,SUCCESS,True,True,"[{""roi_index"":0,""area_ratio"":0.05849126111266226,""failure"":null}]",,27.621,0.26544681191444397,0.26544681191444397,0.9654243588447571,0.9654243588447571,0.9678842425346375,0.9678842425346375,0.052225708961486816,0.9051622152328491,0.9124723076820374,1.0,1.0,1.0,
synthetic-10-scale_1.15,synthetic_transform,nut_40.jpg,nut_40.jpg,nut,nut,scale,1.15x,scale_1.15,"{""scale"":1.15}","[[1.15,0.0,-31.799999999999983],[0.0,1.15,-31.799999999999983],[0.0,0.0,1.0]]","[[1.1519116844832626,-0.0006334486152153848,-31.82834748220838],[0.0007568460998118194,1.1477389135909568,-31.495002072858405],[8.383036675477985e-06,-8.664039913119607e-06,1.0]]",artifacts/masks/nut_40/scale_1.15.npz,1,paired_yolo_boxes,208,214,117,111,0.9487179487179487,0.6259668782308349,0.5359545350074768,0.7565121107266436,1.0,0.7538325259515571,1.0,0.789394736289978,USAC_MAGSAC,SUCCESS,True,True,"[{""roi_index"":0,""area_ratio"":0.10713048190947712,""failure"":null}]",,27.917,0.30407968163490295,0.30407968163490295,0.9757604002952576,0.9757604002952576,0.9818000197410583,0.9818000197410583,0.07176461070775986,0.9319395422935486,0.9509478807449341,1.0,1.0,1.0,
synthetic-10-perspective_light,synthetic_transform,nut_40.jpg,nut_40.jpg,nut,nut,perspective,light,perspective_light,"{""corner_offsets_px"":[[1.94955,1.31298],[-0.44472,1.43702],[-1.69634,-1.04984],[1.30536,-0.76542]],""amount_fraction"":0.02}","[[0.9953221063602571,-0.0015148653328781003,1.9495500326156616],[0.0002958344859824212,0.9965412336360688,1.312980055809021],[2.2877758104895555e-06,3.409693432533204e-06,1.0]]","[[0.9956068056074122,-0.0015728491980020697,1.9296433917503972],[0.00038387272830363496,0.9966633071392267,1.2904220783612481],[2.7853159447905194e-06,3.6222633255480154e-06,1.0]]",artifacts/masks/nut_40/perspective_light.npz,1,paired_yolo_boxes,208,207,184,184,1.0,0.6057056476876244,0.05347324162721634,0.999839446366782,1.0,0.9999778546712803,1.0,0.043260347098112106,USAC_MAGSAC,SUCCESS,True,True,"[{""roi_index"":0,""area_ratio"":0.08008198004870395,""failure"":null}]",,24.432,0.9368351697921753,0.9368351697921753,0.9721012115478516,0.9721012115478516,0.9720004200935364,0.9720004200935364,0.8157247304916382,0.9212824106216431,0.9211368560791016,1.0,1.0,1.0,
synthetic-10-perspective_moderate,synthetic_transform,nut_40.jpg,nut_40.jpg,nut,nut,perspective,moderate,perspective_moderate,"{""corner_offsets_px"":[[5.36328,5.39748],[-3.6827,0.95095],[-2.03117,-1.11385],[1.85835,-3.84768]],""amount_fraction"":0.055}","[[0.961873664345525,-0.00831984815970369,5.363279819488525],[-0.010525088979357975,0.9660986252128149,5.397480010986328],[-3.994947947194678e-05,-2.8791312007279357e-05,1.0]]","[[0.9609686684296135,-0.008527245086726684,5.394930899042362],[-0.011014401231308963,0.9648893211871564,5.570982626792225],[-4.206158788659665e-05,-3.0435891928843025e-05,1.0]]",artifacts/masks/nut_40/perspective_moderate.npz,1,paired_yolo_boxes,208,200,175,175,1.0,0.8216720025017586,0.0912439227104187,0.9995349480968858,1.0,0.9999391003460207,1.0,0.14098048210144043,USAC_MAGSAC,SUCCESS,True,True,"[{""roi_index"":0,""area_ratio"":0.07876843126544271,""failure"":null}]",,25.519,0.6637241840362549,0.6637241840362549,0.9756274223327637,0.9756274223327637,0.975794792175293,0.975794792175293,0.34339195489883423,0.9360579252243042,0.9363819360733032,1.0,1.0,1.0,
synthetic-10-perspective_strong,synthetic_transform,nut_40.jpg,nut_40.jpg,nut,nut,perspective,strong,perspective_strong,"{""corner_offsets_px"":[[2.91304,2.29056],[-4.5806,5.99882],[-6.70247,-7.47934],[7.1737,-4.90364]],""amount_fraction"":0.1}","[[0.9975653234333824,0.010313378146739863,2.9130399227142334],[0.008963854205849506,0.9984938704708513,2.290560007095337],[3.6333548292931456e-05,3.689196645385265e-05,1.0]]","[[0.9969841154541715,0.010155948686867991,2.939277078188426],[0.00846781376889973,0.9978966858484328,2.3991628990998652],[3.4749805686114805e-05,3.627204281330741e-05,1.0]]",artifacts/masks/nut_40/perspective_strong.npz,1,paired_yolo_boxes,208,197,174,174,1.0,0.610574685106806,0.10841633379459381,0.9996346020761245,1.0,0.9998892733564014,1.0,0.09544239938259125,USAC_MAGSAC,SUCCESS,True,True,"[{""roi_index"":0,""area_ratio"":0.07705199589176832,""failure"":null}]",,31.85,0.7346253395080566,0.7346253395080566,0.9732088446617126,0.9732088446617126,0.9733502268791199,0.9733502268791199,0.418631374835968,0.9271458387374878,0.9271045923233032,1.0,1.0,1.0,
synthetic-10-combined_moderate,synthetic_transform,nut_40.jpg,nut_40.jpg,nut,nut,combined,moderate,combined_moderate,"{""rotation_deg"":12.0,""shear_x"":0.06,""shear_y"":-0.04,""scale"":1.05,""corner_offsets_px"":[[2.5534,0.52336],[-1.39675,-0.11727],[-2.31455,-0.42919],[0.52966,-1.46131]]}","[[1.0015035252389088,0.27128812497147803,-59.15406838025205],[-0.25895744075886323,1.0101955457138465,51.33675735762205],[-7.812206745871298e-06,-8.927473568123031e-06,1.0]]","[[1.0021508289546102,0.2717988920345864,-59.21839406826896],[-0.25962183374777853,1.0120451857321293,51.322629682866854],[-8.136160374616822e-06,-4.4545058145627225e-06,1.0]]",artifacts/masks/nut_40/combined_moderate.npz,1,paired_yolo_boxes,208,190,143,140,0.9790209790209791,0.6546032360239883,0.16651785373687744,0.8570076124567474,1.0,0.8569743944636679,1.0,0.2691854238510132,USAC_MAGSAC,SUCCESS,True,True,"[{""roi_index"":0,""area_ratio"":0.08858563896781639,""failure"":null}]",,37.12,0.3312622010707855,0.3312622010707855,0.9784188866615295,0.9784188866615295,0.9788303971290588,0.9788303971290588,0.07847708463668823,0.9448923468589783,0.9462084174156189,1.0,1.0,1.0,
synthetic-11-identity,synthetic_transform,Nutsert_1.jpg,Nutsert_1.jpg,Nutsert,Nutsert,identity,none,identity,"{""rotation_deg"":0.0,""scale"":1.0}","[[1.0,0.0,0.0],[0.0,1.0,0.0],[0.0,0.0,1.0]]","[[1.0,-1.9237289906066836e-18,-8.142060707162752e-15],[0.0,1.0,-8.175820599386797e-15],[4.4367008866002963e-20,-3.8771971591004675e-21,1.0]]",artifacts/masks/Nutsert_1/identity.npz,3,paired_yolo_boxes,2187,2187,1000,1000,1.0,0.8725979661006859,0.0,1.0,1.0,1.0,1.0,8.13180089671156e-15,USAC_MAGSAC,SUCCESS,True,True,"[{""roi_index"":0,""area_ratio"":0.007002989290933803,""failure"":null},{""roi_index"":1,""area_ratio"":0.0065321183563388655,""failure"":null},{""roi_index"":2,""area_ratio"":0.006751720440055383,""failure"":null}]",,437.641,1.0,1.0,1.0,1.0,1.0,1.0,1.0,1.0,1.0,1.0,1.0,1.0,
synthetic-11-rotation_-30,synthetic_transform,Nutsert_1.jpg,Nutsert_1.jpg,Nutsert,Nutsert,rotation,30deg,rotation_-30,"{""angle_deg"":-30}","[[0.8660254037844387,-0.49999999999999994,659.183105225961],[0.49999999999999994,0.8660254037844387,-32.104840194308565],[0.0,0.0,1.0]]","[[0.8646968610799798,-0.4997505528562773,659.1785848835488],[0.49817272320800016,0.8660372127626241,-31.83093644393123],[-1.6561810371469806e-06,2.6576534624014674e-07,1.0]]",artifacts/masks/Nutsert_1/rotation_-30.npz,3,paired_yolo_boxes,2187,1234,491,471,0.9592668024439919,0.4957717705876209,0.24966385960578918,0.6232252377785519,0.3264641804434192,0.6232627123117037,0.3264898116109189,0.8099456429481506,USAC_MAGSAC,FALLBACK_FULL_IMAGE,True,False,"[{""roi_index"":0,""area_ratio"":0.0070072857743764564,""failure"":""projected_corners_outside_50px_margin""},{""roi_index"":1,""area_ratio"":0.006532145305906686,""failure"":null},{""roi_index"":2,""area_ratio"":0.00674620511820255,""failure"":""projected_corners_outside_50px_margin""}]",projected_corners_outside_50px_margin,331.711,0.1623317003250122,0.16161207854747772,0.944281260172526,0.8834952116012573,0.9507078727086385,0.8998364806175232,0.039453377947211266,0.8937329848607382,0.9086450139681498,0.4092528514673843,0.3264641804434192,0.3264898116109189,projected_corners_outside_50px_margin
synthetic-11-rotation_-20,synthetic_transform,Nutsert_1.jpg,Nutsert_1.jpg,Nutsert,Nutsert,rotation,20deg,rotation_-20,"{""angle_deg"":-20}","[[0.9396926207859084,-0.3420201433256687,438.7021782012505],[0.3420201433256687,0.9396926207859084,-60.00368745944081],[0.0,0.0,1.0]]","[[0.9390879290548153,-0.34196700479325226,438.7834987815381],[0.34170820662391915,0.93960566010145,-59.90956247411457],[-5.171974848590491e-07,7.332410927323445e-08,1.0]]",artifacts/masks/Nutsert_1/rotation_-20.npz,3,paired_yolo_boxes,2187,1653,633,622,0.9826224328593997,0.5769850449716053,0.19917786121368408,0.7419213351490008,0.9990772779700116,0.7418353020658496,0.9990772779700116,0.2712303400039673,USAC_MAGSAC,SUCCESS,True,True,"[{""roi_index"":0,""area_ratio"":0.0070030486572291726,""failure"":null},{""roi_index"":1,""area_ratio"":0.006531102199715686,""failure"":null},{""roi_index"":2,""area_ratio"":0.006749113039045057,""failure"":null}]",,340.461,0.21257681647936502,0.17750650644302368,0.9677191972732544,0.964582085609436,0.9689184427261353,0.9651774764060974,0.03721934060255686,0.9326189557711283,0.9369342923164368,0.9486095091631424,0.9990772779700116,0.9990772779700116,
synthetic-11-rotation_-10,synthetic_transform,Nutsert_1.jpg,Nutsert_1.jpg,Nutsert,Nutsert,rotation,10deg,rotation_-10,"{""angle_deg"":-10}","[[0.984807753012208,-0.17364817766693033,216.7262678893984],[0.17364817766693033,0.984807753012208,-49.19257735808989],[0.0,0.0,1.0]]","[[0.9841558839448561,-0.1736706707385766,216.84672234523313],[0.17248968898819753,0.984581202508251,-48.777140094317986],[-8.335542551631426e-07,3.496992718197334e-08,1.0]]",artifacts/masks/Nutsert_1/rotation_-10.npz,3,paired_yolo_boxes,2187,1967,774,765,0.9883720930232558,0.705024834195141,0.17020007967948914,0.862763509305296,1.0,0.862814706906926,1.0,0.41449621319770813,USAC_MAGSAC,SUCCESS,True,True,"[{""roi_index"":0,""area_ratio"":0.0070037809417547925,""failure"":null},{""roi_index"":1,""area_ratio"":0.006532602898472628,""failure"":null},{""roi_index"":2,""area_ratio"":0.006751237738556604,""failure"":null}]",,368.848,0.21475947399934134,0.17476530373096466,0.966727077960968,0.9640325903892517,0.9680407643318176,0.9646418690681458,0.033647324269016586,0.9283744891484579,0.9325413505236307,1.0,1.0,1.0,
synthetic-11-rotation_+10,synthetic_transform,Nutsert_1.jpg,Nutsert_1.jpg,Nutsert,Nutsert,rotation,10deg,rotation_+10,"{""angle_deg"":10}","[[0.984807753012208,0.17364817766693033,-204.89150748590845],[-0.17364817766693033,0.984807753012208,86.07935304444882],[0.0,0.0,1.0]]","[[0.9853651856371297,0.1736574829614022,-205.00411284162527],[-0.17313835509567851,0.9850260130791594,85.85640792749567],[3.33312562983089e-07,4.4188476304383643e-08,1.0]]",artifacts/masks/Nutsert_1/rotation_+10.npz,3,paired_yolo_boxes,2187,1998,767,761,0.9921773142112125,0.7395133488194869,0.13533784449100494,0.8626637531536667,1.0,0.862814706906926,1.0,0.19573873281478882,USAC_MAGSAC,SUCCESS,True,True,"[{""roi_index"":0,""area_ratio"":0.007004978431128866,""failure"":null},{""roi_index"":1,""area_ratio"":0.006533042659465896,""failure"":null},{""roi_index"":2,""area_ratio"":0.006752014382924135,""failure"":null}]",,309.467,0.19884801904360452,0.11738410592079163,0.9672335783640543,0.9634867906570435,0.9679611921310425,0.9644792079925537,0.04743301495909691,0.9302189548810323,0.932500422000885,1.0,1.0,1.0,
synthetic-11-rotation_+20,synthetic_transform,Nutsert_1.jpg,Nutsert_1.jpg,Nutsert,Nutsert,rotation,20deg,rotation_+20,"{""angle_deg"":20}","[[0.9396926207859084,0.3420201433256687,-391.72272979347315],[-0.3420201433256687,0.9396926207859084,206.43000419125514],[0.0,0.0,1.0]]","[[0.9405063948466077,0.34217750692760773,-392.00726087313376],[-0.340652979311696,0.9400637709748144,205.89313224828382],[1.120468368693396e-06,-3.266835576951314e-08,1.0]]",artifacts/masks/Nutsert_1/rotation_+20.npz,3,paired_yolo_boxes,2187,1561,563,554,0.9840142095914742,0.6066532276960684,0.21253043413162231,0.7417830488435676,0.9483788286556453,0.7418353020658496,0.9486095091631424,0.538669764995575,USAC_MAGSAC,SUCCESS,True,True,"[{""roi_index"":0,""area_ratio"":0.007001811490753607,""failure"":null},{""roi_index"":1,""area_ratio"":0.006531107234472207,""failure"":null},{""roi_index"":2,""area_ratio"":0.006751735911726986,""failure"":null}]",,314.162,0.20568632086118063,0.14396807551383972,0.9673726757367452,0.9642667174339294,0.9688235521316528,0.9653818607330322,0.04075274740656217,0.931684692700704,0.9368578990300497,0.9990772779700116,0.9483788286556453,0.9486095091631424,
synthetic-11-rotation_+30,synthetic_transform,Nutsert_1.jpg,Nutsert_1.jpg,Nutsert,Nutsert,rotation,30deg,rotation_+30,"{""angle_deg"":30}","[[0.8660254037844387,0.49999999999999994,-554.8168947740388],[-0.49999999999999994,0.8660254037844387,357.3951598056914],[0.0,0.0,1.0]]","[[0.8668150986163069,0.5003320484885437,-555.2749252410738],[-0.49967526154926145,0.866842562485134,356.9873762248138],[4.869677787870978e-07,2.869776764957234e-07,1.0]]",artifacts/masks/Nutsert_1/rotation_+30.npz,3,paired_yolo_boxes,2187,1166,434,417,0.9608294930875576,0.5587725237332987,0.21912069618701935,0.6232986034138772,0.40927848263488403,0.6232627123117037,0.4092528514673843,0.3971431255340576,USAC_MAGSAC,FALLBACK_FULL_IMAGE,True,False,"[{""roi_index"":0,""area_ratio"":0.007008526442296775,""failure"":""projected_corners_outside_50px_margin""},{""roi_index"":1,""area_ratio"":0.0065319835613953745,""failure"":null},{""roi_index"":2,""area_ratio"":0.006746569114442895,""failure"":""projected_corners_outside_50px_margin""}]",projected_corners_outside_50px_margin,278.952,0.344149649143219,0.12900599837303162,0.9700109362602234,0.9656620621681213,0.9710458219051361,0.9664493799209595,0.07305977928141753,0.9383090436458588,0.941652774810791,0.3264898116109189,0.40927848263488403,0.4092528514673843,projected_corners_outside_50px_margin
synthetic-11-shear_x_-0.12,synthetic_transform,Nutsert_1.jpg,Nutsert_1.jpg,Nutsert,Nutsert,shear_x,12pct,shear_x_-0.12,"{""shear_x"":-0.12}","[[1.0,-0.12,145.68],[0.0,1.0,0.0],[0.0,0.0,1.0]]","[[0.9997827383008344,-0.11997927781475123,145.68800607050417],[-0.00015290223899252164,0.9999298521438595,0.08190452740258082],[-2.2238748923347194e-07,3.719516599183108e-08,1.0]]",artifacts/masks/Nutsert_1/shear_x_-0.12.npz,3,paired_yolo_boxes,2187,2009,763,753,0.9868938401048493,0.7740536776237693,0.21754147112369537,0.906628242074928,1.0,0.9065775722836241,1.0,0.12351471185684204,USAC_MAGSAC,SUCCESS,True,True,"[{""roi_index"":0,""area_ratio"":0.007002735122220786,""failure"":null},{""roi_index"":1,""area_ratio"":0.006531321185044107,""failure"":null},{""roi_index"":2,""area_ratio"":0.006750126277129691,""failure"":null}]",,298.297,0.24776620666186014,0.1768377274274826,0.9794003367424011,0.9775799512863159,0.9813542167345682,0.9796174764633179,0.072204049055775,0.9561400810877482,0.9619649251302084,1.0,1.0,1.0,
synthetic-11-shear_x_+0.12,synthetic_transform,Nutsert_1.jpg,Nutsert_1.jpg,Nutsert,Nutsert,shear_x,12pct,shear_x_+0.12,"{""shear_x"":0.12}","[[1.0,0.12,-145.68],[0.0,1.0,0.0],[0.0,0.0,1.0]]","[[1.0002432438499493,0.12001738081153004,-145.68447048962244],[0.0006467213104159573,1.000100801478921,-0.2845353254988818],[4.223667821670451e-07,-4.441377452067274e-08,1.0]]",artifacts/masks/Nutsert_1/shear_x_+0.12.npz,3,paired_yolo_boxes,2187,2036,793,782,0.9861286254728878,0.8034616645357059,0.21230299770832062,0.9065781000939502,1.0,0.9065775722836241,1.0,0.20248925685882568,USAC_MAGSAC,SUCCESS,True,True,"[{""roi_index"":0,""area_ratio"":0.007001933243637447,""failure"":null},{""roi_index"":1,""area_ratio"":0.006531733643319853,""failure"":null},{""roi_index"":2,""area_ratio"":0.006752308210820544,""failure"":null}]",,306.432,0.22233464320500693,0.13326378166675568,0.979387899239858,0.9779280424118042,0.9813778400421143,0.9795559048652649,0.07557114399969578,0.9557751814524332,0.9619961380958557,1.0,1.0,1.0,
synthetic-11-shear_y_-0.12,synthetic_transform,Nutsert_1.jpg,Nutsert_1.jpg,Nutsert,Nutsert,shear_y,12pct,shear_y_-0.12,"{""shear_y"":-0.12}","[[1.0,0.0,0.0],[-0.12,1.0,46.739999999999995],[0.0,0.0,1.0]]","[[1.0000067618961699,4.6423325307898226e-05,-0.04256230235561127],[-0.12039190574499131,1.000112437413965,46.82934255732206],[-2.2058324247862466e-07,8.876559172480162e-08,1.0]]",artifacts/masks/Nutsert_1/shear_y_-0.12.npz,3,paired_yolo_boxes,2187,2153,828,819,0.9891304347826086,0.8660117888020729,0.19657263159751892,0.9903637668767352,1.0,0.9903674615490178,1.0,0.14754122495651245,USAC_MAGSAC,SUCCESS,True,True,"[{""roi_index"":0,""area_ratio"":0.007005089931481117,""failure"":null},{""roi_index"":1,""area_ratio"":0.006532600139293707,""failure"":null},{""roi_index"":2,""area_ratio"":0.006750499530798125,""failure"":null}]",,301.834,0.5087097982565562,0.4441494643688202,0.9894615809122721,0.9886093139648438,0.9900743365287781,0.9891095757484436,0.26886413991451263,0.9780711929003397,0.9796602527300516,1.0,1.0,1.0,
synthetic-11-shear_y_+0.12,synthetic_transform,Nutsert_1.jpg,Nutsert_1.jpg,Nutsert,Nutsert,shear_y,12pct,shear_y_+0.12,"{""shear_y"":0.12}","[[1.0,0.0,0.0],[0.12,1.0,-46.739999999999995],[0.0,0.0,1.0]]","[[1.0000215136459758,-2.972908550873816e-05,0.03439720952933399],[0.12011988045709132,1.0000251235591913,-46.80521605634327],[2.2709934170447532e-08,-5.04044928279623e-09,1.0]]",artifacts/masks/Nutsert_1/shear_y_+0.12.npz,3,paired_yolo_boxes,2187,2155,829,822,0.991556091676719,0.8541569582184192,0.19092202186584473,0.9903389597914094,1.0,0.9903685171696699,1.0,0.06126624718308449,USAC_MAGSAC,SUCCESS,True,True,"[{""roi_index"":0,""area_ratio"":0.007003179728548759,""failure"":null},{""roi_index"":1,""area_ratio"":0.006532379255932612,""failure"":null},{""roi_index"":2,""area_ratio"":0.006752088532603504,""failure"":null}]",,325.609,0.5077811479568481,0.45035701990127563,0.9893726706504822,0.9887415766716003,0.9900655945142111,0.9890294671058655,0.26876965165138245,0.9778308669726054,0.9796492457389832,1.0,1.0,1.0,
synthetic-11-scale_0.85,synthetic_transform,Nutsert_1.jpg,Nutsert_1.jpg,Nutsert,Nutsert,scale,0.85x,scale_0.85,"{""scale"":0.85}","[[0.85,0.0,58.42500000000001],[0.0,0.85,182.10000000000002],[0.0,0.0,1.0]]","[[0.8502461500566612,0.00011904293765342144,58.2272368047796],[-2.863414191334414e-06,0.8499447604446813,182.14517543581022],[-1.195760335585858e-07,1.7390536884390592e-08,1.0]]",artifacts/masks/Nutsert_1/scale_0.85.npz,3,paired_yolo_boxes,2187,1908,461,455,0.9869848156182213,0.8659378515091144,0.5637183785438538,0.997497651244049,1.0,0.9974358974358974,1.0,0.2032260000705719,USAC_MAGSAC,FALLBACK_FULL_IMAGE,True,False,"[{""roi_index"":0,""area_ratio"":0.005061477347666038,""failure"":null},{""roi_index"":1,""area_ratio"":0.004720966165385096,""failure"":""projected_area_below_0.005""},{""roi_index"":2,""area_ratio"":0.0048794126736813204,""failure"":""projected_area_below_0.005""}]",projected_area_below_0.005,352.779,0.22673436005910239,0.1955307275056839,0.9535427888234457,0.9503599405288696,0.9569406310717264,0.953105628490448,0.05205317959189415,0.8967770536740621,0.9072352846463522,1.0,1.0,1.0,projected_area_below_0.005
synthetic-11-scale_1.15,synthetic_transform,Nutsert_1.jpg,Nutsert_1.jpg,Nutsert,Nutsert,scale,1.15x,scale_1.15,"{""scale"":1.15}","[[1.15,0.0,-58.42499999999997],[0.0,1.15,-182.09999999999988],[0.0,0.0,1.0]]","[[1.1497053847477876,9.238663987924018e-05,-58.646927127937744],[-0.0009796935310876752,1.149689541046502,-181.7388583867562],[-7.022430935325772e-07,-2.5915349980760603e-08,1.0]]",artifacts/masks/Nutsert_1/scale_1.15.npz,3,paired_yolo_boxes,2187,1943,424,418,0.9858490566037735,0.8230416933223095,0.7011783123016357,0.7558201644656976,1.0,0.7561484624885201,1.0,0.41876983642578125,USAC_MAGSAC,SUCCESS,True,True,"[{""roi_index"":0,""area_ratio"":0.009264576333570565,""failure"":null},{""roi_index"":1,""area_ratio"":0.008642661907621743,""failure"":null},{""roi_index"":2,""area_ratio"":0.008933444215318387,""failure"":null}]",,270.829,0.25765622158845264,0.18607772886753082,0.9732926686604818,0.9721047878265381,0.975771407286326,0.973544716835022,0.059213416650891304,0.9395988980929056,0.9480983217557272,1.0,1.0,1.0,
synthetic-11-perspective_light,synthetic_transform,Nutsert_1.jpg,Nutsert_1.jpg,Nutsert,Nutsert,perspective,light,perspective_light,"{""corner_offsets_px"":[[4.35609,0.81225],[-2.86766,7.60654],[-2.21206,-6.41511],[2.7148,-5.94906]],""amount_fraction"":0.02}","[[0.9937228604128103,-0.0006793051101680898,4.356090068817139],[0.008751172637519945,0.9942527115030508,0.812250018119812],[3.860150263538247e-06,-1.2231780087366007e-06,1.0]]","[[0.9937282126525245,-0.000683495287843959,4.369385578075568],[0.008597612011589598,0.9942734898968953,0.8729684682251111],[3.796751044875233e-06,-1.1970824137220297e-06,1.0]]",artifacts/masks/Nutsert_1/perspective_light.npz,3,paired_yolo_boxes,2187,2106,871,868,0.9965556831228473,0.872124379689096,0.06998567283153534,0.9999329680885877,1.0,0.9999862769315219,1.0,0.05693262070417404,USAC_MAGSAC,SUCCESS,True,True,"[{""roi_index"":0,""area_ratio"":0.0068953792070251575,""failure"":null},{""roi_index"":1,""area_ratio"":0.006451005512925121,""failure"":null},{""roi_index"":2,""area_ratio"":0.006691050042208659,""failure"":null}]",,306.98,0.4862968424956004,0.29082372784614563,0.9657556613286337,0.9641075134277344,0.9657858808835348,0.9645493626594543,0.2061255251367887,0.9286894599596659,0.9287644426027933,1.0,1.0,1.0,
synthetic-11-perspective_moderate,synthetic_transform,Nutsert_1.jpg,Nutsert_1.jpg,Nutsert,Nutsert,perspective,moderate,perspective_moderate,"{""corner_offsets_px"":[[7.87945,10.63857],[-7.65451,2.47046],[-5.17699,-3.56001],[4.61247,-33.96432]],""amount_fraction"":0.055}","[[0.9643817742720098,-0.001359633596027945,7.879449844360352],[-0.010535589907509158,0.9743165235973599,10.638569831848145],[-2.0324698535134183e-05,-3.0547764191594904e-06,1.0]]","[[0.9643911706164296,-0.0013710045355196266,7.909791798143485],[-0.01054199372502648,0.9743602221076215,10.63488248983275],[-2.032913724917451e-05,-3.038778986773115e-06,1.0]]",artifacts/masks/Nutsert_1/perspective_moderate.npz,3,paired_yolo_boxes,2187,2142,858,856,0.9976689976689976,0.8745678768355531,0.09401914477348328,0.9999567195532614,1.0,0.9999714982423916,1.0,0.02593335136771202,USAC_MAGSAC,SUCCESS,True,True,"[{""roi_index"":0,""area_ratio"":0.0067736663709937976,""failure"":null},{""roi_index"":1,""area_ratio"":0.006379966036753418,""failure"":null},{""roi_index"":2,""area_ratio"":0.006640863138797928,""failure"":null}]",,317.101,0.2421423594156901,0.14018110930919647,0.9658645590146383,0.9571939706802368,0.9659741719563802,0.9571774005889893,0.036026704435547195,0.9278403719266256,0.9281483093897501,1.0,1.0,1.0,
synthetic-11-perspective_strong,synthetic_transform,Nutsert_1.jpg,Nutsert_1.jpg,Nutsert,Nutsert,perspective,strong,perspective_strong,"{""corner_offsets_px"":[[16.13467,44.77426],[-11.44828,-5.55591],[-3.39297,-30.51145],[16.39383,-41.55342]],""amount_fraction"":0.1}","[[0.9394730777188456,3.9229267084483714e-05,16.13467025756836],[-0.06442687106390178,0.9546177365018977,44.774261474609375],[-3.272579773356113e-05,-4.117915959690615e-06,1.0]]","[[0.9393708579344057,3.1197627677220204e-05,16.213469665643483],[-0.06463969491615822,0.9546520884387822,44.84359355144762],[-3.2894734289052726e-05,-4.0647683852903955e-06,1.0]]",artifacts/masks/Nutsert_1/perspective_strong.npz,3,paired_yolo_boxes,2187,2167,808,802,0.9925742574257426,0.8712912679647771,0.15664790570735931,0.9998073492309804,1.0,0.9998601302635884,1.0,0.10889604687690735,USAC_MAGSAC,SUCCESS,True,True,"[{""roi_index"":0,""area_ratio"":0.006579005958036859,""failure"":null},{""roi_index"":1,""area_ratio"":0.006219945065481918,""failure"":null},{""roi_index"":2,""area_ratio"":0.006487707754916603,""failure"":null}]",,310.302,0.21024375160535178,0.13063602149486542,0.9642199277877808,0.9613202214241028,0.9646485447883606,0.9617890119552612,0.035673813273509346,0.9236449201901754,0.9249686400095621,1.0,1.0,1.0,
synthetic-11-combined_moderate,synthetic_transform,Nutsert_1.jpg,Nutsert_1.jpg,Nutsert,Nutsert,combined,moderate,combined_moderate,"{""rotation_deg"":12.0,""shear_x"":0.06,""shear_y"":-0.04,""scale"":1.05,""corner_offsets_px"":[[5.08525,10.8263],[-2.52699,0.35669],[-6.57183,-2.63721],[5.52879,-7.70612]]}","[[0.9944918080440734,0.27476970044040805,-333.5756687556133],[-0.27172006482393934,1.0096302120464438,93.82708982659078],[-8.950520330899475e-06,1.3313262659966584e-07,1.0]]","[[0.9952854504672459,0.2748255721404207,-333.78224307560333],[-0.2704648701048941,1.0099432406215616,93.34684697610051],[-8.07924352904495e-06,1.2882685528342593e-07,1.0]]",artifacts/masks/Nutsert_1/combined_moderate.npz,3,paired_yolo_boxes,2187,1792,612,605,0.988562091503268,0.6822744422798258,0.24248246848583221,0.7574294581499192,1.0,0.7574437090287235,1.0,0.45022764801979065,USAC_MAGSAC,SUCCESS,True,True,"[{""roi_index"":0,""area_ratio"":0.007614669958235113,""failure"":null},{""roi_index"":1,""area_ratio"":0.00710406370593689,""failure"":null},{""roi_index"":2,""area_ratio"":0.007336588133110335,""failure"":null}]",,279.532,0.24035699168841043,0.1498633623123169,0.9705214500427246,0.9676664471626282,0.9710938135782877,0.9680729508399963,0.039272927679121494,0.938751757144928,0.9403474926948547,1.0,1.0,1.0,
synthetic-12-identity,synthetic_transform,Nutsert_2.jpg,Nutsert_2.jpg,Nutsert,Nutsert,identity,none,identity,"{""rotation_deg"":0.0,""scale"":1.0}","[[1.0,0.0,0.0],[0.0,1.0,0.0],[0.0,0.0,1.0]]","[[1.0,0.0,0.0],[0.0,1.0,0.0],[0.0,0.0,1.0]]",artifacts/masks/Nutsert_2/identity.npz,3,paired_yolo_boxes,1517,1517,1000,1000,1.0,0.9035550748944027,0.0,1.0,1.0,1.0,1.0,0.0,USAC_MAGSAC,SUCCESS,True,True,"[{""roi_index"":0,""area_ratio"":0.005711032439659031,""failure"":null},{""roi_index"":1,""area_ratio"":0.005714862125477345,""failure"":null},{""roi_index"":2,""area_ratio"":0.006316441990450726,""failure"":null}]",,192.305,1.0,1.0,1.0,1.0,1.0,1.0,1.0,1.0,1.0,1.0,1.0,1.0,
synthetic-12-rotation_-30,synthetic_transform,Nutsert_2.jpg,Nutsert_2.jpg,Nutsert,Nutsert,rotation,30deg,rotation_-30,"{""angle_deg"":-30}","[[0.8660254037844387,-0.49999999999999994,466.0811629325006],[0.49999999999999994,0.8660254037844387,-40.438580514880655],[0.0,0.0,1.0]]","[[0.8662409224779518,-0.49981092383568615,465.79083107123364],[0.5002624793773016,0.8658597447005187,-40.44111043437222],[-6.854077211437581e-08,-8.149583690925529e-08,1.0]]",artifacts/masks/Nutsert_2/rotation_-30.npz,3,paired_yolo_boxes,1517,895,470,458,0.9744680851063829,0.5731482022438774,0.26921701431274414,0.6725014277555682,0.5396430053964301,0.6729107176851323,0.5393316728933167,0.2140577882528305,USAC_MAGSAC,FALLBACK_FULL_IMAGE,True,False,"[{""roi_index"":0,""area_ratio"":0.005712292344799961,""failure"":""projected_corners_outside_50px_margin""},{""roi_index"":1,""area_ratio"":0.0057169465820895255,""failure"":null},{""roi_index"":2,""area_ratio"":0.006319633742578778,""failure"":null}]",projected_corners_outside_50px_margin,171.093,0.18722456693649292,0.12115401029586792,0.962205320596695,0.9608464241027832,0.9630464911460876,0.9621885418891907,0.041525923336545624,0.9309518933296204,0.9327343702316284,0.7834682440846824,0.5396430053964301,0.5393316728933167,projected_corners_outside_50px_margin
synthetic-12-rotation_-20,synthetic_transform,Nutsert_2.jpg,Nutsert_2.jpg,Nutsert,Nutsert,rotation,20deg,rotation_-20,"{""angle_deg"":-20}","[[0.9396926207859084,-0.3420201433256687,309.1509382427028],[0.3420201433256687,0.9396926207859084,-54.28209557359801],[0.0,0.0,1.0]]","[[0.9390406536211278,-0.3417292546527785,308.96056389883466],[0.34116785018381174,0.9391230606182934,-53.957192060627136],[-1.1227723511955895e-06,-1.3505220287504308e-07,1.0]]",artifacts/masks/Nutsert_2/rotation_-20.npz,3,paired_yolo_boxes,1517,1178,632,619,0.9794303797468354,0.6845109524743578,0.20708882808685303,0.7718570340757662,0.9534557907845579,0.7719131924614506,0.9531444582814446,0.3334960639476776,USAC_MAGSAC,SUCCESS,True,True,"[{""roi_index"":0,""area_ratio"":0.0057117563406645176,""failure"":null},{""roi_index"":1,""area_ratio"":0.005716716509400861,""failure"":null},{""roi_index"":2,""area_ratio"":0.006318999183749471,""failure"":null}]",,180.591,0.12202777465184529,0.07740192115306854,0.9610756834348043,0.9591323137283325,0.9623813231786092,0.9607009291648865,0.009743362354735533,0.9287649591763815,0.9324435393015543,1.0,0.9534557907845579,0.9531444582814446,
synthetic-12-rotation_-10,synthetic_transform,Nutsert_2.jpg,Nutsert_2.jpg,Nutsert,Nutsert,rotation,10deg,rotation_-10,"{""angle_deg"":-10}","[[0.984807753012208,-0.17364817766693033,152.20093512379114],[0.17364817766693033,0.984807753012208,-40.66464899411872],[0.0,0.0,1.0]]","[[0.9845030226114141,-0.17361389903112573,152.20009831640468],[0.1734387527461161,0.9845796786104763,-40.561916234226885],[-3.8658756530615993e-07,-2.986475866463188e-08,1.0]]",artifacts/masks/Nutsert_2/rotation_-10.npz,3,paired_yolo_boxes,1517,1443,792,786,0.9924242424242424,0.8311934764710296,0.12341631948947906,0.8771026080335047,1.0,0.8770569198553207,1.0,0.10329535603523254,USAC_MAGSAC,SUCCESS,True,True,"[{""roi_index"":0,""area_ratio"":0.005710745118030294,""failure"":null},{""roi_index"":1,""area_ratio"":0.005714795731998059,""failure"":null},{""roi_index"":2,""area_ratio"":0.006316344606063022,""failure"":null}]",,165.949,0.1289172371228536,0.06968808174133301,0.9620673259099325,0.9587217569351196,0.9624033172925314,0.9592818021774292,0.008754854090511799,0.9285022616386414,0.9298001130421957,1.0,1.0,1.0,
synthetic-12-rotation_+10,synthetic_transform,Nutsert_2.jpg,Nutsert_2.jpg,Nutsert,Nutsert,rotation,10deg,rotation_+10,"{""angle_deg"":10}","[[0.984807753012208,0.17364817766693033,-142.8273187323235],[-0.17364817766693033,0.984807753012208,66.4762766263773],[0.0,0.0,1.0]]","[[0.9842826168168071,0.17361287610223106,-142.67054230884477],[-0.17349635023204768,0.9845691621390772,66.41224678621967],[-4.32452354271282e-07,-7.756011102996573e-08,1.0]]",artifacts/masks/Nutsert_2/rotation_+10.npz,3,paired_yolo_boxes,1517,1435,813,801,0.985239852398524,0.7506464806795603,0.13145402073860168,0.8771559109080526,1.0,0.8770569198553207,1.0,0.19225534796714783,USAC_MAGSAC,SUCCESS,True,True,"[{""roi_index"":0,""area_ratio"":0.00570933751460182,""failure"":null},{""roi_index"":1,""area_ratio"":0.0057138631272991534,""failure"":null},{""roi_index"":2,""area_ratio"":0.006315828232798855,""failure"":null}]",,166.011,0.1350200598438581,0.08785849809646606,0.96206001440684,0.959031879901886,0.9622853994369507,0.9594899415969849,0.007738996297121048,0.9290822545687357,0.9297775228818258,1.0,1.0,1.0,
synthetic-12-rotation_+20,synthetic_transform,Nutsert_2.jpg,Nutsert_2.jpg,Nutsert,Nutsert,rotation,20deg,rotation_+20,"{""angle_deg"":20}","[[0.9396926207859084,0.3420201433256687,-271.9412852676083],[-0.3420201433256687,0.9396926207859084,156.7443328583396],[0.0,0.0,1.0]]","[[0.9386617571001087,0.34184456642217437,-271.61314607293855],[-0.3430576393472767,0.9390870276600257,157.21211880358052],[-1.2736555097611532e-06,-8.248116450427946e-08,1.0]]",artifacts/masks/Nutsert_2/rotation_+20.npz,3,paired_yolo_boxes,1517,1285,693,685,0.9884559884559885,0.6214260734121861,0.17936760187149048,0.7720064724919093,1.0,0.7719131924614506,1.0,0.35861238837242126,USAC_MAGSAC,SUCCESS,True,True,"[{""roi_index"":0,""area_ratio"":0.00571037125828423,""failure"":null},{""roi_index"":1,""area_ratio"":0.005714755215008906,""failure"":null},{""roi_index"":2,""area_ratio"":0.006316070539744558,""failure"":null}]",,158.243,0.11709074427684148,0.0759754553437233,0.9620742003122965,0.9594127535820007,0.9623305598894755,0.9595163464546204,0.022143094218336046,0.9320099353790283,0.93266894419988,0.9531444582814446,1.0,1.0,
synthetic-12-rotation_+30,synthetic_transform,Nutsert_2.jpg,Nutsert_2.jpg,Nutsert,Nutsert,rotation,30deg,rotation_+30,"{""angle_deg"":30}","[[0.8660254037844387,0.49999999999999994,-383.4188370674993],[-0.49999999999999994,0.8660254037844387,268.0614194851193],[0.0,0.0,1.0]]","[[0.8652116597679129,0.4995834120471569,-383.0153081059347],[-0.5000166449500921,0.8651759394890977,268.24733970692665],[-6.153801127201316e-07,-4.5017109670950933e-07,1.0]]",artifacts/masks/Nutsert_2/rotation_+30.npz,3,paired_yolo_boxes,1517,927,497,486,0.9778672032193159,0.5148601720774463,0.20312727987766266,0.6729050066628594,0.7831569115815691,0.6729107176851323,0.7834682440846824,0.300504207611084,USAC_MAGSAC,FALLBACK_FULL_IMAGE,True,False,"[{""roi_index"":0,""area_ratio"":0.0057059865374029005,""failure"":null},{""roi_index"":1,""area_ratio"":0.005714300664555045,""failure"":null},{""roi_index"":2,""area_ratio"":0.006320501859304271,""failure"":""projected_corners_outside_50px_margin""}]",projected_corners_outside_50px_margin,181.303,0.08599790930747986,0.07417647540569305,0.9625202616055807,0.959516704082489,0.963648517926534,0.961201548576355,0.02458135038614273,0.9307860533396403,0.9342126448949178,0.5393316728933167,0.7831569115815691,0.7834682440846824,projected_corners_outside_50px_margin
synthetic-12-shear_x_-0.12,synthetic_transform,Nutsert_2.jpg,Nutsert_2.jpg,Nutsert,Nutsert,shear_x,12pct,shear_x_-0.12,"{""shear_x"":-0.12}","[[1.0,-0.12,101.94],[0.0,1.0,0.0],[0.0,0.0,1.0]]","[[0.9994195317696808,-0.11991824559025895,102.01419902338152],[-0.0005580096873429716,0.9997831317977898,0.12076075288974732],[-7.191134726239352e-07,4.4326734885851996e-09,1.0]]",artifacts/masks/Nutsert_2/shear_x_-0.12.npz,3,paired_yolo_boxes,1517,1457,824,814,0.9878640776699029,0.7692770669860548,0.22014707326889038,0.9174976204073862,1.0,0.9174595469255663,1.0,0.21855944395065308,USAC_MAGSAC,SUCCESS,True,True,"[{""roi_index"":0,""area_ratio"":0.005711198278018265,""failure"":null},{""roi_index"":1,""area_ratio"":0.0057148158179940725,""failure"":null},{""roi_index"":2,""area_ratio"":0.006315649227303372,""failure"":null}]",,232.37,0.2525043537219365,0.10667815804481506,0.9800352652867635,0.9787704944610596,0.9825489123662313,0.9816176295280457,0.0874607350366811,0.9606929024060568,0.9662371873855591,1.0,1.0,1.0,
synthetic-12-shear_x_+0.12,synthetic_transform,Nutsert_2.jpg,Nutsert_2.jpg,Nutsert,Nutsert,shear_x,12pct,shear_x_+0.12,"{""shear_x"":0.12}","[[1.0,0.12,-101.94],[0.0,1.0,0.0],[0.0,0.0,1.0]]","[[1.0003826992374385,0.12007249511114214,-102.11717538972302],[-3.343483291994884e-05,1.0002214659452109,-0.007391901225511332],[1.8514854741687195e-08,1.333219316631522e-07,1.0]]",artifacts/masks/Nutsert_2/shear_x_+0.12.npz,3,paired_yolo_boxes,1517,1448,827,818,0.9891172914147521,0.8116850168522624,0.22578972578048706,0.9172272986864649,1.0,0.9174595469255663,1.0,0.09328509867191315,USAC_MAGSAC,SUCCESS,True,True,"[{""roi_index"":0,""area_ratio"":0.005713853652519613,""failure"":null},{""roi_index"":1,""area_ratio"":0.005716312541960592,""failure"":null},{""roi_index"":2,""area_ratio"":0.006316510547750661,""failure"":null}]",,197.61,0.25234654794136685,0.10413189977407455,0.9812459746996561,0.979860782623291,0.9825906753540039,0.9816379547119141,0.09965033497428522,0.9631632765134176,0.9663386344909668,1.0,1.0,1.0,
synthetic-12-shear_y_-0.12,synthetic_transform,Nutsert_2.jpg,Nutsert_2.jpg,Nutsert,Nutsert,shear_y,12pct,shear_y_-0.12,"{""shear_y"":-0.12}","[[1.0,0.0,0.0],[-0.12,1.0,37.019999999999996],[0.0,0.0,1.0]]","[[1.0000489173105649,3.1376985787573444e-05,0.00877787020342964],[-0.11991088759793192,1.0001343241230853,36.94378933182283],[1.3839209859000178e-07,6.600712166777132e-08,1.0]]",artifacts/masks/Nutsert_2/shear_y_-0.12.npz,3,paired_yolo_boxes,1517,1451,853,846,0.9917936694021102,0.8885659459032496,0.199797123670578,0.9890909956215496,1.0,0.9890767180658672,1.0,0.07488670945167542,USAC_MAGSAC,SUCCESS,True,True,"[{""roi_index"":0,""area_ratio"":0.005710912163781521,""failure"":null},{""roi_index"":1,""area_ratio"":0.005714096005810271,""failure"":null},{""roi_index"":2,""area_ratio"":0.006314959193353094,""failure"":null}]",,182.39,0.37998289863268536,0.26033034920692444,0.9830731352170309,0.9810273051261902,0.983787735303243,0.9824511408805847,0.15983856841921806,0.9697616100311279,0.971506675084432,1.0,1.0,1.0,
synthetic-12-shear_y_+0.12,synthetic_transform,Nutsert_2.jpg,Nutsert_2.jpg,Nutsert,Nutsert,shear_y,12pct,shear_y_+0.12,"{""shear_y"":0.12}","[[1.0,0.0,0.0],[0.12,1.0,-37.019999999999996],[0.0,0.0,1.0]]","[[0.9997260911282265,-7.277641760957482e-06,0.04479414803526238],[0.11976797656443738,0.9998629702239941,-36.9111384764126],[-3.517299834105635e-07,-8.81448746565391e-09,1.0]]",artifacts/masks/Nutsert_2/shear_y_+0.12.npz,3,paired_yolo_boxes,1517,1490,861,857,0.9953542392566783,0.8921249026843356,0.20228837430477142,0.9890862364363221,1.0,0.9890852845992766,1.0,0.0964195728302002,USAC_MAGSAC,SUCCESS,True,True,"[{""roi_index"":0,""area_ratio"":0.005711024143444672,""failure"":null},{""roi_index"":1,""area_ratio"":0.005714861177379262,""failure"":null},{""roi_index"":2,""area_ratio"":0.006316210769887041,""failure"":null}]",,180.054,0.3774414857228597,0.24765396118164062,0.983627458413442,0.9824455380439758,0.9838048815727234,0.9825237393379211,0.15433342506488165,0.9711629350980123,0.971496562163035,1.0,1.0,1.0,
synthetic-12-scale_0.85,synthetic_transform,Nutsert_2.jpg,Nutsert_2.jpg,Nutsert,Nutsert,scale,0.85x,scale_0.85,"{""scale"":0.85}","[[0.85,0.0,46.275000000000006],[0.0,0.85,127.42500000000003],[0.0,0.0,1.0]]","[[0.8500538943194526,0.00013737405383764127,46.30370390239099],[9.795627788617527e-05,0.8501034718158463,127.51387298290969],[3.7235553199794804e-07,1.2364233988843618e-07,1.0]]",artifacts/masks/Nutsert_2/scale_0.85.npz,3,paired_yolo_boxes,1517,1464,448,441,0.984375,0.8953904025890616,0.5405130982398987,0.99998096325909,1.0,0.9988235294117647,1.0,0.2152717560529709,USAC_MAGSAC,FALLBACK_FULL_IMAGE,True,False,"[{""roi_index"":0,""area_ratio"":0.004124702769535521,""failure"":""projected_area_below_0.005""},{""roi_index"":1,""area_ratio"":0.004126613271801561,""failure"":""projected_area_below_0.005""},{""roi_index"":2,""area_ratio"":0.004560215547067419,""failure"":""projected_area_below_0.005""}]",projected_area_below_0.005,160.281,0.1413597365220388,0.12433028221130371,0.9431312481562296,0.9376140236854553,0.9468737443288168,0.9435209631919861,0.0217967980230848,0.8875347971916199,0.8977611859639486,1.0,1.0,1.0,projected_area_below_0.005
synthetic-12-scale_1.15,synthetic_transform,Nutsert_2.jpg,Nutsert_2.jpg,Nutsert,Nutsert,scale,1.15x,scale_1.15,"{""scale"":1.15}","[[1.15,0.0,-46.27499999999997],[0.0,1.15,-127.42499999999993],[0.0,0.0,1.0]]","[[1.1483059165432734,-0.00011324873239498558,-46.04592099518955],[-0.0011312555749818205,1.1486587101098331,-126.8773916850875],[-2.0118769319644046e-06,-3.6455801922705596e-07,1.0]]",artifacts/masks/Nutsert_2/scale_1.15.npz,3,paired_yolo_boxes,1517,1272,392,387,0.9872448979591837,0.8221352624758319,0.6277346014976501,0.7569017704169047,1.0,0.7568665524462213,1.0,0.6250050067901611,USAC_MAGSAC,SUCCESS,True,True,"[{""roi_index"":0,""area_ratio"":0.007551344165203243,""failure"":null},{""roi_index"":1,""area_ratio"":0.007560749981455206,""failure"":null},{""roi_index"":2,""area_ratio"":0.008359735280746237,""failure"":null}]",,202.215,0.14351949592431387,0.11580155789852142,0.9676843285560608,0.9653086066246033,0.9702319701512655,0.9684151411056519,0.016086656755457323,0.9355547626813253,0.9426172176996866,1.0,1.0,1.0,
synthetic-12-perspective_light,synthetic_transform,Nutsert_2.jpg,Nutsert_2.jpg,Nutsert,Nutsert,perspective,light,perspective_light,"{""corner_offsets_px"":[[3.45478,6.96266],[-2.43259,2.30416],[-2.36453,-6.88691],[0.8927,-5.66101]],""amount_fraction"":0.02}","[[0.9884316161479538,-0.0015102445854429287,3.454780101776123],[-0.00755784015363091,0.9882989439117149,6.96265983581543],[-3.297296700727309e-06,-2.5222337830961086e-06,1.0]]","[[0.988452261978455,-0.0014993586662790128,3.4393566740463544],[-0.007629091823140622,0.9882726118235193,6.978447609160559],[-3.396043916784741e-06,-2.519539206475138e-06,1.0]]",artifacts/masks/Nutsert_2/perspective_light.npz,3,paired_yolo_boxes,1517,1479,879,875,0.9954493742889647,0.8965908628670402,0.0691358894109726,0.9999771559109081,1.0,0.9999904816295451,1.0,0.03985130414366722,USAC_MAGSAC,SUCCESS,True,True,"[{""roi_index"":0,""area_ratio"":0.0056108240051393685,""failure"":null},{""roi_index"":1,""area_ratio"":0.00563937312483684,""failure"":null},{""roi_index"":2,""area_ratio"":0.006259056882927109,""failure"":null}]",,177.608,0.4137396812438965,0.23766425251960754,0.9611299435297648,0.9571384787559509,0.9614550868670145,0.9574848413467407,0.14133411087095737,0.9251986543337504,0.925929844379425,1.0,1.0,1.0,
synthetic-12-perspective_moderate,synthetic_transform,Nutsert_2.jpg,Nutsert_2.jpg,Nutsert,Nutsert,perspective,moderate,perspective_moderate,"{""corner_offsets_px"":[[3.33161,9.47229],[-1.50383,0.33839],[-7.75813,-10.69252],[0.62648,-12.48122]],""amount_fraction"":0.055}","[[0.9857017845624512,-0.0015900637778752276,3.3316099643707275],[-0.014807280039932012,0.9928011749336052,9.4722900390625],[-1.0497503518173883e-05,3.3931397683610224e-06,1.0]]","[[0.9858802364273128,-0.0015817703874825095,3.2776179124421096],[-0.014949241706298995,0.9928795824038573,9.504807648787208],[-1.0437328634346163e-05,3.4146327078539245e-06,1.0]]",artifacts/masks/Nutsert_2/perspective_moderate.npz,3,paired_yolo_boxes,1517,1465,886,883,0.9966139954853274,0.8951289875145221,0.08817996829748154,0.9998572244431754,1.0,0.9999819150961355,1.0,0.07284700870513916,USAC_MAGSAC,SUCCESS,True,True,"[{""roi_index"":0,""area_ratio"":0.0056436686891763775,""failure"":null},{""roi_index"":1,""area_ratio"":0.0056104280009182115,""failure"":null},{""roi_index"":2,""area_ratio"":0.006152195395574161,""failure"":null}]",,177.82,0.29781301816304523,0.16522568464279175,0.9579824407895406,0.945287823677063,0.957964281241099,0.9451387524604797,0.028936440745989483,0.9191354314486185,0.9191846251487732,1.0,1.0,1.0,
synthetic-12-perspective_strong,synthetic_transform,Nutsert_2.jpg,Nutsert_2.jpg,Nutsert,Nutsert,perspective,strong,perspective_strong,"{""corner_offsets_px"":[[4.65292,18.34689],[-6.42587,14.34337],[-15.9898,-28.79193],[12.74588,-15.3116]],""amount_fraction"":0.1}","[[0.9879502462736027,0.004989269230370802,4.652919769287109],[-0.006349941856899871,1.0100301552727957,18.34688949584961],[9.673027433875872e-06,1.772355732369635e-05,1.0]]","[[0.9878648700421213,0.0050500152806184475,4.677489995853632],[-0.006118214925931594,1.0100438127326707,18.259128830540767],[9.808727839618446e-06,1.7702972082764907e-05,1.0]]",artifacts/masks/Nutsert_2/perspective_strong.npz,3,paired_yolo_boxes,1517,1486,821,816,0.9939098660170523,0.8943345476185385,0.163664311170578,0.9999428897772701,1.0,0.9999343232438607,1.0,0.08883015066385269,USAC_MAGSAC,SUCCESS,True,True,"[{""roi_index"":0,""area_ratio"":0.005562670748218449,""failure"":null},{""roi_index"":1,""area_ratio"":0.005396318387719927,""failure"":null},{""roi_index"":2,""area_ratio"":0.005784706276794125,""failure"":null}]",,159.748,0.17517322301864624,0.13301534950733185,0.9574088255564371,0.9515043497085571,0.9578214685122172,0.9528791904449463,0.01464680458108584,0.9182632764180502,0.9192209442456564,1.0,1.0,1.0,
synthetic-12-combined_moderate,synthetic_transform,Nutsert_2.jpg,Nutsert_2.jpg,Nutsert,Nutsert,combined,moderate,combined_moderate,"{""rotation_deg"":12.0,""shear_x"":0.06,""shear_y"":-0.04,""scale"":1.05,""corner_offsets_px"":[[2.55352,4.64245],[0.17173,4.4937],[-5.43531,-4.87561],[4.73216,-8.09146]]}","[[1.0063710516452786,0.2792710814390743,-237.74181532834788],[-0.26067914708793344,1.0222974242831748,69.41101465144752],[-5.261737808212902e-06,6.7555986894016986e-06,1.0]]","[[1.0055590490652184,0.27918691907562854,-237.5578349153676],[-0.2613149342382301,1.021803597956522,69.6590508240611],[-6.112824976079669e-06,6.609242601086063e-06,1.0]]",artifacts/masks/Nutsert_2/combined_moderate.npz,3,paired_yolo_boxes,1517,1301,687,680,0.9898107714701602,0.6675228284514626,0.23572993278503418,0.7795079002474776,1.0,0.7795002855511136,1.0,0.26233381032943726,USAC_MAGSAC,SUCCESS,True,True,"[{""roi_index"":0,""area_ratio"":0.006289504796064042,""failure"":null},{""roi_index"":1,""area_ratio"":0.006217910412632676,""failure"":null},{""roi_index"":2,""area_ratio"":0.006783014234918133,""failure"":null}]",,172.9,0.16670478135347366,0.07303891330957413,0.9649616479873657,0.9626235961914062,0.9655455946922302,0.963046669960022,0.035602414359649025,0.9355548421541849,0.9369482398033142,1.0,1.0,1.0,
synthetic-13-identity,synthetic_transform,Nutsert_3.jpg,Nutsert_3.jpg,Nutsert,Nutsert,identity,none,identity,"{""rotation_deg"":0.0,""scale"":1.0}","[[1.0,0.0,0.0],[0.0,1.0,0.0],[0.0,0.0,1.0]]","[[1.0,0.0,0.0],[0.0,1.0,0.0],[0.0,0.0,1.0]]",artifacts/masks/Nutsert_3/identity.npz,3,paired_yolo_boxes,1136,1136,1000,1000,1.0,0.8922983231548084,0.0,1.0,1.0,1.0,1.0,0.0,USAC_MAGSAC,SUCCESS,True,True,"[{""roi_index"":0,""area_ratio"":0.010679027709393909,""failure"":null},{""roi_index"":1,""area_ratio"":0.008959709382119735,""failure"":null},{""roi_index"":2,""area_ratio"":0.009880005880412992,""failure"":null}]",,183.683,1.0,1.0,1.0,1.0,1.0,1.0,1.0,1.0,1.0,1.0,1.0,1.0,
synthetic-13-rotation_-30,synthetic_transform,Nutsert_3.jpg,Nutsert_3.jpg,Nutsert,Nutsert,rotation,30deg,rotation_-30,"{""angle_deg"":-30}","[[0.8660254037844387,-0.49999999999999994,569.9866074987282],[0.49999999999999994,0.8660254037844387,-3.218978819073868],[0.0,0.0,1.0]]","[[0.8659318150241823,-0.49983373409868703,569.735499523991],[0.49903027155620155,0.8659015821083138,-2.924069068033693],[-5.639294152866905e-07,4.5922491745426415e-08,1.0]]",artifacts/masks/Nutsert_3/rotation_-30.npz,3,paired_yolo_boxes,1136,645,425,387,0.9105882352941177,0.5670790302047582,0.21229301393032074,0.5482845323378065,0.3031325301204819,0.548070628594491,0.3031325301204819,0.21105337142944336,USAC_MAGSAC,FALLBACK_FULL_IMAGE,True,False,"[{""roi_index"":0,""area_ratio"":0.010679121420329042,""failure"":""projected_corners_outside_50px_margin""},{""roi_index"":1,""area_ratio"":0.008959128872832055,""failure"":null},{""roi_index"":2,""area_ratio"":0.009877969988371909,""failure"":""projected_corners_outside_50px_margin""}]",projected_corners_outside_50px_margin,184.853,0.2171521782875061,0.2171521782875061,0.9722356200218201,0.9722356200218201,0.9730135798454285,0.9730135798454285,0.025212842971086502,0.9402803182601929,0.9431837797164917,0.3031325301204819,0.3031325301204819,0.3031325301204819,projected_corners_outside_50px_margin
synthetic-13-rotation_-20,synthetic_transform,Nutsert_3.jpg,Nutsert_3.jpg,Nutsert,Nutsert,rotation,20deg,rotation_-20,"{""angle_deg"":-20}","[[0.9396926207859084,-0.3420201433256687,380.77483956316087],[0.3420201433256687,0.9396926207859084,-35.481424982404334],[0.0,0.0,1.0]]","[[0.9386935174125857,-0.3416528175602492,380.5562840314473],[0.3396125675143901,0.9397596575470665,-34.97137947469131],[-1.675361971713826e-06,2.996884873020705e-07,1.0]]",artifacts/masks/Nutsert_3/rotation_-20.npz,3,paired_yolo_boxes,1136,905,637,612,0.9607535321821036,0.5940350395334718,0.2125854790210724,0.6967611744526284,0.6393574297188755,0.6963939057612754,0.6379919678714859,0.5820544958114624,USAC_MAGSAC,FALLBACK_FULL_IMAGE,True,False,"[{""roi_index"":0,""area_ratio"":0.010680317847730804,""failure"":""projected_corners_outside_50px_margin""},{""roi_index"":1,""area_ratio"":0.008955028028633428,""failure"":null},{""roi_index"":2,""area_ratio"":0.009866617531931117,""failure"":null}]",projected_corners_outside_50px_margin,205.034,0.2751423219839732,0.16512751579284668,0.966061552365621,0.958156943321228,0.9716348052024841,0.9670044183731079,0.049084932853778206,0.9238811930020651,0.9415907462437948,0.5507362784471218,0.6393574297188755,0.6379919678714859,projected_corners_outside_50px_margin
synthetic-13-rotation_-10,synthetic_transform,Nutsert_3.jpg,Nutsert_3.jpg,Nutsert,Nutsert,rotation,10deg,rotation_-10,"{""angle_deg"":-10}","[[0.984807753012208,-0.17364817766693033,188.8353085557275],[0.17364817766693033,0.984807753012208,-34.39745340004164],[0.0,0.0,1.0]]","[[0.9838579572559366,-0.17349657339686528,188.78293748121703],[0.17168725904766083,0.9842528207561002,-33.7237024960342],[-1.4035391655286986e-06,-5.314111086056736e-08,1.0]]",artifacts/masks/Nutsert_3/rotation_-10.npz,3,paired_yolo_boxes,1136,1079,805,787,0.977639751552795,0.7439172066581123,0.15553748607635498,0.841403692866512,1.0,0.8412995661386339,1.0,0.4572965204715729,USAC_MAGSAC,SUCCESS,True,True,"[{""roi_index"":0,""area_ratio"":0.010675546867788535,""failure"":null},{""roi_index"":1,""area_ratio"":0.008959066496161594,""failure"":null},{""roi_index"":2,""area_ratio"":0.00988000380465425,""failure"":null}]",,204.527,0.18825060253341994,0.03315990790724754,0.9695234298706055,0.9622519016265869,0.9710884491602579,0.9662766456604004,0.07583896070718765,0.9321845571200053,0.9371758103370667,1.0,1.0,1.0,
synthetic-13-rotation_+10,synthetic_transform,Nutsert_3.jpg,Nutsert_3.jpg,Nutsert,Nutsert,rotation,10deg,rotation_+10,"{""angle_deg"":10}","[[0.984807753012208,0.17364817766693033,-179.99342080883255],[-0.17364817766693033,0.984807753012208,66.66578600211182],[0.0,0.0,1.0]]","[[0.9848859594787926,0.17363041000272783,-179.9302441324716],[-0.17348330438283438,0.9849034579258634,66.53754704123781],[-1.2158207351022346e-07,7.038684227520224e-08,1.0]]",artifacts/masks/Nutsert_3/rotation_+10.npz,3,paired_yolo_boxes,1136,1025,759,740,0.9749670619235836,0.7348282326290906,0.14139673113822937,0.8412785793562708,1.0,0.8412995661386339,1.0,0.13640306890010834,USAC_MAGSAC,SUCCESS,True,True,"[{""roi_index"":0,""area_ratio"":0.010680979964453018,""failure"":null},{""roi_index"":1,""area_ratio"":0.008959793663382886,""failure"":null},{""roi_index"":2,""area_ratio"":0.00987828906239787,""failure"":null}]",,197.919,0.2677257110675176,0.13340117037296295,0.9700797994931539,0.9642969369888306,0.9712459047635397,0.9665585160255432,0.06182390699783961,0.9335379203160604,0.9373744130134583,1.0,1.0,1.0,
synthetic-13-rotation_+20,synthetic_transform,Nutsert_3.jpg,Nutsert_3.jpg,Nutsert,Nutsert,rotation,20deg,rotation_+20,"{""angle_deg"":20}","[[0.9396926207859084,0.3420201433256687,-345.6759448605595],[-0.3420201433256687,0.9396926207859084,163.57429843313486],[0.0,0.0,1.0]]","[[0.9399641344860777,0.34212466394967367,-345.8006210539946],[-0.34194860623151635,0.9399574499662205,163.39872052218047],[-1.0726972562666039e-07,1.4168493742568768e-07,1.0]]",artifacts/masks/Nutsert_3/rotation_+20.npz,3,paired_yolo_boxes,1136,775,578,552,0.9550173010380623,0.6021331720568823,0.1861426830291748,0.6963220663908788,0.5504417670682731,0.6963939057612754,0.5507362784471218,0.16857010126113892,USAC_MAGSAC,FALLBACK_FULL_IMAGE,True,False,"[{""roi_index"":0,""area_ratio"":0.010684213063348984,""failure"":""projected_corners_outside_50px_margin""},{""roi_index"":1,""area_ratio"":0.00896083014226353,""failure"":null},{""roi_index"":2,""area_ratio"":0.009877653121352857,""failure"":""projected_corners_outside_50px_margin""}]",projected_corners_outside_50px_margin,209.227,0.2626851598421733,0.19304856657981873,0.9706945419311523,0.9657950401306152,0.9715375502904257,0.9666950106620789,0.05439461022615433,0.9371233383814493,0.9402145544687907,0.6379919678714859,0.5504417670682731,0.5507362784471218,projected_corners_outside_50px_margin
synthetic-13-rotation_+30,synthetic_transform,Nutsert_3.jpg,Nutsert_3.jpg,Nutsert,Nutsert,rotation,30deg,rotation_+30,"{""angle_deg"":30}","[[0.8660254037844387,0.49999999999999994,-492.01339250127154],[-0.49999999999999994,0.8660254037844387,287.7810211809261],[0.0,0.0,1.0]]","[[0.8622492229039488,0.49832122330255263,-489.8456930880116],[-0.5022159925302631,0.8627267917797204,289.21410958529066],[-4.1870201941202135e-06,-1.0861879486691456e-06,1.0]]",artifacts/masks/Nutsert_3/rotation_+30.npz,3,paired_yolo_boxes,1136,544,385,353,0.9168831168831169,0.564013912023107,0.24219928681850433,0.5485121582080517,0.3031325301204819,0.548071435778428,0.3031325301204819,1.4494011402130127,USAC_MAGSAC,FALLBACK_FULL_IMAGE,True,False,"[{""roi_index"":0,""area_ratio"":0.010637123087573665,""failure"":""projected_corners_outside_50px_margin""},{""roi_index"":1,""area_ratio"":0.008953022919823021,""failure"":null},{""roi_index"":2,""area_ratio"":0.009898011777724763,""failure"":""projected_corners_outside_50px_margin""}]",projected_corners_outside_50px_margin,184.668,0.2244582623243332,0.2244582623243332,0.9689908027648926,0.9689908027648926,0.9730369448661804,0.9730369448661804,0.017821727320551872,0.9304302334785461,0.9425663352012634,0.3031325301204819,0.3031325301204819,0.3031325301204819,projected_corners_outside_50px_margin
synthetic-13-shear_x_-0.12,synthetic_transform,Nutsert_3.jpg,Nutsert_3.jpg,Nutsert,Nutsert,shear_x,12pct,shear_x_-0.12,"{""shear_x"":-0.12}","[[1.0,-0.12,127.44],[0.0,1.0,0.0],[0.0,0.0,1.0]]","[[0.999251766036136,-0.1198968696095639,127.34276145638157],[-0.00232064729333653,0.9995552367172712,0.6687392492629911],[-1.7896552784581925e-06,7.554183671199443e-08,1.0]]",artifacts/masks/Nutsert_3/shear_x_-0.12.npz,3,paired_yolo_boxes,1136,1093,801,782,0.9762796504369539,0.7240165493367537,0.24834635853767395,0.8904901624457673,1.0,0.8906540207849863,1.0,0.5704648494720459,USAC_MAGSAC,SUCCESS,True,True,"[{""roi_index"":0,""area_ratio"":0.010682242454506887,""failure"":null},{""roi_index"":1,""area_ratio"":0.008961964101864481,""failure"":null},{""roi_index"":2,""area_ratio"":0.009879805130506486,""failure"":null}]",,211.585,0.26569073895613354,0.15490499138832092,0.980092187722524,0.9767090082168579,0.9829429984092712,0.9798927903175354,0.1023536492139101,0.9552334348360697,0.9640453855196635,1.0,1.0,1.0,
synthetic-13-shear_x_+0.12,synthetic_transform,Nutsert_3.jpg,Nutsert_3.jpg,Nutsert,Nutsert,shear_x,12pct,shear_x_+0.12,"{""shear_x"":0.12}","[[1.0,0.12,-127.44],[0.0,1.0,0.0],[0.0,0.0,1.0]]","[[0.9997312952277514,0.11996141427108566,-127.31438352508388],[0.001107537853132821,0.9997658414461991,-0.21927090097704144],[3.0650081498511863e-07,-1.5316765583963833e-07,1.0]]",artifacts/masks/Nutsert_3/shear_x_+0.12.npz,3,paired_yolo_boxes,1136,1059,779,769,0.9871630295250321,0.7698010223401459,0.23242393136024475,0.8907436182019978,1.0,0.8906540207849863,1.0,0.25536686182022095,USAC_MAGSAC,SUCCESS,True,True,"[{""roi_index"":0,""area_ratio"":0.010670668664509062,""failure"":null},{""roi_index"":1,""area_ratio"":0.008956048593405439,""failure"":null},{""roi_index"":2,""area_ratio"":0.009879933818379417,""failure"":null}]",,207.873,0.29174784819285077,0.1618257313966751,0.9815233747164408,0.9781653881072998,0.9829502105712891,0.979892909526825,0.10046413044134776,0.959909975528717,0.9641270637512207,1.0,1.0,1.0,
synthetic-13-shear_y_-0.12,synthetic_transform,Nutsert_3.jpg,Nutsert_3.jpg,Nutsert,Nutsert,shear_y,12pct,shear_y_-0.12,"{""shear_y"":-0.12}","[[1.0,0.0,0.0],[-0.12,1.0,34.92],[0.0,0.0,1.0]]","[[0.9998687365661635,6.282236742832417e-06,0.01766126748385254],[-0.1204992084234888,0.9999459566520782,35.051141958893396],[-1.356465417706302e-07,-1.6195219694084702e-08,1.0]]",artifacts/masks/Nutsert_3/shear_y_-0.12.npz,3,paired_yolo_boxes,1136,1113,866,857,0.9896073903002309,0.8552818210143627,0.21234257519245148,0.9917336293007769,1.0,0.9917699525779436,1.0,0.10845722258090973,USAC_MAGSAC,SUCCESS,True,True,"[{""roi_index"":0,""area_ratio"":0.01067844216258994,""failure"":null},{""roi_index"":1,""area_ratio"":0.008959699476161249,""failure"":null},{""roi_index"":2,""area_ratio"":0.00988033974576178,""failure"":null}]",,195.652,0.5864144364992777,0.5377906560897827,0.9905359745025635,0.9893033504486084,0.9905898769696554,0.9893306493759155,0.3145689268906911,0.980619490146637,0.9808668494224548,1.0,1.0,1.0,
synthetic-13-shear_y_+0.12,synthetic_transform,Nutsert_3.jpg,Nutsert_3.jpg,Nutsert,Nutsert,shear_y,12pct,shear_y_+0.12,"{""shear_y"":0.12}","[[1.0,0.0,0.0],[0.12,1.0,-34.92],[0.0,0.0,1.0]]","[[1.0000197129768096,1.207598295504354e-05,-0.05585741692326653],[0.12021394008802402,0.9999221255691882,-34.94186425256206],[-1.1592163627953764e-07,-1.4741825335326758e-08,1.0]]",artifacts/masks/Nutsert_3/shear_y_+0.12.npz,3,paired_yolo_boxes,1136,1124,864,859,0.9942129629629629,0.8662423172613344,0.20717944204807281,0.9917521945313288,1.0,0.9917699525779436,1.0,0.11154530197381973,USAC_MAGSAC,SUCCESS,True,True,"[{""roi_index"":0,""area_ratio"":0.01067957149058127,""failure"":null},{""roi_index"":1,""area_ratio"":0.008960594611211029,""failure"":null},{""roi_index"":2,""area_ratio"":0.009881298402168896,""failure"":null}]",,173.183,0.58931964635849,0.5435511469841003,0.9899801214536031,0.9883398413658142,0.9906416734059652,0.98943030834198,0.3166040778160095,0.9792291720708212,0.980969250202179,1.0,1.0,1.0,
synthetic-13-scale_0.85,synthetic_transform,Nutsert_3.jpg,Nutsert_3.jpg,Nutsert,Nutsert,scale,0.85x,scale_0.85,"{""scale"":0.85}","[[0.85,0.0,43.650000000000006],[0.0,0.85,159.3],[0.0,0.0,1.0]]","[[0.8504383720825271,0.0002003113234713104,43.334716046533494],[-0.00016387780165321732,0.8504621143989967,159.07352402043486],[-2.814239685795331e-07,2.343102603736944e-07,1.0]]",artifacts/masks/Nutsert_3/scale_0.85.npz,3,paired_yolo_boxes,1136,1136,466,457,0.98068669527897,0.8350609632379071,0.5731538534164429,0.9989103016849965,1.0,1.0,1.0,0.27759405970573425,USAC_MAGSAC,SUCCESS,True,True,"[{""roi_index"":0,""area_ratio"":0.007724462542485928,""failure"":null},{""roi_index"":1,""area_ratio"":0.0064770208880870605,""failure"":null},{""roi_index"":2,""area_ratio"":0.007137990662836545,""failure"":null}]",,219.954,0.22781310975551605,0.19392018020153046,0.9561098019282023,0.9439259171485901,0.9598765174547831,0.9524903893470764,0.04216493914524714,0.8971953392028809,0.9092371463775635,0.8808032128514056,1.0,1.0,
synthetic-13-scale_1.15,synthetic_transform,Nutsert_3.jpg,Nutsert_3.jpg,Nutsert,Nutsert,scale,1.15x,scale_1.15,"{""scale"":1.15}","[[1.15,0.0,-43.64999999999998],[0.0,1.15,-159.2999999999999],[0.0,0.0,1.0]]","[[1.1491679387780074,-4.1193060035416366e-05,-43.43333507025678],[3.1891715649949285e-07,1.1496862533791283,-159.19052902428385],[-4.0945603059539837e-07,-6.606227531050052e-08,1.0]]",artifacts/masks/Nutsert_3/scale_1.15.npz,3,paired_yolo_boxes,1136,983,452,439,0.9712389380530974,0.9037799979470991,0.6836027503013611,0.7559656946826758,0.9375635876840697,0.7558704469781051,0.9375635876840697,0.24443966150283813,USAC_MAGSAC,SUCCESS,True,True,"[{""roi_index"":0,""area_ratio"":0.014114240323635553,""failure"":null},{""roi_index"":1,""area_ratio"":0.011844292406176548,""failure"":null},{""roi_index"":2,""area_ratio"":0.013062824677217772,""failure"":null}]",,189.822,0.24798665940761566,0.22470740973949432,0.9773813486099243,0.9737239480018616,0.9775567253430685,0.9738346934318542,0.043374055375655494,0.9486950437227885,0.9490828514099121,1.0,0.9375635876840697,0.9375635876840697,
synthetic-13-perspective_light,synthetic_transform,Nutsert_3.jpg,Nutsert_3.jpg,Nutsert,Nutsert,perspective,light,perspective_light,"{""corner_offsets_px"":[[2.91579,7.3659],[0.07258,3.53661],[-1.98895,-6.47913],[0.35358,-9.31415]],""amount_fraction"":0.02}","[[0.9919630636427448,-0.0012064592537801078,2.91579008102417],[-0.0065986856069573585,0.991275707907835,7.365900039672852],[-5.4145821187313676e-06,-4.119446231400057e-07,1.0]]","[[0.9920911637750416,-0.0012312837477759533,2.919350561782968],[-0.006302922383237835,0.9911876711241743,7.365552805420528],[-5.059725367490676e-06,-5.018450853082112e-07,1.0]]",artifacts/masks/Nutsert_3/perspective_light.npz,3,paired_yolo_boxes,1136,1088,901,894,0.9922308546059934,0.8911328624032829,0.07612451910972595,0.9999047522954293,1.0,0.9999870850570074,1.0,0.11340313404798508,USAC_MAGSAC,SUCCESS,True,True,"[{""roi_index"":0,""area_ratio"":0.010551524656417555,""failure"":null},{""roi_index"":1,""area_ratio"":0.008868057220734468,""failure"":null},{""roi_index"":2,""area_ratio"":0.009789166504990236,""failure"":null}]",,186.416,0.5197783211867014,0.36699193716049194,0.9736176331837972,0.9688904285430908,0.9735352396965027,0.9691044688224792,0.2089469407995542,0.9417229294776917,0.9418597420056661,1.0,1.0,1.0,
synthetic-13-perspective_moderate,synthetic_transform,Nutsert_3.jpg,Nutsert_3.jpg,Nutsert,Nutsert,perspective,moderate,perspective_moderate,"{""corner_offsets_px"":[[4.31704,18.34758],[-1.1854,-5.03052],[-7.08848,-22.25531],[2.44903,-16.741]],""amount_fraction"":0.055}","[[0.9821018815105816,-0.0008714507771883827,4.317039966583252],[-0.040095424339836955,0.9903864657434301,18.347579956054688],[-1.4537705753447196e-05,3.277479109288086e-06,1.0]]","[[0.9821428009126932,-0.0008975687291311803,4.361581887206898],[-0.03934512274020159,0.9903114121404772,18.15351924183837],[-1.4102672444776389e-05,3.1751249689942856e-06,1.0]]",artifacts/masks/Nutsert_3/perspective_moderate.npz,3,paired_yolo_boxes,1136,1098,885,879,0.9932203389830508,0.8654120218445339,0.11948448419570923,0.9996981132075472,1.0,0.9997158712541621,1.0,0.14328798651695251,USAC_MAGSAC,SUCCESS,True,True,"[{""roi_index"":0,""area_ratio"":0.010498642071976509,""failure"":null},{""roi_index"":1,""area_ratio"":0.008745735243520635,""failure"":null},{""roi_index"":2,""area_ratio"":0.009560828968032333,""failure"":null}]",,199.891,0.3587205807367961,0.21681252121925354,0.9674977461496989,0.9619870185852051,0.9678572217623392,0.9621487855911255,0.0868061725050211,0.9279011090596517,0.9291732907295227,1.0,1.0,1.0,
synthetic-13-perspective_strong,synthetic_transform,Nutsert_3.jpg,Nutsert_3.jpg,Nutsert,Nutsert,perspective,strong,perspective_strong,"{""corner_offsets_px"":[[11.79232,18.63836],[-1.79055,9.80247],[-3.75861,-7.00577],[11.05253,-27.89515]],""amount_fraction"":0.1}","[[0.9625776640149393,-0.0003372865846912029,11.792320251464844],[-0.01541988656674123,0.9801802694597368,18.63835906982422],[-2.4274181696966434e-05,9.964934900614863e-07,1.0]]","[[0.962350893129827,-0.00035446110213903994,11.84473828947622],[-0.015370409099060995,0.9799598847994265,18.717635707838962],[-2.429965969523166e-05,9.08799844787667e-07,1.0]]",artifacts/masks/Nutsert_3/perspective_strong.npz,3,paired_yolo_boxes,1136,1089,877,869,0.9908779931584949,0.8617829797921077,0.13690099120140076,0.9999846635051962,1.0,0.999940268388659,1.0,0.07768623530864716,USAC_MAGSAC,SUCCESS,True,True,"[{""roi_index"":0,""area_ratio"":0.010288737182742888,""failure"":null},{""roi_index"":1,""area_ratio"":0.008629075610950993,""failure"":null},{""roi_index"":2,""area_ratio"":0.009482975408248434,""failure"":null}]",,188.535,0.3776075343290965,0.256514310836792,0.9682005246480306,0.9676266312599182,0.9685431917508444,0.968058168888092,0.16315849994619688,0.9291207591692606,0.9301882783571879,1.0,1.0,1.0,
synthetic-13-combined_moderate,synthetic_transform,Nutsert_3.jpg,Nutsert_3.jpg,Nutsert,Nutsert,combined,moderate,combined_moderate,"{""rotation_deg"":12.0,""shear_x"":0.06,""shear_y"":-0.04,""scale"":1.05,""corner_offsets_px"":[[5.11986,17.42668],[-1.97381,8.92404],[-4.33771,-1.87374],[4.46495,-7.9286]]}","[[0.9910898130591731,0.27328947960597516,-289.444050981258],[-0.27098771837330726,1.0013888591803284,77.09936933249634],[-1.2332114015545628e-05,-1.8947691239735286e-06,1.0]]","[[0.9908255032328807,0.2732763147083366,-289.28682288737417],[-0.27148350426511836,1.0016630750647073,77.03497066469107],[-1.2442103082093548e-05,-1.7890307878855523e-06,1.0]]",artifacts/masks/Nutsert_3/combined_moderate.npz,3,paired_yolo_boxes,1136,889,632,606,0.9588607594936709,0.6672004066882621,0.2335771769285202,0.7269151447886187,0.9280053547523427,0.7268457269700332,0.9276037483266399,0.19890354573726654,USAC_MAGSAC,SUCCESS,True,True,"[{""roi_index"":0,""area_ratio"":0.01148721413560085,""failure"":null},{""roi_index"":1,""area_ratio"":0.00969307784108296,""failure"":null},{""roi_index"":2,""area_ratio"":0.010731477474412467,""failure"":null}]",,186.766,0.3102726936340332,0.14293959736824036,0.9715545773506165,0.9635167717933655,0.9734656016031901,0.9687643647193909,0.11271425833304723,0.9374147256215414,0.9435473879178365,0.9965461847389558,0.9280053547523427,0.9276037483266399,
synthetic-14-identity,synthetic_transform,Nutsert_4.jpg,Nutsert_4.jpg,Nutsert,Nutsert,identity,none,identity,"{""rotation_deg"":0.0,""scale"":1.0}","[[1.0,0.0,0.0],[0.0,1.0,0.0],[0.0,0.0,1.0]]","[[1.0,0.0,0.0],[0.0,1.0,0.0],[0.0,0.0,1.0]]",artifacts/masks/Nutsert_4/identity.npz,3,paired_yolo_boxes,1092,1092,1000,1000,1.0,0.9285263082679253,0.0,1.0,1.0,1.0,1.0,0.0,USAC_MAGSAC,SUCCESS,True,True,"[{""roi_index"":0,""area_ratio"":0.008755630216892067,""failure"":null},{""roi_index"":1,""area_ratio"":0.007947390833632053,""failure"":null},{""roi_index"":2,""area_ratio"":0.008401856133970997,""failure"":null}]",,159.036,1.0,1.0,1.0,1.0,1.0,1.0,1.0,1.0,1.0,1.0,1.0,1.0,
synthetic-14-rotation_-30,synthetic_transform,Nutsert_4.jpg,Nutsert_4.jpg,Nutsert,Nutsert,rotation,30deg,rotation_-30,"{""angle_deg"":-30}","[[0.8660254037844387,-0.49999999999999994,462.9997472195427],[0.49999999999999994,0.8660254037844387,-28.938580514880655],[0.0,0.0,1.0]]","[[0.8661921583452855,-0.49997708328370605,463.02107153417654],[0.5003036234495162,0.8664013233307514,-29.08926460568099],[5.180340318415788e-07,1.205971904608371e-07,1.0]]",artifacts/masks/Nutsert_4/rotation_-30.npz,3,paired_yolo_boxes,1092,846,579,557,0.9620034542314335,0.4864790286969774,0.1929953694343567,0.6429380913204442,0.31906397252615604,0.6425339366515838,0.31906397252615604,0.19805584847927094,USAC_MAGSAC,FALLBACK_FULL_IMAGE,True,False,"[{""roi_index"":0,""area_ratio"":0.008754826467637478,""failure"":""projected_corners_outside_50px_margin""},{""roi_index"":1,""area_ratio"":0.007944389342574432,""failure"":null},{""roi_index"":2,""area_ratio"":0.008396810454934239,""failure"":""projected_corners_outside_50px_margin""}]",projected_corners_outside_50px_margin,157.942,0.10308392997831106,0.02943005971610546,0.9643828272819519,0.9643828272819519,0.964525043964386,0.964525043964386,0.014734202530235052,0.9240030646324158,0.924351692199707,0.3379921731491095,0.31906397252615604,0.31906397252615604,projected_corners_outside_50px_margin
synthetic-14-rotation_-20,synthetic_transform,Nutsert_4.jpg,Nutsert_4.jpg,Nutsert,Nutsert,rotation,20deg,rotation_-20,"{""angle_deg"":-20}","[[0.9396926207859084,-0.3420201433256687,307.7638685207787],[0.3420201433256687,0.9396926207859084,-46.41563227710763],[0.0,0.0,1.0]]","[[0.9388855434833567,-0.3420371730550261,307.9994531278238],[0.3421193256779592,0.9391163922330538,-46.17240538507021],[-2.327703825590602e-10,-2.7594526946165336e-07,1.0]]",artifacts/masks/Nutsert_4/rotation_-20.npz,3,paired_yolo_boxes,1092,988,698,678,0.9713467048710601,0.6216295168061918,0.16563360393047333,0.7539016865487453,0.9559939301972686,0.7536980666392431,0.955834198546442,0.24596825242042542,USAC_MAGSAC,SUCCESS,True,True,"[{""roi_index"":0,""area_ratio"":0.008745552054898973,""failure"":null},{""roi_index"":1,""area_ratio"":0.007942866800763426,""failure"":null},{""roi_index"":2,""area_ratio"":0.008401956411739497,""failure"":null}]",,162.074,0.21442468961079916,0.15483373403549194,0.9653059244155884,0.957702100276947,0.9673635959625244,0.9633308053016663,0.05466007565458616,0.9257645010948181,0.9321021437644958,0.8874291190799457,0.9559939301972686,0.955834198546442,
synthetic-14-rotation_-10,synthetic_transform,Nutsert_4.jpg,Nutsert_4.jpg,Nutsert,Nutsert,rotation,10deg,rotation_-10,"{""angle_deg"":-10}","[[0.984807753012208,-0.17364817766693033,151.85151344307192],[0.17364817766693033,0.984807753012208,-36.67074090777932],[0.0,0.0,1.0]]","[[0.9842067504842599,-0.1735810643563905,151.92338741607185],[0.17348508729768053,0.9845525277948594,-36.58060145331234],[-4.3281420963340805e-07,-5.647502834406978e-08,1.0]]",artifacts/masks/Nutsert_4/rotation_-10.npz,3,paired_yolo_boxes,1092,1058,766,755,0.9856396866840731,0.8187864327574993,0.10307203233242035,0.8686055121349239,1.0,0.8684327437268614,1.0,0.15605247020721436,USAC_MAGSAC,SUCCESS,True,True,"[{""roi_index"":0,""area_ratio"":0.008752096716519227,""failure"":null},{""roi_index"":1,""area_ratio"":0.007945341460213504,""failure"":null},{""roi_index"":2,""area_ratio"":0.008400466988664443,""failure"":null}]",,171.274,0.16344659278790155,0.082118920981884,0.9657558004061381,0.962253749370575,0.9660189350446066,0.9624561667442322,0.02867698824654023,0.9252312779426575,0.9261205196380615,1.0,1.0,1.0,
synthetic-14-rotation_+10,synthetic_transform,Nutsert_4.jpg,Nutsert_4.jpg,Nutsert,Nutsert,rotation,10deg,rotation_+10,"{""angle_deg"":10}","[[0.984807753012208,0.17364817766693033,-143.17674041304272],[-0.17364817766693033,0.984807753012208,62.482368540037896],[0.0,0.0,1.0]]","[[0.9846935130185999,0.1737187210644326,-143.13988010919894],[-0.17409645725045075,0.9852219169172628,62.42070489142755],[-3.18901067065566e-07,2.359961683055149e-07,1.0]]",artifacts/masks/Nutsert_4/rotation_+10.npz,3,paired_yolo_boxes,1092,991,770,758,0.9844155844155844,0.7778565432471042,0.12888415157794952,0.8683926367749897,1.0,0.8684327437268614,1.0,0.14506421983242035,USAC_MAGSAC,SUCCESS,True,True,"[{""roi_index"":0,""area_ratio"":0.008759908257432053,""failure"":null},{""roi_index"":1,""area_ratio"":0.007947467350264407,""failure"":null},{""roi_index"":2,""area_ratio"":0.00839759838253609,""failure"":null}]",,162.197,0.17110567291577658,0.14295801520347595,0.9649906754493713,0.9600284099578857,0.9662623604138693,0.9624770879745483,0.032691172479341425,0.9227432211240133,0.9267899791399637,1.0,1.0,1.0,
synthetic-14-rotation_+20,synthetic_transform,Nutsert_4.jpg,Nutsert_4.jpg,Nutsert,Nutsert,rotation,20deg,rotation_+20,"{""angle_deg"":20}","[[0.9396926207859084,0.3420201433256687,-273.3283549895324],[-0.3420201433256687,0.9396926207859084,148.8778695618492],[0.0,0.0,1.0]]","[[0.9400373345471832,0.34207603070625575,-273.37419274333814],[-0.34238256946045553,0.9401626733410394,148.9203163022793],[8.912088945583444e-08,3.161836867348433e-07,1.0]]",artifacts/masks/Nutsert_4/rotation_+20.npz,3,paired_yolo_boxes,1092,847,658,635,0.9650455927051672,0.6361185794256455,0.1728861778974533,0.7537093788564376,0.8881479115086655,0.7536980666392431,0.8874291190799457,0.19993282854557037,USAC_MAGSAC,SUCCESS,True,True,"[{""roi_index"":0,""area_ratio"":0.008761493957873689,""failure"":null},{""roi_index"":1,""area_ratio"":0.007947368078537749,""failure"":null},{""roi_index"":2,""area_ratio"":0.00839627820407686,""failure"":null}]",,169.215,0.1557850738366445,0.13816247880458832,0.9645118912061056,0.9622480869293213,0.96694282690684,0.9634156823158264,0.04261516655484835,0.9214805761973063,0.9296703338623047,0.955834198546442,0.8881479115086655,0.8874291190799457,
synthetic-14-rotation_+30,synthetic_transform,Nutsert_4.jpg,Nutsert_4.jpg,Nutsert,Nutsert,rotation,30deg,rotation_+30,"{""angle_deg"":30}","[[0.8660254037844387,0.49999999999999994,-386.5002527804572],[-0.49999999999999994,0.8660254037844387,256.5614194851193],[0.0,0.0,1.0]]","[[0.8656029599160708,0.4999690810415196,-386.34727260695627],[-0.500782763076652,0.8660632491238143,256.83768179799284],[-4.8460645552441e-07,1.3638074547254198e-07,1.0]]",artifacts/masks/Nutsert_4/rotation_+30.npz,3,paired_yolo_boxes,1092,661,508,474,0.9330708661417323,0.5369207277826159,0.21291887760162354,0.6429298642533937,0.33803210606181616,0.6425339366515838,0.3379921731491095,0.16753244400024414,USAC_MAGSAC,FALLBACK_FULL_IMAGE,True,False,"[{""roi_index"":0,""area_ratio"":0.008757190811137546,""failure"":""projected_corners_outside_50px_margin""},{""roi_index"":1,""area_ratio"":0.007946753925524143,""failure"":null},{""roi_index"":2,""area_ratio"":0.008398526653184635,""failure"":""projected_corners_outside_50px_margin""}]",projected_corners_outside_50px_margin,173.642,0.1663225293159485,0.1663225293159485,0.9611445069313049,0.9595740437507629,0.9622759222984314,0.9602378010749817,0.04150395095348358,0.9268296957015991,0.9295913875102997,0.31906397252615604,0.33803210606181616,0.3379921731491095,projected_corners_outside_50px_margin
synthetic-14-shear_x_-0.12,synthetic_transform,Nutsert_4.jpg,Nutsert_4.jpg,Nutsert,Nutsert,shear_x,12pct,shear_x_-0.12,"{""shear_x"":-0.12}","[[1.0,-0.12,101.94],[0.0,1.0,0.0],[0.0,0.0,1.0]]","[[0.9992094057533887,-0.11983233776727902,101.96100990180027],[-0.0011509094660511843,0.9998044349007792,0.2558094559766597],[-1.3249160853503915e-06,1.470758847063583e-07,1.0]]",artifacts/masks/Nutsert_4/shear_x_-0.12.npz,3,paired_yolo_boxes,1092,1067,754,742,0.9840848806366048,0.7537914667977194,0.19824635982513428,0.9108916083916084,1.0,0.9108216783216784,1.0,0.3558819591999054,USAC_MAGSAC,SUCCESS,True,True,"[{""roi_index"":0,""area_ratio"":0.008756748114130028,""failure"":null},{""roi_index"":1,""area_ratio"":0.007946570877020076,""failure"":null},{""roi_index"":2,""area_ratio"":0.008397715572606433,""failure"":null}]",,190.367,0.251143882671992,0.1348300278186798,0.9791339834531149,0.9786463379859924,0.9821521441141764,0.9808560013771057,0.09125024701158206,0.953072210152944,0.9614723126093546,1.0,1.0,1.0,
synthetic-14-shear_x_+0.12,synthetic_transform,Nutsert_4.jpg,Nutsert_4.jpg,Nutsert,Nutsert,shear_x,12pct,shear_x_+0.12,"{""shear_x"":0.12}","[[1.0,0.12,-101.94],[0.0,1.0,0.0],[0.0,0.0,1.0]]","[[0.9998155911226845,0.11998703150660919,-101.85557445644645],[-0.0001800583790221795,1.0000585783484999,0.01197927516714477],[-2.923653580538611e-07,7.009573908588806e-08,1.0]]",artifacts/masks/Nutsert_4/shear_x_+0.12.npz,3,paired_yolo_boxes,1092,995,787,778,0.98856416772554,0.8203518461906264,0.19431936740875244,0.9108278486219663,1.0,0.9108144796380091,1.0,0.09678537398576736,USAC_MAGSAC,SUCCESS,True,True,"[{""roi_index"":0,""area_ratio"":0.008756435944938957,""failure"":null},{""roi_index"":1,""area_ratio"":0.00794708651961151,""failure"":null},{""roi_index"":2,""area_ratio"":0.008400144521537778,""failure"":null}]",,172.849,0.21892455220222473,0.1102900505065918,0.9812895059585571,0.9796600937843323,0.9821584026018778,0.9808745384216309,0.08826268650591373,0.95897509654363,0.9613507390022278,1.0,1.0,1.0,
synthetic-14-shear_y_-0.12,synthetic_transform,Nutsert_4.jpg,Nutsert_4.jpg,Nutsert,Nutsert,shear_y,12pct,shear_y_-0.12,"{""shear_y"":-0.12}","[[1.0,0.0,0.0],[-0.12,1.0,34.26],[0.0,0.0,1.0]]","[[1.0000757584877922,9.00938613331724e-06,-0.039607184519969085],[-0.12015726181819286,1.000053679365565,34.25200596765165],[-4.015096993404743e-08,1.764007226049634e-08,1.0]]",artifacts/masks/Nutsert_4/shear_y_-0.12.npz,3,paired_yolo_boxes,1092,1097,833,830,0.9963985594237695,0.9185058020149928,0.1717168241739273,0.9898724804607157,1.0,0.9898961332784862,1.0,0.050904951989650726,USAC_MAGSAC,SUCCESS,True,True,"[{""roi_index"":0,""area_ratio"":0.008757001543748118,""failure"":null},{""roi_index"":1,""area_ratio"":0.007948359112501994,""failure"":null},{""roi_index"":2,""area_ratio"":0.008402549977366806,""failure"":null}]",,170.75,0.5185490548610687,0.41872236132621765,0.9875076413154602,0.984919011592865,0.9877457221349081,0.9850375652313232,0.2923544297615687,0.9736507733662924,0.9741647442181905,1.0,1.0,1.0,
synthetic-14-shear_y_+0.12,synthetic_transform,Nutsert_4.jpg,Nutsert_4.jpg,Nutsert,Nutsert,shear_y,12pct,shear_y_+0.12,"{""shear_y"":0.12}","[[1.0,0.0,0.0],[0.12,1.0,-34.26],[0.0,0.0,1.0]]","[[0.9997403894699306,3.7700093219080914e-05,0.08972926917357957],[0.11979209877469935,1.0002064863453846,-34.25144577006912],[-1.6750701853204533e-07,1.5330226306361994e-07,1.0]]",artifacts/masks/Nutsert_4/shear_y_+0.12.npz,3,paired_yolo_boxes,1092,1052,842,835,0.9916864608076009,0.9088084694247245,0.18307068943977356,0.9898961332784862,1.0,0.9899002468120115,1.0,0.11679321527481079,USAC_MAGSAC,SUCCESS,True,True,"[{""roi_index"":0,""area_ratio"":0.00875576851888246,""failure"":null},{""roi_index"":1,""area_ratio"":0.007945028418408426,""failure"":null},{""roi_index"":2,""area_ratio"":0.008396556525085473,""failure"":null}]",,162.426,0.5234714249769846,0.4337616264820099,0.9868462284406027,0.9840330481529236,0.9877610007921854,0.9851277470588684,0.29304935534795123,0.9715638756752014,0.9740623831748962,1.0,1.0,1.0,
synthetic-14-scale_0.85,synthetic_transform,Nutsert_4.jpg,Nutsert_4.jpg,Nutsert,Nutsert,scale,0.85x,scale_0.85,"{""scale"":0.85}","[[0.85,0.0,42.825],[0.0,0.85,127.42500000000003],[0.0,0.0,1.0]]","[[0.8500315197325831,0.00012269215253858098,42.69510029672515],[-0.0012374948554141848,0.8501866844095198,127.69917107475196],[-9.112891019131051e-07,3.332103531192322e-07,1.0]]",artifacts/masks/Nutsert_4/scale_0.85.npz,3,paired_yolo_boxes,1092,1045,430,422,0.9813953488372092,0.9314860396742336,0.5129815340042114,0.9995948169477581,1.0,0.9988235294117647,1.0,0.30199843645095825,USAC_MAGSAC,SUCCESS,True,True,"[{""roi_index"":0,""area_ratio"":0.006331608181603154,""failure"":null},{""roi_index"":1,""area_ratio"":0.005743404687469437,""failure"":null},{""roi_index"":2,""area_ratio"":0.006067245495308333,""failure"":null}]",,144.152,0.21700830260912576,0.1671999990940094,0.950337290763855,0.9467564821243286,0.952545166015625,0.9472806453704834,0.05875971416632334,0.8886509935061137,0.8951195478439331,0.7568085616164844,1.0,1.0,
synthetic-14-scale_1.15,synthetic_transform,Nutsert_4.jpg,Nutsert_4.jpg,Nutsert,Nutsert,scale,1.15x,scale_1.15,"{""scale"":1.15}","[[1.15,0.0,-42.824999999999974],[0.0,1.15,-127.42499999999993],[0.0,0.0,1.0]]","[[1.1496762159082634,5.352029285530957e-05,-42.67245777137569],[0.0004013421325247194,1.1506462672560729,-127.81358822781601],[3.953989872755728e-07,2.1423077922726429e-07,1.0]]",artifacts/masks/Nutsert_4/scale_1.15.npz,3,paired_yolo_boxes,1092,973,418,405,0.9688995215311005,0.8853413789376068,0.5604841709136963,0.7569354175236528,0.8262918297260602,0.7569354175236528,0.8262918297260602,0.3071769177913666,USAC_MAGSAC,FALLBACK_FULL_IMAGE,True,False,"[{""roi_index"":0,""area_ratio"":0.011577534319223835,""failure"":null},{""roi_index"":1,""area_ratio"":0.010503801851599822,""failure"":null},{""roi_index"":2,""area_ratio"":0.011099705607652341,""failure"":""projected_corners_outside_50px_margin""}]",projected_corners_outside_50px_margin,142.159,0.23496052622795105,0.18182960152626038,0.9724554220835367,0.9670047760009766,0.9736762245496114,0.9706552028656006,0.04212628568833073,0.9359230001767477,0.9395387172698975,1.0,0.8262918297260602,0.8262918297260602,projected_corners_outside_50px_margin
synthetic-14-perspective_light,synthetic_transform,Nutsert_4.jpg,Nutsert_4.jpg,Nutsert,Nutsert,perspective,light,perspective_light,"{""corner_offsets_px"":[[0.7683,7.96592],[-2.02667,-0.84593],[-0.90666,-2.40114],[2.33159,-9.61947]],""amount_fraction"":0.02}","[[0.9856915145846151,0.0009212206240789926,0.7682999968528748],[-0.015418315813813822,0.9904444281924715,7.9659199714660645],[-1.6544909663909726e-05,4.705188668308055e-07,1.0]]","[[0.9857205526935424,0.0009803617602443715,0.7323670602709973],[-0.0155948482012512,0.9906026623516824,7.972021400958113],[-1.6600802678468323e-05,5.725600500230758e-07,1.0]]",artifacts/masks/Nutsert_4/perspective_light.npz,3,paired_yolo_boxes,1092,1043,884,879,0.994343891402715,0.9154289097756527,0.06194019690155983,0.9999485808309337,1.0,0.999965034965035,1.0,0.06626036018133163,USAC_MAGSAC,SUCCESS,True,True,"[{""roi_index"":0,""area_ratio"":0.00867646025963832,""failure"":null},{""roi_index"":1,""area_ratio"":0.007873847413921506,""failure"":null},{""roi_index"":2,""area_ratio"":0.008305712993372062,""failure"":null}]",,170.206,0.38272308309872943,0.297240287065506,0.967140257358551,0.9566174745559692,0.9673656821250916,0.9564878940582275,0.14025595784187317,0.9264675378799438,0.9270166158676147,1.0,1.0,1.0,
synthetic-14-perspective_moderate,synthetic_transform,Nutsert_4.jpg,Nutsert_4.jpg,Nutsert,Nutsert,perspective,moderate,perspective_moderate,"{""corner_offsets_px"":[[3.88637,7.2054],[0.49777,1.86692],[-3.17615,-17.67944],[-0.24157,-18.28475]],""amount_fraction"":0.055}","[[0.9905235181400001,-0.0024295122574397305,3.8863699436187744],[-0.009360922485892858,0.9841836132340819,7.205399990081787],[-6.197629792165598e-06,-4.839201638818927e-07,1.0]]","[[0.9905512716580045,-0.0024430958183763157,3.8946991173156236],[-0.009033125649108695,0.9842098523704782,7.069630858421768],[-5.959518465194991e-06,-5.529895737624971e-07,1.0]]",artifacts/masks/Nutsert_4/perspective_moderate.npz,3,paired_yolo_boxes,1092,1053,866,864,0.9976905311778291,0.9305603656871066,0.08182825148105621,0.999958864664747,1.0,0.9999856026326615,1.0,0.09579411149024963,USAC_MAGSAC,SUCCESS,True,True,"[{""roi_index"":0,""area_ratio"":0.008584672557947407,""failure"":null},{""roi_index"":1,""area_ratio"":0.007804128977817574,""failure"":null},{""roi_index"":2,""area_ratio"":0.008257088587216724,""failure"":null}]",,140.431,0.30798398951689404,0.13811254501342773,0.966311514377594,0.9500054717063904,0.9665542443593343,0.9502613544464111,0.11999296521147092,0.926467756430308,0.9272141257921854,1.0,1.0,1.0,
synthetic-14-perspective_strong,synthetic_transform,Nutsert_4.jpg,Nutsert_4.jpg,Nutsert,Nutsert,perspective,strong,perspective_strong,"{""corner_offsets_px"":[[8.27181,32.53501],[-5.88887,-2.01651],[-3.76812,-28.22726],[-0.24545,-43.9226]],""amount_fraction"":0.1}","[[0.9456453050592346,-0.005010409502512752,8.271809577941895],[-0.060405083070042775,0.9368456985376745,32.535011291503906],[-5.229932544969775e-05,-1.0967922196758067e-05,1.0]]","[[0.9456537751302404,-0.004986163032003272,8.23799020969716],[-0.0602316354454009,0.936863117976543,32.42405370336393],[-5.237732454081824e-05,-1.0944405357686798e-05,1.0]]",artifacts/masks/Nutsert_4/perspective_strong.npz,3,paired_yolo_boxes,1092,1101,821,817,0.9951278928136419,0.9155605566471017,0.12118443846702576,0.9998488276429452,1.0,0.9999105306458248,1.0,0.07756590843200684,USAC_MAGSAC,SUCCESS,True,True,"[{""roi_index"":0,""area_ratio"":0.008189260440769194,""failure"":null},{""roi_index"":1,""area_ratio"":0.007635473203684419,""failure"":null},{""roi_index"":2,""area_ratio"":0.008239579194473238,""failure"":null}]",,142.918,0.1607815126578013,0.14537476003170013,0.9632396697998047,0.9574013352394104,0.9637400507926941,0.9580637812614441,0.014853295559684435,0.9212794502576193,0.9222658475240072,1.0,1.0,1.0,
synthetic-14-combined_moderate,synthetic_transform,Nutsert_4.jpg,Nutsert_4.jpg,Nutsert,Nutsert,combined,moderate,combined_moderate,"{""rotation_deg"":12.0,""shear_x"":0.06,""shear_y"":-0.04,""scale"":1.05,""corner_offsets_px"":[[5.87382,1.58374],[-3.36276,3.5517],[-5.55768,-4.04871],[3.279,-10.81139]]}","[[0.9939295597055142,0.27273739305667094,-231.13796503360018],[-0.25353642619784067,1.0099364548668985,58.70760871163974],[-4.912682873804113e-06,-1.8191482479394422e-06,1.0]]","[[0.9943793655302042,0.2728005073173115,-231.2545474653248],[-0.25395768011654296,1.0102228485270162,58.842858332853716],[-4.730505957613986e-06,-1.6181784357866927e-06,1.0]]",artifacts/masks/Nutsert_4/combined_moderate.npz,3,paired_yolo_boxes,1092,912,683,664,0.972181551976574,0.7130231159595557,0.2051880955696106,0.7682743726861374,1.0,0.7683617852735499,1.0,0.19500957429409027,USAC_MAGSAC,SUCCESS,True,True,"[{""roi_index"":0,""area_ratio"":0.009440181652419093,""failure"":null},{""roi_index"":1,""area_ratio"":0.008600579942321824,""failure"":null},{""roi_index"":2,""area_ratio"":0.009120972053613705,""failure"":null}]",,136.898,0.1066326176126798,0.0319259837269783,0.9675909876823425,0.9650033712387085,0.9686853488286337,0.9652917385101318,0.04377773404121399,0.9300861557324728,0.9338876008987427,1.0,1.0,1.0,
synthetic-15-identity,synthetic_transform,Nutsert_5.jpg,Nutsert_5.jpg,Nutsert,Nutsert,identity,none,identity,"{""rotation_deg"":0.0,""scale"":1.0}","[[1.0,0.0,0.0],[0.0,1.0,0.0],[0.0,0.0,1.0]]","[[1.0000000000000009,-1.3615132164133993e-16,-4.178202066034335e-14],[1.3462895802097172e-15,1.0,-1.6618582990732447e-13],[2.3142251141426422e-18,-4.44142725689133e-19,1.0]]",artifacts/masks/Nutsert_5/identity.npz,3,paired_yolo_boxes,564,564,564,564,1.0,0.8667697528112075,0.0,1.0,1.0,1.0,1.0,2.4392109426035757e-13,USAC_MAGSAC,SUCCESS,True,True,"[{""roi_index"":0,""area_ratio"":0.008879509992751746,""failure"":null},{""roi_index"":1,""area_ratio"":0.008338709744724625,""failure"":null},{""roi_index"":2,""area_ratio"":0.008424714221030687,""failure"":null}]",,153.498,1.0,1.0,1.0,1.0,1.0,1.0,1.0,1.0,1.0,1.0,1.0,1.0,
synthetic-15-rotation_-30,synthetic_transform,Nutsert_5.jpg,Nutsert_5.jpg,Nutsert,Nutsert,rotation,30deg,rotation_-30,"{""angle_deg"":-30}","[[0.8660254037844387,-0.49999999999999994,485.9625601406447],[0.49999999999999994,0.8660254037844387,-5.636965021132582],[0.0,0.0,1.0]]","[[0.8668408802186214,-0.49992280451941634,485.73512084111553],[0.4995089893583912,0.8662082815586639,-5.374613535863042],[-1.4741639134313852e-07,2.401219212940422e-07,1.0]]",artifacts/masks/Nutsert_5/rotation_-30.npz,3,paired_yolo_boxes,564,402,283,264,0.9328621908127208,0.5395779767803868,0.25098708271980286,0.5603467787919545,0.3275027912169706,0.560045355027139,0.3275027912169706,0.2931647002696991,USAC_MAGSAC,FALLBACK_FULL_IMAGE,True,False,"[{""roi_index"":0,""area_ratio"":0.00888573876246212,""failure"":""projected_corners_outside_50px_margin""},{""roi_index"":1,""area_ratio"":0.008340201134862184,""failure"":null},{""roi_index"":2,""area_ratio"":0.00842170210708437,""failure"":""projected_corners_outside_50px_margin""}]",projected_corners_outside_50px_margin,153.351,0.2440030574798584,0.2440030574798584,0.9768381714820862,0.9768381714820862,0.9789265990257263,0.9789265990257263,0.024734796956181526,0.9433301091194153,0.9496886730194092,0.3275027912169706,0.3275027912169706,0.3275027912169706,projected_corners_outside_50px_margin
synthetic-15-rotation_-20,synthetic_transform,Nutsert_5.jpg,Nutsert_5.jpg,Nutsert,Nutsert,rotation,20deg,rotation_-20,"{""angle_deg"":-20}","[[0.9396926207859084,-0.3420201433256687,324.4741301971767],[0.3420201433256687,0.9396926207859084,-32.18423552351824],[0.0,0.0,1.0]]","[[0.9397292882054535,-0.3419988021342907,324.42344672115604],[0.34159086660972826,0.9394896034008875,-32.029949007485364],[-2.330349238660716e-07,-6.526890001179108e-08,1.0]]",artifacts/masks/Nutsert_5/rotation_-20.npz,3,paired_yolo_boxes,564,516,327,315,0.963302752293578,0.6260619325399998,0.1235121488571167,0.7036101208741942,0.6322623330438738,0.703664529496002,0.6323036844064012,0.08491776883602142,USAC_MAGSAC,FALLBACK_FULL_IMAGE,True,False,"[{""roi_index"":0,""area_ratio"":0.008879533695184747,""failure"":""projected_corners_outside_50px_margin""},{""roi_index"":1,""area_ratio"":0.008340007388055126,""failure"":null},{""roi_index"":2,""area_ratio"":0.00842709277655932,""failure"":null}]",projected_corners_outside_50px_margin,131.612,0.45050081113974255,0.20821252465248108,0.9807534217834473,0.9778867959976196,0.9808800021807352,0.9779361486434937,0.17199761172135672,0.9399454196294149,0.9399714867273966,0.6729934251333581,0.6322623330438738,0.6323036844064012,projected_corners_outside_50px_margin
synthetic-15-rotation_-10,synthetic_transform,Nutsert_5.jpg,Nutsert_5.jpg,Nutsert,Nutsert,rotation,10deg,rotation_-10,"{""angle_deg"":-10}","[[0.984807753012208,-0.17364817766693033,160.82918722231028],[0.17364817766693033,0.984807753012208,-30.28602176160289],[0.0,0.0,1.0]]","[[0.9861216802488681,-0.1736562408659957,160.6365117824816],[0.1754188049334998,0.9855042378340059,-30.87302602303979],[2.1594142266332035e-06,-3.3386737868605095e-08,1.0]]",artifacts/masks/Nutsert_5/rotation_-10.npz,3,paired_yolo_boxes,564,547,427,413,0.9672131147540983,0.740550514063289,0.13108637928962708,0.8444065760436662,1.0,0.844730851429641,1.0,0.5306129455566406,USAC_MAGSAC,SUCCESS,True,True,"[{""roi_index"":0,""area_ratio"":0.00887921818792761,""failure"":null},{""roi_index"":1,""area_ratio"":0.008338367240600924,""failure"":null},{""roi_index"":2,""area_ratio"":0.008426187118853078,""failure"":null}]",,130.971,0.20827382306257883,0.1451050490140915,0.981357753276825,0.9780034422874451,0.9826509157816569,0.9780210256576538,0.042085537066062294,0.9478423992792765,0.9532825748125712,1.0,1.0,1.0,
synthetic-15-rotation_+10,synthetic_transform,Nutsert_5.jpg,Nutsert_5.jpg,Nutsert,Nutsert,rotation,10deg,rotation_+10,"{""angle_deg"":10}","[[0.984807753012208,0.17364817766693033,-153.12671799949976],[-0.17364817766693033,0.984807753012208,57.75360431553079],[0.0,0.0,1.0]]","[[0.9855782827942793,0.17357383371605728,-153.17899081036384],[-0.17290956547561642,0.9853097670438952,57.401434959509615],[9.24047484819155e-07,7.582282733644495e-08,1.0]]",artifacts/masks/Nutsert_5/rotation_+10.npz,3,paired_yolo_boxes,564,457,390,383,0.982051282051282,0.7303886514558818,0.13081353902816772,0.8444903653212502,1.0,0.844730851429641,1.0,0.2847628593444824,USAC_MAGSAC,SUCCESS,True,True,"[{""roi_index"":0,""area_ratio"":0.008882668841200756,""failure"":null},{""roi_index"":1,""area_ratio"":0.008339995008721719,""failure"":null},{""roi_index"":2,""area_ratio"":0.008425120686999429,""failure"":null}]",,121.62,0.18217400213082632,0.10773736238479614,0.980615496635437,0.9775493741035461,0.9825881322224935,0.9776706695556641,0.037338986371954284,0.9458210666974386,0.9529085755348206,1.0,1.0,1.0,
synthetic-15-rotation_+20,synthetic_transform,Nutsert_5.jpg,Nutsert_5.jpg,Nutsert,Nutsert,rotation,20deg,rotation_+20,"{""angle_deg"":20}","[[0.9396926207859084,0.3420201433256687,-293.8982889356323],[-0.3420201433256687,0.9396926207859084,141.21997714259578],[0.0,0.0,1.0]]","[[0.9399228852285609,0.3423946477263573,-294.0585063039883],[-0.34302158442562786,0.9404610084178113,141.4561046549092],[1.0627209896776397e-06,4.042562107636226e-07,1.0]]",artifacts/masks/Nutsert_5/rotation_+20.npz,3,paired_yolo_boxes,564,328,270,245,0.9074074074074074,0.5861302384874,0.22144478559494019,0.7037102327383207,0.6729520737708308,0.703664529496002,0.6729934251333581,0.510140061378479,USAC_MAGSAC,FALLBACK_FULL_IMAGE,True,False,"[{""roi_index"":0,""area_ratio"":0.008884145846864765,""failure"":null},{""roi_index"":1,""area_ratio"":0.008335317570210006,""failure"":null},{""roi_index"":2,""area_ratio"":0.008414433327252871,""failure"":""projected_corners_outside_50px_margin""}]",projected_corners_outside_50px_margin,129.106,0.3282615741093953,0.20371541380882263,0.98631219069163,0.9782307744026184,0.986936092376709,0.9784737229347229,0.05651772146423658,0.9438982208569845,0.9480960766474406,0.6323036844064012,0.6729520737708308,0.6729934251333581,projected_corners_outside_50px_margin
synthetic-15-rotation_+30,synthetic_transform,Nutsert_5.jpg,Nutsert_5.jpg,Nutsert,Nutsert,rotation,30deg,rotation_+30,"{""angle_deg"":30}","[[0.8660254037844387,0.49999999999999994,-418.0374398593552],[-0.49999999999999994,0.8660254037844387,247.8630349788674],[0.0,0.0,1.0]]","[[0.8653714310834479,0.4997953960175596,-417.6689837611169],[-0.49724609779035317,0.8649047674378946,247.60025071613867],[1.9154662074018295e-06,-1.1061085483908324e-06,1.0]]",artifacts/masks/Nutsert_5/rotation_+30.npz,3,paired_yolo_boxes,564,264,231,208,0.9004329004329005,0.5827569632171117,0.2236250787973404,0.560010533509182,0.3275027912169706,0.560045355027139,0.3275027912169706,1.0477807521820068,USAC_MAGSAC,FALLBACK_FULL_IMAGE,True,False,"[{""roi_index"":0,""area_ratio"":0.008850862001515528,""failure"":""projected_corners_outside_50px_margin""},{""roi_index"":1,""area_ratio"":0.008331464334600747,""failure"":null},{""roi_index"":2,""area_ratio"":0.008438910295805905,""failure"":""projected_corners_outside_50px_margin""}]",projected_corners_outside_50px_margin,114.626,0.21683987975120544,0.21683987975120544,0.9766543507575989,0.9766543507575989,0.978734016418457,0.978734016418457,0.011952405795454979,0.940910816192627,0.9480794072151184,0.3275027912169706,0.3275027912169706,0.3275027912169706,projected_corners_outside_50px_margin
synthetic-15-shear_x_-0.12,synthetic_transform,Nutsert_5.jpg,Nutsert_5.jpg,Nutsert,Nutsert,shear_x,12pct,shear_x_-0.12,"{""shear_x"":-0.12}","[[1.0,-0.12,108.47999999999999],[0.0,1.0,0.0],[0.0,0.0,1.0]]","[[1.0000908702244249,-0.11974350613162968,108.23345628083574],[-0.00046580986730013294,1.0003528136838107,0.022216865644757475],[1.6108366451615132e-07,1.3054658099118247e-07,1.0]]",artifacts/masks/Nutsert_5/shear_x_-0.12.npz,3,paired_yolo_boxes,564,551,432,421,0.9745370370370371,0.8122480511942944,0.21225351095199585,0.8932557248751867,1.0,0.8931719355976026,1.0,0.2792354226112366,USAC_MAGSAC,SUCCESS,True,True,"[{""roi_index"":0,""area_ratio"":0.008880807466551038,""failure"":null},{""roi_index"":1,""area_ratio"":0.008337480400543582,""failure"":null},{""roi_index"":2,""area_ratio"":0.008421158398105737,""failure"":null}]",,120.623,0.31716692447662354,0.18853351473808289,0.9872291684150696,0.9838505983352661,0.9911056558291117,0.9901632070541382,0.10591933007041614,0.959913412729899,0.9747680425643921,1.0,1.0,1.0,
synthetic-15-shear_x_+0.12,synthetic_transform,Nutsert_5.jpg,Nutsert_5.jpg,Nutsert,Nutsert,shear_x,12pct,shear_x_+0.12,"{""shear_x"":0.12}","[[1.0,0.12,-108.47999999999999],[0.0,1.0,0.0],[0.0,0.0,1.0]]","[[1.0010279572336407,0.1201999916236381,-108.6541660371462],[0.002212064994547567,1.0012257994970328,-0.9597041543069511],[1.8408970723679121e-06,3.415421700690798e-07,1.0]]",artifacts/masks/Nutsert_5/shear_x_+0.12.npz,3,paired_yolo_boxes,564,496,410,405,0.9878048780487805,0.7521164386542932,0.1917324662208557,0.8931240560104117,1.0,0.8931719355976026,1.0,0.4536403715610504,USAC_MAGSAC,SUCCESS,True,True,"[{""roi_index"":0,""area_ratio"":0.008882005269558213,""failure"":null},{""roi_index"":1,""area_ratio"":0.00833421582107681,""failure"":null},{""roi_index"":2,""area_ratio"":0.008414900568277595,""failure"":null}]",,112.801,0.2835282435019811,0.15469114482402802,0.9878166913986206,0.9847405552864075,0.9910741647084554,0.9901121854782104,0.11433390279610951,0.9635152220726013,0.974859873453776,1.0,1.0,1.0,
synthetic-15-shear_y_-0.12,synthetic_transform,Nutsert_5.jpg,Nutsert_5.jpg,Nutsert,Nutsert,shear_y,12pct,shear_y_-0.12,"{""shear_y"":-0.12}","[[1.0,0.0,0.0],[-0.12,1.0,30.419999999999998],[0.0,0.0,1.0]]","[[0.9998241640807035,9.357165755431795e-05,-0.0835680463710653],[-0.11968975907619603,0.9996618662998384,30.45529515445395],[2.1676533897395936e-07,-2.3599158389257884e-07,1.0]]",artifacts/masks/Nutsert_5/shear_y_-0.12.npz,3,paired_yolo_boxes,564,548,476,473,0.9936974789915967,0.8535540074629272,0.17779089510440826,0.9915296657569546,1.0,0.9915808098614539,1.0,0.20758116245269775,USAC_MAGSAC,SUCCESS,True,True,"[{""roi_index"":0,""area_ratio"":0.008874515171333544,""failure"":null},{""roi_index"":1,""area_ratio"":0.008338275353749196,""failure"":null},{""roi_index"":2,""area_ratio"":0.00842875944668906,""failure"":null}]",,124.635,0.3845519721508026,0.34971436858177185,0.9899487098058065,0.9893829822540283,0.9932000637054443,0.9896509647369385,0.13332205762465796,0.9713585376739502,0.9829907417297363,1.0,1.0,1.0,
synthetic-15-shear_y_+0.12,synthetic_transform,Nutsert_5.jpg,Nutsert_5.jpg,Nutsert,Nutsert,shear_y,12pct,shear_y_+0.12,"{""shear_y"":0.12}","[[1.0,0.0,0.0],[0.12,1.0,-30.419999999999998],[0.0,0.0,1.0]]","[[1.0007558895309023,-2.070782355464889e-05,-0.09091302505028884],[0.12080070027073457,1.0004190601764051,-30.710521022059872],[8.22022373937618e-07,1.1205306338079565e-07,1.0]]",artifacts/masks/Nutsert_5/shear_y_+0.12.npz,3,paired_yolo_boxes,564,554,463,461,0.9956803455723542,0.8622841041071712,0.16419818997383118,0.9915579582402946,1.0,0.9915862507236347,1.0,0.21855390071868896,USAC_MAGSAC,SUCCESS,True,True,"[{""roi_index"":0,""area_ratio"":0.008882641957008653,""failure"":null},{""roi_index"":1,""area_ratio"":0.008339335646975999,""failure"":null},{""roi_index"":2,""area_ratio"":0.008423732482519777,""failure"":null}]",,118.83,0.3953369160493215,0.3674999177455902,0.9922816356023153,0.9893038272857666,0.9931652347246805,0.9895825982093811,0.13487898310025534,0.9799109101295471,0.9829913775126139,1.0,1.0,1.0,
synthetic-15-scale_0.85,synthetic_transform,Nutsert_5.jpg,Nutsert_5.jpg,Nutsert,Nutsert,scale,0.85x,scale_0.85,"{""scale"":0.85}","[[0.85,0.0,38.025000000000006],[0.0,0.85,135.60000000000002],[0.0,0.0,1.0]]","[[0.8501167229859791,0.00011658210574545546,37.80744986009763],[-0.0013507639451871762,0.8499446657530667,135.82549357142062],[-8.069698296165695e-07,9.127401209623646e-09,1.0]]",artifacts/masks/Nutsert_5/scale_0.85.npz,3,paired_yolo_boxes,564,580,263,256,0.973384030418251,0.8415101279233225,0.5743118524551392,0.9997333977531415,1.0,1.0,1.0,0.2681666910648346,USAC_MAGSAC,SUCCESS,True,True,"[{""roi_index"":0,""area_ratio"":0.006420916117345844,""failure"":null},{""roi_index"":1,""area_ratio"":0.006029916890337345,""failure"":null},{""roi_index"":2,""area_ratio"":0.006091661518454852,""failure"":null}]",,110.782,0.2146918773651123,0.1786106526851654,0.9743366440137228,0.9684082269668579,0.9763245781262716,0.9687219858169556,0.05724221530059973,0.9269373416900635,0.9336902300516764,0.8741678038291362,1.0,1.0,
synthetic-15-scale_1.15,synthetic_transform,Nutsert_5.jpg,Nutsert_5.jpg,Nutsert,Nutsert,scale,1.15x,scale_1.15,"{""scale"":1.15}","[[1.15,0.0,-38.02499999999998],[0.0,1.15,-135.5999999999999],[0.0,0.0,1.0]]","[[1.1532819384461859,0.0006703889342846081,-38.73248185994777],[0.00543427996557603,1.1536232659663512,-138.01613547049195],[6.232163528348754e-06,6.82588504404827e-07,1.0]]",artifacts/masks/Nutsert_5/scale_1.15.npz,3,paired_yolo_boxes,564,479,235,220,0.9361702127659575,0.8019732279659332,0.5992588996887207,0.7561264108155635,0.9437621469627424,0.7565692969970793,0.9437621469627424,1.7689356803894043,USAC_MAGSAC,SUCCESS,True,True,"[{""roi_index"":0,""area_ratio"":0.011744381473646445,""failure"":null},{""roi_index"":1,""area_ratio"":0.011010019837978897,""failure"":null},{""roi_index"":2,""area_ratio"":0.011111549484576447,""failure"":null}]",,120.002,0.2599848161141078,0.20277245342731476,0.972531775633494,0.9631361961364746,0.9866983294487,0.9824165105819702,0.06501775855819385,0.9130391875902811,0.9630358616511027,1.0,0.9437621469627424,0.9437621469627424,
synthetic-15-perspective_light,synthetic_transform,Nutsert_5.jpg,Nutsert_5.jpg,Nutsert,Nutsert,perspective,light,perspective_light,"{""corner_offsets_px"":[[1.73013,4.42589],[-1.95042,3.79378],[-1.91976,-5.20403],[0.18693,-9.75731]],""amount_fraction"":0.02}","[[0.9898770959945475,-0.0008538620668816111,1.7301299571990967],[-0.0012682744863341444,0.9890551252976694,4.42588996887207],[-5.669658051717613e-06,-1.7240034612182862e-06,1.0]]","[[0.9902026536193785,-0.0008550043482543979,1.6481725963812175],[-0.0008090047107705553,0.989097431796401,4.239323524106003],[-5.479828890095393e-06,-1.7404229439491798e-06,1.0]]",artifacts/masks/Nutsert_5/perspective_light.npz,3,paired_yolo_boxes,564,545,473,466,0.985200845665962,0.863012763272037,0.08248394727706909,0.9997769246505879,1.0,0.9999891182756384,1.0,0.10270532965660095,USAC_MAGSAC,SUCCESS,True,True,"[{""roi_index"":0,""area_ratio"":0.008749956143235165,""failure"":null},{""roi_index"":1,""area_ratio"":0.008250362260947781,""failure"":null},{""roi_index"":2,""area_ratio"":0.008364398319653845,""failure"":null}]",,119.727,0.46570467948913574,0.3513810634613037,0.9829638401667277,0.9796134233474731,0.9829865495363871,0.97957444190979,0.18045269697904587,0.9501846432685852,0.950199822584788,1.0,1.0,1.0,
synthetic-15-perspective_moderate,synthetic_transform,Nutsert_5.jpg,Nutsert_5.jpg,Nutsert,Nutsert,perspective,moderate,perspective_moderate,"{""corner_offsets_px"":[[4.63683,23.46541],[-1.82444,3.75934],[-1.14314,-7.95941],[2.51878,-12.08746]],""amount_fraction"":0.055}","[[0.9740477430177606,-0.0011792107634811576,4.636829853057861],[-0.038966278963292,0.974829259228944,23.465410232543945],[-2.614566247350759e-05,-3.0661706424603637e-06,1.0]]","[[0.9746297872282687,-0.0012159421779122691,4.511483947154761],[-0.038557722589880106,0.9750097609498538,23.245956033024846],[-2.5809954243809787e-05,-3.048706486331263e-06,1.0]]",artifacts/masks/Nutsert_5/perspective_moderate.npz,3,paired_yolo_boxes,564,544,481,470,0.9771309771309772,0.8574407300058702,0.10317903012037277,0.9993383911588166,1.0,0.9999695311717876,1.0,0.1470431089401245,USAC_MAGSAC,SUCCESS,True,True,"[{""roi_index"":0,""area_ratio"":0.008660213243683058,""failure"":null},{""roi_index"":1,""area_ratio"":0.008196066718357589,""failure"":null},{""roi_index"":2,""area_ratio"":0.008322423278787483,""failure"":null}]",,112.842,0.41630717118581134,0.30358603596687317,0.981805662314097,0.976525068283081,0.9826108614603678,0.9768552184104919,0.141043271869421,0.9494569500287374,0.9522641897201538,1.0,1.0,1.0,
synthetic-15-perspective_strong,synthetic_transform,Nutsert_5.jpg,Nutsert_5.jpg,Nutsert,Nutsert,perspective,strong,perspective_strong,"{""corner_offsets_px"":[[8.39572,2.47946],[-5.8628,23.54835],[-5.72339,-33.41652],[-0.82308,-37.71808]],""amount_fraction"":0.1}","[[0.9813868602097313,-0.005090407441085349,8.395719528198242],[0.04200287552024085,0.9595148860204573,2.4794600009918213],[1.897715623920277e-05,-1.0310182424515838e-05,1.0]]","[[0.9822417549723569,-0.005144765216205136,8.16248035755044],[0.04202424190451611,0.9597515584325359,2.2595575747977037],[1.9175996261435303e-05,-1.031528131773305e-05,1.0]]",artifacts/masks/Nutsert_5/perspective_strong.npz,3,paired_yolo_boxes,564,537,463,454,0.980561555075594,0.8543773762351328,0.19500860571861267,0.9991457846376168,1.0,0.9999118580326712,1.0,0.2662854790687561,USAC_MAGSAC,SUCCESS,True,True,"[{""roi_index"":0,""area_ratio"":0.008272274982981581,""failure"":null},{""roi_index"":1,""area_ratio"":0.007941038546966168,""failure"":null},{""roi_index"":2,""area_ratio"":0.008218219640394285,""failure"":null}]",,108.29,0.281625434756279,0.2202979475259781,0.979196568330129,0.9757641553878784,0.9810501933097839,0.9761126637458801,0.05593814142048359,0.9400033553441366,0.9465179443359375,1.0,1.0,1.0,
synthetic-15-combined_moderate,synthetic_transform,Nutsert_5.jpg,Nutsert_5.jpg,Nutsert,Nutsert,combined,moderate,combined_moderate,"{""rotation_deg"":12.0,""shear_x"":0.06,""shear_y"":-0.04,""scale"":1.05,""corner_offsets_px"":[[3.5543,5.62599],[-3.48622,-0.5839],[-2.69274,-12.9018],[0.38056,-13.52385]]}","[[0.9948022484454191,0.27273071232537055,-248.17088611506955],[-0.2665757867998658,0.9944580383792534,56.95674398157402],[-6.463755891287127e-06,-6.518689740935494e-06,1.0]]","[[0.9937760560867291,0.27272441378794765,-247.79104557920337],[-0.2677647690541441,0.994482101407061,57.23959640775258],[-7.16604853050762e-06,-6.304509292415665e-06,1.0]]",artifacts/masks/Nutsert_5/combined_moderate.npz,3,paired_yolo_boxes,564,399,298,287,0.9630872483221476,0.625043474306895,0.23152662813663483,0.7308514296409466,0.8120580573129884,0.730493420909451,0.8119753545879337,0.42409631609916687,USAC_MAGSAC,FALLBACK_FULL_IMAGE,True,False,"[{""roi_index"":0,""area_ratio"":0.009503947152537622,""failure"":null},{""roi_index"":1,""area_ratio"":0.009052972494523791,""failure"":null},{""roi_index"":2,""area_ratio"":0.009270502400375137,""failure"":""projected_corners_outside_50px_margin""}]",projected_corners_outside_50px_margin,117.278,0.24095004300276437,0.148948073387146,0.9810147881507874,0.9784963726997375,0.9838112791379293,0.9794432520866394,0.04307785568137964,0.9468401869138082,0.9576591650644938,0.8957945664309639,0.8120580573129884,0.8119753545879337,projected_corners_outside_50px_margin
synthetic-16-identity,synthetic_transform,Nutsert_6.jpg,Nutsert_6.jpg,Nutsert,Nutsert,identity,none,identity,"{""rotation_deg"":0.0,""scale"":1.0}","[[1.0,0.0,0.0],[0.0,1.0,0.0],[0.0,0.0,1.0]]","[[1.0,0.0,0.0],[0.0,1.0,0.0],[0.0,0.0,1.0]]",artifacts/masks/Nutsert_6/identity.npz,3,paired_yolo_boxes,528,528,528,528,1.0,0.86190358745769,0.0,1.0,1.0,1.0,1.0,0.0,USAC_MAGSAC,SUCCESS,True,True,"[{""roi_index"":0,""area_ratio"":0.008178206387904546,""failure"":null},{""roi_index"":1,""area_ratio"":0.007645712749906782,""failure"":null},{""roi_index"":2,""area_ratio"":0.008530003501568179,""failure"":null}]",,96.865,1.0,1.0,1.0,1.0,1.0,1.0,1.0,1.0,1.0,1.0,1.0,1.0,
synthetic-16-rotation_-30,synthetic_transform,Nutsert_6.jpg,Nutsert_6.jpg,Nutsert,Nutsert,rotation,30deg,rotation_-30,"{""angle_deg"":-30}","[[0.8660254037844387,-0.49999999999999994,453.6885127825612],[0.49999999999999994,0.8660254037844387,5.81141948511933],[0.0,0.0,1.0]]","[[0.8653672614396171,-0.5000671827341938,454.02988583099125],[0.5025616873350797,0.8652728476254622,5.943435748893986],[2.0629759414510767e-06,-5.304053555197148e-07,1.0]]",artifacts/masks/Nutsert_6/rotation_-30.npz,3,paired_yolo_boxes,528,270,204,190,0.9313725490196079,0.35926042586677703,0.2459600269794464,0.509455237060182,0.3207371249931443,0.5094117647058823,0.3207371249931443,0.4740121364593506,USAC_MAGSAC,FALLBACK_FULL_IMAGE,True,False,"[{""roi_index"":0,""area_ratio"":0.00816146302227482,""failure"":""projected_corners_outside_50px_margin""},{""roi_index"":1,""area_ratio"":0.007636682214235009,""failure"":null},{""roi_index"":2,""area_ratio"":0.008528946954779829,""failure"":""projected_corners_outside_50px_margin""}]",projected_corners_outside_50px_margin,89.228,0.18768273293972015,0.18768273293972015,0.9652181267738342,0.9652181267738342,0.968802273273468,0.968802273273468,0.03875461965799332,0.9285234808921814,0.9393804669380188,0.3207371249931443,0.3207371249931443,0.3207371249931443,projected_corners_outside_50px_margin
synthetic-16-rotation_-20,synthetic_transform,Nutsert_6.jpg,Nutsert_6.jpg,Nutsert,Nutsert,rotation,20deg,rotation_-20,"{""angle_deg"":-20}","[[0.9396926207859084,-0.3420201433256687,303.5725056653993],[0.3420201433256687,0.9396926207859084,-22.645232315973658],[0.0,0.0,1.0]]","[[0.9391634986534831,-0.3418600411040402,303.5991791954336],[0.34282872412367893,0.9393519321138009,-22.658782216252998],[2.4566385561761037e-07,-1.9249391622049662e-07,1.0]]",artifacts/masks/Nutsert_6/rotation_-20.npz,3,paired_yolo_boxes,528,355,271,260,0.959409594095941,0.45067263829242854,0.13354229927062988,0.6720730878956663,0.666648384796797,0.6718407825023774,0.6664290023583612,0.2115395963191986,USAC_MAGSAC,FALLBACK_FULL_IMAGE,True,False,"[{""roi_index"":0,""area_ratio"":0.008172107776973612,""failure"":""projected_corners_outside_50px_margin""},{""roi_index"":1,""area_ratio"":0.007642664639488639,""failure"":null},{""roi_index"":2,""area_ratio"":0.00852979747312131,""failure"":null}]",projected_corners_outside_50px_margin,98.689,0.1796225905418396,0.16487738490104675,0.9668138225873312,0.9626238346099854,0.9685491720835367,0.9633455276489258,0.02903006598353386,0.9225543340047201,0.9292953809102377,0.6206877639444962,0.666648384796797,0.6664290023583612,projected_corners_outside_50px_margin
synthetic-16-rotation_-10,synthetic_transform,Nutsert_6.jpg,Nutsert_6.jpg,Nutsert,Nutsert,rotation,10deg,rotation_-10,"{""angle_deg"":-10}","[[0.984807753012208,-0.17364817766693033,150.7956522774204],[0.17364817766693033,0.984807753012208,-24.602192559927666],[0.0,0.0,1.0]]","[[0.9846387573692621,-0.17356841751691388,150.76633686489197],[0.17398820588817043,0.9845371590834909,-24.634308861559518],[2.2493485279855473e-07,-2.7229544032084994e-07,1.0]]",artifacts/masks/Nutsert_6/rotation_-10.npz,3,paired_yolo_boxes,528,447,381,375,0.984251968503937,0.7065991336011973,0.13019783794879913,0.8295938051895123,1.0,0.8296644477652493,1.0,0.20646920800209045,USAC_MAGSAC,SUCCESS,True,True,"[{""roi_index"":0,""area_ratio"":0.008174744084937456,""failure"":null},{""roi_index"":1,""area_ratio"":0.007646291243381679,""failure"":null},{""roi_index"":2,""area_ratio"":0.008535154639897497,""failure"":null}]",,92.82,0.16894105325142542,0.08230044692754745,0.966531236966451,0.9653353691101074,0.9688074986139933,0.9660957455635071,0.032114298082888126,0.9293416937192281,0.9368171095848083,1.0,1.0,1.0,
synthetic-16-rotation_+10,synthetic_transform,Nutsert_6.jpg,Nutsert_6.jpg,Nutsert,Nutsert,rotation,10deg,rotation_+10,"{""angle_deg"":10}","[[0.984807753012208,0.17364817766693033,-144.23260157869424],[-0.17364817766693033,0.984807753012208,50.41382019218624],[0.0,0.0,1.0]]","[[0.9847806782364135,0.17337705779348914,-144.15185222959877],[-0.17389087235013734,0.984199046375012,50.41696724539664],[-9.837991836763362e-07,-3.5220521048281396e-07,1.0]]",artifacts/masks/Nutsert_6/rotation_+10.npz,3,paired_yolo_boxes,528,405,321,311,0.9688473520249221,0.7085874740394771,0.1776965856552124,0.8291047412036409,1.0,0.8296644477652493,1.0,0.2941466271877289,USAC_MAGSAC,SUCCESS,True,True,"[{""roi_index"":0,""area_ratio"":0.008179894995403354,""failure"":null},{""roi_index"":1,""area_ratio"":0.007652860546302146,""failure"":null},{""roi_index"":2,""area_ratio"":0.008543621938118442,""failure"":null}]",,102.522,0.18827015906572342,0.06606448441743851,0.9658716917037964,0.9630788564682007,0.9693090915679932,0.9666370153427124,0.03112137395267685,0.9272791147232056,0.9380233685175577,1.0,1.0,1.0,
synthetic-16-rotation_+20,synthetic_transform,Nutsert_6.jpg,Nutsert_6.jpg,Nutsert,Nutsert,rotation,20deg,rotation_+20,"{""angle_deg"":20}","[[0.9396926207859084,0.3420201433256687,-277.5197178449118],[-0.3420201433256687,0.9396926207859084,125.10746960071523],[0.0,0.0,1.0]]","[[0.9402754967534557,0.34212706577675506,-277.7005429342127],[-0.33995723593254795,0.9394642876634096,124.6545260066661],[1.5272658523488632e-06,-4.4614900172150514e-07,1.0]]",artifacts/masks/Nutsert_6/rotation_+20.npz,3,paired_yolo_boxes,528,272,210,194,0.9238095238095239,0.572495046336975,0.19289062917232513,0.6715609292215732,0.6206329183348873,0.6718407825023774,0.6206877639444962,0.46038442850112915,USAC_MAGSAC,FALLBACK_FULL_IMAGE,True,False,"[{""roi_index"":0,""area_ratio"":0.008172311166191283,""failure"":null},{""roi_index"":1,""area_ratio"":0.007645881232404351,""failure"":null},{""roi_index"":2,""area_ratio"":0.008537756360562728,""failure"":""projected_corners_outside_50px_margin""}]",projected_corners_outside_50px_margin,92.003,0.34377196927865344,0.18236184120178223,0.9656238555908203,0.9638698697090149,0.9676323235034943,0.9672597646713257,0.04323142394423485,0.9328690469264984,0.939449280500412,0.6664290023583612,0.6206329183348873,0.6206877639444962,projected_corners_outside_50px_margin
synthetic-16-rotation_+30,synthetic_transform,Nutsert_6.jpg,Nutsert_6.jpg,Nutsert,Nutsert,rotation,30deg,rotation_+30,"{""angle_deg"":30}","[[0.8660254037844387,0.49999999999999994,-395.8114872174387],[-0.49999999999999994,0.8660254037844387,221.8114194851193],[0.0,0.0,1.0]]","[[0.8696315255433097,0.5000452473443102,-396.6617745347052],[-0.4920499051617758,0.865446724600375,220.7093227955653],[8.27357983773427e-06,-1.556132598494152e-06,1.0]]",artifacts/masks/Nutsert_6/rotation_+30.npz,3,paired_yolo_boxes,528,205,170,151,0.888235294117647,0.5827392824666514,0.2653476297855377,0.5084635239777204,0.3207371249931443,0.5094117647058823,0.3207371249931443,1.572181224822998,USAC_MAGSAC,FALLBACK_FULL_IMAGE,True,False,"[{""roi_index"":0,""area_ratio"":0.008155291373511502,""failure"":""projected_corners_outside_50px_margin""},{""roi_index"":1,""area_ratio"":0.007642604712108518,""failure"":null},{""roi_index"":2,""area_ratio"":0.008553371968322466,""failure"":""projected_corners_outside_50px_margin""}]",projected_corners_outside_50px_margin,95.912,0.15642309188842773,0.15642309188842773,0.9622063040733337,0.9622063040733337,0.9687070846557617,0.9687070846557617,0.030817486345767975,0.9187685251235962,0.9386884570121765,0.3207371249931443,0.3207371249931443,0.3207371249931443,projected_corners_outside_50px_margin
synthetic-16-shear_x_-0.12,synthetic_transform,Nutsert_6.jpg,Nutsert_6.jpg,Nutsert,Nutsert,shear_x,12pct,shear_x_-0.12,"{""shear_x"":-0.12}","[[1.0,-0.12,101.94],[0.0,1.0,0.0],[0.0,0.0,1.0]]","[[0.9998786888622444,-0.11989339472129973,101.84647136453061],[0.0014551816485851338,0.9993564099323872,-0.07296828700066438],[7.092589281836941e-07,-4.349133477021866e-07,1.0]]",artifacts/masks/Nutsert_6/shear_x_-0.12.npz,3,paired_yolo_boxes,528,491,412,403,0.9781553398058253,0.7601718043195618,0.20039814710617065,0.8822931666893086,1.0,0.8822551283792963,1.0,0.27751830220222473,USAC_MAGSAC,SUCCESS,True,True,"[{""roi_index"":0,""area_ratio"":0.008170761106107961,""failure"":null},{""roi_index"":1,""area_ratio"":0.007644673265678578,""failure"":null},{""roi_index"":2,""area_ratio"":0.008536098299037138,""failure"":null}]",,93.282,0.26624269783496857,0.1423906832933426,0.9766186277071635,0.9709164500236511,0.9817872842152914,0.9800466299057007,0.1023206536968549,0.9484102725982666,0.9638140797615051,1.0,1.0,1.0,
synthetic-16-shear_x_+0.12,synthetic_transform,Nutsert_6.jpg,Nutsert_6.jpg,Nutsert,Nutsert,shear_x,12pct,shear_x_+0.12,"{""shear_x"":0.12}","[[1.0,0.12,-101.94],[0.0,1.0,0.0],[0.0,0.0,1.0]]","[[1.0005104577716875,0.11989961297098083,-101.94637916881284],[0.00037102442189742944,1.0000986874256563,-0.15017119717206698],[1.2204641633328426e-07,7.526368026512499e-08,1.0]]",artifacts/masks/Nutsert_6/shear_x_+0.12.npz,3,paired_yolo_boxes,528,438,361,353,0.9778393351800554,0.7311580868475159,0.20649343729019165,0.8819127835891862,1.0,0.8822483358239369,1.0,0.19058308005332947,USAC_MAGSAC,SUCCESS,True,True,"[{""roi_index"":0,""area_ratio"":0.008181763100001006,""failure"":null},{""roi_index"":1,""area_ratio"":0.007647892867899837,""failure"":null},{""roi_index"":2,""area_ratio"":0.008531219037716548,""failure"":null}]",,99.314,0.2719929466644923,0.14543384313583374,0.9786485632260641,0.9761215448379517,0.981865386168162,0.9800733327865601,0.09941562513510387,0.9549584984779358,0.9640078941980997,1.0,1.0,1.0,
synthetic-16-shear_y_-0.12,synthetic_transform,Nutsert_6.jpg,Nutsert_6.jpg,Nutsert,Nutsert,shear_y,12pct,shear_y_-0.12,"{""shear_y"":-0.12}","[[1.0,0.0,0.0],[-0.12,1.0,25.919999999999998],[0.0,0.0,1.0]]","[[1.000183050947232,2.3272317752612122e-05,-0.07915026936725993],[-0.1193414269837083,0.9999421260653073,25.86426969095994],[1.0303668258807198e-06,-2.0269347269242767e-07,1.0]]",artifacts/masks/Nutsert_6/shear_y_-0.12.npz,3,paired_yolo_boxes,528,542,464,459,0.9892241379310345,0.8628057948262463,0.18317817151546478,0.9922890911560929,1.0,0.99235973373183,1.0,0.22115971148014069,USAC_MAGSAC,SUCCESS,True,True,"[{""roi_index"":0,""area_ratio"":0.0081740272630421,""failure"":null},{""roi_index"":1,""area_ratio"":0.007644221289855141,""failure"":null},{""roi_index"":2,""area_ratio"":0.008531828646927276,""failure"":null}]",,95.404,0.36745713154474896,0.3096873462200165,0.9884243806203207,0.9859358072280884,0.9903817375500997,0.9886461496353149,0.1556201403339704,0.9760763645172119,0.9814183712005615,1.0,1.0,1.0,
synthetic-16-shear_y_+0.12,synthetic_transform,Nutsert_6.jpg,Nutsert_6.jpg,Nutsert,Nutsert,shear_y,12pct,shear_y_+0.12,"{""shear_y"":0.12}","[[1.0,0.0,0.0],[0.12,1.0,-25.919999999999998],[0.0,0.0,1.0]]","[[0.9999185001073547,-4.362190393228951e-05,0.0326184673088238],[0.11896927626669197,1.000130306304552,-25.79563578465566],[-6.044553702683118e-07,9.71125738086138e-08,1.0]]",artifacts/masks/Nutsert_6/shear_y_+0.12.npz,3,paired_yolo_boxes,528,490,433,430,0.9930715935334873,0.849574324981031,0.17071741819381714,0.9922551283792963,1.0,0.99235973373183,1.0,0.15443426370620728,USAC_MAGSAC,SUCCESS,True,True,"[{""roi_index"":0,""area_ratio"":0.008181879702911865,""failure"":null},{""roi_index"":1,""area_ratio"":0.007648041483223961,""failure"":null},{""roi_index"":2,""area_ratio"":0.008530918899608525,""failure"":null}]",,100.851,0.37219210465749103,0.31373336911201477,0.9889038602511088,0.9879640340805054,0.990350067615509,0.9886907339096069,0.15562685827414194,0.9770427147547404,0.9811654885609945,1.0,1.0,1.0,
synthetic-16-scale_0.85,synthetic_transform,Nutsert_6.jpg,Nutsert_6.jpg,Nutsert,Nutsert,scale,0.85x,scale_0.85,"{""scale"":0.85}","[[0.85,0.0,32.400000000000006],[0.0,0.85,127.42500000000003],[0.0,0.0,1.0]]","[[0.8495625689552917,8.970412746662157e-05,32.497482565851975],[-0.0013986782073514001,0.8505649446878261,127.56001692900078],[-9.039002856509984e-07,4.575708399581902e-07,1.0]]",artifacts/masks/Nutsert_6/scale_0.85.npz,3,paired_yolo_boxes,528,545,233,228,0.9785407725321889,0.8331351588120985,0.5868850946426392,0.99947561472626,1.0,0.9988235294117647,1.0,0.24975422024726868,USAC_MAGSAC,SUCCESS,True,True,"[{""roi_index"":0,""area_ratio"":0.0059116843183598415,""failure"":null},{""roi_index"":1,""area_ratio"":0.005522318329011007,""failure"":null},{""roi_index"":2,""area_ratio"":0.006155501966541938,""failure"":null}]",,100.327,0.16661000748475394,0.14731639623641968,0.9567566911379496,0.951912522315979,0.9578519860903422,0.9527849555015564,0.04122083727270365,0.9084000388781229,0.9118580222129822,1.0,1.0,1.0,
synthetic-16-scale_1.15,synthetic_transform,Nutsert_6.jpg,Nutsert_6.jpg,Nutsert,Nutsert,scale,1.15x,scale_1.15,"{""scale"":1.15}","[[1.15,0.0,-32.39999999999998],[0.0,1.15,-127.42499999999993],[0.0,0.0,1.0]]","[[1.145743816948632,0.000219856063035098,-31.694186060567123],[-0.002406991327879918,1.1489739607997427,-126.87019034818793],[-5.843387038737621e-06,5.716904776788742e-07,1.0]]",artifacts/masks/Nutsert_6/scale_1.15.npz,3,paired_yolo_boxes,528,418,202,192,0.9504950495049505,0.8098385449206178,0.6240232586860657,0.7580423855454422,1.0,0.7569705203097405,1.0,1.3696470260620117,USAC_MAGSAC,SUCCESS,True,True,"[{""roi_index"":0,""area_ratio"":0.010808574763122513,""failure"":null},{""roi_index"":1,""area_ratio"":0.010097714508657814,""failure"":null},{""roi_index"":2,""area_ratio"":0.01125201704738174,""failure"":null}]",,96.179,0.20285969972610474,0.1542937159538269,0.9672344326972961,0.9559545516967773,0.9763594269752502,0.9737269878387451,0.06030514525870482,0.9220427672068278,0.9499518473943075,1.0,1.0,1.0,
synthetic-16-perspective_light,synthetic_transform,Nutsert_6.jpg,Nutsert_6.jpg,Nutsert,Nutsert,perspective,light,perspective_light,"{""corner_offsets_px"":[[2.33661,4.27846],[-0.66389,2.31664],[-0.98424,-2.61764],[1.50695,-2.05244]],""amount_fraction"":0.02}","[[0.9922308666570022,-0.0004893748315523964,2.3366100788116455],[-0.004545673482514971,0.9950887958545096,4.2784600257873535],[-1.909313464330185e-06,-6.982678304058764e-07,1.0]]","[[0.9925252534927289,-0.0005111342528002393,2.271239971180251],[-0.004400178885810578,0.9950092367729814,4.291023872949553],[-1.7708950442944957e-06,-7.792737129024614e-07,1.0]]",artifacts/masks/Nutsert_6/perspective_light.npz,3,paired_yolo_boxes,528,495,448,445,0.9933035714285714,0.8551812144852002,0.07229306548833847,0.9996658062763212,1.0,0.9999972829778563,1.0,0.09853597730398178,USAC_MAGSAC,SUCCESS,True,True,"[{""roi_index"":0,""area_ratio"":0.008091611141899307,""failure"":null},{""roi_index"":1,""area_ratio"":0.007576762203053384,""failure"":null},{""roi_index"":2,""area_ratio"":0.008465524327709325,""failure"":null}]",,95.892,0.7539226412773132,0.5901491045951843,0.9750569462776184,0.9543765187263489,0.9755387504895529,0.9552873969078064,0.5644972821076711,0.9494812289873759,0.9506622155507406,1.0,1.0,1.0,
synthetic-16-perspective_moderate,synthetic_transform,Nutsert_6.jpg,Nutsert_6.jpg,Nutsert,Nutsert,perspective,moderate,perspective_moderate,"{""corner_offsets_px"":[[4.69226,8.58388],[-1.53264,10.66361],[-4.9549,-14.27352],[3.93718,-21.26812]],""amount_fraction"":0.055}","[[0.9826389108283693,-0.0004298735269321919,4.692259788513184],[0.004741073172929652,0.988630865189684,8.583880424499512],[-6.856657139546823e-06,3.696162290636554e-06,1.0]]","[[0.9828797815942574,-0.0004766075779560115,4.687933062987986],[0.004425135451214946,0.9887107753773028,8.663592669523826],[-6.474775996405172e-06,3.6254936027655295e-06,1.0]]",artifacts/masks/Nutsert_6/perspective_moderate.npz,3,paired_yolo_boxes,528,513,449,444,0.9888641425389755,0.8479856397436202,0.1188269704580307,0.9997201467191957,1.0,0.9999470180681973,1.0,0.14279913902282715,USAC_MAGSAC,SUCCESS,True,True,"[{""roi_index"":0,""area_ratio"":0.007967292135447895,""failure"":null},{""roi_index"":1,""area_ratio"":0.007400847954449462,""failure"":null},{""roi_index"":2,""area_ratio"":0.008198599069987964,""failure"":null}]",,121.405,0.38991590837637585,0.19729860126972198,0.9698681036631266,0.9616044759750366,0.9706732233365377,0.9615004062652588,0.1902859273056189,0.9387367169062296,0.9408007065455118,1.0,1.0,1.0,
synthetic-16-perspective_strong,synthetic_transform,Nutsert_6.jpg,Nutsert_6.jpg,Nutsert,Nutsert,perspective,strong,perspective_strong,"{""corner_offsets_px"":[[12.61128,18.5006],[-6.71149,-0.92407],[-1.53776,2.83038],[5.65952,-49.24137]],""amount_fraction"":0.1}","[[0.9147793206700283,-0.004185090986545839,12.61128044128418],[-0.04487653435122429,0.9328982139024924,18.500600814819336],[-9.521077931272911e-05,-1.6505526610285423e-05,1.0]]","[[0.9143367797531441,-0.004270745032171371,12.657584285696384],[-0.04512782136997235,0.9320977563497279,18.69590328128713],[-9.583122506206727e-05,-1.692213485963884e-05,1.0]]",artifacts/masks/Nutsert_6/perspective_strong.npz,3,paired_yolo_boxes,528,536,439,436,0.9931662870159453,0.8531971372832631,0.17967267334461212,0.9995802200787937,1.0,0.9998356201603044,1.0,0.20851874351501465,USAC_MAGSAC,SUCCESS,True,True,"[{""roi_index"":0,""area_ratio"":0.00759841359061234,""failure"":null},{""roi_index"":1,""area_ratio"":0.0073896142852164564,""failure"":null},{""roi_index"":2,""area_ratio"":0.008515106816518627,""failure"":null}]",,125.031,0.20111790796120962,0.16564252972602844,0.9662554462750753,0.9620599150657654,0.9671844442685446,0.9622282385826111,0.06074782833456993,0.9309633374214172,0.9338836868604025,1.0,1.0,1.0,
synthetic-16-combined_moderate,synthetic_transform,Nutsert_6.jpg,Nutsert_6.jpg,Nutsert,Nutsert,combined,moderate,combined_moderate,"{""rotation_deg"":12.0,""shear_x"":0.06,""shear_y"":-0.04,""scale"":1.05,""corner_offsets_px"":[[4.31345,14.69046],[0.10009,0.89368],[-0.89421,-12.19598],[0.20234,-10.76085]]}","[[0.9933603407807852,0.2716164425078967,-231.57642662869117],[-0.2849168389686192,0.9829361185419374,61.70861290513331],[-1.6054653786256018e-05,-9.065255413443225e-06,1.0]]","[[0.9933156839997137,0.2712416413918318,-231.39852085827118],[-0.28393726447015055,0.9820645788585461,61.688079979237244],[-1.6228596265638665e-05,-9.585369007266785e-06,1.0]]",artifacts/masks/Nutsert_6/combined_moderate.npz,3,paired_yolo_boxes,528,301,222,209,0.9414414414414415,0.6230375072166203,0.1913197636604309,0.7083385409591089,0.7271430921954698,0.7084241271566363,0.7269237097570339,0.35454830527305603,USAC_MAGSAC,FALLBACK_FULL_IMAGE,True,False,"[{""roi_index"":0,""area_ratio"":0.008736673099632674,""failure"":null},{""roi_index"":1,""area_ratio"":0.008327119332290208,""failure"":null},{""roi_index"":2,""area_ratio"":0.009463154586453854,""failure"":""projected_corners_outside_50px_margin""}]",projected_corners_outside_50px_margin,129.7,0.16684273382027945,0.10022322833538055,0.970431387424469,0.9668062925338745,0.97218257188797,0.9689026474952698,0.02656741626560688,0.9377462267875671,0.942594587802887,0.9300170021389788,0.7271430921954698,0.7269237097570339,projected_corners_outside_50px_margin
synthetic-17-identity,synthetic_transform,thread_20.jpg,thread_20.jpg,thread,thread,identity,none,identity,"{""rotation_deg"":0.0,""scale"":1.0}","[[1.0,0.0,0.0],[0.0,1.0,0.0],[0.0,0.0,1.0]]","[[1.0000000000000033,1.935416750520371e-15,-1.2607590367688673e-12],[5.766790477156576e-16,1.0000000000000027,-5.179704741401831e-13],[2.2073285266521654e-18,2.8167115887419365e-18,1.0]]",artifacts/masks/thread_20/identity.npz,1,paired_yolo_boxes,305,305,305,305,1.0,0.8480311099516465,0.0,1.0,1.0,1.0,1.0,4.0642280665047215e-13,USAC_MAGSAC,SUCCESS,True,True,"[{""roi_index"":0,""area_ratio"":0.01819578641738449,""failure"":null}]",,91.355,1.0,1.0,1.0,1.0,1.0,1.0,1.0,1.0,1.0,1.0,1.0,1.0,
synthetic-17-rotation_-30,synthetic_transform,thread_20.jpg,thread_20.jpg,thread,thread,rotation,30deg,rotation_-30,"{""angle_deg"":-30}","[[0.8660254037844387,-0.49999999999999994,234.57060059975765],[0.49999999999999994,0.8660254037844387,-135.4293994002423],[0.0,0.0,1.0]]","[[0.8677436861103696,-0.4999973504117446,234.11844422644685],[0.5007339599379935,0.8669383023989322,-135.7927299457455],[1.68273870441263e-06,2.6164053722543813e-07,1.0]]",artifacts/masks/thread_20/rotation_-30.npz,1,paired_yolo_boxes,305,265,218,215,0.9862385321100917,0.670590450662017,0.24630405008792877,0.8448753462603878,1.0,0.8452978704417017,1.0,0.44055724143981934,USAC_MAGSAC,SUCCESS,True,True,"[{""roi_index"":0,""area_ratio"":0.018203366464265618,""failure"":null}]",,78.852,0.10951028764247894,0.10951028764247894,0.954404890537262,0.954404890537262,0.9563004970550537,0.9563004970550537,0.02309749275445938,0.9134619235992432,0.9188499450683594,1.0,1.0,1.0,
synthetic-17-rotation_-20,synthetic_transform,thread_20.jpg,thread_20.jpg,thread,thread,rotation,20deg,rotation_-20,"{""angle_deg"":-20}","[[0.9396926207859084,-0.3420201433256687,148.86118333971132],[0.3420201433256687,0.9396926207859084,-104.23372272128354],[0.0,0.0,1.0]]","[[0.9426002944033627,-0.34195801769009876,148.2629540213189],[0.3436665752964081,0.9415533325636996,-104.98327322391627],[2.986815133966509e-06,8.809626034087581e-07,1.0]]",artifacts/masks/thread_20/rotation_-20.npz,1,paired_yolo_boxes,305,278,225,223,0.9911111111111112,0.6155928726427232,0.18465839326381683,0.8758671307147762,1.0,0.8764553863637605,1.0,0.6045191287994385,USAC_MAGSAC,SUCCESS,True,True,"[{""roi_index"":0,""area_ratio"":0.018208697356850396,""failure"":null}]",,88.492,0.10675306618213654,0.10675306618213654,0.9539961218833923,0.9539961218833923,0.9546540975570679,0.9546540975570679,0.02165793813765049,0.9143950343132019,0.9162542223930359,1.0,1.0,1.0,
synthetic-17-rotation_-10,synthetic_transform,thread_20.jpg,thread_20.jpg,thread,thread,rotation,10deg,rotation_-10,"{""angle_deg"":-10}","[[0.984807753012208,-0.17364817766693033,69.87095712224726],[0.17364817766693033,0.984807753012208,-58.62869435128119],[0.0,0.0,1.0]]","[[0.9858423412107912,-0.1730968547540114,69.45613401072171],[0.17407921558960787,0.9857499492974726,-58.92569983321985],[7.69793251141081e-07,7.494360837503078e-07,1.0]]",artifacts/masks/thread_20/rotation_-10.npz,1,paired_yolo_boxes,305,296,239,237,0.9916317991631799,0.8211675543387604,0.10795896500349045,0.926309597308958,1.0,0.9265463565484874,1.0,0.20819319784641266,USAC_MAGSAC,SUCCESS,True,True,"[{""roi_index"":0,""area_ratio"":0.01820078869922696,""failure"":null}]",,89.642,0.14093755185604095,0.14093755185604095,0.9539009928703308,0.9539009928703308,0.9543343186378479,0.9543343186378479,0.05631836876273155,0.9101804494857788,0.9111562371253967,1.0,1.0,1.0,
synthetic-17-rotation_+10,synthetic_transform,thread_20.jpg,thread_20.jpg,thread,thread,rotation,10deg,rotation_+10,"{""angle_deg"":10}","[[0.984807753012208,0.17364817766693033,-58.62869435128119],[-0.17364817766693033,0.984807753012208,69.87095712224726],[0.0,0.0,1.0]]","[[0.9848042280895345,0.17402792870696548,-58.670282745216575],[-0.17345949797724936,0.9854009773916255,69.71797338871137],[-2.9129131883872247e-07,9.235620222379832e-07,1.0]]",artifacts/masks/thread_20/rotation_+10.npz,1,paired_yolo_boxes,305,286,243,241,0.9917695473251029,0.8323889601258304,0.1082727238535881,0.9266210267701851,1.0,0.9265463565484874,1.0,0.19040225446224213,USAC_MAGSAC,SUCCESS,True,True,"[{""roi_index"":0,""area_ratio"":0.01819207626656448,""failure"":null}]",,96.698,0.15098676085472107,0.15098676085472107,0.953521192073822,0.953521192073822,0.9541867971420288,0.9541867971420288,0.057084426283836365,0.9086278676986694,0.910794198513031,1.0,1.0,1.0,
synthetic-17-rotation_+20,synthetic_transform,thread_20.jpg,thread_20.jpg,thread,thread,rotation,20deg,rotation_+20,"{""angle_deg"":20}","[[0.9396926207859084,0.3420201433256687,-104.23372272128354],[-0.3420201433256687,0.9396926207859084,148.86118333971132],[0.0,0.0,1.0]]","[[0.9405797165715292,0.342419555447779,-104.55725095524288],[-0.3419471699550938,0.9403900049532186,148.74854168021955],[1.5617843747108562e-06,-1.9946667279571776e-07,1.0]]",artifacts/masks/thread_20/rotation_+20.npz,1,paired_yolo_boxes,305,290,226,225,0.995575221238938,0.810019999871996,0.19840364158153534,0.876058359331319,1.0,0.8764553863637605,1.0,0.3719746172428131,USAC_MAGSAC,SUCCESS,True,True,"[{""roi_index"":0,""area_ratio"":0.01820383864652321,""failure"":null}]",,101.204,0.10775944590568542,0.10775944590568542,0.9547001123428345,0.9547001123428345,0.9550731182098389,0.9550731182098389,0.03783494979143143,0.9164891242980957,0.9175992608070374,1.0,1.0,1.0,
synthetic-17-rotation_+30,synthetic_transform,thread_20.jpg,thread_20.jpg,thread,thread,rotation,30deg,rotation_+30,"{""angle_deg"":30}","[[0.8660254037844387,0.49999999999999994,-135.4293994002423],[-0.49999999999999994,0.8660254037844387,234.57060059975765],[0.0,0.0,1.0]]","[[0.8648542956076302,0.4994050538023517,-135.01378947731507],[-0.499484805159798,0.8650879816353477,234.45515819734473],[-6.23357733741028e-08,-1.521212569956236e-06,1.0]]",artifacts/masks/thread_20/rotation_+30.npz,1,paired_yolo_boxes,305,284,221,220,0.995475113122172,0.6396625963195657,0.21483907103538513,0.8452760157426682,1.0,0.8452978704417017,1.0,0.36051446199417114,USAC_MAGSAC,SUCCESS,True,True,"[{""roi_index"":0,""area_ratio"":0.01818855347208929,""failure"":null}]",,94.199,0.10714469850063324,0.10714469850063324,0.9556158185005188,0.9556158185005188,0.9565202593803406,0.9565202593803406,0.02939986251294613,0.9158429503440857,0.9190059900283813,1.0,1.0,1.0,
synthetic-17-shear_x_-0.12,synthetic_transform,thread_20.jpg,thread_20.jpg,thread,thread,shear_x,12pct,shear_x_-0.12,"{""shear_x"":-0.12}","[[1.0,-0.12,44.4],[0.0,1.0,0.0],[0.0,0.0,1.0]]","[[1.0007757394840797,-0.12004294810354273,44.19118370868131],[-0.0003215797639234691,1.0002831572136957,0.11135150564318412],[3.293122852906762e-07,3.618255733046883e-07,1.0]]",artifacts/masks/thread_20/shear_x_-0.12.npz,1,paired_yolo_boxes,305,280,226,223,0.9867256637168141,0.7691027389555843,0.1878461092710495,0.9696237895683879,1.0,0.9700044255765543,1.0,0.25189778208732605,USAC_MAGSAC,SUCCESS,True,True,"[{""roi_index"":0,""area_ratio"":0.018200321331395233,""failure"":null}]",,94.292,0.40402376651763916,0.40402376651763916,0.9822716116905212,0.9822716116905212,0.9832309484481812,0.9832309484481812,0.21201056241989136,0.9667657017707825,0.9691760540008545,1.0,1.0,1.0,
synthetic-17-shear_x_+0.12,synthetic_transform,thread_20.jpg,thread_20.jpg,thread,thread,shear_x,12pct,shear_x_+0.12,"{""shear_x"":0.12}","[[1.0,0.12,-44.4],[0.0,1.0,0.0],[0.0,0.0,1.0]]","[[1.000046975769997,0.12032549173137055,-44.43033227413262],[0.00035310433140590936,1.0004918006494712,-0.16834831028285752],[-6.90879274287058e-09,5.99144711230389e-07,1.0]]",artifacts/masks/thread_20/shear_x_+0.12.npz,1,paired_yolo_boxes,305,332,252,251,0.996031746031746,0.7846442987693193,0.18598486483097076,0.9700627047739769,1.0,0.9700044255765543,1.0,0.16541534662246704,USAC_MAGSAC,SUCCESS,True,True,"[{""roi_index"":0,""area_ratio"":0.01819256436682477,""failure"":null}]",,115.919,0.40595391392707825,0.40595391392707825,0.9803066849708557,0.9803066849708557,0.9831129312515259,0.9831129312515259,0.21132788062095642,0.9611677527427673,0.9688405394554138,1.0,1.0,1.0,
synthetic-17-shear_y_-0.12,synthetic_transform,thread_20.jpg,thread_20.jpg,thread,thread,shear_y,12pct,shear_y_-0.12,"{""shear_y"":-0.12}","[[1.0,0.0,0.0],[-0.12,1.0,44.4],[0.0,0.0,1.0]]","[[0.9997631840972434,-0.00046082034107080785,0.11946074508785855],[-0.1201497852573565,0.9995736491811207,44.47338760225496],[-3.5095958080254924e-07,-3.8044295924017706e-07,1.0]]",artifacts/masks/thread_20/shear_y_-0.12.npz,1,paired_yolo_boxes,305,286,242,239,0.987603305785124,0.7967779519228432,0.17674025893211365,0.9699898557771987,1.0,0.9700044255765543,1.0,0.13290739059448242,USAC_MAGSAC,SUCCESS,True,True,"[{""roi_index"":0,""area_ratio"":0.01819757464240188,""failure"":null}]",,99.982,0.278247207403183,0.278247207403183,0.9726647734642029,0.9726647734642029,0.9749278426170349,0.9749278426170349,0.17669455707073212,0.9443746209144592,0.9512644410133362,1.0,1.0,1.0,
synthetic-17-shear_y_+0.12,synthetic_transform,thread_20.jpg,thread_20.jpg,thread,thread,shear_y,12pct,shear_y_+0.12,"{""shear_y"":0.12}","[[1.0,0.0,0.0],[0.12,1.0,-44.4],[0.0,0.0,1.0]]","[[1.0004136818168479,0.00027295473317217754,-0.12952885881063703],[0.12037633383051181,1.0002044567945456,-44.45488589316979],[4.713543669630516e-07,3.0385848032514367e-07,1.0]]",artifacts/masks/thread_20/shear_y_+0.12.npz,1,paired_yolo_boxes,305,324,252,249,0.9880952380952381,0.8764704590432368,0.19007255136966705,0.9700426712998629,1.0,0.9700044255765543,1.0,0.13652953505516052,USAC_MAGSAC,SUCCESS,True,True,"[{""roi_index"":0,""area_ratio"":0.01819141804174479,""failure"":null}]",,93.699,0.28174540400505066,0.28174540400505066,0.9733879566192627,0.9733879566192627,0.9749240875244141,0.9749240875244141,0.1792604774236679,0.9466627836227417,0.9512485265731812,1.0,1.0,1.0,
synthetic-17-scale_0.85,synthetic_transform,thread_20.jpg,thread_20.jpg,thread,thread,scale,0.85x,scale_0.85,"{""scale"":0.85}","[[0.85,0.0,55.50000000000001],[0.0,0.85,55.50000000000001],[0.0,0.0,1.0]]","[[0.8543008855253555,0.0016880263826601761,54.12276409139316],[0.0007726027033220205,0.8533612648744365,54.82503928376449],[3.7349780591387092e-06,2.8019598961111432e-06,1.0]]",artifacts/masks/thread_20/scale_0.85.npz,1,paired_yolo_boxes,305,303,148,148,1.0,0.6732139077288471,0.5137104988098145,0.9962810587144701,1.0,1.0,1.0,0.805591344833374,USAC_MAGSAC,SUCCESS,True,True,"[{""roi_index"":0,""area_ratio"":0.013166013868840386,""failure"":null}]",,90.415,0.12538553774356842,0.12538553774356842,0.9345192313194275,0.9345192313194275,0.9372103214263916,0.9372103214263916,0.061121322214603424,0.8692948222160339,0.8777722716331482,1.0,1.0,1.0,
synthetic-17-scale_1.15,synthetic_transform,thread_20.jpg,thread_20.jpg,thread,thread,scale,1.15x,scale_1.15,"{""scale"":1.15}","[[1.15,0.0,-55.499999999999964],[0.0,1.15,-55.499999999999964],[0.0,0.0,1.0]]","[[1.1489353010150178,0.00029477957570295786,-55.319247044028685],[-0.0016760881000458636,1.1497699332582114,-54.75962559718065],[-1.486204771783128e-06,6.157763141202273e-07,1.0]]",artifacts/masks/thread_20/scale_1.15.npz,1,paired_yolo_boxes,305,338,175,175,1.0,0.7779210136901484,0.5215212106704712,0.7573017460083303,1.0,0.7576750971168188,1.0,0.5142249464988708,USAC_MAGSAC,SUCCESS,True,True,"[{""roi_index"":0,""area_ratio"":0.02405649587718088,""failure"":null}]",,92.927,0.14103373885154724,0.14103373885154724,0.9573771953582764,0.9573771953582764,0.9646559357643127,0.9646559357643127,0.081076480448246,0.9070485234260559,0.9293121099472046,1.0,1.0,1.0,
synthetic-17-perspective_light,synthetic_transform,thread_20.jpg,thread_20.jpg,thread,thread,perspective,light,perspective_light,"{""corner_offsets_px"":[[2.70142,1.07774],[-1.49859,0.1348],[-3.56244,-1.21011],[2.00588,-3.69107]],""amount_fraction"":0.02}","[[0.989692176073608,-0.0009349040613939941,2.7014200687408447],[-0.0012750886887604876,0.9953965086251776,1.077739953994751],[-6.27233212141141e-06,2.5000455397642e-06,1.0]]","[[0.9893039393157435,-0.0007809807254835906,2.7102290012465717],[-0.0015152865511916126,0.9954358361859698,1.1026288602998109],[-6.7183679478782976e-06,2.6427572044064387e-06,1.0]]",artifacts/masks/thread_20/perspective_light.npz,1,paired_yolo_boxes,305,292,252,252,1.0,0.7840241213649213,0.07700669765472412,0.9998670505808797,1.0,0.9999817877508055,1.0,0.08765587210655212,USAC_MAGSAC,SUCCESS,True,True,"[{""roi_index"":0,""area_ratio"":0.017991913374023873,""failure"":null}]",,92.767,0.689486026763916,0.689486026763916,0.9399409294128418,0.9399409294128418,0.9395661950111389,0.9395661950111389,0.3856968283653259,0.8874684572219849,0.8872925639152527,1.0,1.0,1.0,
synthetic-17-perspective_moderate,synthetic_transform,thread_20.jpg,thread_20.jpg,thread,thread,perspective,moderate,perspective_moderate,"{""corner_offsets_px"":[[10.36454,0.55178],[-4.71119,0.22966],[-5.77144,-6.03791],[7.19081,-7.57847]],""amount_fraction"":0.055}","[[0.9771109623654225,-0.004317108158830715,10.364540100097656],[-0.00043608325641053384,0.9861322767619953,0.5517799854278564],[-3.4223838468787875e-06,-3.933350022864753e-06,1.0]]","[[0.9772382870568956,-0.0038705273790988976,10.209483324515945],[-0.00020697429501244103,0.9866635858575882,0.4005294311197937],[-3.693046946232542e-06,-3.0784745434224593e-06,1.0]]",artifacts/masks/thread_20/perspective_moderate.npz,1,paired_yolo_boxes,305,287,245,245,1.0,0.7832246192936128,0.1058075800538063,0.9997158889125648,1.0,0.9999453632524163,1.0,0.1729065477848053,USAC_MAGSAC,SUCCESS,True,True,"[{""roi_index"":0,""area_ratio"":0.0176750711950395,""failure"":null}]",,100.878,0.18226756155490875,0.18226756155490875,0.95024174451828,0.95024174451828,0.9511886239051819,0.9511886239051819,0.08034143596887589,0.9041560292243958,0.9060128927230835,1.0,1.0,1.0,
synthetic-17-perspective_strong,synthetic_transform,thread_20.jpg,thread_20.jpg,thread,thread,perspective,strong,perspective_strong,"{""corner_offsets_px"":[[7.44932,0.53405],[-9.84041,0.50491],[-5.58898,1.20456],[2.55691,-10.81894]],""amount_fraction"":0.1}","[[0.9607784784050291,-0.0066542124797211695,7.449319839477539],[-5.034361884822247e-05,0.9724386986716705,0.5340499877929688],[-2.171723014917317e-05,-1.675768136036232e-05,1.0]]","[[0.9604616232909721,-0.006304740185590967,7.375473571983317],[-0.0001465717855008671,0.9725917849807575,0.5570303592984616],[-2.2361601400939182e-05,-1.6147434119741182e-05,1.0]]",artifacts/masks/thread_20/perspective_strong.npz,1,paired_yolo_boxes,305,299,253,252,0.9960474308300395,0.8588688837046078,0.09612082690000534,0.9992970071810898,1.0,0.9998998326294299,1.0,0.1256074607372284,USAC_MAGSAC,SUCCESS,True,True,"[{""roi_index"":0,""area_ratio"":0.017731050969234247,""failure"":null}]",,85.426,0.0710819736123085,0.0710819736123085,0.9461007118225098,0.9461007118225098,0.9469835162162781,0.9469835162162781,0.006206002086400986,0.8950780630111694,0.8987517356872559,1.0,1.0,1.0,
synthetic-17-combined_moderate,synthetic_transform,thread_20.jpg,thread_20.jpg,thread,thread,combined,moderate,combined_moderate,"{""rotation_deg"":12.0,""shear_x"":0.06,""shear_y"":-0.04,""scale"":1.05,""corner_offsets_px"":[[7.8568,2.13756],[-2.45273,4.22703],[-4.10593,-0.11604],[4.28081,-3.86636]]}","[[0.998807356233762,0.2704646676664661,-99.5544417164831],[-0.2537523311935365,1.0081675451608783,90.06820295214345],[-2.1519851332160748e-06,-4.472501919894171e-06,1.0]]","[[0.9998755416849228,0.2706623822362839,-99.79947575724765],[-0.2534773371063294,1.0086188933544857,89.94527382864462],[-4.819271686404718e-07,-4.883456493353227e-06,1.0]]",artifacts/masks/thread_20/combined_moderate.npz,1,paired_yolo_boxes,305,307,225,223,0.9911111111111112,0.7880939017916144,0.19262592494487762,0.8616980008414059,1.0,0.8620203576521497,1.0,0.32015785574913025,USAC_MAGSAC,SUCCESS,True,True,"[{""roi_index"":0,""area_ratio"":0.019722420723885498,""failure"":null}]",,77.772,0.11382310837507248,0.11382310837507248,0.9576204419136047,0.9576204419136047,0.9581130743026733,0.9581130743026733,0.032824065536260605,0.91957688331604,0.9211901426315308,1.0,1.0,1.0,
synthetic-18-identity,synthetic_transform,thread_21.jpg,thread_21.jpg,thread,thread,identity,none,identity,"{""rotation_deg"":0.0,""scale"":1.0}","[[1.0,0.0,0.0],[0.0,1.0,0.0],[0.0,0.0,1.0]]","[[1.0,0.0,0.0],[0.0,1.0,0.0],[0.0,0.0,1.0]]",artifacts/masks/thread_21/identity.npz,1,paired_yolo_boxes,254,254,254,254,1.0,0.8890107007997865,0.0,1.0,1.0,1.0,1.0,0.0,USAC_MAGSAC,SUCCESS,True,True,"[{""roi_index"":0,""area_ratio"":0.02205171522384455,""failure"":null}]",,63.157,1.0,1.0,1.0,1.0,1.0,1.0,1.0,1.0,1.0,1.0,1.0,1.0,
synthetic-18-rotation_-30,synthetic_transform,thread_21.jpg,thread_21.jpg,thread,thread,rotation,30deg,rotation_-30,"{""angle_deg"":-30}","[[0.8660254037844387,-0.49999999999999994,201.92090889465624],[0.49999999999999994,0.8660254037844387,-116.57909110534371],[0.0,0.0,1.0]]","[[0.8659606794178532,-0.5009959697554442,202.21549367920204],[0.5002500161227305,0.8656466117151335,-116.69341756969466],[-2.293475946037675e-07,-4.5510280808401536e-07,1.0]]",artifacts/masks/thread_21/rotation_-30.npz,1,paired_yolo_boxes,254,230,185,184,0.9945945945945946,0.5819192608364807,0.2827794551849365,0.8444123976769097,1.0,0.8449897308399092,1.0,0.3395808935165405,USAC_MAGSAC,SUCCESS,True,True,"[{""roi_index"":0,""area_ratio"":0.02207039421525409,""failure"":null}]",,58.465,0.07663053274154663,0.07663053274154663,0.9543735384941101,0.9543735384941101,0.9567968845367432,0.9567968845367432,0.021987447515130043,0.9163709878921509,0.9236577749252319,1.0,1.0,1.0,
synthetic-18-rotation_-20,synthetic_transform,thread_21.jpg,thread_21.jpg,thread,thread,rotation,20deg,rotation_-20,"{""angle_deg"":-20}","[[0.9396926207859084,-0.3420201433256687,128.14131592891366],[0.3420201433256687,0.9396926207859084,-89.72551536953732],[0.0,0.0,1.0]]","[[0.9392080347799144,-0.3428105485355535,128.45403365414955],[0.3410673571016153,0.9386973658888701,-89.27206072310842],[2.8006275589739247e-07,-1.6959431521836037e-06,1.0]]",artifacts/masks/thread_21/rotation_-20.npz,1,paired_yolo_boxes,254,220,180,178,0.9888888888888889,0.6132524131320305,0.21667706966400146,0.8765686264875542,1.0,0.8764654435392734,1.0,0.34352603554725647,USAC_MAGSAC,SUCCESS,True,True,"[{""roi_index"":0,""area_ratio"":0.02204535833621963,""failure"":null}]",,60.811,0.09701171517372131,0.09701171517372131,0.9560025930404663,0.9560025930404663,0.9566726684570312,0.9566726684570312,0.01967908814549446,0.9207072257995605,0.9228789210319519,1.0,1.0,1.0,
synthetic-18-rotation_-10,synthetic_transform,thread_21.jpg,thread_21.jpg,thread,thread,rotation,10deg,rotation_-10,"{""angle_deg"":-10}","[[0.984807753012208,-0.17364817766693033,60.14567525252906],[0.17364817766693033,0.984807753012208,-50.46821392130556],[0.0,0.0,1.0]]","[[0.984335304102856,-0.17378256851728358,60.32739049752389],[0.17316748266468224,0.9849106969140347,-50.376983210632666],[-2.0405973574567593e-07,-1.1231716609611948e-07,1.0]]",artifacts/masks/thread_21/rotation_-10.npz,1,paired_yolo_boxes,254,242,202,201,0.995049504950495,0.645276763937698,0.11267705261707306,0.9265067167185858,1.0,0.9265337408240878,1.0,0.1801309585571289,USAC_MAGSAC,SUCCESS,True,True,"[{""roi_index"":0,""area_ratio"":0.022049272861745284,""failure"":null}]",,59.852,0.21271103620529175,0.21271103620529175,0.9552901983261108,0.9552901983261108,0.9555765986442566,0.9555765986442566,0.06404091417789459,0.9158548712730408,0.9166688919067383,1.0,1.0,1.0,
synthetic-18-rotation_+10,synthetic_transform,thread_21.jpg,thread_21.jpg,thread,thread,rotation,10deg,rotation_+10,"{""angle_deg"":10}","[[0.984807753012208,0.17364817766693033,-50.46821392130556],[-0.17364817766693033,0.984807753012208,60.14567525252906],[0.0,0.0,1.0]]","[[0.9847747566750401,0.17365820442004107,-50.53195623476647],[-0.17334828050178894,0.9845344893772092,59.99842634217992],[5.638195004390081e-07,-8.729505850799524e-07,1.0]]",artifacts/masks/thread_21/rotation_+10.npz,1,paired_yolo_boxes,254,234,196,194,0.9897959183673469,0.8030723191292368,0.16789290308952332,0.9264231876652156,1.0,0.9265337408240878,1.0,0.14592574536800385,USAC_MAGSAC,SUCCESS,True,True,"[{""roi_index"":0,""area_ratio"":0.02205254938211501,""failure"":null}]",,58.687,0.21796832978725433,0.21796832978725433,0.952414333820343,0.952414333820343,0.9560198783874512,0.9560198783874512,0.07010570913553238,0.909123420715332,0.9196271896362305,1.0,1.0,1.0,
synthetic-18-rotation_+20,synthetic_transform,thread_21.jpg,thread_21.jpg,thread,thread,rotation,20deg,rotation_+20,"{""angle_deg"":20}","[[0.9396926207859084,0.3420201433256687,-89.72551536953732],[-0.3420201433256687,0.9396926207859084,128.14131592891366],[0.0,0.0,1.0]]","[[0.9388835372923112,0.3409310889006034,-89.39405923993735],[-0.3413871144448036,0.9379176314119554,128.16168262110816],[8.506826923402535e-07,-3.1162335840259664e-06,1.0]]",artifacts/masks/thread_21/rotation_+20.npz,1,paired_yolo_boxes,254,229,180,178,0.9888888888888889,0.7580075490611025,0.19635435938835144,0.876612847751103,1.0,0.8764654435392734,1.0,0.3785857856273651,USAC_MAGSAC,SUCCESS,True,True,"[{""roi_index"":0,""area_ratio"":0.02204327571918493,""failure"":null}]",,57.01,0.1080552488565445,0.1080552488565445,0.9528303146362305,0.9528303146362305,0.9564099907875061,0.9564099907875061,0.026547543704509735,0.9103409647941589,0.9210001826286316,1.0,1.0,1.0,
synthetic-18-rotation_+30,synthetic_transform,thread_21.jpg,thread_21.jpg,thread,thread,rotation,30deg,rotation_+30,"{""angle_deg"":30}","[[0.8660254037844387,0.49999999999999994,-116.57909110534371],[-0.49999999999999994,0.8660254037844387,201.92090889465624],[0.0,0.0,1.0]]","[[0.8649712276490946,0.49687202433022665,-115.80867944425673],[-0.4991629049113356,0.8629141752350878,201.90107006519264],[3.460583403959353e-07,-5.565329337037298e-06,1.0]]",artifacts/masks/thread_21/rotation_+30.npz,1,paired_yolo_boxes,254,232,186,184,0.989247311827957,0.7096660385219108,0.2982862591743469,0.8449774471555901,1.0,0.8449897308399092,1.0,0.6916197538375854,USAC_MAGSAC,SUCCESS,True,True,"[{""roi_index"":0,""area_ratio"":0.022057976669324086,""failure"":null}]",,54.712,0.08870822936296463,0.08870822936296463,0.947417140007019,0.947417140007019,0.9573385715484619,0.9573385715484619,0.016316067427396774,0.8951032161712646,0.9246228337287903,1.0,1.0,1.0,
synthetic-18-shear_x_-0.12,synthetic_transform,thread_21.jpg,thread_21.jpg,thread,thread,shear_x,12pct,shear_x_-0.12,"{""shear_x"":-0.12}","[[1.0,-0.12,38.22],[0.0,1.0,0.0],[0.0,0.0,1.0]]","[[0.9993544740753765,-0.12044042696979554,38.41594199033599],[-0.00029336469427546135,0.999034966192012,0.142720577138318],[-2.707499150416574e-07,-1.5492357432869285e-06,1.0]]",artifacts/masks/thread_21/shear_x_-0.12.npz,1,paired_yolo_boxes,254,253,212,211,0.9952830188679245,0.8366196692271074,0.2299984097480774,0.9698681223651497,1.0,0.9699835889977496,1.0,0.19088530540466309,USAC_MAGSAC,SUCCESS,True,True,"[{""roi_index"":0,""area_ratio"":0.022055198399334827,""failure"":null}]",,52.336,0.42302608489990234,0.42302608489990234,0.977711021900177,0.977711021900177,0.9813872575759888,0.9813872575759888,0.25377216935157776,0.9567342400550842,0.965177595615387,1.0,1.0,1.0,
synthetic-18-shear_x_+0.12,synthetic_transform,thread_21.jpg,thread_21.jpg,thread,thread,shear_x,12pct,shear_x_+0.12,"{""shear_x"":0.12}","[[1.0,0.12,-38.22],[0.0,1.0,0.0],[0.0,0.0,1.0]]","[[1.000263350607189,0.12081870611059463,-38.43184444200304],[0.00026394979683116407,1.0009392198603255,-0.2058035836256275],[3.8506382246243973e-07,9.338936823076095e-07,1.0]]",artifacts/masks/thread_21/shear_x_+0.12.npz,1,paired_yolo_boxes,254,252,201,201,1.0,0.847632733638375,0.19189560413360596,0.9700179833138433,1.0,0.9699835889977496,1.0,0.2175832986831665,USAC_MAGSAC,SUCCESS,True,True,"[{""roi_index"":0,""area_ratio"":0.02204925844889672,""failure"":null}]",,54.678,0.42740973830223083,0.42740973830223083,0.9793075919151306,0.9793075919151306,0.9813953638076782,0.9813953638076782,0.24793940782546997,0.960337221622467,0.9649678468704224,1.0,1.0,1.0,
synthetic-18-shear_y_-0.12,synthetic_transform,thread_21.jpg,thread_21.jpg,thread,thread,shear_y,12pct,shear_y_-0.12,"{""shear_y"":-0.12}","[[1.0,0.0,0.0],[-0.12,1.0,38.22],[0.0,0.0,1.0]]","[[0.99980108193166,-0.00016965158081197338,0.05279891545373981],[-0.12013912830602774,0.9996472350477263,38.28412497453907],[-2.1936714241532171e-07,-2.502577541011438e-07,1.0]]",artifacts/masks/thread_21/shear_y_-0.12.npz,1,paired_yolo_boxes,254,244,199,199,1.0,0.9154836055905821,0.202269047498703,0.9700425506824815,1.0,0.9699762187871581,1.0,0.06591957062482834,USAC_MAGSAC,SUCCESS,True,True,"[{""roi_index"":0,""area_ratio"":0.02204947782912223,""failure"":null}]",,57.536,0.3163393437862396,0.3163393437862396,0.9781107306480408,0.9781107306480408,0.9800487160682678,0.9800487160682678,0.1343943029642105,0.9565979838371277,0.961654782295227,1.0,1.0,1.0,
synthetic-18-shear_y_+0.12,synthetic_transform,thread_21.jpg,thread_21.jpg,thread,thread,shear_y,12pct,shear_y_+0.12,"{""shear_y"":0.12}","[[1.0,0.0,0.0],[0.12,1.0,-38.22],[0.0,0.0,1.0]]","[[1.000290117463243,0.000626124947397774,-0.1541772120497155],[0.12024073467821167,1.0007829233430707,-38.40508593363861],[7.42602201854364e-07,4.0093985763061947e-07,1.0]]",artifacts/masks/thread_21/shear_y_+0.12.npz,1,paired_yolo_boxes,254,256,208,208,1.0,0.7548656092790814,0.21081504225730896,0.9697158046795924,1.0,0.9699885024714773,1.0,0.2127971053123474,USAC_MAGSAC,SUCCESS,True,True,"[{""roi_index"":0,""area_ratio"":0.02204936456874703,""failure"":null}]",,53.947,0.31247520446777344,0.31247520446777344,0.9786950349807739,0.9786950349807739,0.9801434874534607,0.9801434874534607,0.12765055894851685,0.958055853843689,0.9618277549743652,1.0,1.0,1.0,
synthetic-18-scale_0.85,synthetic_transform,thread_21.jpg,thread_21.jpg,thread,thread,scale,0.85x,scale_0.85,"{""scale"":0.85}","[[0.85,0.0,47.775000000000006],[0.0,0.85,47.775000000000006],[0.0,0.0,1.0]]","[[0.847671083907024,-0.0008938094104122965,48.3364404214423],[-0.0014489733298992233,0.8477686861868183,48.581627098987425],[-2.3014780827279916e-06,-1.2541931218455567e-06,1.0]]",artifacts/masks/thread_21/scale_0.85.npz,1,paired_yolo_boxes,254,200,125,121,0.968,0.7799908536832345,0.5750970244407654,1.0,1.0,1.0,1.0,0.3654094934463501,USAC_MAGSAC,SUCCESS,True,True,"[{""roi_index"":0,""area_ratio"":0.0159055105996566,""failure"":null}]",,58.67,0.0962284654378891,0.0962284654378891,0.936366617679596,0.936366617679596,0.9410361647605896,0.9410361647605896,0.004500539507716894,0.8766576051712036,0.8886358141899109,1.0,1.0,1.0,
synthetic-18-scale_1.15,synthetic_transform,thread_21.jpg,thread_21.jpg,thread,thread,scale,1.15x,scale_1.15,"{""scale"":1.15}","[[1.15,0.0,-47.77499999999997],[0.0,1.15,-47.77499999999997],[0.0,0.0,1.0]]","[[1.1509925359656725,-0.00016043199143940887,-47.71606316227294],[0.0007690872311767752,1.1505278279865951,-48.00061408091283],[1.8526566578502668e-06,-3.3636184981020714e-07,1.0]]",artifacts/masks/thread_21/scale_1.15.npz,1,paired_yolo_boxes,254,293,161,157,0.9751552795031055,0.7869707464220146,0.5181247591972351,0.7544245830917542,1.0,0.7540118512986311,1.0,0.23289461433887482,USAC_MAGSAC,SUCCESS,True,True,"[{""roi_index"":0,""area_ratio"":0.029160777655990892,""failure"":null}]",,64.575,0.09604430943727493,0.09604430943727493,0.9606982469558716,0.9606982469558716,0.9667857885360718,0.9667857885360718,0.023811643943190575,0.9156654477119446,0.9365531802177429,1.0,1.0,1.0,
synthetic-18-perspective_light,synthetic_transform,thread_21.jpg,thread_21.jpg,thread,thread,perspective,light,perspective_light,"{""corner_offsets_px"":[[2.657,3.02164],[-0.19555,1.42413],[-1.64589,-2.04182],[0.23763,-1.63116]],""amount_fraction"":0.02}","[[0.9936480682332729,-0.003798639968620203,2.6570000648498535],[-0.002512055703498181,0.9911696047433821,3.0216400623321533],[-2.94253715713839e-06,-2.4019897597818604e-06,1.0]]","[[0.9936487860955358,-0.0036796712141105577,2.6313611141671607],[-0.0026482275984733364,0.9912672639702891,3.0509136033438358],[-3.0354284513235295e-06,-2.1665983757146276e-06,1.0]]",artifacts/masks/thread_21/perspective_light.npz,1,paired_yolo_boxes,254,239,218,217,0.9954128440366973,0.8947314060944401,0.04455702379345894,0.9999164709466298,1.0,0.9999828028419532,1.0,0.050411343574523926,USAC_MAGSAC,SUCCESS,True,True,"[{""roi_index"":0,""area_ratio"":0.021831528059964474,""failure"":null}]",,55.296,0.9736846089363098,0.9736846089363098,0.9759660363197327,0.9759660363197327,0.9760357141494751,0.9760357141494751,0.9295309782028198,0.9545471668243408,0.9547145366668701,1.0,1.0,1.0,
synthetic-18-perspective_moderate,synthetic_transform,thread_21.jpg,thread_21.jpg,thread,thread,perspective,moderate,perspective_moderate,"{""corner_offsets_px"":[[9.55405,6.99794],[-0.09857,0.05101],[-5.88849,-4.03773],[0.63363,-4.44799]],""amount_fraction"":0.055}","[[0.973227441176211,-0.014008844967221237,9.55405044555664],[-0.010906629284976075,0.9769949027197359,6.9979400634765625],[-1.8243490993698926e-05,-7.962336060944405e-06,1.0]]","[[0.9741804952676245,-0.013851068369061418,9.39185434902081],[-0.010509660493176412,0.9781815083089461,6.652847814764586],[-1.7443030562066077e-05,-6.923949858956272e-06,1.0]]",artifacts/masks/thread_21/perspective_moderate.npz,1,paired_yolo_boxes,254,232,206,205,0.9951456310679612,0.796087557423029,0.09805751591920853,0.9994005562052259,1.0,0.9999656056839064,1.0,0.2023785412311554,USAC_MAGSAC,SUCCESS,True,True,"[{""roi_index"":0,""area_ratio"":0.021524123929843958,""failure"":null}]",,57.027,0.42722293734550476,0.42722293734550476,0.9534784555435181,0.9534784555435181,0.953727662563324,0.953727662563324,0.1803472489118576,0.9153768420219421,0.9161096811294556,1.0,1.0,1.0,
synthetic-18-perspective_strong,synthetic_transform,thread_21.jpg,thread_21.jpg,thread,thread,perspective,strong,perspective_strong,"{""corner_offsets_px"":[[11.6556,5.91286],[1.44075,1.31467],[-16.82994,-13.355],[7.97249,-12.52781]],""amount_fraction"":0.1}","[[0.9779223541037583,-0.005485987081234435,11.655599594116211],[-0.007230949662175543,0.9942339495267185,5.912859916687012],[-9.463292583471222e-06,3.712452058112632e-05,1.0]]","[[0.9786969881802808,-0.005660652321778963,11.598923302304762],[-0.006823542372828633,0.9944877230392771,5.780565835776711],[-8.165914403704974e-06,3.6996153946906556e-05,1.0]]",artifacts/masks/thread_21/perspective_strong.npz,1,paired_yolo_boxes,254,223,205,204,0.9951219512195122,0.7884679394698213,0.16548728942871094,0.9995946384174684,1.0,0.9998747064199448,1.0,0.17493480443954468,USAC_MAGSAC,SUCCESS,True,True,"[{""roi_index"":0,""area_ratio"":0.02085838342601762,""failure"":null}]",,53.363,0.5015748143196106,0.5015748143196106,0.9497628808021545,0.9497628808021545,0.9501075148582458,0.9501075148582458,0.28732651472091675,0.9092093110084534,0.9095284938812256,1.0,1.0,1.0,
synthetic-18-combined_moderate,synthetic_transform,thread_21.jpg,thread_21.jpg,thread,thread,combined,moderate,combined_moderate,"{""rotation_deg"":12.0,""shear_x"":0.06,""shear_y"":-0.04,""scale"":1.05,""corner_offsets_px"":[[5.97066,4.12157],[-4.35575,0.60303],[-3.94991,-4.22089],[2.26941,-3.83637]]}","[[0.9940911676263166,0.2680875700878405,-86.10642373743019],[-0.26009089155912546,0.9975213189063132,79.96736549518238],[-5.2477104110522225e-06,-1.258485757370593e-05,1.0]]","[[0.9931795794880045,0.26786211463447485,-85.91882078552557],[-0.2596122767506461,0.9964395270065043,79.90206177790581],[-5.364433214754991e-06,-1.4116185518062321e-05,1.0]]",artifacts/masks/thread_21/combined_moderate.npz,1,paired_yolo_boxes,254,248,189,186,0.9841269841269841,0.8308313446749049,0.22980952262878418,0.8629116262615344,1.0,0.8627568518391132,1.0,0.2566569745540619,USAC_MAGSAC,SUCCESS,True,True,"[{""roi_index"":0,""area_ratio"":0.023815402461159037,""failure"":null}]",,54.578,0.10724548995494843,0.10724548995494843,0.9573435187339783,0.9573435187339783,0.9591501355171204,0.9591501355171204,0.02735377661883831,0.9205451607704163,0.9259413480758667,1.0,1.0,1.0,
synthetic-19-identity,synthetic_transform,thread_23.jpg,thread_23.jpg,thread,thread,identity,none,identity,"{""rotation_deg"":0.0,""scale"":1.0}","[[1.0,0.0,0.0],[0.0,1.0,0.0],[0.0,0.0,1.0]]","[[0.9999999999999711,-8.06570682084922e-15,4.5807387912551575e-12],[-9.798100496154202e-15,0.999999999999971,5.085427214222705e-12],[-3.826754392666112e-17,-3.560935437018156e-17,1.0]]",artifacts/masks/thread_23/identity.npz,1,paired_yolo_boxes,158,158,158,158,1.0,0.8044036476016442,0.0,1.0,1.0,1.0,1.0,1.854452572405685e-12,USAC_MAGSAC,SUCCESS,True,True,"[{""roi_index"":0,""area_ratio"":0.01695497500347561,""failure"":null}]",,42.083,1.0,1.0,1.0,1.0,1.0,1.0,1.0,1.0,1.0,1.0,1.0,1.0,
synthetic-19-rotation_-30,synthetic_transform,thread_23.jpg,thread_23.jpg,thread,thread,rotation,30deg,rotation_-30,"{""angle_deg"":-30}","[[0.8660254037844387,-0.49999999999999994,161.34653473686035],[0.49999999999999994,0.8660254037844387,-93.15346526313964],[0.0,0.0,1.0]]","[[0.865778650340647,-0.5000125665683797,161.24632899182805],[0.4994807215181175,0.8642306907776419,-92.99407585037467],[-7.242216520405472e-07,-3.346275551202023e-06,1.0]]",artifacts/masks/thread_23/rotation_-30.npz,1,paired_yolo_boxes,158,140,126,123,0.9761904761904762,0.5471386337564691,0.2861569821834564,0.844640522875817,1.0,0.8451518646674356,1.0,0.2713984251022339,USAC_MAGSAC,SUCCESS,True,True,"[{""roi_index"":0,""area_ratio"":0.016966157572814174,""failure"":null}]",,44.352,0.09170105308294296,0.09170105308294296,0.9523497223854065,0.9523497223854065,0.9619501829147339,0.9619501829147339,0.03842370584607124,0.9053143858909607,0.9349073171615601,1.0,1.0,1.0,
synthetic-19-rotation_-20,synthetic_transform,thread_23.jpg,thread_23.jpg,thread,thread,rotation,20deg,rotation_-20,"{""angle_deg"":-20}","[[0.9396926207859084,-0.3420201433256687,102.39235448636899],[0.3420201433256687,0.9396926207859084,-71.69589846639639],[0.0,0.0,1.0]]","[[0.938421960779712,-0.34380679225430794,102.74099085066726],[0.3406531778041425,0.9366332680292151,-71.1097247968518],[-1.992433529307914e-07,-6.647465840780991e-06,1.0]]",artifacts/masks/thread_23/rotation_-20.npz,1,paired_yolo_boxes,158,151,124,121,0.9758064516129032,0.5890610268659873,0.2557801604270935,0.8757016532103037,1.0,0.876401384083045,1.0,0.564724862575531,USAC_MAGSAC,SUCCESS,True,True,"[{""roi_index"":0,""area_ratio"":0.016967136301827123,""failure"":null}]",,43.904,0.15661437809467316,0.15661437809467316,0.958558201789856,0.958558201789856,0.9612018465995789,0.9612018465995789,0.06730665266513824,0.9245569109916687,0.9328839182853699,1.0,1.0,1.0,
synthetic-19-rotation_-10,synthetic_transform,thread_23.jpg,thread_23.jpg,thread,thread,rotation,10deg,rotation_-10,"{""angle_deg"":-10}","[[0.984807753012208,-0.17364817766693033,48.05988807462683],[0.17364817766693033,0.984807753012208,-40.32703435784071],[0.0,0.0,1.0]]","[[0.983628502213224,-0.17523166315429245,48.693904281901425],[0.17363786310669496,0.9845124109328829,-40.40855532286072],[-1.1105814287349373e-07,-1.6580460892026256e-06,1.0]]",artifacts/masks/thread_23/rotation_-10.npz,1,paired_yolo_boxes,158,150,129,127,0.9844961240310077,0.7034051184734985,0.18799632787704468,0.926005382545175,1.0,0.9265974625144175,1.0,0.3613658547401428,USAC_MAGSAC,SUCCESS,True,True,"[{""roi_index"":0,""area_ratio"":0.01695695690586085,""failure"":null}]",,42.24,0.31803178787231445,0.31803178787231445,0.9589957594871521,0.9589957594871521,0.9596278071403503,0.9596278071403503,0.1251966655254364,0.9261854887008667,0.9282016158103943,1.0,1.0,1.0,
synthetic-19-rotation_+10,synthetic_transform,thread_23.jpg,thread_23.jpg,thread,thread,rotation,10deg,rotation_+10,"{""angle_deg"":10}","[[0.984807753012208,0.17364817766693033,-40.32703435784071],[-0.17364817766693033,0.984807753012208,48.05988807462683],[0.0,0.0,1.0]]","[[0.9869513041239546,0.175716704546468,-40.90923666351063],[-0.17280396416509172,0.9880426343871517,47.49907400739249],[2.8234469764287855e-06,4.197340621044605e-06,1.0]]",artifacts/masks/thread_23/rotation_+10.npz,1,paired_yolo_boxes,158,153,136,136,1.0,0.8303120172139874,0.14608129858970642,0.9260668973471742,1.0,0.9265974625144175,1.0,0.4441700577735901,USAC_MAGSAC,SUCCESS,True,True,"[{""roi_index"":0,""area_ratio"":0.01695570429906409,""failure"":null}]",,47.659,0.32305097579956055,0.32305097579956055,0.9585813283920288,0.9585813283920288,0.9591997265815735,0.9591997265815735,0.1314091980457306,0.9247511625289917,0.926737368106842,1.0,1.0,1.0,
synthetic-19-rotation_+20,synthetic_transform,thread_23.jpg,thread_23.jpg,thread,thread,rotation,20deg,rotation_+20,"{""angle_deg"":20}","[[0.9396926207859084,0.3420201433256687,-71.69589846639639],[-0.3420201433256687,0.9396926207859084,102.39235448636899],[0.0,0.0,1.0]]","[[0.9475818642250464,0.3460759403039591,-73.58269515220167],[-0.34006200044023616,0.9466779654524528,101.16515271646279],[1.0877027922786441e-05,6.525081236105019e-06,1.0]]",artifacts/masks/thread_23/rotation_+20.npz,1,paired_yolo_boxes,158,155,131,130,0.9923664122137404,0.7493700406673154,0.2650291919708252,0.8741714725105728,1.0,0.876401384083045,1.0,0.9668290019035339,USAC_MAGSAC,SUCCESS,True,True,"[{""roi_index"":0,""area_ratio"":0.01698696003749416,""failure"":null}]",,47.523,0.1777995377779007,0.1777995377779007,0.9593513607978821,0.9593513607978821,0.9609081745147705,0.9609081745147705,0.06645239889621735,0.9303560853004456,0.934048593044281,1.0,1.0,1.0,
synthetic-19-rotation_+30,synthetic_transform,thread_23.jpg,thread_23.jpg,thread,thread,rotation,30deg,rotation_+30,"{""angle_deg"":30}","[[0.8660254037844387,0.49999999999999994,-93.15346526313964],[-0.49999999999999994,0.8660254037844387,161.34653473686035],[0.0,0.0,1.0]]","[[0.871666130299942,0.5020336782532869,-94.4825281474948],[-0.49844313401582735,0.8684294995078532,160.82988321621514],[1.0708468172840527e-05,-8.719144604827357e-07,1.0]]",artifacts/masks/thread_23/rotation_+30.npz,1,paired_yolo_boxes,158,151,125,124,0.992,0.5909599191103666,0.3280881345272064,0.8435447904652057,1.0,0.8451518646674356,1.0,0.9443949460983276,USAC_MAGSAC,SUCCESS,True,True,"[{""roi_index"":0,""area_ratio"":0.01697922752585102,""failure"":null}]",,49.297,0.0968109667301178,0.0968109667301178,0.9569603204727173,0.9569603204727173,0.961762547492981,0.961762547492981,0.03984156996011734,0.9229341149330139,0.935841977596283,1.0,1.0,1.0,
synthetic-19-shear_x_-0.12,synthetic_transform,thread_23.jpg,thread_23.jpg,thread,thread,shear_x,12pct,shear_x_-0.12,"{""shear_x"":-0.12}","[[1.0,-0.12,30.54],[0.0,1.0,0.0],[0.0,0.0,1.0]]","[[0.9997041459693348,-0.1183676759342183,30.257189274930532],[-0.0010451218706523375,1.0012529423640621,0.09065949727589466],[-3.501137408832011e-06,4.935565914870118e-06,1.0]]",artifacts/masks/thread_23/shear_x_-0.12.npz,1,paired_yolo_boxes,158,152,131,129,0.9847328244274809,0.7694769752584844,0.25344693660736084,0.9697424067666283,1.0,0.9699846212995001,1.0,0.4996204972267151,USAC_MAGSAC,SUCCESS,True,True,"[{""roi_index"":0,""area_ratio"":0.016951756593368904,""failure"":null}]",,43.143,0.5513517260551453,0.5513517260551453,0.9820472598075867,0.9820472598075867,0.9842376708984375,0.9842376708984375,0.34117329120635986,0.9650049209594727,0.970052182674408,1.0,1.0,1.0,
synthetic-19-shear_x_+0.12,synthetic_transform,thread_23.jpg,thread_23.jpg,thread,thread,shear_x,12pct,shear_x_+0.12,"{""shear_x"":0.12}","[[1.0,0.12,-30.54],[0.0,1.0,0.0],[0.0,0.0,1.0]]","[[0.9997055488293508,0.11917710397075834,-30.278964942808855],[0.0008593946262897298,0.9992683591916577,-0.16421372412979263],[2.53457932687771e-06,-3.5965242211903625e-06,1.0]]",artifacts/masks/thread_23/shear_x_+0.12.npz,1,paired_yolo_boxes,158,158,136,136,1.0,0.8340901330997794,0.23884591460227966,0.9702768166089966,1.0,0.9699846212995001,1.0,0.3670975863933563,USAC_MAGSAC,SUCCESS,True,True,"[{""roi_index"":0,""area_ratio"":0.016951286204867598,""failure"":null}]",,42.943,0.5510872602462769,0.5510872602462769,0.9813524484634399,0.9813524484634399,0.98418128490448,0.98418128490448,0.328872948884964,0.9639378786087036,0.9698120951652527,1.0,1.0,1.0,
synthetic-19-shear_y_-0.12,synthetic_transform,thread_23.jpg,thread_23.jpg,thread,thread,shear_y,12pct,shear_y_-0.12,"{""shear_y"":-0.12}","[[1.0,0.0,0.0],[-0.12,1.0,30.54],[0.0,0.0,1.0]]","[[1.0065815110073524,0.0033532448735087025,-1.412320640651428],[-0.11849604949800181,1.0082979771584595,29.174334595787403],[6.311458742417451e-06,1.0556738566768304e-05,1.0]]",artifacts/masks/thread_23/shear_y_-0.12.npz,1,paired_yolo_boxes,158,149,130,127,0.9769230769230769,0.7454308422890061,0.2824769616127014,0.9672510572856594,1.0,0.9699923106497501,1.0,0.9274482131004333,USAC_MAGSAC,SUCCESS,True,True,"[{""roi_index"":0,""area_ratio"":0.0169871651008291,""failure"":null}]",,41.731,0.44865161180496216,0.44865161180496216,0.9798648357391357,0.9798648357391357,0.9812867045402527,0.9812867045402527,0.2116880863904953,0.9633114337921143,0.9669125080108643,1.0,1.0,1.0,
synthetic-19-shear_y_+0.12,synthetic_transform,thread_23.jpg,thread_23.jpg,thread,thread,shear_y,12pct,shear_y_+0.12,"{""shear_y"":0.12}","[[1.0,0.0,0.0],[0.12,1.0,-30.54],[0.0,0.0,1.0]]","[[1.0009768317943706,0.0004760712042668314,-0.16080216008610243],[0.12132891255428471,1.0012871921147466,-31.06509237160685],[3.5462708310832456e-06,-8.623169207277836e-07,1.0]]",artifacts/masks/thread_23/shear_y_+0.12.npz,1,paired_yolo_boxes,158,153,133,132,0.9924812030075187,0.8302394467075639,0.25500982999801636,0.9691926182237601,1.0,0.9700153787004998,1.0,0.4059513211250305,USAC_MAGSAC,SUCCESS,True,True,"[{""roi_index"":0,""area_ratio"":0.016956908342576026,""failure"":null}]",,46.297,0.44905465841293335,0.44905465841293335,0.9799736142158508,0.9799736142158508,0.9813004732131958,0.9813004732131958,0.21089690923690796,0.964296817779541,0.9669086337089539,1.0,1.0,1.0,
synthetic-19-scale_0.85,synthetic_transform,thread_23.jpg,thread_23.jpg,thread,thread,scale,0.85x,scale_0.85,"{""scale"":0.85}","[[0.85,0.0,38.175000000000004],[0.0,0.85,38.175000000000004],[0.0,0.0,1.0]]","[[0.8514492048396687,0.0021231444285590476,37.380319384627235],[2.733348628194297e-05,0.8512082359687293,38.113659278118426],[-5.420282039420811e-07,4.396546608739297e-06,1.0]]",artifacts/masks/thread_23/scale_0.85.npz,1,paired_yolo_boxes,158,146,83,79,0.9518072289156626,0.6588203445121334,0.7512492537498474,0.9997616301422529,1.0,1.0,1.0,0.44636547565460205,USAC_MAGSAC,SUCCESS,True,True,"[{""roi_index"":0,""area_ratio"":0.01224948673387678,""failure"":null}]",,48.911,0.1396138221025467,0.1396138221025467,0.9386572241783142,0.9386572241783142,0.9434151649475098,0.9434151649475098,0.025236308574676514,0.8814789652824402,0.8980883955955505,1.0,1.0,1.0,
synthetic-19-scale_1.15,synthetic_transform,thread_23.jpg,thread_23.jpg,thread,thread,scale,1.15x,scale_1.15,"{""scale"":1.15}","[[1.15,0.0,-38.174999999999976],[0.0,1.15,-38.174999999999976],[0.0,0.0,1.0]]","[[1.1444741462827415,0.004385238246954992,-38.523275475156055],[-0.005618982375346223,1.1478645015508722,-36.53984771120998],[-1.4800960987501525e-05,8.283603514636434e-06,1.0]]",artifacts/masks/thread_23/scale_1.15.npz,1,paired_yolo_boxes,158,168,103,100,0.970873786407767,0.8233797829507443,0.7282191514968872,0.7574125336409073,1.0,0.7579238754325259,1.0,1.7957158088684082,USAC_MAGSAC,SUCCESS,True,True,"[{""roi_index"":0,""area_ratio"":0.022380493947209718,""failure"":null}]",,45.1,0.14892570674419403,0.14892570674419403,0.9617683291435242,0.9617683291435242,0.9684789776802063,0.9684789776802063,0.030735623091459274,0.921385645866394,0.9420618414878845,1.0,1.0,1.0,
synthetic-19-perspective_light,synthetic_transform,thread_23.jpg,thread_23.jpg,thread,thread,perspective,light,perspective_light,"{""corner_offsets_px"":[[2.10451,1.03905],[-1.84951,0.58395],[-1.49159,-1.12323],[1.53422,-1.83726]],""amount_fraction"":0.02}","[[0.9899380918955717,-0.0011259374867207065,2.1045100688934326],[-0.0008967471102503578,0.992522819125933,1.0390499830245972],[-4.522682154391243e-06,-3.601008300239947e-06,1.0]]","[[0.9896709996099758,-0.001134523160058827,2.178988054138082],[-0.000766451244123032,0.9927134731482052,0.9435802979186005],[-4.659413491632845e-06,-3.4974856946067085e-06,1.0]]",artifacts/masks/thread_23/perspective_light.npz,1,paired_yolo_boxes,158,149,136,135,0.9926470588235294,0.8045867089180917,0.0690012127161026,0.9999423298731257,1.0,0.9999884659746251,1.0,0.08269881457090378,USAC_MAGSAC,SUCCESS,True,True,"[{""roi_index"":0,""area_ratio"":0.016763259232754887,""failure"":null}]",,42.51,0.8649308085441589,0.8649308085441589,0.9455524682998657,0.9455524682998657,0.9451944231987,0.9451944231987,0.6805759072303772,0.9048150181770325,0.9038010835647583,1.0,1.0,1.0,
synthetic-19-perspective_moderate,synthetic_transform,thread_23.jpg,thread_23.jpg,thread,thread,perspective,moderate,perspective_moderate,"{""corner_offsets_px"":[[2.46326,3.24068],[-5.17034,2.7537],[-1.53267,-2.8547],[6.04145,-7.40439]],""amount_fraction"":0.055}","[[0.9750993219703297,0.00702929667811946,2.4632599353790283],[-0.0010108660922110125,0.9790409506495321,3.240679979324341],[-1.965626781611512e-05,-9.04293444372133e-08,1.0]]","[[0.976579580102548,0.007901765690500849,2.0976358774487793],[-0.0002526001724790665,0.9805297812821675,2.929069652915973],[-1.753327919495172e-05,1.3775057665014074e-06,1.0]]",artifacts/masks/thread_23/perspective_moderate.npz,1,paired_yolo_boxes,158,151,140,139,0.9928571428571429,0.814117709806217,0.14026005566120148,0.9996116878123799,1.0,0.9999653979238754,1.0,0.22281181812286377,USAC_MAGSAC,SUCCESS,True,True,"[{""roi_index"":0,""area_ratio"":0.016439908084622343,""failure"":null}]",,42.341,0.5541308522224426,0.5541308522224426,0.9553927779197693,0.9553927779197693,0.9557293057441711,0.9557293057441711,0.24988314509391785,0.9180458784103394,0.9192255735397339,1.0,1.0,1.0,
synthetic-19-perspective_strong,synthetic_transform,thread_23.jpg,thread_23.jpg,thread,thread,perspective,strong,perspective_strong,"{""corner_offsets_px"":[[6.25139,6.97617],[-4.26203,-0.15322],[-2.1078,-3.09085],[1.6172,-6.41281]],""amount_fraction"":0.1}","[[0.9589524769897896,-0.009146906543807532,6.251389980316162],[-0.014000469824458144,0.9605162479075979,6.976170063018799],[-4.040212390583614e-05,-2.6222853643713023e-05,1.0]]","[[0.9605805415020521,-0.008370597311606475,5.860566355765532],[-0.0134012965562998,0.9618072008185627,6.738400136166169],[-3.849518746086791e-05,-2.4504158546371325e-05,1.0]]",artifacts/masks/thread_23/perspective_strong.npz,1,paired_yolo_boxes,158,149,139,139,1.0,0.8012770053260017,0.13687720894813538,0.9993694732795079,1.0,0.9999346405228758,1.0,0.20146676898002625,USAC_MAGSAC,SUCCESS,True,True,"[{""roi_index"":0,""area_ratio"":0.016457463012095983,""failure"":null}]",,46.467,0.09737401455640793,0.09737401455640793,0.9579691290855408,0.9579691290855408,0.9577846527099609,0.9577846527099609,0.00021740415832027793,0.9276914000511169,0.9276311993598938,1.0,1.0,1.0,
synthetic-19-combined_moderate,synthetic_transform,thread_23.jpg,thread_23.jpg,thread,thread,combined,moderate,combined_moderate,"{""rotation_deg"":12.0,""shear_x"":0.06,""shear_y"":-0.04,""scale"":1.05,""corner_offsets_px"":[[3.51234,3.256],[-2.08529,0.29416],[-3.34659,-1.30282],[0.04739,-4.69529]]}","[[0.9906607205215477,0.26608877682613535,-69.85513790131421],[-0.2597773339201177,0.9950550230352683,63.73475181507963],[-2.262186309473259e-05,-1.5632714178311164e-05,1.0]]","[[0.9899371822222021,0.26929863275101285,-70.42705871716696],[-0.2611018871934505,0.9956142969308555,63.98553539895952],[-2.5231103382564248e-05,-1.1502641205682711e-05,1.0]]",artifacts/masks/thread_23/combined_moderate.npz,1,paired_yolo_boxes,158,154,133,131,0.9849624060150376,0.7983803476382814,0.3359176218509674,0.8609034986543637,1.0,0.8610495963091119,1.0,0.7402523756027222,USAC_MAGSAC,SUCCESS,True,True,"[{""roi_index"":0,""area_ratio"":0.01839126462331944,""failure"":null}]",,40.051,0.17828281223773956,0.17828281223773956,0.9627562165260315,0.9627562165260315,0.9640528559684753,0.9640528559684753,0.05072544142603874,0.9341248273849487,0.93748539686203,1.0,1.0,1.0,
synthetic-20-identity,synthetic_transform,thread_24.jpg,thread_24.jpg,thread,thread,identity,none,identity,"{""rotation_deg"":0.0,""scale"":1.0}","[[1.0,0.0,0.0],[0.0,1.0,0.0],[0.0,0.0,1.0]]","[[1.0,0.0,0.0],[0.0,1.0,0.0],[0.0,0.0,1.0]]",artifacts/masks/thread_24/identity.npz,1,paired_yolo_boxes,89,89,89,89,1.0,0.8151332241282774,0.0,1.0,1.0,1.0,1.0,0.0,USAC_MAGSAC,SUCCESS,True,True,"[{""roi_index"":0,""area_ratio"":0.04027910820016928,""failure"":null}]",,17.89,1.0,1.0,1.0,1.0,1.0,1.0,1.0,1.0,1.0,1.0,1.0,1.0,
synthetic-20-rotation_-30,synthetic_transform,thread_24.jpg,thread_24.jpg,thread,thread,rotation,30deg,rotation_-30,"{""angle_deg"":-30}","[[0.8660254037844387,-0.49999999999999994,103.33785918313647],[0.49999999999999994,0.8660254037844387,-59.6621408168635],[0.0,0.0,1.0]]","[[0.8705015891307037,-0.49862839197737646,102.87518667832592],[0.5010938483455064,0.8752613284107523,-60.78763222796739],[-4.001533161830301e-06,2.5893326351406583e-05,1.0]]",artifacts/masks/thread_24/rotation_-30.npz,1,paired_yolo_boxes,89,87,70,70,1.0,0.6316877887370052,0.23461195826530457,0.8415116572679068,1.0,0.8450560652395515,1.0,0.9645376801490784,USAC_MAGSAC,SUCCESS,True,True,"[{""roi_index"":0,""area_ratio"":0.04037692711608466,""failure"":null}]",,15.705,0.11459210515022278,0.11459210515022278,0.9647243022918701,0.9647243022918701,0.966144323348999,0.966144323348999,0.06626483798027039,0.9344680309295654,0.9381915330886841,1.0,1.0,1.0,
synthetic-20-rotation_-20,synthetic_transform,thread_24.jpg,thread_24.jpg,thread,thread,rotation,20deg,rotation_-20,"{""angle_deg"":-20}","[[0.9396926207859084,-0.3420201433256687,65.57938617398092],[0.3420201433256687,0.9396926207859084,-45.91918055018707],[0.0,0.0,1.0]]","[[0.946332584457533,-0.34139268415817653,65.0884098404096],[0.34442714176095307,0.9471508670091079,-46.80463440407046],[7.337024488581347e-06,1.895380571285657e-05,1.0]]",artifacts/masks/thread_24/rotation_-20.npz,1,paired_yolo_boxes,89,88,77,76,0.987012987012987,0.7251704647692608,0.17205050587654114,0.8742810650057515,1.0,0.8763291529893668,1.0,0.7044996023178101,USAC_MAGSAC,SUCCESS,True,True,"[{""roi_index"":0,""area_ratio"":0.040294584013592705,""failure"":null}]",,16.751,0.0863470807671547,0.0863470807671547,0.9650861024856567,0.9650861024856567,0.9653893113136292,0.9653893113136292,0.06073100492358208,0.9355619549751282,0.9365909695625305,1.0,1.0,1.0,
synthetic-20-rotation_-10,synthetic_transform,thread_24.jpg,thread_24.jpg,thread,thread,rotation,10deg,rotation_-10,"{""angle_deg"":-10}","[[0.984807753012208,-0.17364817766693033,30.780989218719736],[0.17364817766693033,0.984807753012208,-25.82831670069955],[0.0,0.0,1.0]]","[[0.9868640690230762,-0.1741509370465697,30.556051779314924],[0.17495086724868272,0.9850553043236622,-26.0614345497029],[6.923352263292392e-06,-5.072492568198665e-06,1.0]]",artifacts/masks/thread_24/rotation_-10.npz,1,paired_yolo_boxes,89,85,76,75,0.9868421052631579,0.8197626028459263,0.1373036801815033,0.925184000598528,1.0,0.926455872588353,1.0,0.3399079144001007,USAC_MAGSAC,SUCCESS,True,True,"[{""roi_index"":0,""area_ratio"":0.040335076785902216,""failure"":null}]",,16.144,0.12778691947460175,0.12778691947460175,0.964382529258728,0.964382529258728,0.9645147323608398,0.9645147323608398,0.028091823682188988,0.9333348870277405,0.933830976486206,1.0,1.0,1.0,
synthetic-20-rotation_+10,synthetic_transform,thread_24.jpg,thread_24.jpg,thread,thread,rotation,10deg,rotation_+10,"{""angle_deg"":10}","[[0.984807753012208,0.17364817766693033,-25.82831670069955],[-0.17364817766693033,0.984807753012208,30.780989218719736],[0.0,0.0,1.0]]","[[0.9887624858939766,0.17239739661036121,-26.075391862061725],[-0.17135503323673013,0.9847431322589582,30.540903558031903],[1.707540313079201e-05,-1.1088866161624749e-05,1.0]]",artifacts/masks/thread_24/rotation_+10.npz,1,paired_yolo_boxes,89,85,76,75,0.9868421052631579,0.6807215166671848,0.11613119393587112,0.9248099206015207,1.0,0.926455872588353,1.0,0.6203265190124512,USAC_MAGSAC,SUCCESS,True,True,"[{""roi_index"":0,""area_ratio"":0.0403243465736108,""failure"":null}]",,17.007,0.13613925874233246,0.13613925874233246,0.9643086194992065,0.9643086194992065,0.9643075466156006,0.9643075466156006,0.03677966073155403,0.9338065385818481,0.934211015701294,1.0,1.0,1.0,
synthetic-20-rotation_+20,synthetic_transform,thread_24.jpg,thread_24.jpg,thread,thread,rotation,20deg,rotation_+20,"{""angle_deg"":20}","[[0.9396926207859084,0.3420201433256687,-45.91918055018707],[-0.3420201433256687,0.9396926207859084,65.57938617398092],[0.0,0.0,1.0]]","[[0.9418102448569982,0.3419733065441323,-46.0591012816983],[-0.34190569407401034,0.9399748076312772,65.66303840242057],[6.241771637771112e-06,1.6809093961276106e-07,1.0]]",artifacts/masks/thread_24/rotation_+20.npz,1,paired_yolo_boxes,89,87,70,69,0.9857142857142858,0.5837163525281504,0.15093643963336945,0.8765348969877208,1.0,0.8763291529893668,1.0,0.2523483633995056,USAC_MAGSAC,SUCCESS,True,True,"[{""roi_index"":0,""area_ratio"":0.04024704968002901,""failure"":null}]",,16.977,0.12109355628490448,0.12109355628490448,0.965263307094574,0.965263307094574,0.9655880331993103,0.9655880331993103,0.0653286948800087,0.9356127381324768,0.9367519617080688,1.0,1.0,1.0,
synthetic-20-rotation_+30,synthetic_transform,thread_24.jpg,thread_24.jpg,thread,thread,rotation,30deg,rotation_+30,"{""angle_deg"":30}","[[0.8660254037844387,0.49999999999999994,-59.6621408168635],[-0.49999999999999994,0.8660254037844387,103.33785918313647],[0.0,0.0,1.0]]","[[0.8680812306775229,0.5006897309878456,-59.976200348826715],[-0.5010992981713938,0.8672220671203433,103.50519609845006],[2.2157755181971172e-06,4.1024474457845845e-06,1.0]]",artifacts/masks/thread_24/rotation_+30.npz,1,paired_yolo_boxes,89,85,66,66,1.0,0.5503331649985875,0.15414685010910034,0.844672633242619,1.0,0.8450560652395515,1.0,0.29171907901763916,USAC_MAGSAC,SUCCESS,True,True,"[{""roi_index"":0,""area_ratio"":0.04028920569041799,""failure"":null}]",,16.743,0.1542036384344101,0.1542036384344101,0.9655792713165283,0.9655792713165283,0.9662531614303589,0.9662531614303589,0.07859182357788086,0.936781644821167,0.9391951560974121,1.0,1.0,1.0,
synthetic-20-shear_x_-0.12,synthetic_transform,thread_24.jpg,thread_24.jpg,thread,thread,shear_x,12pct,shear_x_-0.12,"{""shear_x"":-0.12}","[[1.0,-0.12,19.56],[0.0,1.0,0.0],[0.0,0.0,1.0]]","[[0.998002076196331,-0.11725239266738906,19.321809487380385],[-0.000438120851069571,1.0038365657472847,-0.5915812703614168],[-1.0767708678951414e-05,1.0981561446480096e-05,1.0]]",artifacts/masks/thread_24/shear_x_-0.12.npz,1,paired_yolo_boxes,89,79,68,68,1.0,0.8004612787174381,0.18905003368854523,0.9673521682611826,1.0,0.9700174882398601,1.0,0.7052538990974426,USAC_MAGSAC,SUCCESS,True,True,"[{""roi_index"":0,""area_ratio"":0.04034425160618112,""failure"":null}]",,15.41,0.5063669681549072,0.5063669681549072,0.9824668765068054,0.9824668765068054,0.9858764410018921,0.9858764410018921,0.30544212460517883,0.9652109742164612,0.9753466248512268,1.0,1.0,1.0,
synthetic-20-shear_x_+0.12,synthetic_transform,thread_24.jpg,thread_24.jpg,thread,thread,shear_x,12pct,shear_x_+0.12,"{""shear_x"":0.12}","[[1.0,0.12,-19.56],[0.0,1.0,0.0],[0.0,0.0,1.0]]","[[1.0019332329680102,0.120036717067702,-19.79864339018187],[-0.00045413801896155594,1.0007752268954198,0.04456482020148921],[7.267675590527006e-06,-4.601003255741613e-06,1.0]]",artifacts/masks/thread_24/shear_x_+0.12.npz,1,paired_yolo_boxes,89,87,77,77,1.0,0.794575022885738,0.24370940029621124,0.9683060722535515,1.0,0.9700174882398601,1.0,0.39324140548706055,USAC_MAGSAC,SUCCESS,True,True,"[{""roi_index"":0,""area_ratio"":0.04034373936049533,""failure"":null}]",,17.89,0.5022605061531067,0.5022605061531067,0.9840666055679321,0.9840666055679321,0.9859313368797302,0.9859313368797302,0.29912540316581726,0.9709287881851196,0.975286602973938,1.0,1.0,1.0,
synthetic-20-shear_y_-0.12,synthetic_transform,thread_24.jpg,thread_24.jpg,thread,thread,shear_y,12pct,shear_y_-0.12,"{""shear_y"":-0.12}","[[1.0,0.0,0.0],[-0.12,1.0,19.56],[0.0,0.0,1.0]]","[[0.9975028678098932,-2.2737041703521817e-05,0.005059071197166142],[-0.11992846951983138,0.9950394037291406,19.838439467647127],[-9.599957464874692e-06,-7.653560109646753e-06,1.0]]",artifacts/masks/thread_24/shear_y_-0.12.npz,1,paired_yolo_boxes,89,83,68,68,1.0,0.7208862091270561,0.24356681108474731,0.9683808882529529,1.0,0.9700174882398601,1.0,0.5449087023735046,USAC_MAGSAC,SUCCESS,True,True,"[{""roi_index"":0,""area_ratio"":0.04036018995776824,""failure"":null}]",,16.678,0.43295907974243164,0.43295907974243164,0.9762074947357178,0.9762074947357178,0.9822275638580322,0.9822275638580322,0.241419717669487,0.9507442712783813,0.9663730263710022,1.0,1.0,1.0,
synthetic-20-shear_y_+0.12,synthetic_transform,thread_24.jpg,thread_24.jpg,thread,thread,shear_y,12pct,shear_y_+0.12,"{""shear_y"":0.12}","[[1.0,0.0,0.0],[0.12,1.0,-19.56],[0.0,0.0,1.0]]","[[0.999375146962581,-0.0007991341317150345,0.08806543394832897],[0.11703633043061816,1.0004132692015373,-19.16047823752649],[-4.6004836563194875e-06,2.5661544716168088e-06,1.0]]",artifacts/masks/thread_24/shear_y_+0.12.npz,1,paired_yolo_boxes,89,90,80,79,0.9875,0.8225080246726723,0.2382155954837799,0.969708872242329,1.0,0.9700174882398601,1.0,0.4123808741569519,USAC_MAGSAC,SUCCESS,True,True,"[{""roi_index"":0,""area_ratio"":0.04031727117326553,""failure"":null}]",,20.167,0.4244996905326843,0.4244996905326843,0.977471649646759,0.977471649646759,0.982353925704956,0.982353925704956,0.23443840444087982,0.9550192952156067,0.9668227434158325,1.0,1.0,1.0,
synthetic-20-scale_0.85,synthetic_transform,thread_24.jpg,thread_24.jpg,thread,thread,scale,0.85x,scale_0.85,"{""scale"":0.85}","[[0.85,0.0,24.450000000000003],[0.0,0.85,24.450000000000003],[0.0,0.0,1.0]]","[[0.8620475301635653,-0.0006081022242854441,23.96947093211698],[0.0069497707497625984,0.8635390766053576,22.45034831742149],[2.2708719163090885e-05,2.2294636165402e-05,1.0]]",artifacts/masks/thread_24/scale_0.85.npz,1,paired_yolo_boxes,89,76,59,58,0.9830508474576272,0.7859333405721374,0.5602686405181885,0.9861964481104284,1.0,0.98780499209756,1.0,1.3322739601135254,USAC_MAGSAC,SUCCESS,True,True,"[{""roi_index"":0,""area_ratio"":0.029230325470538734,""failure"":null}]",,16.862,0.27400222420692444,0.27400222420692444,0.9277976155281067,0.9277976155281067,0.9515145421028137,0.9515145421028137,0.08955837786197662,0.8349019289016724,0.906464695930481,1.0,1.0,1.0,
synthetic-20-scale_1.15,synthetic_transform,thread_24.jpg,thread_24.jpg,thread,thread,scale,1.15x,scale_1.15,"{""scale"":1.15}","[[1.15,0.0,-24.449999999999985],[0.0,1.15,-24.449999999999985],[0.0,0.0,1.0]]","[[1.1422042465794642,-0.0016001273439425051,-23.58530333099698],[-0.0057459444752803,1.1353494155720016,-21.851063102569213],[-1.0514265492194987e-05,-1.7237497072429232e-05,1.0]]",artifacts/masks/thread_24/scale_1.15.npz,1,paired_yolo_boxes,89,85,62,60,0.967741935483871,0.7479144388218248,0.61089026927948,0.7604859299161125,1.0,0.7596161939230704,1.0,1.2894541025161743,USAC_MAGSAC,SUCCESS,True,True,"[{""roi_index"":0,""area_ratio"":0.05300161507389484,""failure"":null}]",,17.217,0.2880743145942688,0.2880743145942688,0.964654266834259,0.964654266834259,0.9728500247001648,0.9728500247001648,0.12736842036247253,0.9244709014892578,0.9464206099510193,1.0,1.0,1.0,
synthetic-20-perspective_light,synthetic_transform,thread_24.jpg,thread_24.jpg,thread,thread,perspective,light,perspective_light,"{""corner_offsets_px"":[[1.91222,1.27096],[-0.53621,0.38749],[-0.88055,-0.28167],[0.5751,-1.13226]],""amount_fraction"":0.02}","[[0.9871760704683352,-0.004107001505491366,1.9122200012207031],[-0.0027163565541116837,0.989574119724456,1.2709599733352661],[-1.6325516251810446e-05,-9.400841441637021e-06,1.0]]","[[0.9864737486215703,-0.003904710252102391,1.9072214428080365],[-0.0030870940995908706,0.9895501410893554,1.2630141378507547],[-1.851498007885272e-05,-9.66136111767412e-06,1.0]]",artifacts/masks/thread_24/perspective_light.npz,1,paired_yolo_boxes,89,85,78,77,0.9871794871794872,0.8071825997660608,0.056113291531801224,0.9993453600052371,1.0,0.9999719440002245,1.0,0.08906790614128113,USAC_MAGSAC,SUCCESS,True,True,"[{""roi_index"":0,""area_ratio"":0.03992234221570043,""failure"":null}]",,16.134,0.9469133615493774,0.9469133615493774,0.9557095766067505,0.9557095766067505,0.9564123153686523,0.9564123153686523,0.8552358150482178,0.9172734022140503,0.9185945987701416,1.0,1.0,1.0,
synthetic-20-perspective_moderate,synthetic_transform,thread_24.jpg,thread_24.jpg,thread,thread,perspective,moderate,perspective_moderate,"{""corner_offsets_px"":[[2.13552,2.61375],[0.60942,2.84363],[-1.43069,0.17493],[1.13846,-3.93683]],""amount_fraction"":0.055}","[[0.9832502292738259,-0.003047469310842612,2.1355199813842773],[0.0006000796143660769,0.9830171166686298,2.6137499809265137],[-3.695067580224739e-05,9.65933492981275e-06,1.0]]","[[0.984921968076511,-0.002792010771742388,1.8812404258667048],[0.0011085318466494986,0.9831065356941908,2.5867784097998814],[-3.301636440267697e-05,8.141285692815378e-06,1.0]]",artifacts/masks/thread_24/perspective_moderate.npz,1,paired_yolo_boxes,89,85,74,74,1.0,0.7910382379089407,0.10275009274482727,0.9990928560072572,1.0,0.9997849040017208,1.0,0.20686998963356018,USAC_MAGSAC,SUCCESS,True,True,"[{""roi_index"":0,""area_ratio"":0.039513977267357205,""failure"":null}]",,16.112,0.8454151749610901,0.8454151749610901,0.9512607455253601,0.9512607455253601,0.9518136978149414,0.9518136978149414,0.6722962260246277,0.9064702987670898,0.907609760761261,1.0,1.0,1.0,
synthetic-20-perspective_strong,synthetic_transform,thread_24.jpg,thread_24.jpg,thread,thread,perspective,strong,perspective_strong,"{""corner_offsets_px"":[[4.94619,5.40332],[-1.93234,5.86151],[-5.21106,-1.44873],[0.12473,-8.14823]],""amount_fraction"":0.1}","[[0.9595367314138711,-0.014791671198557031,4.946189880371094],[0.0010552576372716536,0.953545824155995,5.403319835662842],[-5.975133825945825e-05,-1.5368872180771466e-05,1.0]]","[[0.9570244057174087,-0.016821594555831397,5.31839347065508],[0.0014006129422301614,0.9492326437490086,5.645342369254572],[-6.012553313996339e-05,-2.8825323331880566e-05,1.0]]",artifacts/masks/thread_24/perspective_strong.npz,1,paired_yolo_boxes,89,80,73,72,0.9863013698630136,0.7930686866191929,0.15433290600776672,0.9985036800119705,1.0,0.9997849040017208,1.0,0.479218065738678,USAC_MAGSAC,SUCCESS,True,True,"[{""roi_index"":0,""area_ratio"":0.0384181454251626,""failure"":null}]",,18.105,0.3520790934562683,0.3520790934562683,0.9638004302978516,0.9638004302978516,0.9637864828109741,0.9637864828109741,0.09348071366548538,0.9308750033378601,0.9313543438911438,1.0,1.0,1.0,
synthetic-20-combined_moderate,synthetic_transform,thread_24.jpg,thread_24.jpg,thread,thread,combined,moderate,combined_moderate,"{""rotation_deg"":12.0,""shear_x"":0.06,""shear_y"":-0.04,""scale"":1.05,""corner_offsets_px"":[[1.50106,1.93861],[-1.53215,0.26927],[-1.57081,-2.46095],[0.94289,-3.52917]]}","[[0.9953818081046389,0.27293324297967203,-45.57293839052148],[-0.2595533107791122,0.9971420421530156,40.71387288101369],[-2.5017823729396262e-05,-1.2273882295494733e-05,1.0]]","[[1.00143446485669,0.2781998172174265,-46.61916707696883],[-0.25958760604622927,1.0062378592554106,39.963483461063674],[-1.243560374566251e-05,3.996081752191728e-06,1.0]]",artifacts/masks/thread_24/combined_moderate.npz,1,paired_yolo_boxes,89,91,76,74,0.9736842105263158,0.6254988193350445,0.22052061557769775,0.8599912091200703,1.0,0.861805497105556,1.0,0.8525005578994751,USAC_MAGSAC,SUCCESS,True,True,"[{""roi_index"":0,""area_ratio"":0.043654422111294326,""failure"":null}]",,18.731,0.11818400770425797,0.11818400770425797,0.9669202566146851,0.9669202566146851,0.9678192138671875,0.9678192138671875,0.025714153423905373,0.9392849802970886,0.940563440322876,1.0,1.0,1.0,
synthetic-21-identity,synthetic_transform,thread_25.jpg,thread_25.jpg,thread,thread,identity,none,identity,"{""rotation_deg"":0.0,""scale"":1.0}","[[1.0,0.0,0.0],[0.0,1.0,0.0],[0.0,0.0,1.0]]","[[1.0,0.0,0.0],[0.0,1.0,0.0],[0.0,0.0,1.0]]",artifacts/masks/thread_25/identity.npz,1,paired_yolo_boxes,193,193,193,193,1.0,0.8231163208804071,0.0,1.0,1.0,1.0,1.0,0.0,USAC_MAGSAC,SUCCESS,True,True,"[{""roi_index"":0,""area_ratio"":0.014303127719094826,""failure"":null}]",,63.967,1.0,1.0,1.0,1.0,1.0,1.0,1.0,1.0,1.0,1.0,1.0,1.0,
synthetic-21-rotation_-30,synthetic_transform,thread_25.jpg,thread_25.jpg,thread,thread,rotation,30deg,rotation_-30,"{""angle_deg"":-30}","[[0.8660254037844387,-0.49999999999999994,201.92090889465624],[0.49999999999999994,0.8660254037844387,-116.57909110534371],[0.0,0.0,1.0]]","[[0.8688271479761607,-0.5012791443317182,202.05477804990304],[0.5029463498352637,0.8678350766119495,-117.61761916950292],[4.981599808856349e-06,7.119779238022054e-08,1.0]]",artifacts/masks/thread_25/rotation_-30.npz,1,paired_yolo_boxes,193,181,148,147,0.9932432432432432,0.635693247430408,0.25762611627578735,0.8444320515718202,1.0,0.8449897308399092,1.0,0.6911022067070007,USAC_MAGSAC,SUCCESS,True,True,"[{""roi_index"":0,""area_ratio"":0.014316226178003096,""failure"":null}]",,53.224,0.07680340111255646,0.07680340111255646,0.9549392461776733,0.9549392461776733,0.9578911066055298,0.9578911066055298,0.04027519002556801,0.9182751774787903,0.9258299469947815,1.0,1.0,1.0,
synthetic-21-rotation_-20,synthetic_transform,thread_25.jpg,thread_25.jpg,thread,thread,rotation,20deg,rotation_-20,"{""angle_deg"":-20}","[[0.9396926207859084,-0.3420201433256687,128.14131592891366],[0.3420201433256687,0.9396926207859084,-89.72551536953732],[0.0,0.0,1.0]]","[[0.9437936862476534,-0.34351829958984886,128.16146669843263],[0.3451238845763793,0.9429229780184878,-90.96182777533785],[6.779219761518311e-06,4.3445373029488447e-07,1.0]]",artifacts/masks/thread_25/rotation_-20.npz,1,paired_yolo_boxes,193,186,138,137,0.9927536231884058,0.7083403451039756,0.22694765031337738,0.8751977673175382,1.0,0.8764654435392734,1.0,0.9396095275878906,USAC_MAGSAC,SUCCESS,True,True,"[{""roi_index"":0,""area_ratio"":0.014321882259638657,""failure"":null}]",,58.533,0.14601755142211914,0.14601755142211914,0.9536467790603638,0.9536467790603638,0.9571449160575867,0.9571449160575867,0.055487096309661865,0.9130839705467224,0.9239959716796875,1.0,1.0,1.0,
synthetic-21-rotation_-10,synthetic_transform,thread_25.jpg,thread_25.jpg,thread,thread,rotation,10deg,rotation_-10,"{""angle_deg"":-10}","[[0.984807753012208,-0.17364817766693033,60.14567525252906],[0.17364817766693033,0.984807753012208,-50.46821392130556],[0.0,0.0,1.0]]","[[0.9865778906906439,-0.1726114012727539,59.775307533759914],[0.17438273480240502,0.9870047871524079,-50.866551879055265],[1.8505141268562566e-06,2.959910248478701e-06,1.0]]",artifacts/masks/thread_25/rotation_-10.npz,1,paired_yolo_boxes,193,188,147,145,0.9863945578231292,0.7286771263265326,0.11981041729450226,0.9267548471418323,1.0,0.9265337408240878,1.0,0.42901331186294556,USAC_MAGSAC,SUCCESS,True,True,"[{""roi_index"":0,""area_ratio"":0.014296967801057844,""failure"":null}]",,60.695,0.25735053420066833,0.25735053420066833,0.9554145932197571,0.9554145932197571,0.9568449854850769,0.9568449854850769,0.09129338711500168,0.9142951965332031,0.9205203056335449,1.0,1.0,1.0,
synthetic-21-rotation_+10,synthetic_transform,thread_25.jpg,thread_25.jpg,thread,thread,rotation,10deg,rotation_+10,"{""angle_deg"":10}","[[0.984807753012208,0.17364817766693033,-50.46821392130556],[-0.17364817766693033,0.984807753012208,60.14567525252906],[0.0,0.0,1.0]]","[[0.9852605904889224,0.17231093388049373,-50.28665662789755],[-0.17333931582286088,0.9844924800131718,60.0038828265443],[1.4694183381757916e-06,-2.3653282659876874e-06,1.0]]",artifacts/masks/thread_25/rotation_+10.npz,1,paired_yolo_boxes,193,195,149,145,0.9731543624161074,0.8560263711184836,0.16485044360160828,0.925703363764114,1.0,0.9265337408240878,1.0,0.3607061803340912,USAC_MAGSAC,SUCCESS,True,True,"[{""roi_index"":0,""area_ratio"":0.014315322569336462,""failure"":null}]",,52.923,0.26561906933784485,0.26561906933784485,0.9553176760673523,0.9553176760673523,0.9563207030296326,0.9563207030296326,0.094416543841362,0.9174736738204956,0.9197817444801331,1.0,1.0,1.0,
synthetic-21-rotation_+20,synthetic_transform,thread_25.jpg,thread_25.jpg,thread,thread,rotation,20deg,rotation_+20,"{""angle_deg"":20}","[[0.9396926207859084,0.3420201433256687,-89.72551536953732],[-0.3420201433256687,0.9396926207859084,128.14131592891366],[0.0,0.0,1.0]]","[[0.9376581891313545,0.33930559847775593,-88.97704361193831],[-0.3415698760040893,0.9365284149004719,128.22276084050813],[-1.7785406836541975e-06,-4.6740334782684274e-06,1.0]]",artifacts/masks/thread_25/rotation_+20.npz,1,paired_yolo_boxes,193,193,147,144,0.9795918367346939,0.7392217562434932,0.27657631039619446,0.8759962067982823,1.0,0.8764654435392734,1.0,0.6265733242034912,USAC_MAGSAC,SUCCESS,True,True,"[{""roi_index"":0,""area_ratio"":0.01430424923906679,""failure"":null}]",,56.29,0.153972789645195,0.153972789645195,0.9476190805435181,0.9476190805435181,0.9568412899971008,0.9568412899971008,0.0485333651304245,0.8949100375175476,0.9225214719772339,1.0,1.0,1.0,
synthetic-21-rotation_+30,synthetic_transform,thread_25.jpg,thread_25.jpg,thread,thread,rotation,30deg,rotation_+30,"{""angle_deg"":30}","[[0.8660254037844387,0.49999999999999994,-116.57909110534371],[-0.49999999999999994,0.8660254037844387,201.92090889465624],[0.0,0.0,1.0]]","[[0.8652065763789463,0.49893993035787626,-116.37159675375109],[-0.49973210026456544,0.8638924987186731,202.01776491371209],[-8.156768940438488e-07,-2.491391062596313e-06,1.0]]",artifacts/masks/thread_25/rotation_+30.npz,1,paired_yolo_boxes,193,195,135,134,0.9925925925925926,0.6886811538197393,0.2804501950740814,0.8450683464195516,1.0,0.8449897308399092,1.0,0.310004323720932,USAC_MAGSAC,SUCCESS,True,True,"[{""roi_index"":0,""area_ratio"":0.01430176224796053,""failure"":null}]",,50.903,0.09438233822584152,0.09438233822584152,0.9508734941482544,0.9508734941482544,0.9578035473823547,0.9578035473823547,0.045712314546108246,0.9059714674949646,0.9261617660522461,1.0,1.0,1.0,
synthetic-21-shear_x_-0.12,synthetic_transform,thread_25.jpg,thread_25.jpg,thread,thread,shear_x,12pct,shear_x_-0.12,"{""shear_x"":-0.12}","[[1.0,-0.12,38.22],[0.0,1.0,0.0],[0.0,0.0,1.0]]","[[0.9995242107447541,-0.12033169917729988,38.36864525664413],[-7.518596268556754e-05,0.9992930830814486,0.12199618255281802],[-8.022769157112899e-07,-4.217004665208716e-07,1.0]]",artifacts/masks/thread_25/shear_x_-0.12.npz,1,paired_yolo_boxes,193,188,150,149,0.9933333333333333,0.7929014761048531,0.16455598175525665,0.9697501989956859,1.0,0.9699835889977496,1.0,0.18192505836486816,USAC_MAGSAC,SUCCESS,True,True,"[{""roi_index"":0,""area_ratio"":0.014302477244429183,""failure"":null}]",,59.025,0.4486064016819,0.4486064016819,0.9827739596366882,0.9827739596366882,0.9829022288322449,0.9829022288322449,0.28774553537368774,0.9692949652671814,0.969773530960083,1.0,1.0,1.0,
synthetic-21-shear_x_+0.12,synthetic_transform,thread_25.jpg,thread_25.jpg,thread,thread,shear_x,12pct,shear_x_+0.12,"{""shear_x"":0.12}","[[1.0,0.12,-38.22],[0.0,1.0,0.0],[0.0,0.0,1.0]]","[[1.000047994977587,0.12024060947586418,-38.25520037077639],[-0.0002441442880427458,0.9999564312432254,0.13899235624654957],[-2.7525979134081356e-08,1.709197502771421e-07,1.0]]",artifacts/masks/thread_25/shear_x_+0.12.npz,1,paired_yolo_boxes,193,190,163,162,0.9938650306748467,0.8044386783596559,0.16881123185157776,0.9699148003655624,1.0,0.9699835889977496,1.0,0.10416778177022934,USAC_MAGSAC,SUCCESS,True,True,"[{""roi_index"":0,""area_ratio"":0.01430174265504485,""failure"":null}]",,53.313,0.4423696994781494,0.4423696994781494,0.9807338118553162,0.9807338118553162,0.982874870300293,0.982874870300293,0.28938379883766174,0.963983952999115,0.969965398311615,1.0,1.0,1.0,
synthetic-21-shear_y_-0.12,synthetic_transform,thread_25.jpg,thread_25.jpg,thread,thread,shear_y,12pct,shear_y_-0.12,"{""shear_y"":-0.12}","[[1.0,0.0,0.0],[-0.12,1.0,38.22],[0.0,0.0,1.0]]","[[1.0002425047780708,-0.0013994036810454364,0.18286389730085117],[-0.11990540440111916,0.9996523463024171,38.131230567793764],[6.553460974861729e-07,-1.94360380045756e-06,1.0]]",artifacts/masks/thread_25/shear_y_-0.12.npz,1,paired_yolo_boxes,193,182,157,155,0.9872611464968153,0.84219606238945,0.2584216892719269,0.9690623126738142,1.0,0.9699762187871581,1.0,0.35069993138313293,USAC_MAGSAC,SUCCESS,True,True,"[{""roi_index"":0,""area_ratio"":0.014316858558971126,""failure"":null}]",,59.988,0.29406967759132385,0.29406967759132385,0.9768062233924866,0.9768062233924866,0.9804246425628662,0.9804246425628662,0.20648100972175598,0.9525859951972961,0.9609484672546387,1.0,1.0,1.0,
synthetic-21-shear_y_+0.12,synthetic_transform,thread_25.jpg,thread_25.jpg,thread,thread,shear_y,12pct,shear_y_+0.12,"{""shear_y"":0.12}","[[1.0,0.0,0.0],[0.12,1.0,-38.22],[0.0,0.0,1.0]]","[[0.9995562347556827,0.00015694784453579655,-0.02330149310348421],[0.11957013827954459,0.9995081494672174,-37.96246545881016],[-8.659769837760927e-07,-5.290982191409783e-08,1.0]]",artifacts/masks/thread_25/shear_y_+0.12.npz,1,paired_yolo_boxes,193,194,156,153,0.9807692307692307,0.831684309383581,0.19929957389831543,0.9701113393146686,1.0,0.9699885024714773,1.0,0.14204780757427216,USAC_MAGSAC,SUCCESS,True,True,"[{""roi_index"":0,""area_ratio"":0.014301465020270143,""failure"":null}]",,51.392,0.2948926091194153,0.2948926091194153,0.978211522102356,0.978211522102356,0.980380654335022,0.980380654335022,0.20527175068855286,0.9544566869735718,0.9609522819519043,1.0,1.0,1.0,
synthetic-21-scale_0.85,synthetic_transform,thread_25.jpg,thread_25.jpg,thread,thread,scale,0.85x,scale_0.85,"{""scale"":0.85}","[[0.85,0.0,47.775000000000006],[0.0,0.85,47.775000000000006],[0.0,0.0,1.0]]","[[0.847042647050975,0.0008541001080764046,48.218611464100555],[-0.0023127651463093605,0.8500011444886576,48.54529582381],[-4.348520506077801e-06,3.492815470219442e-06,1.0]]",artifacts/masks/thread_25/scale_0.85.npz,1,paired_yolo_boxes,193,203,95,93,0.9789473684210527,0.8169043840999523,0.627077579498291,0.9996536001022003,1.0,1.0,1.0,0.8035103678703308,USAC_MAGSAC,SUCCESS,True,True,"[{""roi_index"":0,""area_ratio"":0.0103070313848274,""failure"":null}]",,58.207,0.09706787019968033,0.09706787019968033,0.9315397143363953,0.9315397143363953,0.9401412606239319,0.9401412606239319,0.041816700249910355,0.861955463886261,0.889596700668335,1.0,1.0,1.0,
synthetic-21-scale_1.15,synthetic_transform,thread_25.jpg,thread_25.jpg,thread,thread,scale,1.15x,scale_1.15,"{""scale"":1.15}","[[1.15,0.0,-47.77499999999997],[0.0,1.15,-47.77499999999997],[0.0,0.0,1.0]]","[[1.150786548349323,0.0002680145492204276,-47.9536159331929],[-0.0002838801971004474,1.1507110021949727,-47.76473875484221],[-2.4349958376457073e-08,1.3632327177575921e-06,1.0]]",artifacts/masks/thread_25/scale_1.15.npz,1,paired_yolo_boxes,193,205,123,121,0.983739837398374,0.8241238516135827,0.5972570776939392,0.7551001857293069,1.0,0.7540118512986311,1.0,0.25096631050109863,USAC_MAGSAC,SUCCESS,True,True,"[{""roi_index"":0,""area_ratio"":0.018918660342228253,""failure"":null}]",,56.826,0.08548705279827118,0.08548705279827118,0.9659509062767029,0.9659509062767029,0.9663323760032654,0.9663323760032654,0.013676648028194904,0.9362667202949524,0.9375796914100647,1.0,1.0,1.0,
synthetic-21-perspective_light,synthetic_transform,thread_25.jpg,thread_25.jpg,thread,thread,perspective,light,perspective_light,"{""corner_offsets_px"":[[3.45652,2.93247],[0.05501,0.17982],[-0.95211,-0.89419],[2.41879,-2.614]],""amount_fraction"":0.02}","[[0.9876265874326118,-0.0016293155682285732,3.4565200805664062],[-0.004323257042451418,0.9912334987494487,2.9324700832366943],[-1.1040640446178754e-05,-9.348472961201283e-08,1.0]]","[[0.9875939529456198,-0.0016189959055389284,3.4557006276114546],[-0.004387365150082754,0.9911152785015519,2.950460031387572],[-1.0907939290735739e-05,-3.955470890306958e-07,1.0]]",artifacts/masks/thread_25/perspective_light.npz,1,paired_yolo_boxes,193,180,162,162,1.0,0.8219844341353267,0.06874238699674606,0.9999238411572213,1.0,0.999985259578817,1.0,0.05601638928055763,USAC_MAGSAC,SUCCESS,True,True,"[{""roi_index"":0,""area_ratio"":0.014146381005755685,""failure"":null}]",,57.492,0.9705367684364319,0.9705367684364319,0.9728008508682251,0.9728008508682251,0.9733574390411377,0.9733574390411377,0.9107018113136292,0.9516379237174988,0.9524904489517212,1.0,1.0,1.0,
synthetic-21-perspective_moderate,synthetic_transform,thread_25.jpg,thread_25.jpg,thread,thread,perspective,moderate,perspective_moderate,"{""corner_offsets_px"":[[6.83009,1.82584],[-5.76651,5.75351],[-6.58564,-0.19498],[0.13722,-7.21122]],""amount_fraction"":0.055}","[[0.975477900950791,-0.010508869221351785,6.830090045928955],[0.006122617036781093,0.9765931397714247,1.8258399963378906],[-7.5206155653962895e-06,-1.463969810834538e-05,1.0]]","[[0.975458480595178,-0.010605660028328849,6.8873295427382795],[0.006196197072737885,0.9764127329500375,1.8215496375010336],[-7.137909688600915e-06,-1.5117744850619664e-05,1.0]]",artifacts/masks/thread_25/perspective_moderate.npz,1,paired_yolo_boxes,193,178,158,158,1.0,0.8251925188959752,0.09323275089263916,0.9999336681046767,1.0,0.999958235473315,1.0,0.07209232449531555,USAC_MAGSAC,SUCCESS,True,True,"[{""roi_index"":0,""area_ratio"":0.013904073542599246,""failure"":null}]",,54.963,0.2117406576871872,0.2117406576871872,0.9512972235679626,0.9512972235679626,0.9510295391082764,0.9510295391082764,0.04948768392205238,0.9101763367652893,0.9102001786231995,1.0,1.0,1.0,
synthetic-21-perspective_strong,synthetic_transform,thread_25.jpg,thread_25.jpg,thread,thread,perspective,strong,perspective_strong,"{""corner_offsets_px"":[[17.1412,4.59879],[-8.32562,-3.42725],[-9.51541,-1.93524],[7.40805,-8.77434]],""amount_fraction"":0.1}","[[0.9371894439104084,-0.015440417129395418,17.141199111938477],[-0.01247528327472414,0.9653740997703558,4.598790168762207],[-3.631648457574297e-05,-2.1699137075720153e-05,1.0]]","[[0.9380274790513532,-0.015493749755651588,16.984347668879174],[-0.012119094706988041,0.9658433097334735,4.416824834087645],[-3.526578301496602e-05,-2.1708430327332727e-05,1.0]]",artifacts/masks/thread_25/perspective_strong.npz,1,paired_yolo_boxes,193,175,151,149,0.9867549668874173,0.8118938336546068,0.14332546293735504,0.9983539863012353,1.0,0.9988183095684987,1.0,0.16140346229076385,USAC_MAGSAC,SUCCESS,True,True,"[{""roi_index"":0,""area_ratio"":0.013662432948256305,""failure"":null}]",,52.639,0.03849557042121887,0.03849557042121887,0.94405198097229,0.94405198097229,0.9446913003921509,0.9446913003921509,0.03302202373743057,0.8997600674629211,0.9005805850028992,1.0,1.0,1.0,
synthetic-21-combined_moderate,synthetic_transform,thread_25.jpg,thread_25.jpg,thread,thread,combined,moderate,combined_moderate,"{""rotation_deg"":12.0,""shear_x"":0.06,""shear_y"":-0.04,""scale"":1.05,""corner_offsets_px"":[[7.12482,2.75957],[-2.21092,2.06725],[-1.77688,-1.99732],[1.87335,-4.45574]]}","[[0.9966007501373246,0.26612157256801394,-85.31062012494976],[-0.255348986482394,0.9977597725625231,78.1164694297386],[-4.215766363241233e-06,-1.6523490410317686e-05,1.0]]","[[0.9974745342994045,0.26544021983211896,-85.39913457723371],[-0.25471137828727497,0.9975724856013961,77.83103754135728],[-2.7582144066505527e-06,-1.825929765132337e-05,1.0]]",artifacts/masks/thread_25/combined_moderate.npz,1,paired_yolo_boxes,193,205,153,152,0.9934640522875817,0.7826087225707492,0.2549283504486084,0.8607767219268678,1.0,0.8614646082487397,1.0,0.32140839099884033,USAC_MAGSAC,SUCCESS,True,True,"[{""roi_index"":0,""area_ratio"":0.015503149075773602,""failure"":null}]",,51.007,0.16377043724060059,0.16377043724060059,0.9571226239204407,0.9571226239204407,0.9605377316474915,0.9605377316474915,0.050576552748680115,0.9187875390052795,0.9275339245796204,1.0,1.0,1.0,
synthetic-22-identity,synthetic_transform,thread_26.jpg,thread_26.jpg,thread,thread,identity,none,identity,"{""rotation_deg"":0.0,""scale"":1.0}","[[1.0,0.0,0.0],[0.0,1.0,0.0],[0.0,0.0,1.0]]","[[1.0,0.0,0.0],[0.0,1.0,0.0],[0.0,0.0,1.0]]",artifacts/masks/thread_26/identity.npz,1,paired_yolo_boxes,182,182,182,182,1.0,0.90296488483349,0.0,1.0,1.0,1.0,1.0,0.0,USAC_MAGSAC,SUCCESS,True,True,"[{""roi_index"":0,""area_ratio"":0.019926956511068242,""failure"":null}]",,42.978,1.0,1.0,1.0,1.0,1.0,1.0,1.0,1.0,1.0,1.0,1.0,1.0,
synthetic-22-rotation_-30,synthetic_transform,thread_26.jpg,thread_26.jpg,thread,thread,rotation,30deg,rotation_-30,"{""angle_deg"":-30}","[[0.8660254037844387,-0.49999999999999994,161.34653473686035],[0.49999999999999994,0.8660254037844387,-93.15346526313964],[0.0,0.0,1.0]]","[[0.8636353688500881,-0.49958855957502424,161.4289790038934],[0.4980811849182244,0.8635396859439842,-92.51270227728436],[-2.9919970752227273e-06,-3.2636458188576017e-06,1.0]]",artifacts/masks/thread_26/rotation_-30.npz,1,paired_yolo_boxes,182,173,142,140,0.9859154929577465,0.6181359237520474,0.22410188615322113,0.8456209150326798,1.0,0.8451518646674356,1.0,0.34818732738494873,USAC_MAGSAC,SUCCESS,True,True,"[{""roi_index"":0,""area_ratio"":0.019916816148949915,""failure"":null}]",,42.678,0.03564930707216263,0.03564930707216263,0.9569355845451355,0.9569355845451355,0.9586106538772583,0.9586106538772583,0.011857489123940468,0.918520987033844,0.926155686378479,1.0,1.0,1.0,
synthetic-22-rotation_-20,synthetic_transform,thread_26.jpg,thread_26.jpg,thread,thread,rotation,20deg,rotation_-20,"{""angle_deg"":-20}","[[0.9396926207859084,-0.3420201433256687,102.39235448636899],[0.3420201433256687,0.9396926207859084,-71.69589846639639],[0.0,0.0,1.0]]","[[0.9339790567012634,-0.3423652738071732,103.15263187167962],[0.3370041256153905,0.9357284955224584,-70.23717915268114],[-1.0919998038893078e-05,-1.964388626381408e-06,1.0]]",artifacts/masks/thread_26/rotation_-20.npz,1,paired_yolo_boxes,182,169,143,143,1.0,0.6999134935693966,0.23834656178951263,0.8758823529411764,1.0,0.876401384083045,1.0,1.042291522026062,USAC_MAGSAC,SUCCESS,True,True,"[{""roi_index"":0,""area_ratio"":0.019932846220920324,""failure"":null}]",,42.807,0.06593306362628937,0.06593306362628937,0.9575983285903931,0.9575983285903931,0.9581561088562012,0.9581561088562012,0.02551584504544735,0.9227861166000366,0.9243811368942261,1.0,1.0,1.0,
synthetic-22-rotation_-10,synthetic_transform,thread_26.jpg,thread_26.jpg,thread,thread,rotation,10deg,rotation_-10,"{""angle_deg"":-10}","[[0.984807753012208,-0.17364817766693033,48.05988807462683],[0.17364817766693033,0.984807753012208,-40.32703435784071],[0.0,0.0,1.0]]","[[0.9807104316983881,-0.1742130011284112,48.770395186632655],[0.17035328131558905,0.9831154480617588,-39.495293127961475],[-8.663743695352236e-06,1.0070662299666385e-06,1.0]]",artifacts/masks/thread_26/rotation_-10.npz,1,paired_yolo_boxes,182,172,152,151,0.993421052631579,0.6855612970760145,0.18986746668815613,0.9257977700884276,1.0,0.9265974625144175,1.0,0.8241249322891235,USAC_MAGSAC,SUCCESS,True,True,"[{""roi_index"":0,""area_ratio"":0.019933598639272722,""failure"":null}]",,41.831,0.10029271245002747,0.10029271245002747,0.9556102752685547,0.9556102752685547,0.9565612077713013,0.9565612077713013,0.052594587206840515,0.9143675565719604,0.917546272277832,1.0,1.0,1.0,
synthetic-22-rotation_+10,synthetic_transform,thread_26.jpg,thread_26.jpg,thread,thread,rotation,10deg,rotation_+10,"{""angle_deg"":10}","[[0.984807753012208,0.17364817766693033,-40.32703435784071],[-0.17364817766693033,0.984807753012208,48.05988807462683],[0.0,0.0,1.0]]","[[0.9864621075406373,0.17393727856222138,-40.70775896101704],[-0.1732629216383555,0.9857396413082525,47.88272100492134],[1.7200649623787815e-06,6.673888731928401e-07,1.0]]",artifacts/masks/thread_26/rotation_+10.npz,1,paired_yolo_boxes,182,162,147,147,1.0,0.7869731067565412,0.1385490447282791,0.9258900422914264,1.0,0.9265974625144175,1.0,0.2153414636850357,USAC_MAGSAC,SUCCESS,True,True,"[{""roi_index"":0,""area_ratio"":0.019939867597580783,""failure"":null}]",,41.785,0.09328416734933853,0.09328416734933853,0.9578835368156433,0.9578835368156433,0.9582325220108032,0.9582325220108032,0.05798199400305748,0.919654905796051,0.921317994594574,1.0,1.0,1.0,
synthetic-22-rotation_+20,synthetic_transform,thread_26.jpg,thread_26.jpg,thread,thread,rotation,20deg,rotation_+20,"{""angle_deg"":20}","[[0.9396926207859084,0.3420201433256687,-71.69589846639639],[-0.3420201433256687,0.9396926207859084,102.39235448636899],[0.0,0.0,1.0]]","[[0.9360411939382338,0.3395470684203784,-70.80075090053064],[-0.34321726068349967,0.9361187492959102,102.96961971880421],[-4.581882860659419e-06,-4.316992476343331e-06,1.0]]",artifacts/masks/thread_26/rotation_+20.npz,1,paired_yolo_boxes,182,169,140,139,0.9928571428571429,0.703884741908297,0.20494495332241058,0.8765474817377932,1.0,0.876401384083045,1.0,0.45464450120925903,USAC_MAGSAC,SUCCESS,True,True,"[{""roi_index"":0,""area_ratio"":0.019924901127676944,""failure"":null}]",,44.594,0.08653265982866287,0.08653265982866287,0.9531004428863525,0.9531004428863525,0.957814633846283,0.957814633846283,0.0366402268409729,0.90626060962677,0.9237947463989258,1.0,1.0,1.0,
synthetic-22-rotation_+30,synthetic_transform,thread_26.jpg,thread_26.jpg,thread,thread,rotation,30deg,rotation_+30,"{""angle_deg"":30}","[[0.8660254037844387,0.49999999999999994,-93.15346526313964],[-0.49999999999999994,0.8660254037844387,161.34653473686035],[0.0,0.0,1.0]]","[[0.8651911769738451,0.49735372851349446,-92.73562977247725],[-0.49989517002669664,0.8631961248449921,161.64041656883765],[-8.968609467152346e-07,-4.896334425340818e-06,1.0]]",artifacts/masks/thread_26/rotation_+30.npz,1,paired_yolo_boxes,182,174,141,141,1.0,0.6495535743584099,0.24438567459583282,0.8449288735101884,1.0,0.8451518646674356,1.0,0.4791806638240814,USAC_MAGSAC,SUCCESS,True,True,"[{""roi_index"":0,""area_ratio"":0.01993839768268009,""failure"":null}]",,42.174,0.04064927250146866,0.04064927250146866,0.9556471705436707,0.9556471705436707,0.9588997960090637,0.9588997960090637,0.016362670809030533,0.9124590754508972,0.9261342883110046,1.0,1.0,1.0,
synthetic-22-shear_x_-0.12,synthetic_transform,thread_26.jpg,thread_26.jpg,thread,thread,shear_x,12pct,shear_x_-0.12,"{""shear_x"":-0.12}","[[1.0,-0.12,30.54],[0.0,1.0,0.0],[0.0,0.0,1.0]]","[[0.9997863713466363,-0.12007981982698733,30.499578137923223],[-0.001129025392265005,0.9999783770265213,0.28003026056841024],[-2.7600332460483744e-06,1.499887064372248e-06,1.0]]",artifacts/masks/thread_26/shear_x_-0.12.npz,1,paired_yolo_boxes,182,178,153,151,0.9869281045751634,0.8421434928547513,0.22586020827293396,0.9692079969242599,1.0,0.9699846212995001,1.0,0.3029899299144745,USAC_MAGSAC,SUCCESS,True,True,"[{""roi_index"":0,""area_ratio"":0.019940413350080684,""failure"":null}]",,44.461,0.3829503655433655,0.3829503655433655,0.9786745309829712,0.9786745309829712,0.9816507697105408,0.9816507697105408,0.24742470681667328,0.95750892162323,0.9646496176719666,1.0,1.0,1.0,
synthetic-22-shear_x_+0.12,synthetic_transform,thread_26.jpg,thread_26.jpg,thread,thread,shear_x,12pct,shear_x_+0.12,"{""shear_x"":0.12}","[[1.0,0.12,-30.54],[0.0,1.0,0.0],[0.0,0.0,1.0]]","[[1.000509245054742,0.12032140785595027,-30.62614285451637],[0.0007600292543322304,1.000435642538004,-0.2022815268830162],[1.6299111340709377e-06,4.8380159441476796e-08,1.0]]",artifacts/masks/thread_26/shear_x_+0.12.npz,1,paired_yolo_boxes,182,183,160,159,0.99375,0.8188029277981103,0.19175997376441956,0.9700961168781238,1.0,0.9699846212995001,1.0,0.17852318286895752,USAC_MAGSAC,SUCCESS,True,True,"[{""roi_index"":0,""area_ratio"":0.019918086514653374,""failure"":null}]",,38.835,0.38920658826828003,0.38920658826828003,0.9816100597381592,0.9816100597381592,0.9817336201667786,0.9817336201667786,0.24655897915363312,0.9646027088165283,0.9648594856262207,1.0,1.0,1.0,
synthetic-22-shear_y_-0.12,synthetic_transform,thread_26.jpg,thread_26.jpg,thread,thread,shear_y,12pct,shear_y_-0.12,"{""shear_y"":-0.12}","[[1.0,0.0,0.0],[-0.12,1.0,30.54],[0.0,0.0,1.0]]","[[1.0003941324081498,-0.0006460471313668343,-0.0594337824780449],[-0.12018629000027459,0.999292070275082,30.69554616790674],[-1.7243053444461807e-07,-1.0545164320280918e-06,1.0]]",artifacts/masks/thread_26/shear_y_-0.12.npz,1,paired_yolo_boxes,182,173,153,151,0.9869281045751634,0.74857344107552,0.24854879081249237,0.9699923106497501,1.0,0.9699923106497501,1.0,0.22230300307273865,USAC_MAGSAC,SUCCESS,True,True,"[{""roi_index"":0,""area_ratio"":0.019940118595566752,""failure"":null}]",,40.552,0.38452693819999695,0.38452693819999695,0.9794318079948425,0.9794318079948425,0.9815614223480225,0.9815614223480225,0.21705010533332825,0.9576643109321594,0.9627694487571716,1.0,1.0,1.0,
synthetic-22-shear_y_+0.12,synthetic_transform,thread_26.jpg,thread_26.jpg,thread,thread,shear_y,12pct,shear_y_+0.12,"{""shear_y"":0.12}","[[1.0,0.0,0.0],[0.12,1.0,-30.54],[0.0,0.0,1.0]]","[[0.9964178592857652,-0.00024152854551431435,0.6491953114927552],[0.11862821748040032,0.9982310253568685,-30.010408588064],[-3.853588132108429e-06,-8.609083209940602e-07,1.0]]",artifacts/masks/thread_26/shear_y_+0.12.npz,1,paired_yolo_boxes,182,181,146,145,0.9931506849315068,0.8139586583509043,0.25245895981788635,0.9702114571318724,1.0,0.9700153787004998,1.0,0.4585229754447937,USAC_MAGSAC,SUCCESS,True,True,"[{""roi_index"":0,""area_ratio"":0.019896299305829993,""failure"":null}]",,43.43,0.38040485978126526,0.38040485978126526,0.9799351692199707,0.9799351692199707,0.9815510511398315,0.9815510511398315,0.2130676805973053,0.9585871696472168,0.9626628160476685,1.0,1.0,1.0,
synthetic-22-scale_0.85,synthetic_transform,thread_26.jpg,thread_26.jpg,thread,thread,scale,0.85x,scale_0.85,"{""scale"":0.85}","[[0.85,0.0,38.175000000000004],[0.0,0.85,38.175000000000004],[0.0,0.0,1.0]]","[[0.8534182613683071,0.0005559277410890417,37.638100285189395],[-0.0014535869673184575,0.854062710281671,37.851977766179736],[9.34714504243107e-07,5.620545981729792e-06,1.0]]",artifacts/masks/thread_26/scale_0.85.npz,1,paired_yolo_boxes,182,154,106,104,0.9811320754716981,0.7660971417057618,0.6707848310470581,0.9983929257977701,1.0,1.0,1.0,0.7979863286018372,USAC_MAGSAC,SUCCESS,True,True,"[{""roi_index"":0,""area_ratio"":0.014441218702872264,""failure"":null}]",,41.871,0.20062322914600372,0.20062322914600372,0.9377295970916748,0.9377295970916748,0.9420474171638489,0.9420474171638489,0.033055078238248825,0.8792775869369507,0.892753005027771,1.0,1.0,1.0,
synthetic-22-scale_1.15,synthetic_transform,thread_26.jpg,thread_26.jpg,thread,thread,scale,1.15x,scale_1.15,"{""scale"":1.15}","[[1.15,0.0,-38.174999999999976],[0.0,1.15,-38.174999999999976],[0.0,0.0,1.0]]","[[1.149030294572782,-0.0006199642260633575,-38.00114991998709],[-0.0016761865866636028,1.1482955822002425,-37.482699739424916],[-1.3241706902961466e-06,-2.4972924578095224e-06,1.0]]",artifacts/masks/thread_26/scale_1.15.npz,1,paired_yolo_boxes,182,186,112,109,0.9732142857142857,0.8303652623725613,0.5701204538345337,0.7568281430219147,1.0,0.7579238754325259,1.0,0.47323131561279297,USAC_MAGSAC,SUCCESS,True,True,"[{""roi_index"":0,""area_ratio"":0.026371794896469205,""failure"":null}]",,47.339,0.24004943668842316,0.24004943668842316,0.9663460850715637,0.9663460850715637,0.9678092002868652,0.9678092002868652,0.049907077103853226,0.9342761635780334,0.9383650422096252,1.0,1.0,1.0,
synthetic-22-perspective_light,synthetic_transform,thread_26.jpg,thread_26.jpg,thread,thread,perspective,light,perspective_light,"{""corner_offsets_px"":[[2.34877,2.35799],[-1.7872,0.17382],[-1.15275,-1.80022],[0.92684,-1.32141]],""amount_fraction"":0.02}","[[0.9885188810373239,-0.002800954499177017,2.3487699031829834],[-0.004292250137939964,0.9887294152752264,2.357990026473999],[-6.6154473343539795e-06,-7.961530723706118e-06,1.0]]","[[0.9882356900546364,-0.0027772817566755776,2.381711222207069],[-0.004217054929591267,0.9887253784655712,2.3319748308367285],[-7.0871541407100116e-06,-7.67524513974938e-06,1.0]]",artifacts/masks/thread_26/perspective_light.npz,1,paired_yolo_boxes,182,172,154,153,0.9935064935064936,0.8509125563802141,0.07113595306873322,0.9999846212995002,1.0,0.9999807766243752,1.0,0.062044546008110046,USAC_MAGSAC,SUCCESS,True,True,"[{""roi_index"":0,""area_ratio"":0.019708482410159604,""failure"":null}]",,42.728,0.7169394493103027,0.7169394493103027,0.9474676847457886,0.9474676847457886,0.9481608271598816,0.9481608271598816,0.42552676796913147,0.9021790623664856,0.9034296274185181,1.0,1.0,1.0,
synthetic-22-perspective_moderate,synthetic_transform,thread_26.jpg,thread_26.jpg,thread,thread,perspective,moderate,perspective_moderate,"{""corner_offsets_px"":[[3.84753,2.44046],[-2.27879,1.67785],[-4.7495,-4.60424],[3.20398,-3.06876]],""amount_fraction"":0.055}","[[0.9895056673795253,-0.001241338679018117,3.847529888153076],[-0.0014931467439199028,0.9928087315820096,2.440459966659546],[3.04237471064225e-06,7.179510814417373e-06,1.0]]","[[0.9894263660090751,-0.0012870695637234115,3.8648453951576762],[-0.0019506162111250687,0.9929482005286989,2.470967799042186],[1.915771836472644e-06,7.803471929232e-06,1.0]]",artifacts/masks/thread_26/perspective_moderate.npz,1,paired_yolo_boxes,182,167,153,153,1.0,0.8478700704212727,0.09624414145946503,0.9995386389850057,1.0,0.9999423298731257,1.0,0.12782131135463715,USAC_MAGSAC,SUCCESS,True,True,"[{""roi_index"":0,""area_ratio"":0.019419757775837567,""failure"":null}]",,46.019,0.796005129814148,0.796005129814148,0.9523711204528809,0.9523711204528809,0.9521564841270447,0.9521564841270447,0.5830764770507812,0.911943793296814,0.9115065336227417,1.0,1.0,1.0,
synthetic-22-perspective_strong,synthetic_transform,thread_26.jpg,thread_26.jpg,thread,thread,perspective,strong,perspective_strong,"{""corner_offsets_px"":[[12.96708,6.94988],[-8.92783,6.29885],[-13.20817,-6.79808],[4.87132,-5.13388]],""amount_fraction"":0.1}","[[0.9589661154426026,-0.015979439075201114,12.967080116271973],[-0.0012540768488288417,0.9685836179831286,6.949880123138428],[3.962723913967647e-06,-1.5234570591950184e-05,1.0]]","[[0.9591214515222221,-0.01603967370276552,12.960915362375472],[-0.0012883481755855343,0.9687801469107304,6.910576666920537],[3.782731953176465e-06,-1.477603773600143e-05,1.0]]",artifacts/masks/thread_26/perspective_strong.npz,1,paired_yolo_boxes,182,168,153,152,0.9934640522875817,0.8285565362879079,0.17612379789352417,0.999600153787005,1.0,0.9998577470203768,1.0,0.06989288330078125,USAC_MAGSAC,SUCCESS,True,True,"[{""roi_index"":0,""area_ratio"":0.018689742821809144,""failure"":null}]",,45.834,0.3458685874938965,0.3458685874938965,0.9502487182617188,0.9502487182617188,0.9503132700920105,0.9503132700920105,0.15952230989933014,0.9061702489852905,0.9064829349517822,1.0,1.0,1.0,
synthetic-22-combined_moderate,synthetic_transform,thread_26.jpg,thread_26.jpg,thread,thread,combined,moderate,combined_moderate,"{""rotation_deg"":12.0,""shear_x"":0.06,""shear_y"":-0.04,""scale"":1.05,""corner_offsets_px"":[[2.46079,1.5247],[-0.47437,2.24051],[-2.10015,-3.30185],[2.94014,-1.48205]]}","[[1.01321621715786,0.280779281600256,-72.23749797920091],[-0.2575543148794789,1.017205978575765,62.67830844530972],[7.927788645990503e-06,1.11704621084734e-05,1.0]]","[[1.009423573762436,0.27939515689200994,-71.41532732574771],[-0.25887145849707704,1.0137812969614075,63.37481764012651],[4.324942254929177e-06,7.362114264472875e-06,1.0]]",artifacts/masks/thread_26/combined_moderate.npz,1,paired_yolo_boxes,182,173,155,154,0.9935483870967742,0.790746707536698,0.23442968726158142,0.8597154940407535,1.0,0.8592887351018839,1.0,0.5079336166381836,USAC_MAGSAC,SUCCESS,True,True,"[{""roi_index"":0,""area_ratio"":0.021625568734072217,""failure"":null}]",,48.35,0.05933209881186485,0.05933209881186485,0.9595184922218323,0.9595184922218323,0.9602172374725342,0.9602172374725342,0.017382415011525154,0.9231365919113159,0.9264422059059143,1.0,1.0,1.0,
synthetic-23-identity,synthetic_transform,thread_27.jpg,thread_27.jpg,thread,thread,identity,none,identity,"{""rotation_deg"":0.0,""scale"":1.0}","[[1.0,0.0,0.0],[0.0,1.0,0.0],[0.0,0.0,1.0]]","[[1.0,0.0,0.0],[0.0,1.0,0.0],[0.0,0.0,1.0]]",artifacts/masks/thread_27/identity.npz,1,paired_yolo_boxes,337,337,337,337,1.0,0.851061398146534,0.0,1.0,1.0,1.0,1.0,0.0,USAC_MAGSAC,SUCCESS,True,True,"[{""roi_index"":0,""area_ratio"":0.01950528553968517,""failure"":null}]",,80.965,1.0,1.0,1.0,1.0,1.0,1.0,1.0,1.0,1.0,1.0,1.0,1.0,
synthetic-23-rotation_-30,synthetic_transform,thread_27.jpg,thread_27.jpg,thread,thread,rotation,30deg,rotation_-30,"{""angle_deg"":-30}","[[0.8660254037844387,-0.49999999999999994,234.57060059975765],[0.49999999999999994,0.8660254037844387,-135.4293994002423],[0.0,0.0,1.0]]","[[0.8670537339036009,-0.4998746423335329,234.38405384032066],[0.5012418291212466,0.8664328543604743,-135.731854236849],[2.200935113889975e-06,-3.854147637362078e-07,1.0]]",artifacts/masks/thread_27/rotation_-30.npz,1,paired_yolo_boxes,337,294,236,232,0.9830508474576272,0.7028985673118934,0.21988824009895325,0.8453033341164601,1.0,0.8452978704417017,1.0,0.4225251078605652,USAC_MAGSAC,SUCCESS,True,True,"[{""roi_index"":0,""area_ratio"":0.01949554275846684,""failure"":null}]",,76.353,0.08194638788700104,0.08194638788700104,0.9606741666793823,0.9606741666793823,0.9614025950431824,0.9614025950431824,0.011963427066802979,0.9287921786308289,0.9312179088592529,1.0,1.0,1.0,
synthetic-23-rotation_-20,synthetic_transform,thread_27.jpg,thread_27.jpg,thread,thread,rotation,20deg,rotation_-20,"{""angle_deg"":-20}","[[0.9396926207859084,-0.3420201433256687,148.86118333971132],[0.3420201433256687,0.9396926207859084,-104.23372272128354],[0.0,0.0,1.0]]","[[0.9409663680941028,-0.34186242969383746,148.6803394271819],[0.3429251627550854,0.9407242302638525,-104.53882061638816],[2.0992824830641675e-06,6.956217937256138e-07,1.0]]",artifacts/masks/thread_27/rotation_-20.npz,1,paired_yolo_boxes,337,303,237,236,0.9957805907172996,0.6726494670859754,0.16384220123291016,0.876812346447974,1.0,0.8764553863637605,1.0,0.44492387771606445,USAC_MAGSAC,SUCCESS,True,True,"[{""roi_index"":0,""area_ratio"":0.01949025866558732,""failure"":null}]",,73.765,0.1208045706152916,0.1208045706152916,0.9601319432258606,0.9601319432258606,0.9604231119155884,0.9604231119155884,0.025612663477659225,0.9280036687850952,0.9291895627975464,1.0,1.0,1.0,
synthetic-23-rotation_-10,synthetic_transform,thread_27.jpg,thread_27.jpg,thread,thread,rotation,10deg,rotation_-10,"{""angle_deg"":-10}","[[0.984807753012208,-0.17364817766693033,69.87095712224726],[0.17364817766693033,0.984807753012208,-58.62869435128119],[0.0,0.0,1.0]]","[[0.9854821501706225,-0.17360063346635343,69.74763001277424],[0.17395515625327018,0.9849846732510862,-58.66304259351009],[9.433434397574411e-07,6.656219646188171e-08,1.0]]",artifacts/masks/thread_27/rotation_-10.npz,1,paired_yolo_boxes,337,298,257,254,0.9883268482490273,0.7651021181493036,0.09351976215839386,0.9266720210679299,1.0,0.9265463565484874,1.0,0.18838784098625183,USAC_MAGSAC,SUCCESS,True,True,"[{""roi_index"":0,""area_ratio"":0.019500205327325038,""failure"":null}]",,75.067,0.1825772225856781,0.1825772225856781,0.959438681602478,0.959438681602478,0.9594874382019043,0.9594874382019043,0.06898335367441177,0.9249285459518433,0.9250016212463379,1.0,1.0,1.0,
synthetic-23-rotation_+10,synthetic_transform,thread_27.jpg,thread_27.jpg,thread,thread,rotation,10deg,rotation_+10,"{""angle_deg"":10}","[[0.984807753012208,0.17364817766693033,-58.62869435128119],[-0.17364817766693033,0.984807753012208,69.87095712224726],[0.0,0.0,1.0]]","[[0.9855988251521852,0.17392500909495923,-58.73940582725736],[-0.17358764054996575,0.9856222558552952,69.82515200746487],[7.532293021945756e-07,1.119469582079003e-06,1.0]]",artifacts/masks/thread_27/rotation_+10.npz,1,paired_yolo_boxes,337,326,264,264,1.0,0.8483750440890446,0.11016272753477097,0.9267867582378556,1.0,0.9265463565484874,1.0,0.21842972934246063,USAC_MAGSAC,SUCCESS,True,True,"[{""roi_index"":0,""area_ratio"":0.019495067984086515,""failure"":null}]",,75.548,0.1929624378681183,0.1929624378681183,0.9597059488296509,0.9597059488296509,0.9600778222084045,0.9600778222084045,0.07242458313703537,0.9240294694900513,0.9249123930931091,1.0,1.0,1.0,
synthetic-23-rotation_+20,synthetic_transform,thread_27.jpg,thread_27.jpg,thread,thread,rotation,20deg,rotation_+20,"{""angle_deg"":20}","[[0.9396926207859084,0.3420201433256687,-104.23372272128354],[-0.3420201433256687,0.9396926207859084,148.86118333971132],[0.0,0.0,1.0]]","[[0.9429252837706444,0.34182451329378544,-104.6836148915173],[-0.34004099846992625,0.9398162824558338,148.59252055994006],[5.868706509204257e-06,-1.4470614425436533e-06,1.0]]",artifacts/masks/thread_27/rotation_+20.npz,1,paired_yolo_boxes,337,313,252,250,0.9920634920634921,0.6329065761081328,0.18467006087303162,0.8768542346211214,1.0,0.8764553863637605,1.0,1.0713305473327637,USAC_MAGSAC,SUCCESS,True,True,"[{""roi_index"":0,""area_ratio"":0.019482465745496537,""failure"":null}]",,78.888,0.13602875173091888,0.13602875173091888,0.9560204148292542,0.9560204148292542,0.9604904651641846,0.9604904651641846,0.027278132736682892,0.9154136776924133,0.9291131496429443,1.0,1.0,1.0,
synthetic-23-rotation_+30,synthetic_transform,thread_27.jpg,thread_27.jpg,thread,thread,rotation,30deg,rotation_+30,"{""angle_deg"":30}","[[0.8660254037844387,0.49999999999999994,-135.4293994002423],[-0.49999999999999994,0.8660254037844387,234.57060059975765],[0.0,0.0,1.0]]","[[0.8692285756942532,0.499674537736002,-135.88073999768332],[-0.4986190695922718,0.8661317038101097,234.40695714368644],[5.0169539311481624e-06,-1.1041020619193095e-06,1.0]]",artifacts/masks/thread_27/rotation_+30.npz,1,paired_yolo_boxes,337,306,247,246,0.9959514170040485,0.5828134699576281,0.2551053762435913,0.8455619480550228,1.0,0.8452978704417017,1.0,0.9112321734428406,USAC_MAGSAC,SUCCESS,True,True,"[{""roi_index"":0,""area_ratio"":0.019490573577527807,""failure"":null}]",,84.361,0.08216740190982819,0.08216740190982819,0.954150378704071,0.954150378704071,0.9615148901939392,0.9615148901939392,0.01709837280213833,0.9077081084251404,0.9306744337081909,1.0,1.0,1.0,
synthetic-23-shear_x_-0.12,synthetic_transform,thread_27.jpg,thread_27.jpg,thread,thread,shear_x,12pct,shear_x_-0.12,"{""shear_x"":-0.12}","[[1.0,-0.12,44.4],[0.0,1.0,0.0],[0.0,0.0,1.0]]","[[1.0004946049380208,-0.12026577137492411,44.399429435582825],[8.859019104892777e-05,1.0004757272863012,-0.1176422167131589],[9.519080436239228e-07,-2.6971855975712635e-07,1.0]]",artifacts/masks/thread_27/shear_x_-0.12.npz,1,paired_yolo_boxes,337,328,275,273,0.9927272727272727,0.7807495304434667,0.16131722927093506,0.9699843921024403,1.0,0.9700044255765543,1.0,0.2356228083372116,USAC_MAGSAC,SUCCESS,True,True,"[{""roi_index"":0,""area_ratio"":0.01950982921590512,""failure"":null}]",,79.175,0.37762096524238586,0.37762096524238586,0.9758456945419312,0.9758456945419312,0.9762630462646484,0.9762630462646484,0.2720698118209839,0.9542475342750549,0.9549486041069031,1.0,1.0,1.0,
synthetic-23-shear_x_+0.12,synthetic_transform,thread_27.jpg,thread_27.jpg,thread,thread,shear_x,12pct,shear_x_+0.12,"{""shear_x"":0.12}","[[1.0,0.12,-44.4],[0.0,1.0,0.0],[0.0,0.0,1.0]]","[[0.9995859544592762,0.1197982248024563,-44.25452079883291],[0.00012714142312002903,0.999478910033205,0.05217922963862683],[-4.826993973098483e-07,-7.073289068238664e-08,1.0]]",artifacts/masks/thread_27/shear_x_+0.12.npz,1,paired_yolo_boxes,337,311,259,256,0.9884169884169884,0.8586077852054446,0.1796337217092514,0.9700117104762321,1.0,0.9700044255765543,1.0,0.17112164199352264,USAC_MAGSAC,SUCCESS,True,True,"[{""roi_index"":0,""area_ratio"":0.019498083505763243,""failure"":null}]",,80.34,0.3827177882194519,0.3827177882194519,0.9753571152687073,0.9753571152687073,0.9762848019599915,0.9762848019599915,0.27480560541152954,0.9530454874038696,0.9552187323570251,1.0,1.0,1.0,
synthetic-23-shear_y_-0.12,synthetic_transform,thread_27.jpg,thread_27.jpg,thread,thread,shear_y,12pct,shear_y_-0.12,"{""shear_y"":-0.12}","[[1.0,0.0,0.0],[-0.12,1.0,44.4],[0.0,0.0,1.0]]","[[1.0006460907871257,-9.490199944612122e-05,-0.09956785816493002],[-0.12021163025287225,1.0004828120636897,44.412606576906995],[6.026172513672001e-07,1.0047424311057541e-07,1.0]]",artifacts/masks/thread_27/shear_y_-0.12.npz,1,paired_yolo_boxes,337,341,287,287,1.0,0.7743645463234515,0.16261908411979675,0.969787699811139,1.0,0.9700044255765543,1.0,0.18890219926834106,USAC_MAGSAC,SUCCESS,True,True,"[{""roi_index"":0,""area_ratio"":0.019512039164716794,""failure"":null}]",,73.198,0.44052034616470337,0.44052034616470337,0.9867690801620483,0.9867690801620483,0.9869332909584045,0.9869332909584045,0.21483798325061798,0.9765085577964783,0.9769824743270874,1.0,1.0,1.0,
synthetic-23-shear_y_+0.12,synthetic_transform,thread_27.jpg,thread_27.jpg,thread,thread,shear_y,12pct,shear_y_+0.12,"{""shear_y"":0.12}","[[1.0,0.0,0.0],[0.12,1.0,-44.4],[0.0,0.0,1.0]]","[[1.0001008585681215,0.00013502539763777767,-0.016795355374395762],[0.12010931606402854,0.9999182205197724,-44.369280816108066],[2.400110968723624e-07,3.55044766221826e-07,1.0]]",artifacts/masks/thread_27/shear_y_+0.12.npz,1,paired_yolo_boxes,337,306,266,265,0.9962406015037594,0.8025558582454053,0.18149004876613617,0.9701974754180166,1.0,0.9700044255765543,1.0,0.18227025866508484,USAC_MAGSAC,SUCCESS,True,True,"[{""roi_index"":0,""area_ratio"":0.01949245494672488,""failure"":null}]",,95.376,0.439694344997406,0.439694344997406,0.9862332344055176,0.9862332344055176,0.9870195984840393,0.9870195984840393,0.21385186910629272,0.9753760695457458,0.9772383570671082,1.0,1.0,1.0,
synthetic-23-scale_0.85,synthetic_transform,thread_27.jpg,thread_27.jpg,thread,thread,scale,0.85x,scale_0.85,"{""scale"":0.85}","[[0.85,0.0,55.50000000000001],[0.0,0.85,55.50000000000001],[0.0,0.0,1.0]]","[[0.8505303246739319,0.0011869951472955973,55.37682981798042],[-6.918163674560372e-06,0.8518014805076721,55.37758204824642],[3.4173561254555085e-07,2.9256858385812055e-06,1.0]]",artifacts/masks/thread_27/scale_0.85.npz,1,paired_yolo_boxes,337,324,153,150,0.9803921568627451,0.7097658878350253,0.49618425965309143,0.9982188420287718,1.0,1.0,1.0,0.42751312255859375,USAC_MAGSAC,SUCCESS,True,True,"[{""roi_index"":0,""area_ratio"":0.014074457594528866,""failure"":null}]",,83.605,0.16612884402275085,0.16612884402275085,0.9412709474563599,0.9412709474563599,0.9441049098968506,0.9441049098968506,0.035615358501672745,0.8856069445610046,0.8942954540252686,1.0,1.0,1.0,
synthetic-23-scale_1.15,synthetic_transform,thread_27.jpg,thread_27.jpg,thread,thread,scale,1.15x,scale_1.15,"{""scale"":1.15}","[[1.15,0.0,-55.499999999999964],[0.0,1.15,-55.499999999999964],[0.0,0.0,1.0]]","[[1.148827924995814,-3.214815538779071e-05,-55.26950028689102],[0.00022806080715885338,1.1494511403119543,-55.4699882830895],[-6.282810854716007e-07,-1.0353044164763622e-06,1.0]]",artifacts/masks/thread_27/scale_1.15.npz,1,paired_yolo_boxes,337,339,194,194,1.0,0.7817010714021705,0.5039288997650146,0.7563783849741659,1.0,0.7576750971168188,1.0,0.4180877208709717,USAC_MAGSAC,SUCCESS,True,True,"[{""roi_index"":0,""area_ratio"":0.02580399072009262,""failure"":null}]",,95.871,0.21970917284488678,0.21970917284488678,0.9655160307884216,0.9655160307884216,0.9686097502708435,0.9686097502708435,0.04302064701914787,0.9313202500343323,0.9399869441986084,1.0,1.0,1.0,
synthetic-23-perspective_light,synthetic_transform,thread_27.jpg,thread_27.jpg,thread,thread,perspective,light,perspective_light,"{""corner_offsets_px"":[[1.59168,0.17677],[-2.10355,0.83792],[-0.58376,-0.61195],[3.23995,-3.45761]],""amount_fraction"":0.02}","[[0.992056312700284,0.0022281823287468652,1.5916800498962402],[0.0008900959678509629,0.9952684398317436,0.17677000164985657],[-3.997982562717289e-06,2.4401091301803905e-07,1.0]]","[[0.9919013124484324,0.0021929188055629417,1.6106311188285918],[0.0008630078419944019,0.9951800313283063,0.1808483196507854],[-4.085172021044346e-06,1.9002679471047303e-07,1.0]]",artifacts/masks/thread_27/perspective_light.npz,1,paired_yolo_boxes,337,317,283,282,0.9964664310954063,0.8344912398710417,0.06156731769442558,0.9999854302006443,1.0,0.9999890726504833,1.0,0.03696184605360031,USAC_MAGSAC,SUCCESS,True,True,"[{""roi_index"":0,""area_ratio"":0.019334661909894277,""failure"":null}]",,76.532,0.8276267051696777,0.8276267051696777,0.9722984433174133,0.9722984433174133,0.9718675017356873,0.9718675017356873,0.6542174220085144,0.9487761855125427,0.9482172131538391,1.0,1.0,1.0,
synthetic-23-perspective_moderate,synthetic_transform,thread_27.jpg,thread_27.jpg,thread,thread,perspective,moderate,perspective_moderate,"{""corner_offsets_px"":[[9.78093,2.50459],[0.13485,-0.17462],[-6.04097,-1.6916],[1.77559,-9.92324]],""amount_fraction"":0.055}","[[0.9722166162467554,-0.010824320608610324,9.780929565429688],[-0.0036170745827249213,0.9806176969307527,2.5045900344848633],[-1.9926248043983155e-05,-3.544789105867366e-06,1.0]]","[[0.9722924183847517,-0.01081305897208832,9.766015590060883],[-0.003570987407300785,0.9806793707867849,2.4726441031070063],[-1.9899705963925956e-05,-3.411363720535872e-06,1.0]]",artifacts/masks/thread_27/perspective_moderate.npz,1,paired_yolo_boxes,337,318,279,279,1.0,0.8419692055198421,0.07629222422838211,0.9999362571278191,1.0,0.9999708604012887,1.0,0.04417538270354271,USAC_MAGSAC,SUCCESS,True,True,"[{""roi_index"":0,""area_ratio"":0.019082666354526597,""failure"":null}]",,85.456,0.3041090667247772,0.3041090667247772,0.9568913578987122,0.9568913578987122,0.9568052291870117,0.9568052291870117,0.056312937289476395,0.9200823307037354,0.919991672039032,1.0,1.0,1.0,
synthetic-23-perspective_strong,synthetic_transform,thread_27.jpg,thread_27.jpg,thread,thread,perspective,strong,perspective_strong,"{""corner_offsets_px"":[[12.70204,4.05066],[-7.02961,4.27711],[-16.38576,-3.05371],[4.92915,-4.20116]],""amount_fraction"":0.1}","[[0.972087106081069,-0.010489340094127785,12.70203971862793],[0.00029872800614530486,0.9910230344908771,4.050660133361816],[-1.7033608488226711e-06,2.9548278341743118e-06,1.0]]","[[0.9722826500752962,-0.01047089841269275,12.68677908004392],[0.0003103273917119785,0.991173219576696,4.0083484104788045],[-1.3434036963557737e-06,2.983783436462044e-06,1.0]]",artifacts/masks/thread_27/perspective_strong.npz,1,paired_yolo_boxes,337,310,271,269,0.992619926199262,0.842419289203689,0.10838045924901962,0.9999672179514498,1.0,0.9999526481520942,1.0,0.08047214895486832,USAC_MAGSAC,SUCCESS,True,True,"[{""roi_index"":0,""area_ratio"":0.01875850913985375,""failure"":null}]",,76.017,0.5094558000564575,0.5094558000564575,0.9603093862533569,0.9603093862533569,0.9609333872795105,0.9609333872795105,0.35742634534835815,0.926253616809845,0.9272318482398987,1.0,1.0,1.0,
synthetic-23-combined_moderate,synthetic_transform,thread_27.jpg,thread_27.jpg,thread,thread,combined,moderate,combined_moderate,"{""rotation_deg"":12.0,""shear_x"":0.06,""shear_y"":-0.04,""scale"":1.05,""corner_offsets_px"":[[2.80915,2.19939],[0.3345,-0.88313],[-3.4877,-4.94501],[2.95862,-2.53445]]}","[[1.0088089944855307,0.2787529861020877,-105.36553818506697],[-0.26314494431962693,1.0153368483779344,91.68536431416929],[-3.120513549828086e-06,7.09989081835006e-06,1.0]]","[[1.0101727205168756,0.2790157511738688,-105.52075994145981],[-0.2624763495189072,1.0161366640981666,91.49790226448768],[-1.193288090834217e-06,7.758508210082184e-06,1.0]]",artifacts/masks/thread_27/combined_moderate.npz,1,paired_yolo_boxes,337,322,257,254,0.9883268482490273,0.7369817335251901,0.20382453501224518,0.8574381557547975,1.0,0.8569919556495308,1.0,0.3428034782409668,USAC_MAGSAC,SUCCESS,True,True,"[{""roi_index"":0,""area_ratio"":0.02126954972079485,""failure"":null}]",,81.911,0.17081966996192932,0.17081966996192932,0.9615915417671204,0.9615915417671204,0.9636093974113464,0.9636093974113464,0.04265293478965759,0.9274989366531372,0.9332582354545593,1.0,1.0,1.0,
synthetic-24-identity,synthetic_transform,thread_28.jpg,thread_28.jpg,thread,thread,identity,none,identity,"{""rotation_deg"":0.0,""scale"":1.0}","[[1.0,0.0,0.0],[0.0,1.0,0.0],[0.0,0.0,1.0]]","[[1.0,0.0,0.0],[0.0,1.0,0.0],[0.0,0.0,1.0]]",artifacts/masks/thread_28/identity.npz,1,paired_yolo_boxes,175,175,175,175,1.0,0.7715595152660322,0.0,1.0,1.0,1.0,1.0,0.0,USAC_MAGSAC,SUCCESS,True,True,"[{""roi_index"":0,""area_ratio"":0.021646181651942417,""failure"":null}]",,61.333,1.0,1.0,1.0,1.0,1.0,1.0,1.0,1.0,1.0,1.0,1.0,1.0,
synthetic-24-rotation_-30,synthetic_transform,thread_28.jpg,thread_28.jpg,thread,thread,rotation,30deg,rotation_-30,"{""angle_deg"":-30}","[[0.8660254037844387,-0.49999999999999994,201.92090889465624],[0.49999999999999994,0.8660254037844387,-116.57909110534371],[0.0,0.0,1.0]]","[[0.8667563642482032,-0.5000192658810941,201.82022379122859],[0.5009509670015707,0.8670264047782154,-116.92299212877128],[1.125162289216988e-06,5.44889096644407e-07,1.0]]",artifacts/masks/thread_28/rotation_-30.npz,1,paired_yolo_boxes,175,180,142,141,0.9929577464788732,0.5600679124930235,0.23125404119491577,0.8448963748390838,1.0,0.8449897308399092,1.0,0.2190302014350891,USAC_MAGSAC,SUCCESS,True,True,"[{""roi_index"":0,""area_ratio"":0.021654557959022883,""failure"":null}]",,64.41,0.195696160197258,0.195696160197258,0.9684115052223206,0.9684115052223206,0.9706924557685852,0.9706924557685852,0.05116206407546997,0.9356575608253479,0.9426695108413696,1.0,1.0,1.0,
synthetic-24-rotation_-20,synthetic_transform,thread_28.jpg,thread_28.jpg,thread,thread,rotation,20deg,rotation_-20,"{""angle_deg"":-20}","[[0.9396926207859084,-0.3420201433256687,128.14131592891366],[0.3420201433256687,0.9396926207859084,-89.72551536953732],[0.0,0.0,1.0]]","[[0.9392115566228819,-0.3418578090514532,128.0652851058398],[0.3413988568792606,0.9389301334476724,-89.49812067142635],[-1.5070180966620843e-06,-7.724319589488542e-08,1.0]]",artifacts/masks/thread_28/rotation_-20.npz,1,paired_yolo_boxes,175,177,148,147,0.9932432432432432,0.6433221189299585,0.23856940865516663,0.876271361327031,1.0,0.8764654435392734,1.0,0.2601567804813385,USAC_MAGSAC,SUCCESS,True,True,"[{""roi_index"":0,""area_ratio"":0.021649633648589305,""failure"":null}]",,65.745,0.2617916166782379,0.2617916166782379,0.9691733121871948,0.9691733121871948,0.9699172377586365,0.9699172377586365,0.07202451676130295,0.9394593834877014,0.9413509368896484,1.0,1.0,1.0,
synthetic-24-rotation_-10,synthetic_transform,thread_28.jpg,thread_28.jpg,thread,thread,rotation,10deg,rotation_-10,"{""angle_deg"":-10}","[[0.984807753012208,-0.17364817766693033,60.14567525252906],[0.17364817766693033,0.984807753012208,-50.46821392130556],[0.0,0.0,1.0]]","[[0.9849132492506688,-0.17338446778036998,60.04976504969496],[0.17344116750100286,0.9849105921307283,-50.43470018806022],[-8.779280014621638e-07,8.986086948617522e-07,1.0]]",artifacts/masks/thread_28/rotation_-10.npz,1,paired_yolo_boxes,175,176,147,146,0.9931972789115646,0.8048728535423652,0.136964350938797,0.9262708699796582,1.0,0.9265337408240878,1.0,0.21342375874519348,USAC_MAGSAC,SUCCESS,True,True,"[{""roi_index"":0,""area_ratio"":0.021649458139012385,""failure"":null}]",,63.674,0.4101868271827698,0.4101868271827698,0.968680202960968,0.968680202960968,0.9688170552253723,0.9688170552253723,0.1615796983242035,0.9359927773475647,0.9365198016166687,1.0,1.0,1.0,
synthetic-24-rotation_+10,synthetic_transform,thread_28.jpg,thread_28.jpg,thread,thread,rotation,10deg,rotation_+10,"{""angle_deg"":10}","[[0.984807753012208,0.17364817766693033,-50.46821392130556],[-0.17364817766693033,0.984807753012208,60.14567525252906],[0.0,0.0,1.0]]","[[0.986645502099794,0.17335288905753302,-50.778952259089216],[-0.17237582968730722,0.9844872216460931,60.03027296494942],[3.032518342831962e-06,-1.199179787099539e-06,1.0]]",artifacts/masks/thread_28/rotation_+10.npz,1,paired_yolo_boxes,175,178,152,149,0.9802631578947368,0.7188941583273982,0.148561030626297,0.9264772358762198,1.0,0.9265337408240878,1.0,0.4711593985557556,USAC_MAGSAC,SUCCESS,True,True,"[{""roi_index"":0,""area_ratio"":0.02164264464443592,""failure"":null}]",,69.515,0.3995587229728699,0.3995587229728699,0.9689465165138245,0.9689465165138245,0.9690528512001038,0.9690528512001038,0.15394149720668793,0.93663489818573,0.9367440938949585,1.0,1.0,1.0,
synthetic-24-rotation_+20,synthetic_transform,thread_28.jpg,thread_28.jpg,thread,thread,rotation,20deg,rotation_+20,"{""angle_deg"":20}","[[0.9396926207859084,0.3420201433256687,-89.72551536953732],[-0.3420201433256687,0.9396926207859084,128.14131592891366],[0.0,0.0,1.0]]","[[0.9383579818643384,0.34117862966081564,-89.52875451868908],[-0.34269658049667345,0.9376405036795823,128.5436687549768],[-3.2895200061289882e-06,-1.1518143476658515e-06,1.0]]",artifacts/masks/thread_28/rotation_+20.npz,1,paired_yolo_boxes,175,167,142,138,0.971830985915493,0.6296569724715139,0.22398751974105835,0.8757701870068101,1.0,0.8764654435392734,1.0,0.5589934587478638,USAC_MAGSAC,SUCCESS,True,True,"[{""roi_index"":0,""area_ratio"":0.021659588813188912,""failure"":null}]",,79.139,0.25908318161964417,0.25908318161964417,0.9698588848114014,0.9698588848114014,0.9705183506011963,0.9705183506011963,0.06878449022769928,0.9394763708114624,0.9416521191596985,1.0,1.0,1.0,
synthetic-24-rotation_+30,synthetic_transform,thread_28.jpg,thread_28.jpg,thread,thread,rotation,30deg,rotation_+30,"{""angle_deg"":30}","[[0.8660254037844387,0.49999999999999994,-116.57909110534371],[-0.49999999999999994,0.8660254037844387,201.92090889465624],[0.0,0.0,1.0]]","[[0.8635488884172426,0.49779762476500905,-115.89019323725438],[-0.5014693632520669,0.863154011359117,202.5127972008088],[-5.2620124693914385e-06,-1.9692765748388268e-06,1.0]]",artifacts/masks/thread_28/rotation_+30.npz,1,paired_yolo_boxes,175,166,134,132,0.9850746268656716,0.6687038169501187,0.3583679795265198,0.8440561708316545,1.0,0.8449897308399092,1.0,0.8961247801780701,USAC_MAGSAC,SUCCESS,True,True,"[{""roi_index"":0,""area_ratio"":0.021667289929672578,""failure"":null}]",,118.685,0.20350681245326996,0.20350681245326996,0.9683144688606262,0.9683144688606262,0.9703351855278015,0.9703351855278015,0.04269350320100784,0.9353264570236206,0.9414987564086914,1.0,1.0,1.0,
synthetic-24-shear_x_-0.12,synthetic_transform,thread_28.jpg,thread_28.jpg,thread,thread,shear_x,12pct,shear_x_-0.12,"{""shear_x"":-0.12}","[[1.0,-0.12,38.22],[0.0,1.0,0.0],[0.0,0.0,1.0]]","[[0.9977600448253862,-0.12042950367607827,38.50911094812867],[0.00021483622992364665,0.9980643794841451,0.002842052018075619],[-3.1355223748919942e-06,-2.4207905551641956e-06,1.0]]",artifacts/masks/thread_28/shear_x_-0.12.npz,1,paired_yolo_boxes,175,179,154,153,0.9935064935064936,0.8184286336491008,0.28242188692092896,0.9684825227739507,1.0,0.9699835889977496,1.0,0.5398814082145691,USAC_MAGSAC,SUCCESS,True,True,"[{""roi_index"":0,""area_ratio"":0.021673303058425512,""failure"":null}]",,81.709,0.5715177059173584,0.5715177059173584,0.9840279221534729,0.9840279221534729,0.9851284027099609,0.9851284027099609,0.3171219825744629,0.967025101184845,0.9696080684661865,1.0,1.0,1.0,
synthetic-24-shear_x_+0.12,synthetic_transform,thread_28.jpg,thread_28.jpg,thread,thread,shear_x,12pct,shear_x_+0.12,"{""shear_x"":0.12}","[[1.0,0.12,-38.22],[0.0,1.0,0.0],[0.0,0.0,1.0]]","[[0.9962806684199178,0.11919570438716108,-37.73171280323209],[-0.0007572538462481734,0.9969008786981534,0.3132299577638144],[-5.862703467249479e-06,-3.11458590881641e-06,1.0]]",artifacts/masks/thread_28/shear_x_+0.12.npz,1,paired_yolo_boxes,175,184,155,155,1.0,0.7907335493992984,0.25057828426361084,0.9681631469816531,1.0,0.9699835889977496,1.0,0.8717043995857239,USAC_MAGSAC,SUCCESS,True,True,"[{""roi_index"":0,""area_ratio"":0.021679491859092855,""failure"":null}]",,75.982,0.5660755634307861,0.5660755634307861,0.9839602112770081,0.9839602112770081,0.9850164651870728,0.9850164651870728,0.31194305419921875,0.9662096500396729,0.9697144031524658,1.0,1.0,1.0,
synthetic-24-shear_y_-0.12,synthetic_transform,thread_28.jpg,thread_28.jpg,thread,thread,shear_y,12pct,shear_y_-0.12,"{""shear_y"":-0.12}","[[1.0,0.0,0.0],[-0.12,1.0,38.22],[0.0,0.0,1.0]]","[[1.0019063062353075,-0.0007707257213428723,-0.09071616501986951],[-0.1183412333980798,0.9996182898320558,38.05098522004619],[4.644115240521771e-06,-2.1386324792473166e-06,1.0]]",artifacts/masks/thread_28/shear_y_-0.12.npz,1,paired_yolo_boxes,175,176,155,153,0.9870967741935484,0.7617257494233554,0.252966970205307,0.9701236229989878,1.0,0.9699762187871581,1.0,0.6779563426971436,USAC_MAGSAC,SUCCESS,True,True,"[{""roi_index"":0,""area_ratio"":0.021631406377078766,""failure"":null}]",,75.626,0.5476176738739014,0.5476176738739014,0.9865063428878784,0.9865063428878784,0.9870116114616394,0.9870116114616394,0.26702359318733215,0.9738388657569885,0.9750224947929382,1.0,1.0,1.0,
synthetic-24-shear_y_+0.12,synthetic_transform,thread_28.jpg,thread_28.jpg,thread,thread,shear_y,12pct,shear_y_+0.12,"{""shear_y"":0.12}","[[1.0,0.0,0.0],[0.12,1.0,-38.22],[0.0,0.0,1.0]]","[[0.9994781684184864,-0.0002958834127370304,-0.015551492955260128],[0.11942914133393648,0.9987765309761263,-37.9754225389822],[-1.2405067238313914e-06,-1.2841027318137134e-06,1.0]]",artifacts/masks/thread_28/shear_y_+0.12.npz,1,paired_yolo_boxes,175,180,153,151,0.9869281045751634,0.7904442007598332,0.24244236946105957,0.9699885024714773,1.0,0.9699885024714773,1.0,0.28923389315605164,USAC_MAGSAC,SUCCESS,True,True,"[{""roi_index"":0,""area_ratio"":0.021660281106769614,""failure"":null}]",,76.706,0.5461472868919373,0.5461472868919373,0.985491931438446,0.985491931438446,0.9869767427444458,0.9869767427444458,0.26472362875938416,0.9709017276763916,0.9750943779945374,1.0,1.0,1.0,
synthetic-24-scale_0.85,synthetic_transform,thread_28.jpg,thread_28.jpg,thread,thread,scale,0.85x,scale_0.85,"{""scale"":0.85}","[[0.85,0.0,47.775000000000006],[0.0,0.85,47.775000000000006],[0.0,0.0,1.0]]","[[0.8546878083996107,0.002634212218604031,47.53089891067985],[0.001710902586291132,0.8599887753445394,46.594851045011126],[7.262049869733046e-06,1.4836491279983905e-05,1.0]]",artifacts/masks/thread_28/scale_0.85.npz,1,paired_yolo_boxes,175,200,107,104,0.9719626168224299,0.8133443229056863,0.6681375503540039,0.9983490728275076,1.0,1.0,1.0,1.7176296710968018,USAC_MAGSAC,SUCCESS,True,True,"[{""roi_index"":0,""area_ratio"":0.015557468860677614,""failure"":null}]",,73.629,0.25795096158981323,0.25795096158981323,0.9333252310752869,0.9333252310752869,0.9579326510429382,0.9579326510429382,0.0374462716281414,0.8449469208717346,0.9093673229217529,1.0,1.0,1.0,
synthetic-24-scale_1.15,synthetic_transform,thread_28.jpg,thread_28.jpg,thread,thread,scale,1.15x,scale_1.15,"{""scale"":1.15}","[[1.15,0.0,-47.77499999999997],[0.0,1.15,-47.77499999999997],[0.0,0.0,1.0]]","[[1.1513707253542889,-6.943669540271004e-05,-48.12308113006864],[0.003227552185696466,1.1467313694989723,-47.80921615903782],[4.954616421060858e-06,-4.848982218890419e-06,1.0]]",artifacts/masks/thread_28/scale_1.15.npz,1,paired_yolo_boxes,175,167,102,99,0.9705882352941176,0.8321561747541785,0.7210123538970947,0.7570188972199565,1.0,0.7540118512986311,1.0,1.0125089883804321,USAC_MAGSAC,SUCCESS,True,True,"[{""roi_index"":0,""area_ratio"":0.028585007701431648,""failure"":null}]",,71.032,0.307553231716156,0.307553231716156,0.9745962023735046,0.9745962023735046,0.9762883186340332,0.9762883186340332,0.07347079366445541,0.9447944760322571,0.9491091370582581,1.0,1.0,1.0,
synthetic-24-perspective_light,synthetic_transform,thread_28.jpg,thread_28.jpg,thread,thread,perspective,light,perspective_light,"{""corner_offsets_px"":[[0.82021,1.71937],[-0.85128,0.43517],[-0.59393,-2.46922],[0.18336,-3.17657]],""amount_fraction"":0.02}","[[0.994241042737749,-0.0010001686869726566,0.8202099800109863],[-0.002018157129787586,0.9909168882121839,1.7193700075149536],[-4.928076618397213e-06,-2.2043525572583986e-06,1.0]]","[[0.9945455426589921,-0.0006324154507865008,0.7436374642277039],[-0.002160054735117548,0.9917465105217619,1.653097218397572],[-5.371901537685498e-06,-5.248148282504735e-07,1.0]]",artifacts/masks/thread_28/perspective_light.npz,1,paired_yolo_boxes,175,176,162,161,0.9938271604938271,0.8236881411161089,0.0690685585141182,0.9997248454712513,1.0,0.9999778893682255,1.0,0.22572845220565796,USAC_MAGSAC,SUCCESS,True,True,"[{""roi_index"":0,""area_ratio"":0.021468093643024117,""failure"":null}]",,60.081,0.7307900190353394,0.7307900190353394,0.9620473980903625,0.9620473980903625,0.9622638821601868,0.9622638821601868,0.45852231979370117,0.9198649525642395,0.9197006821632385,1.0,1.0,1.0,
synthetic-24-perspective_moderate,synthetic_transform,thread_28.jpg,thread_28.jpg,thread,thread,perspective,moderate,perspective_moderate,"{""corner_offsets_px"":[[2.67536,5.36602],[0.70304,-1.1744],[-1.62899,-2.4221],[6.25612,-8.49754]],""amount_fraction"":0.055}","[[0.9769486784747875,0.005712867627595285,2.6753599643707275],[-0.010230786103763838,0.9874364478413947,5.366020202636719],[-3.129214361149554e-05,1.4638459662029374e-05,1.0]]","[[0.9756682161808985,0.005381866275557087,2.791052074435858],[-0.010261010786257586,0.9859795825238439,5.428628150435848],[-3.324945267956137e-05,1.2412747297455544e-05,1.0]]",artifacts/masks/thread_28/perspective_moderate.npz,1,paired_yolo_boxes,175,172,162,161,0.9938271604938271,0.8253129150246769,0.10799854248762131,0.9983490728275076,1.0,0.9996609703127918,1.0,0.36636650562286377,USAC_MAGSAC,SUCCESS,True,True,"[{""roi_index"":0,""area_ratio"":0.021216947896522294,""failure"":null}]",,55.038,0.7653826475143433,0.7653826475143433,0.9703283905982971,0.9703283905982971,0.9701436161994934,0.9701436161994934,0.5352292060852051,0.9368165135383606,0.9375283122062683,1.0,1.0,1.0,
synthetic-24-perspective_strong,synthetic_transform,thread_28.jpg,thread_28.jpg,thread,thread,perspective,strong,perspective_strong,"{""corner_offsets_px"":[[7.94423,15.036],[-3.70084,8.63855],[-9.23283,-2.07574],[1.8224,-4.94352]],""amount_fraction"":0.1}","[[0.9670157140713825,-0.009613478185723903,7.944230079650879],[-0.01024365212141149,0.9675702334416262,15.03600025177002],[-2.321672016443436e-05,-1.6845129851630457e-06,1.0]]","[[0.9666837692639632,-0.009593398008138269,7.974663601677558],[-0.010600946531039674,0.9678783613841728,14.995288054317903],[-2.4749073187107768e-05,-9.398048128777857e-07,1.0]]",artifacts/masks/thread_28/perspective_strong.npz,1,paired_yolo_boxes,175,175,156,154,0.9871794871794872,0.8244229756178162,0.14262136816978455,0.9991548825188432,1.0,0.9999312113678128,1.0,0.2524068355560303,USAC_MAGSAC,SUCCESS,True,True,"[{""roi_index"":0,""area_ratio"":0.020745659631555315,""failure"":null}]",,62.708,0.32351696491241455,0.32351696491241455,0.9673469066619873,0.9673469066619873,0.9675524234771729,0.9675524234771729,0.03189251571893692,0.933523952960968,0.9341362118721008,1.0,1.0,1.0,
synthetic-24-combined_moderate,synthetic_transform,thread_28.jpg,thread_28.jpg,thread,thread,combined,moderate,combined_moderate,"{""rotation_deg"":12.0,""shear_x"":0.06,""shear_y"":-0.04,""scale"":1.05,""corner_offsets_px"":[[4.61337,3.89095],[-1.58277,3.90906],[-1.94363,-2.96343],[2.81585,-6.85541]]}","[[0.997998738335147,0.27244031852316414,-87.66895710611271],[-0.25427943282731325,0.998222245443887,79.15379995450752],[-8.831118497529262e-06,-6.329732951583559e-06,1.0]]","[[1.003441082593172,0.27392382694017686,-88.75753529169104],[-0.2533929154744933,1.0011884301425726,79.03420076203895],[-2.1545610132842685e-06,-2.5087585140824715e-06,1.0]]",artifacts/masks/thread_28/combined_moderate.npz,1,paired_yolo_boxes,175,162,141,136,0.9645390070921985,0.6580076660733474,0.25593769550323486,0.8636560175312743,1.0,0.863159756684781,1.0,1.086268663406372,USAC_MAGSAC,SUCCESS,True,True,"[{""roi_index"":0,""area_ratio"":0.023350849102822074,""failure"":null}]",,64.754,0.335096150636673,0.335096150636673,0.9712346196174622,0.9712346196174622,0.9719282984733582,0.9719282984733582,0.09878510981798172,0.9417924880981445,0.9440363645553589,1.0,1.0,1.0,
synthetic-25-identity,synthetic_transform,thread_29.jpg,thread_29.jpg,thread,thread,identity,none,identity,"{""rotation_deg"":0.0,""scale"":1.0}","[[1.0,0.0,0.0],[0.0,1.0,0.0],[0.0,0.0,1.0]]","[[0.9999999999999979,-3.902519113284938e-15,8.000218762382146e-13],[9.484460568371302e-16,0.9999999999999936,7.027983747746812e-13],[4.281369411152619e-18,-1.508004700627961e-17,1.0]]",artifacts/masks/thread_29/identity.npz,1,paired_yolo_boxes,74,74,74,74,1.0,0.5680182399854226,0.0,1.0,1.0,1.0,1.0,7.561153851469438e-13,USAC_MAGSAC,SUCCESS,True,True,"[{""roi_index"":0,""area_ratio"":0.0335446610922271,""failure"":null}]",,29.067,1.0,1.0,1.0,1.0,1.0,1.0,1.0,1.0,1.0,1.0,1.0,1.0,
synthetic-25-rotation_-30,synthetic_transform,thread_29.jpg,thread_29.jpg,thread,thread,rotation,30deg,rotation_-30,"{""angle_deg"":-30}","[[0.8660254037844387,-0.49999999999999994,134.40261439769898],[0.49999999999999994,0.8660254037844387,-77.59738560230099],[0.0,0.0,1.0]]","[[0.9061232694957085,-0.5127522919413979,133.4477466190751],[0.5437154386981429,0.8930989954337144,-88.0267347329613],[0.00010175740974812763,-2.815812347714956e-06,1.0]]",artifacts/masks/thread_29/rotation_-30.npz,1,paired_yolo_boxes,74,68,61,58,0.9508196721311475,0.4570382142449473,0.6312814950942993,0.8302892733564013,1.0,0.8448941176470588,1.0,6.224936485290527,USAC_MAGSAC,SUCCESS,True,True,"[{""roi_index"":0,""area_ratio"":0.0340423494909861,""failure"":null}]",,27.85,0.16567352414131165,0.16567352414131165,0.9251081943511963,0.9251081943511963,0.967735767364502,0.967735767364502,0.024493861943483353,0.8096112012863159,0.9317104816436768,1.0,1.0,1.0,
synthetic-25-rotation_-20,synthetic_transform,thread_29.jpg,thread_29.jpg,thread,thread,rotation,20deg,rotation_-20,"{""angle_deg"":-20}","[[0.9396926207859084,-0.3420201433256687,85.29343477842919],[0.3420201433256687,0.9396926207859084,-59.72310599165436],[0.0,0.0,1.0]]","[[0.9974497228742112,-0.3387329317764188,78.84516486371732],[0.3815117465978083,0.9876272471339159,-71.68650618666942],[8.720067512538263e-05,5.641325016788424e-05,1.0]]",artifacts/masks/thread_29/rotation_-20.npz,1,paired_yolo_boxes,74,79,60,57,0.95,0.5055562137473263,0.44449856877326965,0.8584470588235295,1.0,0.8763847750865051,1.0,5.7420573234558105,USAC_MAGSAC,SUCCESS,True,True,"[{""roi_index"":0,""area_ratio"":0.03413962004923529,""failure"":null}]",,27.383,0.20434196293354034,0.20434196293354034,0.9394086003303528,0.9394086003303528,0.9678357839584351,0.9678357839584351,0.04103150591254234,0.8530633449554443,0.9319055080413818,1.0,1.0,1.0,
synthetic-25-rotation_-10,synthetic_transform,thread_29.jpg,thread_29.jpg,thread,thread,rotation,10deg,rotation_-10,"{""angle_deg"":-10}","[[0.984807753012208,-0.17364817766693033,40.03417002680113],[0.17364817766693033,0.984807753012208,-33.592657303977326],[0.0,0.0,1.0]]","[[0.9914286373842531,-0.17705014617475517,39.71622175259748],[0.17429925067793967,0.9868367303858704,-33.6383362839346],[1.4167770626276788e-05,-5.156503886679661e-06,1.0]]",artifacts/masks/thread_29/rotation_-10.npz,1,paired_yolo_boxes,74,78,65,64,0.9846153846153847,0.5711487725378985,0.27703848481178284,0.9234989619377163,1.0,0.9264996539792387,1.0,0.9579659700393677,USAC_MAGSAC,SUCCESS,True,True,"[{""roi_index"":0,""area_ratio"":0.03364287179316294,""failure"":null}]",,29.605,0.36484482884407043,0.36484482884407043,0.9629472494125366,0.9629472494125366,0.9668952822685242,0.9668952822685242,0.14637082815170288,0.9162380695343018,0.9269768595695496,1.0,1.0,1.0,
synthetic-25-rotation_+10,synthetic_transform,thread_29.jpg,thread_29.jpg,thread,thread,rotation,10deg,rotation_+10,"{""angle_deg"":10}","[[0.984807753012208,0.17364817766693033,-33.592657303977326],[-0.17364817766693033,0.984807753012208,40.03417002680113],[0.0,0.0,1.0]]","[[0.9837214994324944,0.17760418391629318,-34.03961139755068],[-0.17360614388647364,0.9870224434316026,39.7517048016608],[-5.941919467340379e-06,1.008500459178809e-05,1.0]]",artifacts/masks/thread_29/rotation_+10.npz,1,paired_yolo_boxes,74,70,65,63,0.9692307692307692,0.4817762493071211,0.1524750143289566,0.926715570934256,1.0,0.9264996539792387,1.0,0.6469454765319824,USAC_MAGSAC,SUCCESS,True,True,"[{""roi_index"":0,""area_ratio"":0.03348766488921877,""failure"":null}]",,25.282,0.3727637827396393,0.3727637827396393,0.9660034775733948,0.9660034775733948,0.9665786623954773,0.9665786623954773,0.15553909540176392,0.9252470135688782,0.9265791177749634,1.0,1.0,1.0,
synthetic-25-rotation_+20,synthetic_transform,thread_29.jpg,thread_29.jpg,thread,thread,rotation,20deg,rotation_+20,"{""angle_deg"":20}","[[0.9396926207859084,0.3420201433256687,-59.72310599165436],[-0.3420201433256687,0.9396926207859084,85.29343477842919],[0.0,0.0,1.0]]","[[0.9269194003400189,0.34659471283141735,-58.63945947334015],[-0.3439722432051048,0.9376399015117793,85.37742122993316],[-4.361705986775486e-05,2.824735322212888e-05,1.0]]",artifacts/masks/thread_29/rotation_+20.npz,1,paired_yolo_boxes,74,69,61,60,0.9836065573770492,0.5300257886425067,0.3985436260700226,0.8782671280276817,1.0,0.8763847750865051,1.0,2.8942863941192627,USAC_MAGSAC,SUCCESS,True,True,"[{""roi_index"":0,""area_ratio"":0.033273795003862246,""failure"":null}]",,30.061,0.21058127284049988,0.21058127284049988,0.9594428539276123,0.9594428539276123,0.9676941633224487,0.9676941633224487,0.046656765043735504,0.9079638123512268,0.9312476515769958,1.0,1.0,1.0,
synthetic-25-rotation_+30,synthetic_transform,thread_29.jpg,thread_29.jpg,thread,thread,rotation,30deg,rotation_+30,"{""angle_deg"":30}","[[0.8660254037844387,0.49999999999999994,-77.59738560230099],[-0.49999999999999994,0.8660254037844387,134.40261439769898],[0.0,0.0,1.0]]","[[0.8962631295213525,0.5121656420317935,-83.47695429073762],[-0.487492945861701,0.8762585734808521,132.3777866244901],[4.9849705016188214e-05,1.7275868838848726e-05,1.0]]",artifacts/masks/thread_29/rotation_+30.npz,1,paired_yolo_boxes,74,67,58,58,1.0,0.6088658035369515,0.6105190515518188,0.8437480968858132,1.0,0.8448941176470588,1.0,3.867323637008667,USAC_MAGSAC,SUCCESS,True,True,"[{""roi_index"":0,""area_ratio"":0.0334430684569179,""failure"":null}]",,26.189,0.1673198640346527,0.1673198640346527,0.9469161629676819,0.9469161629676819,0.9679274559020996,0.9679274559020996,0.028690403327345848,0.8736249804496765,0.9321380257606506,1.0,1.0,1.0,
synthetic-25-shear_x_-0.12,synthetic_transform,thread_29.jpg,thread_29.jpg,thread,thread,shear_x,12pct,shear_x_-0.12,"{""shear_x"":-0.12}","[[1.0,-0.12,25.439999999999998],[0.0,1.0,0.0],[0.0,0.0,1.0]]","[[1.0076803316220495,-0.12698078463603787,25.5023690846103],[0.0008954389761954649,0.9989304185937415,0.22705242037094164],[2.459492522085646e-05,-2.2394235977847295e-05,1.0]]",artifacts/masks/thread_29/shear_x_-0.12.npz,1,paired_yolo_boxes,74,69,60,60,1.0,0.5637640066693298,0.334128201007843,0.9642685121107266,1.0,0.9700152249134948,1.0,1.733695387840271,USAC_MAGSAC,SUCCESS,True,True,"[{""roi_index"":0,""area_ratio"":0.03372225406828327,""failure"":null}]",,24.515,0.5510507225990295,0.5510507225990295,0.9731045961380005,0.9731045961380005,0.9837549924850464,0.9837549924850464,0.31581825017929077,0.9355969429016113,0.9660956859588623,1.0,1.0,1.0,
synthetic-25-shear_x_+0.12,synthetic_transform,thread_29.jpg,thread_29.jpg,thread,thread,shear_x,12pct,shear_x_+0.12,"{""shear_x"":0.12}","[[1.0,0.12,-25.439999999999998],[0.0,1.0,0.0],[0.0,0.0,1.0]]","[[0.9905045419855669,0.12570871752955104,-25.088723760940496],[0.0001953115483263933,0.9984850284386915,-0.27364190393045806],[-2.9326529205971718e-05,2.240866969806265e-05,1.0]]",artifacts/masks/thread_29/shear_x_+0.12.npz,1,paired_yolo_boxes,74,71,64,63,0.984375,0.5417086421272461,0.373234361410141,0.9693674740484429,1.0,0.9700152249134948,1.0,1.9188528060913086,USAC_MAGSAC,SUCCESS,True,True,"[{""roi_index"":0,""area_ratio"":0.03327717574819484,""failure"":null}]",,26.229,0.5531852841377258,0.5531852841377258,0.9565220475196838,0.9565220475196838,0.9837071299552917,0.9837071299552917,0.31996506452560425,0.8914686441421509,0.9657231569290161,1.0,1.0,1.0,
synthetic-25-shear_y_-0.12,synthetic_transform,thread_29.jpg,thread_29.jpg,thread,thread,shear_y,12pct,shear_y_-0.12,"{""shear_y"":-0.12}","[[1.0,0.0,0.0],[-0.12,1.0,25.439999999999998],[0.0,0.0,1.0]]","[[1.0103540150524841,-0.006931663132053817,-0.11720660064472037],[-0.1171523099821978,1.0008972221250603,25.16255973405214],[2.5263151990755073e-05,-1.622311245326635e-05,1.0]]",artifacts/masks/thread_29/shear_y_-0.12.npz,1,paired_yolo_boxes,74,67,58,58,1.0,0.4542202857146992,0.405262291431427,0.9643515570934256,1.0,0.9700152249134948,1.0,1.5834819078445435,USAC_MAGSAC,SUCCESS,True,True,"[{""roi_index"":0,""area_ratio"":0.03372909854717978,""failure"":null}]",,23.164,0.5581910610198975,0.5581910610198975,0.9692578315734863,0.9692578315734863,0.9845224022865295,0.9845224022865295,0.27926942706108093,0.92588871717453,0.9669020771980286,1.0,1.0,1.0,
synthetic-25-shear_y_+0.12,synthetic_transform,thread_29.jpg,thread_29.jpg,thread,thread,shear_y,12pct,shear_y_+0.12,"{""shear_y"":0.12}","[[1.0,0.0,0.0],[0.12,1.0,-25.439999999999998],[0.0,0.0,1.0]]","[[0.9978534497251926,0.003035316116189827,-0.19061243392701896],[0.12287572148793938,0.9990129707942561,-25.82852887095159],[-1.5635796423790613e-05,1.8737503315183043e-05,1.0]]",artifacts/masks/thread_29/shear_y_+0.12.npz,1,paired_yolo_boxes,74,76,64,63,0.984375,0.5621198496533759,0.347025066614151,0.9694117647058823,1.0,0.9700152249134948,1.0,1.731978416442871,USAC_MAGSAC,SUCCESS,True,True,"[{""roi_index"":0,""area_ratio"":0.03336038421324638,""failure"":null}]",,27.328,0.5553069710731506,0.5553069710731506,0.9666849374771118,0.9666849374771118,0.9846310019493103,0.9846310019493103,0.2750903069972992,0.917008101940155,0.9673058390617371,1.0,1.0,1.0,
synthetic-25-scale_0.85,synthetic_transform,thread_29.jpg,thread_29.jpg,thread,thread,scale,0.85x,scale_0.85,"{""scale"":0.85}","[[0.85,0.0,31.800000000000004],[0.0,0.85,31.800000000000004],[0.0,0.0,1.0]]","[[0.8565537574088884,-0.013502203416179926,33.04488198135831],[0.005242424609352673,0.8377317623931715,32.663077297711325],[3.044724827005803e-05,-4.1995574904754594e-05,1.0]]",artifacts/masks/thread_29/scale_0.85.npz,1,paired_yolo_boxes,74,88,47,47,1.0,0.562738505452418,0.777556300163269,0.9920166089965398,1.0,1.0,1.0,2.3632149696350098,USAC_MAGSAC,SUCCESS,True,True,"[{""roi_index"":0,""area_ratio"":0.024289171213656664,""failure"":null}]",,22.835,0.2645886540412903,0.2645886540412903,0.9369086623191833,0.9369086623191833,0.9533587098121643,0.9533587098121643,0.04986442252993584,0.8486871719360352,0.8950344920158386,1.0,1.0,1.0,
synthetic-25-scale_1.15,synthetic_transform,thread_29.jpg,thread_29.jpg,thread,thread,scale,1.15x,scale_1.15,"{""scale"":1.15}","[[1.15,0.0,-31.799999999999983],[0.0,1.15,-31.799999999999983],[0.0,0.0,1.0]]","[[1.1828016934882302,-0.021285312376059067,-32.69808783854395],[0.03477228702970736,1.1319906776862776,-34.0568674712649],[0.0001122887385497298,-7.995008553922248e-05,1.0]]",artifacts/masks/thread_29/scale_1.15.npz,1,paired_yolo_boxes,74,76,48,46,0.9583333333333334,0.4445687880561513,0.9901922345161438,0.7622532871972318,1.0,0.7538325259515571,1.0,8.38574504852295,USAC_MAGSAC,SUCCESS,True,True,"[{""roi_index"":0,""area_ratio"":0.0441582508907908,""failure"":null}]",,24.568,0.27950501441955566,0.27950501441955566,0.9574997425079346,0.9574997425079346,0.9736607670783997,0.9736607670783997,0.05343916267156601,0.8962649703025818,0.9401840567588806,1.0,1.0,1.0,
synthetic-25-perspective_light,synthetic_transform,thread_29.jpg,thread_29.jpg,thread,thread,perspective,light,perspective_light,"{""corner_offsets_px"":[[0.69924,0.6734],[-1.54141,0.37971],[-0.95682,-0.30773],[1.05196,-1.08384]],""amount_fraction"":0.02}","[[0.9921984577354996,0.0008305321121646522,0.6992400288581848],[-0.0006949273760110176,0.995311003057533,0.6733999848365784],[-5.957944480151246e-06,-1.2876840224977024e-06,1.0]]","[[0.9921755726784943,-0.00044914610347546283,0.8193544887927414],[-0.0016400159024134583,0.9940102610755972,1.0569461986367976],[-5.114133923969297e-06,-5.086421646209991e-06,1.0]]",artifacts/masks/thread_29/perspective_light.npz,1,paired_yolo_boxes,74,69,67,66,0.9850746268656716,0.5675126511952173,0.06650026142597198,0.998959169550173,1.0,0.9999778546712803,1.0,0.3041819930076599,USAC_MAGSAC,SUCCESS,True,True,"[{""roi_index"":0,""area_ratio"":0.03330379192574034,""failure"":null}]",,24.389,0.939028263092041,0.939028263092041,0.9632941484451294,0.9632941484451294,0.962811291217804,0.962811291217804,0.8387138843536377,0.919632077217102,0.9186140298843384,1.0,1.0,1.0,
synthetic-25-perspective_moderate,synthetic_transform,thread_29.jpg,thread_29.jpg,thread,thread,perspective,moderate,perspective_moderate,"{""corner_offsets_px"":[[6.14926,3.28049],[-0.61955,-1.25891],[-1.93953,-3.00338],[0.73891,-1.98435]],""amount_fraction"":0.055}","[[0.9756875486998429,-0.01277722402330151,6.1492600440979],[-0.010681308293972416,0.9778939396762625,3.280489921569824],[-1.9718214233571448e-05,-2.2958858938234272e-05,1.0]]","[[0.9699697849890929,-0.016092302006238745,7.35400770061845],[-0.013934237007324664,0.9721453146403108,4.481511454537733],[-2.620278707641993e-05,-3.2617693195889046e-05,1.0]]",artifacts/masks/thread_29/perspective_moderate.npz,1,paired_yolo_boxes,74,68,64,64,1.0,0.569610305264378,0.12896014750003815,0.9985051903114187,1.0,0.9995737024221454,1.0,0.7037597298622131,USAC_MAGSAC,SUCCESS,True,True,"[{""roi_index"":0,""area_ratio"":0.032880700990285686,""failure"":null}]",,23.999,0.597628116607666,0.597628116607666,0.9650785326957703,0.9650785326957703,0.9658734202384949,0.9658734202384949,0.2601442039012909,0.9253548383712769,0.9266161322593689,1.0,1.0,1.0,
synthetic-25-perspective_strong,synthetic_transform,thread_29.jpg,thread_29.jpg,thread,thread,perspective,strong,perspective_strong,"{""corner_offsets_px"":[[6.91247,3.97641],[-0.20906,2.72675],[-7.16601,-2.81535],[8.8276,-4.19126]],""amount_fraction"":0.1}","[[0.9768615510228026,0.004967289378287402,6.912469863891602],[-0.0029881196843862317,1.002159565651639,3.976409912109375],[-1.4965922486910309e-05,5.103019789209393e-05,1.0]]","[[0.9828689537447738,0.003943116461376401,6.2466019645720445],[-0.00184801518707197,1.0039365854931532,3.772531126036711],[-2.3852107641819437e-06,4.6869934510662784e-05,1.0]]",artifacts/masks/thread_29/perspective_strong.npz,1,paired_yolo_boxes,74,69,63,62,0.9841269841269841,0.5719691210297779,0.20499739050865173,0.9965896193771626,1.0,0.9999058823529412,1.0,0.8189789056777954,USAC_MAGSAC,SUCCESS,True,True,"[{""roi_index"":0,""area_ratio"":0.03213351523403762,""failure"":null}]",,26.429,0.38201597332954407,0.38201597332954407,0.9580281376838684,0.9580281376838684,0.9586049914360046,0.9586049914360046,0.0582336001098156,0.9053870439529419,0.9067844152450562,1.0,1.0,1.0,
synthetic-25-combined_moderate,synthetic_transform,thread_29.jpg,thread_29.jpg,thread,thread,combined,moderate,combined_moderate,"{""rotation_deg"":12.0,""shear_x"":0.06,""shear_y"":-0.04,""scale"":1.05,""corner_offsets_px"":[[3.21499,1.62776],[-2.98188,1.69356],[-0.89081,-0.46157],[0.34593,-4.11986]]}","[[0.9925941779516297,0.2666460296125192,-58.014224981055285],[-0.2527905728865798,0.9929345093923407,51.45076854015515],[-1.2973186494170327e-05,-3.363969597166839e-05,1.0]]","[[1.0287227258473146,0.23147387709330522,-57.20750041426217],[-0.21446376222184144,0.9614205980892373,50.40432453761341],[0.00014009730266759026,-0.00017068636269534237,1.0]]",artifacts/masks/thread_29/combined_moderate.npz,1,paired_yolo_boxes,74,70,59,58,0.9830508474576272,0.44908303694379087,0.4560840129852295,0.8578602076124567,1.0,0.8609439446366782,1.0,10.334707260131836,USAC_MAGSAC,SUCCESS,True,True,"[{""roi_index"":0,""area_ratio"":0.036254312321286536,""failure"":null}]",,23.22,0.2615606486797333,0.2615606486797333,0.9495243430137634,0.9495243430137634,0.9690041542053223,0.9690041542053223,0.09228303283452988,0.8785601258277893,0.9334691762924194,1.0,1.0,1.0,
synthetic-26-identity,synthetic_transform,thread_30.jpg,thread_30.jpg,thread,thread,identity,none,identity,"{""rotation_deg"":0.0,""scale"":1.0}","[[1.0,0.0,0.0],[0.0,1.0,0.0],[0.0,0.0,1.0]]","[[1.000000000000006,-2.292184983143906e-15,-5.723870162523332e-13],[3.0356065593831753e-15,1.0000000000000007,-5.89413747541399e-13],[1.3528775198690342e-17,-8.451203339478696e-18,1.0]]",artifacts/masks/thread_30/identity.npz,1,paired_yolo_boxes,146,146,146,146,1.0,0.807225998756553,0.0,1.0,1.0,1.0,1.0,8.791061411814183e-13,USAC_MAGSAC,SUCCESS,True,True,"[{""roi_index"":0,""area_ratio"":0.020653547135169908,""failure"":null}]",,42.583,1.0,1.0,1.0,1.0,1.0,1.0,1.0,1.0,1.0,1.0,1.0,1.0,
synthetic-26-rotation_-30,synthetic_transform,thread_30.jpg,thread_30.jpg,thread,thread,rotation,30deg,rotation_-30,"{""angle_deg"":-30}","[[0.8660254037844387,-0.49999999999999994,161.34653473686035],[0.49999999999999994,0.8660254037844387,-93.15346526313964],[0.0,0.0,1.0]]","[[0.8710247775305162,-0.4997443150117877,161.0556242832011],[0.5013564086376741,0.8709427763658768,-93.7946068436736],[7.1893069539703254e-06,9.33271911900066e-06,1.0]]",artifacts/masks/thread_30/rotation_-30.npz,1,paired_yolo_boxes,146,143,119,118,0.9915966386554622,0.5440648319718311,0.4269971251487732,0.8457400999615532,1.0,0.8451518646674356,1.0,1.0357838869094849,USAC_MAGSAC,SUCCESS,True,True,"[{""roi_index"":0,""area_ratio"":0.020605204977827456,""failure"":null}]",,46.142,0.165217325091362,0.165217325091362,0.9661992788314819,0.9661992788314819,0.9680401682853699,0.9680401682853699,0.02580311708152294,0.937514066696167,0.9424814581871033,1.0,1.0,1.0,
synthetic-26-rotation_-20,synthetic_transform,thread_30.jpg,thread_30.jpg,thread,thread,rotation,20deg,rotation_-20,"{""angle_deg"":-20}","[[0.9396926207859084,-0.3420201433256687,102.39235448636899],[0.3420201433256687,0.9396926207859084,-71.69589846639639],[0.0,0.0,1.0]]","[[0.9325115368735517,-0.34446189151997597,103.53344647208424],[0.33988843526869833,0.9326907532162328,-70.76636991786908],[-4.98081306365544e-06,-1.521269581881469e-05,1.0]]",artifacts/masks/thread_30/rotation_-20.npz,1,paired_yolo_boxes,146,146,124,123,0.9919354838709677,0.7178413886740083,0.34518834948539734,0.8746712802768166,1.0,0.876401384083045,1.0,1.4186211824417114,USAC_MAGSAC,SUCCESS,True,True,"[{""roi_index"":0,""area_ratio"":0.020670294524460044,""failure"":null}]",,58.209,0.250654935836792,0.250654935836792,0.9660723805427551,0.9660723805427551,0.9678119421005249,0.9678119421005249,0.053042709827423096,0.937422513961792,0.9417866468429565,1.0,1.0,1.0,
synthetic-26-rotation_-10,synthetic_transform,thread_30.jpg,thread_30.jpg,thread,thread,rotation,10deg,rotation_-10,"{""angle_deg"":-10}","[[0.984807753012208,-0.17364817766693033,48.05988807462683],[0.17364817766693033,0.984807753012208,-40.32703435784071],[0.0,0.0,1.0]]","[[0.9804851792151827,-0.17515489587484662,48.76878786216437],[0.17154181193179163,0.9804588574843975,-39.57495306193106],[-3.1956161007603572e-06,-9.031336364526329e-06,1.0]]",artifacts/masks/thread_30/rotation_-10.npz,1,paired_yolo_boxes,146,141,126,126,1.0,0.6676239178940282,0.21093648672103882,0.9256747404844291,1.0,0.9265974625144175,1.0,0.8663978576660156,USAC_MAGSAC,SUCCESS,True,True,"[{""roi_index"":0,""area_ratio"":0.02065902763240663,""failure"":null}]",,47.886,0.4161750376224518,0.4161750376224518,0.9651038646697998,0.9651038646697998,0.9661322236061096,0.9661322236061096,0.1017289012670517,0.9354931712150574,0.9377980828285217,1.0,1.0,1.0,
synthetic-26-rotation_+10,synthetic_transform,thread_30.jpg,thread_30.jpg,thread,thread,rotation,10deg,rotation_+10,"{""angle_deg"":10}","[[0.984807753012208,0.17364817766693033,-40.32703435784071],[-0.17364817766693033,0.984807753012208,48.05988807462683],[0.0,0.0,1.0]]","[[0.9885346012328855,0.17279499837701365,-40.713167543831894],[-0.17057606669602313,0.9841184327220762,47.75208463361927],[8.776057101355032e-06,-4.003276775044795e-06,1.0]]",artifacts/masks/thread_30/rotation_+10.npz,1,paired_yolo_boxes,146,146,131,129,0.9847328244274809,0.7348483730650359,0.18301430344581604,0.9264898116109189,1.0,0.9265974625144175,1.0,0.8043797612190247,USAC_MAGSAC,SUCCESS,True,True,"[{""roi_index"":0,""area_ratio"":0.02064577378865816,""failure"":null}]",,43.433,0.40393713116645813,0.40393713116645813,0.9663200974464417,0.9663200974464417,0.9664042592048645,0.9664042592048645,0.08914878964424133,0.9367996454238892,0.9369663000106812,1.0,1.0,1.0,
synthetic-26-rotation_+20,synthetic_transform,thread_30.jpg,thread_30.jpg,thread,thread,rotation,20deg,rotation_+20,"{""angle_deg"":20}","[[0.9396926207859084,0.3420201433256687,-71.69589846639639],[-0.3420201433256687,0.9396926207859084,102.39235448636899],[0.0,0.0,1.0]]","[[0.9398091232125252,0.34106096341757314,-71.54645053072244],[-0.3422229229109879,0.9376507067161097,102.75837722294759],[8.329993848083614e-07,-1.9060775710564578e-06,1.0]]",artifacts/masks/thread_30/rotation_+20.npz,1,paired_yolo_boxes,146,145,125,125,1.0,0.6477403924859159,0.27238765358924866,0.87680123029604,1.0,0.876401384083045,1.0,0.3776026666164398,USAC_MAGSAC,SUCCESS,True,True,"[{""roi_index"":0,""area_ratio"":0.020633106539687425,""failure"":null}]",,41.731,0.23770710825920105,0.23770710825920105,0.9648135900497437,0.9648135900497437,0.9675011038780212,0.9675011038780212,0.04958445578813553,0.934864342212677,0.9409472346305847,1.0,1.0,1.0,
synthetic-26-rotation_+30,synthetic_transform,thread_30.jpg,thread_30.jpg,thread,thread,rotation,30deg,rotation_+30,"{""angle_deg"":30}","[[0.8660254037844387,0.49999999999999994,-93.15346526313964],[-0.49999999999999994,0.8660254037844387,161.34653473686035],[0.0,0.0,1.0]]","[[0.8636922836371586,0.49770219054428794,-92.3813581363997],[-0.4983847976498652,0.863519788180695,161.1357123722546],[2.065982234885453e-06,-7.208763092380815e-06,1.0]]",artifacts/masks/thread_30/rotation_+30.npz,1,paired_yolo_boxes,146,140,122,121,0.9918032786885246,0.761239296128616,0.3678406774997711,0.8453748558246829,1.0,0.8451518646674356,1.0,0.7132112979888916,USAC_MAGSAC,SUCCESS,True,True,"[{""roi_index"":0,""area_ratio"":0.02063039297831885,""failure"":null}]",,39.54,0.1511050909757614,0.1511050909757614,0.9660211801528931,0.9660211801528931,0.9686944484710693,0.9686944484710693,0.021062513813376427,0.9369581937789917,0.9431251287460327,1.0,1.0,1.0,
synthetic-26-shear_x_-0.12,synthetic_transform,thread_30.jpg,thread_30.jpg,thread,thread,shear_x,12pct,shear_x_-0.12,"{""shear_x"":-0.12}","[[1.0,-0.12,30.54],[0.0,1.0,0.0],[0.0,0.0,1.0]]","[[1.0003606730460246,-0.12012761128517657,30.449915897166395],[0.0004892547889974114,1.0003047796629323,-0.23892627384361756],[1.1545546819843763e-06,-7.174824000899767e-07,1.0]]",artifacts/masks/thread_30/shear_x_-0.12.npz,1,paired_yolo_boxes,146,148,131,129,0.9847328244274809,0.7971716644752029,0.27873069047927856,0.9699461745482507,1.0,0.9699846212995001,1.0,0.19193260371685028,USAC_MAGSAC,SUCCESS,True,True,"[{""roi_index"":0,""area_ratio"":0.020661907079573653,""failure"":null}]",,44.678,0.6079548001289368,0.6079548001289368,0.9795572757720947,0.9795572757720947,0.9827311635017395,0.9827311635017395,0.3323085904121399,0.961507260799408,0.9687392115592957,1.0,1.0,1.0,
synthetic-26-shear_x_+0.12,synthetic_transform,thread_30.jpg,thread_30.jpg,thread,thread,shear_x,12pct,shear_x_+0.12,"{""shear_x"":0.12}","[[1.0,0.12,-30.54],[0.0,1.0,0.0],[0.0,0.0,1.0]]","[[1.0002231998090294,0.11929846102280202,-30.56896225250742],[-0.00016979858079895822,0.997472453422048,0.42405921610767183],[1.8638094495868345e-06,-4.632179940825717e-06,1.0]]",artifacts/masks/thread_30/shear_x_+0.12.npz,1,paired_yolo_boxes,146,137,118,117,0.9915254237288136,0.7379914229994217,0.2405138462781906,0.9694002306805075,1.0,0.9699846212995001,1.0,0.4819808900356293,USAC_MAGSAC,SUCCESS,True,True,"[{""roi_index"":0,""area_ratio"":0.020652953531705067,""failure"":null}]",,40.711,0.610146701335907,0.610146701335907,0.9801915884017944,0.9801915884017944,0.9825353026390076,0.9825353026390076,0.33464255928993225,0.9630373120307922,0.9681856036186218,1.0,1.0,1.0,
synthetic-26-shear_y_-0.12,synthetic_transform,thread_30.jpg,thread_30.jpg,thread,thread,shear_y,12pct,shear_y_-0.12,"{""shear_y"":-0.12}","[[1.0,0.0,0.0],[-0.12,1.0,30.54],[0.0,0.0,1.0]]","[[1.0030102671656635,-0.0008031147517096474,-0.3123687593530484],[-0.1178961836360717,1.0004722515230353,30.132795853877234],[4.855742808967513e-06,-7.746041766359187e-07,1.0]]",artifacts/masks/thread_30/shear_y_-0.12.npz,1,paired_yolo_boxes,146,144,127,126,0.9921259842519685,0.8007616608724437,0.2890050411224365,0.9693464052287581,1.0,0.9699923106497501,1.0,0.5590031147003174,USAC_MAGSAC,SUCCESS,True,True,"[{""roi_index"":0,""area_ratio"":0.020663850820037546,""failure"":null}]",,46.286,0.5915796756744385,0.5915796756744385,0.9860891699790955,0.9860891699790955,0.9874516129493713,0.9874516129493713,0.33356350660324097,0.9733450412750244,0.9767335653305054,1.0,1.0,1.0,
synthetic-26-shear_y_+0.12,synthetic_transform,thread_30.jpg,thread_30.jpg,thread,thread,shear_y,12pct,shear_y_+0.12,"{""shear_y"":0.12}","[[1.0,0.0,0.0],[0.12,1.0,-30.54],[0.0,0.0,1.0]]","[[0.9938600063689068,-0.001983196817157443,0.8890110961761705],[0.11823623503076544,0.9939216888142031,-29.768919219756004],[-7.676174185420613e-06,-1.0968228035349364e-05,1.0]]",artifacts/masks/thread_30/shear_y_+0.12.npz,1,paired_yolo_boxes,146,137,114,114,1.0,0.6806075040959684,0.3239518702030182,0.9673817762399077,1.0,0.9700153787004998,1.0,1.0734270811080933,USAC_MAGSAC,SUCCESS,True,True,"[{""roi_index"":0,""area_ratio"":0.02068703557288733,""failure"":null}]",,41.474,0.5911318063735962,0.5911318063735962,0.9862188100814819,0.9862188100814819,0.9873254895210266,0.9873254895210266,0.33162322640419006,0.9736891984939575,0.9763861298561096,1.0,1.0,1.0,
synthetic-26-scale_0.85,synthetic_transform,thread_30.jpg,thread_30.jpg,thread,thread,scale,0.85x,scale_0.85,"{""scale"":0.85}","[[0.85,0.0,38.175000000000004],[0.0,0.85,38.175000000000004],[0.0,0.0,1.0]]","[[0.848992672479793,-0.0011504883769411498,38.22578512760043],[0.0014941840635329016,0.8465958030750109,38.20596077909931],[-1.439517049129957e-06,-4.466308475211086e-06,1.0]]",artifacts/masks/thread_30/scale_0.85.npz,1,paired_yolo_boxes,146,131,83,80,0.963855421686747,0.7666141973921021,0.7242690324783325,1.0,1.0,1.0,1.0,0.5664247274398804,USAC_MAGSAC,SUCCESS,True,True,"[{""roi_index"":0,""area_ratio"":0.014915147169265947,""failure"":null}]",,45.347,0.2668396830558777,0.2668396830558777,0.9478573799133301,0.9478573799133301,0.9540985226631165,0.9540985226631165,0.03896711394190788,0.8914206027984619,0.9082162976264954,1.0,1.0,1.0,
synthetic-26-scale_1.15,synthetic_transform,thread_30.jpg,thread_30.jpg,thread,thread,scale,1.15x,scale_1.15,"{""scale"":1.15}","[[1.15,0.0,-38.174999999999976],[0.0,1.15,-38.174999999999976],[0.0,0.0,1.0]]","[[1.1520734216640514,-0.0026426692385111963,-38.10848155416458],[0.0028196863299165486,1.1471613261378832,-38.236861641412965],[1.010019116284222e-05,-8.28781730084838e-06,1.0]]",artifacts/masks/thread_30/scale_1.15.npz,1,paired_yolo_boxes,146,149,99,97,0.9797979797979798,0.7755479398180967,0.7830487489700317,0.7578700499807767,1.0,0.7579238754325259,1.0,1.2421642541885376,USAC_MAGSAC,SUCCESS,True,True,"[{""roi_index"":0,""area_ratio"":0.027271968162491823,""failure"":null}]",,48.486,0.3160018026828766,0.3160018026828766,0.9642136693000793,0.9642136693000793,0.9741427898406982,0.9741427898406982,0.06503081321716309,0.9212899804115295,0.9483299851417542,1.0,1.0,1.0,
synthetic-26-perspective_light,synthetic_transform,thread_30.jpg,thread_30.jpg,thread,thread,perspective,light,perspective_light,"{""corner_offsets_px"":[[1.3302,0.65],[-1.0648,1.34308],[-0.37664,-0.05022],[1.2169,-1.14066]],""amount_fraction"":0.02}","[[0.994516960418669,-0.0002263669053298301,1.330199956893921],[0.001359593885573663,0.9949071220619364,0.6499999761581421],[-1.531213270411738e-06,-3.101037202869503e-06,1.0]]","[[0.993572190796711,-0.0003235221436949054,1.4458047812110355],[0.0008809126115202762,0.9942387172178636,0.7904576503906797],[-2.9192275008879537e-06,-3.880498959875658e-06,1.0]]",artifacts/masks/thread_30/perspective_light.npz,1,paired_yolo_boxes,146,146,137,137,1.0,0.8070759818120912,0.05237232893705368,0.99960399846213,1.0,0.9999961553248751,1.0,0.13501189649105072,USAC_MAGSAC,SUCCESS,True,True,"[{""roi_index"":0,""area_ratio"":0.020506612656604726,""failure"":null}]",,45.847,0.9809355139732361,0.9809355139732361,0.9797074198722839,0.9797074198722839,0.9794379472732544,0.9794379472732544,0.9520711302757263,0.9624302387237549,0.9620795845985413,1.0,1.0,1.0,
synthetic-26-perspective_moderate,synthetic_transform,thread_30.jpg,thread_30.jpg,thread,thread,perspective,moderate,perspective_moderate,"{""corner_offsets_px"":[[4.65652,5.79961],[0.82866,0.87844],[-2.45209,-3.50687],[5.80259,-3.05791]],""amount_fraction"":0.055}","[[0.9836104169049822,0.002351731001052531,4.656519889831543],[-0.009683592461456624,0.9913278759977752,5.799610137939453],[-1.7396545533624094e-05,1.725436265088871e-05,1.0]]","[[0.9830852442037126,0.0014253772372245848,4.850700719950262],[-0.010639018209324311,0.9902646101418032,6.128248562333131],[-1.761563510988685e-05,1.473370327208117e-05,1.0]]",artifacts/masks/thread_30/perspective_moderate.npz,1,paired_yolo_boxes,146,141,133,133,1.0,0.8063416859925727,0.12924805283546448,0.9991541714725106,1.0,0.9997424067666282,1.0,0.3032756447792053,USAC_MAGSAC,SUCCESS,True,True,"[{""roi_index"":0,""area_ratio"":0.020135714362300872,""failure"":null}]",,43.245,0.6084789037704468,0.6084789037704468,0.9675195813179016,0.9675195813179016,0.9674395322799683,0.9674395322799683,0.28800439834594727,0.9375402331352234,0.9374691843986511,1.0,1.0,1.0,
synthetic-26-perspective_strong,synthetic_transform,thread_30.jpg,thread_30.jpg,thread,thread,perspective,strong,perspective_strong,"{""corner_offsets_px"":[[12.91025,11.10688],[-6.94487,2.24181],[-8.47983,-2.94538],[3.28787,-8.24784]],""amount_fraction"":0.1}","[[0.9334246811338387,-0.01901009890265054,12.910249710083008],[-0.017539735560491213,0.9458887938019985,11.106880187988281],[-5.490870436258587e-05,-3.2124131590955105e-05,1.0]]","[[0.9323822599031494,-0.01905372669106694,13.074908139077037],[-0.018295681213822506,0.945350368044888,11.307140716340234],[-5.6539134613802854e-05,-3.228399754063212e-05,1.0]]",artifacts/masks/thread_30/perspective_strong.npz,1,paired_yolo_boxes,146,143,132,132,1.0,0.8053945528930362,0.20428651571273804,0.9998077662437524,1.0,0.9998885044213764,1.0,0.16865870356559753,USAC_MAGSAC,SUCCESS,True,True,"[{""roi_index"":0,""area_ratio"":0.019466776512033296,""failure"":null}]",,41.973,0.37485814094543457,0.37485814094543457,0.9670394659042358,0.9670394659042358,0.9671074151992798,0.9671074151992798,0.10039553791284561,0.9357548356056213,0.9355876445770264,1.0,1.0,1.0,
synthetic-26-combined_moderate,synthetic_transform,thread_30.jpg,thread_30.jpg,thread,thread,combined,moderate,combined_moderate,"{""rotation_deg"":12.0,""shear_x"":0.06,""shear_y"":-0.04,""scale"":1.05,""corner_offsets_px"":[[2.12487,3.22594],[-2.60188,3.09871],[-4.60858,-0.34711],[3.76661,-3.77296]]}","[[0.9946459731911467,0.2781665785126378,-71.11084980403311],[-0.2574959013250242,1.0096426611664862,64.0751291739026],[-1.7763746194037792e-05,1.0610919187445532e-05,1.0]]","[[0.9973881973537506,0.27665414059201315,-71.3312847710707],[-0.25443473687184526,1.0076126231027407,63.88101841138223],[-9.764227199297096e-06,5.101713490932122e-06,1.0]]",artifacts/masks/thread_30/combined_moderate.npz,1,paired_yolo_boxes,146,141,125,124,0.992,0.6868435206912353,0.34128737449645996,0.8637216455209534,1.0,0.863283352556709,1.0,0.8346207737922668,USAC_MAGSAC,SUCCESS,True,True,"[{""roi_index"":0,""area_ratio"":0.022257244008476354,""failure"":null}]",,37.577,0.28145867586135864,0.28145867586135864,0.9669109582901001,0.9669109582901001,0.9694836735725403,0.9694836735725403,0.0452633760869503,0.9373000264167786,0.9445779919624329,1.0,1.0,1.0,
synthetic-27-identity,synthetic_transform,thread_31.jpg,thread_31.jpg,thread,thread,identity,none,identity,"{""rotation_deg"":0.0,""scale"":1.0}","[[1.0,0.0,0.0],[0.0,1.0,0.0],[0.0,0.0,1.0]]","[[1.0,0.0,0.0],[0.0,1.0,0.0],[0.0,0.0,1.0]]",artifacts/masks/thread_31/identity.npz,1,paired_yolo_boxes,102,102,102,102,1.0,0.7478632610107329,0.0,1.0,1.0,1.0,1.0,0.0,USAC_MAGSAC,SUCCESS,True,True,"[{""roi_index"":0,""area_ratio"":0.02760153373178051,""failure"":null}]",,55.908,1.0,1.0,1.0,1.0,1.0,1.0,1.0,1.0,1.0,1.0,1.0,1.0,
synthetic-27-rotation_-30,synthetic_transform,thread_31.jpg,thread_31.jpg,thread,thread,rotation,30deg,rotation_-30,"{""angle_deg"":-30}","[[0.8660254037844387,-0.49999999999999994,201.92090889465624],[0.49999999999999994,0.8660254037844387,-116.57909110534371],[0.0,0.0,1.0]]","[[0.8678065783665956,-0.498476898543073,201.24414267508368],[0.5009727333147397,0.8685740776382074,-117.2605499455063],[-1.0884647195644235e-07,4.31308852200187e-06,1.0]]",artifacts/masks/thread_31/rotation_-30.npz,1,paired_yolo_boxes,102,135,81,81,1.0,0.6265374563552093,0.315324068069458,0.8447538841009817,1.0,0.8449897308399092,1.0,0.6650708913803101,USAC_MAGSAC,SUCCESS,True,True,"[{""roi_index"":0,""area_ratio"":0.0276086320653812,""failure"":null}]",,56.741,0.21567748486995697,0.21567748486995697,0.9635753631591797,0.9635753631591797,0.9659090042114258,0.9659090042114258,0.04599577933549881,0.9256640076637268,0.9324480295181274,1.0,1.0,1.0,
synthetic-27-rotation_-20,synthetic_transform,thread_31.jpg,thread_31.jpg,thread,thread,rotation,20deg,rotation_-20,"{""angle_deg"":-20}","[[0.9396926207859084,-0.3420201433256687,128.14131592891366],[0.3420201433256687,0.9396926207859084,-89.72551536953732],[0.0,0.0,1.0]]","[[0.9392586971418451,-0.3406582313546752,127.93885673506618],[0.3404251588662648,0.9411142069871484,-89.46564536479671],[-3.0778659135788e-06,4.0916429382311905e-06,1.0]]",artifacts/masks/thread_31/rotation_-20.npz,1,paired_yolo_boxes,102,128,83,83,1.0,0.7241328672722748,0.2655600905418396,0.8763327797486267,1.0,0.8764654435392734,1.0,0.6599816083908081,USAC_MAGSAC,SUCCESS,True,True,"[{""roi_index"":0,""area_ratio"":0.02756880072516284,""failure"":null}]",,55.441,0.20148245990276337,0.20148245990276337,0.9594346284866333,0.9594346284866333,0.9651696085929871,0.9651696085929871,0.04293206334114075,0.9119769930839539,0.9290829300880432,1.0,1.0,1.0,
synthetic-27-rotation_-10,synthetic_transform,thread_31.jpg,thread_31.jpg,thread,thread,rotation,10deg,rotation_-10,"{""angle_deg"":-10}","[[0.984807753012208,-0.17364817766693033,60.14567525252906],[0.17364817766693033,0.984807753012208,-50.46821392130556],[0.0,0.0,1.0]]","[[0.9838258175012735,-0.17365996247880514,60.27785639533341],[0.1725228945053527,0.9844813189413533,-50.166580844667465],[-1.5609741159994525e-06,5.1834132583952496e-08,1.0]]",artifacts/masks/thread_31/rotation_-10.npz,1,paired_yolo_boxes,102,113,89,89,1.0,0.7835338777059798,0.15387597680091858,0.9264109039808964,1.0,0.9265337408240878,1.0,0.23633231222629547,USAC_MAGSAC,SUCCESS,True,True,"[{""roi_index"":0,""area_ratio"":0.027590264905258947,""failure"":null}]",,54.042,0.23752787709236145,0.23752787709236145,0.9637621641159058,0.9637621641159058,0.9642422199249268,0.9642422199249268,0.06763704121112823,0.9238877296447754,0.925266444683075,1.0,1.0,1.0,
synthetic-27-rotation_+10,synthetic_transform,thread_31.jpg,thread_31.jpg,thread,thread,rotation,10deg,rotation_+10,"{""angle_deg"":10}","[[0.984807753012208,0.17364817766693033,-50.46821392130556],[-0.17364817766693033,0.984807753012208,60.14567525252906],[0.0,0.0,1.0]]","[[0.9837943325897921,0.17474238007010037,-50.31796934050041],[-0.17389576665803766,0.9850918932581374,60.192567913026124],[-2.800840797497638e-06,3.4824219920594893e-06,1.0]]",artifacts/masks/thread_31/rotation_+10.npz,1,paired_yolo_boxes,102,116,85,84,0.9882352941176471,0.6155756304434967,0.2785000801086426,0.9270791364078577,1.0,0.9265337408240878,1.0,0.6026589870452881,USAC_MAGSAC,SUCCESS,True,True,"[{""roi_index"":0,""area_ratio"":0.02753733268202099,""failure"":null}]",,55.482,0.19687074422836304,0.19687074422836304,0.9575299620628357,0.9575299620628357,0.9645984172821045,0.9645984172821045,0.03430607169866562,0.9048895835876465,0.9271284937858582,1.0,1.0,1.0,
synthetic-27-rotation_+20,synthetic_transform,thread_31.jpg,thread_31.jpg,thread,thread,rotation,20deg,rotation_+20,"{""angle_deg"":20}","[[0.9396926207859084,0.3420201433256687,-89.72551536953732],[-0.3420201433256687,0.9396926207859084,128.14131592891366],[0.0,0.0,1.0]]","[[0.9381919299353264,0.344084345957769,-89.69486933128739],[-0.3419794002597674,0.9399773498227956,128.08364253390576],[-4.8192166534455865e-06,5.872815965864867e-06,1.0]]",artifacts/masks/thread_31/rotation_+20.npz,1,paired_yolo_boxes,102,124,82,80,0.975609756097561,0.6246351474107567,0.4974099397659302,0.8774211141793025,1.0,0.8764654435392734,1.0,0.9288516044616699,USAC_MAGSAC,SUCCESS,True,True,"[{""roi_index"":0,""area_ratio"":0.027489687086713042,""failure"":null}]",,56.151,0.17140565812587738,0.17140565812587738,0.9468566179275513,0.9468566179275513,0.9654248356819153,0.9654248356819153,0.024976268410682678,0.8741403818130493,0.931129515171051,1.0,1.0,1.0,
synthetic-27-rotation_+30,synthetic_transform,thread_31.jpg,thread_31.jpg,thread,thread,rotation,30deg,rotation_+30,"{""angle_deg"":30}","[[0.8660254037844387,0.49999999999999994,-116.57909110534371],[-0.49999999999999994,0.8660254037844387,201.92090889465624],[0.0,0.0,1.0]]","[[0.8686392504741987,0.5019377633798315,-117.50241183632711],[-0.49984233939519174,0.8675974852484746,201.74297680895083],[1.0235945993336607e-09,4.46268887486704e-06,1.0]]",artifacts/masks/thread_31/rotation_+30.npz,1,paired_yolo_boxes,102,127,76,73,0.9605263157894737,0.6209570829536838,0.40690597891807556,0.8450044712610921,1.0,0.8449897308399092,1.0,0.845102846622467,USAC_MAGSAC,SUCCESS,True,True,"[{""roi_index"":0,""area_ratio"":0.0275925964052209,""failure"":null}]",,52.176,0.18877024948596954,0.18877024948596954,0.9609819054603577,0.9609819054603577,0.966298520565033,0.966298520565033,0.03379136696457863,0.9168635606765747,0.9327385425567627,1.0,1.0,1.0,
synthetic-27-shear_x_-0.12,synthetic_transform,thread_31.jpg,thread_31.jpg,thread,thread,shear_x,12pct,shear_x_-0.12,"{""shear_x"":-0.12}","[[1.0,-0.12,38.22],[0.0,1.0,0.0],[0.0,0.0,1.0]]","[[0.9951600745789657,-0.12014190545559215,38.957954206447766],[-0.0028305121468381435,0.9968502857529281,1.084968836252066],[-5.514464551311482e-06,-1.8323664299551649e-06,1.0]]",artifacts/masks/thread_31/shear_x_-0.12.npz,1,paired_yolo_boxes,102,111,90,90,1.0,0.5990319585870283,0.23731058835983276,0.9700376372087538,1.0,0.9699835889977496,1.0,0.7780932784080505,USAC_MAGSAC,SUCCESS,True,True,"[{""roi_index"":0,""area_ratio"":0.027527896245655187,""failure"":null}]",,51.666,0.527711808681488,0.527711808681488,0.9811633229255676,0.9811633229255676,0.9833877086639404,0.9833877086639404,0.2104625552892685,0.9582937359809875,0.9651786684989929,1.0,1.0,1.0,
synthetic-27-shear_x_+0.12,synthetic_transform,thread_31.jpg,thread_31.jpg,thread,thread,shear_x,12pct,shear_x_+0.12,"{""shear_x"":0.12}","[[1.0,0.12,-38.22],[0.0,1.0,0.0],[0.0,0.0,1.0]]","[[1.0034480239117636,0.12104169084126405,-38.7864855558439],[0.0015837750101276307,1.003169112476682,-0.7923767607261196],[3.499255853447252e-06,3.2078561718074136e-06,1.0]]",artifacts/masks/thread_31/shear_x_+0.12.npz,1,paired_yolo_boxes,102,104,88,87,0.9886363636363636,0.7613718898345289,0.26085203886032104,0.9694381934139799,1.0,0.9699835889977496,1.0,0.5447771549224854,USAC_MAGSAC,SUCCESS,True,True,"[{""roi_index"":0,""area_ratio"":0.02763242371545922,""failure"":null}]",,54.448,0.5173500180244446,0.5173500180244446,0.9799152612686157,0.9799152612686157,0.9833978414535522,0.9833978414535522,0.1950090080499649,0.9556140303611755,0.9653818011283875,1.0,1.0,1.0,
synthetic-27-shear_y_-0.12,synthetic_transform,thread_31.jpg,thread_31.jpg,thread,thread,shear_y,12pct,shear_y_-0.12,"{""shear_y"":-0.12}","[[1.0,0.0,0.0],[-0.12,1.0,38.22],[0.0,0.0,1.0]]","[[0.9964243468745476,-0.0005281042081049461,0.677226890125254],[-0.12128579609554961,0.9973900718324626,38.9276823572003],[-4.104380380658901e-06,-1.6188516339025846e-06,1.0]]",artifacts/masks/thread_31/shear_y_-0.12.npz,1,paired_yolo_boxes,102,105,89,86,0.9662921348314607,0.7153644401478705,0.2593098282814026,0.9698484684702391,1.0,0.9699762187871581,1.0,0.5483592748641968,USAC_MAGSAC,SUCCESS,True,True,"[{""roi_index"":0,""area_ratio"":0.0275495683765756,""failure"":null}]",,53.622,0.2335926741361618,0.2335926741361618,0.9820964932441711,0.9820964932441711,0.9846569895744324,0.9846569895744324,0.02932402491569519,0.964116632938385,0.9706770181655884,1.0,1.0,1.0,
synthetic-27-shear_y_+0.12,synthetic_transform,thread_31.jpg,thread_31.jpg,thread,thread,shear_y,12pct,shear_y_+0.12,"{""shear_y"":0.12}","[[1.0,0.0,0.0],[0.12,1.0,-38.22],[0.0,0.0,1.0]]","[[1.002174645402632,0.0018659099480304833,-0.8266522759491138],[0.12064995177013736,1.0025420669119995,-38.683199366814186],[2.8941824870196154e-08,4.893930778490531e-06,1.0]]",artifacts/masks/thread_31/shear_y_+0.12.npz,1,paired_yolo_boxes,102,106,85,83,0.9764705882352941,0.6388344538998616,0.2840115427970886,0.9696150784681754,1.0,0.9699885024714773,1.0,0.7228859663009644,USAC_MAGSAC,SUCCESS,True,True,"[{""roi_index"":0,""area_ratio"":0.02759946885474212,""failure"":null}]",,52.183,0.2603197395801544,0.2603197395801544,0.9805370569229126,0.9805370569229126,0.9846151471138,0.9846151471138,0.050245460122823715,0.9606618285179138,0.9708335995674133,1.0,1.0,1.0,
synthetic-27-scale_0.85,synthetic_transform,thread_31.jpg,thread_31.jpg,thread,thread,scale,0.85x,scale_0.85,"{""scale"":0.85}","[[0.85,0.0,47.775000000000006],[0.0,0.85,47.775000000000006],[0.0,0.0,1.0]]","[[0.8479538286195126,0.004529904196576712,47.07833221090835],[-0.002472585019905674,0.8524595847213188,48.31152573994398],[-5.696237762001228e-06,8.158335492723287e-06,1.0]]",artifacts/masks/thread_31/scale_0.85.npz,1,paired_yolo_boxes,102,143,51,48,0.9411764705882353,0.59149422185255,0.5619058609008789,0.9990885506235199,1.0,1.0,1.0,1.0772593021392822,USAC_MAGSAC,SUCCESS,True,True,"[{""roi_index"":0,""area_ratio"":0.019867632405227226,""failure"":null}]",,61.185,0.23675312101840973,0.23675312101840973,0.9283586144447327,0.9283586144447327,0.9523563385009766,0.9523563385009766,0.06754786521196365,0.8287488222122192,0.8955572843551636,1.0,1.0,1.0,
synthetic-27-scale_1.15,synthetic_transform,thread_31.jpg,thread_31.jpg,thread,thread,scale,1.15x,scale_1.15,"{""scale"":1.15}","[[1.15,0.0,-47.77499999999997],[0.0,1.15,-47.77499999999997],[0.0,0.0,1.0]]","[[1.150474269967618,0.0011295611924234954,-48.507149894736614],[-0.0018767219394771745,1.149200274329261,-47.076229130847125],[-1.323785539636921e-06,1.1586704195713961e-06,1.0]]",artifacts/masks/thread_31/scale_1.15.npz,1,paired_yolo_boxes,102,112,50,48,0.96,0.6355318317718321,0.5628830194473267,0.7559796975265574,1.0,0.7540118512986311,1.0,0.7219457626342773,USAC_MAGSAC,SUCCESS,True,True,"[{""roi_index"":0,""area_ratio"":0.03648377997617154,""failure"":null}]",,52.091,0.20764115452766418,0.20764115452766418,0.9609586596488953,0.9609586596488953,0.9732846021652222,0.9732846021652222,0.049412086606025696,0.9079400300979614,0.9417540431022644,1.0,1.0,1.0,
synthetic-27-perspective_light,synthetic_transform,thread_31.jpg,thread_31.jpg,thread,thread,perspective,light,perspective_light,"{""corner_offsets_px"":[[2.03345,1.79187],[-2.07928,1.48836],[-3.06694,-2.40291],[1.53787,-3.06858]],""amount_fraction"":0.02}","[[0.9920168810158462,-0.0007761174909448976,2.03344988822937],[-0.0004800465956581527,0.9931417526553555,1.7918699979782104],[-2.4045628923323227e-06,1.2178120978925067e-06,1.0]]","[[0.9925132194331456,-0.0004487515366091361,1.8134112014352746],[-0.0002965911648767976,0.9934758748565965,1.69688852629726],[-2.5878419123198913e-06,2.0141644802550383e-06,1.0]]",artifacts/masks/thread_31/perspective_light.npz,1,paired_yolo_boxes,102,106,90,89,0.9888888888888889,0.7264736544067324,0.09168816357851028,0.9998231149458043,1.0,0.999970519157634,1.0,0.16852444410324097,USAC_MAGSAC,SUCCESS,True,True,"[{""roi_index"":0,""area_ratio"":0.027210168113316887,""failure"":null}]",,54.941,0.9307180643081665,0.9307180643081665,0.9629843235015869,0.9629843235015869,0.9627890586853027,0.9627890586853027,0.8241757154464722,0.9217715859413147,0.9218478798866272,1.0,1.0,1.0,
synthetic-27-perspective_moderate,synthetic_transform,thread_31.jpg,thread_31.jpg,thread,thread,perspective,moderate,perspective_moderate,"{""corner_offsets_px"":[[3.9495,5.79766],[-4.63988,1.36257],[-7.33773,-3.40535],[3.26951,-5.77864]],""amount_fraction"":0.055}","[[0.9758136761791536,-0.0010511925476286846,3.94950008392334],[-0.006985524818237185,0.9849729757868041,5.797659873962402],[-1.6924203700611357e-05,4.984160030734068e-06,1.0]]","[[0.9726741608963797,-0.0010970736122095242,4.496290384737377],[-0.008427639365300853,0.9832857841878132,6.379366230520919],[-2.068107943353571e-05,4.585438632504106e-06,1.0]]",artifacts/masks/thread_31/perspective_moderate.npz,1,paired_yolo_boxes,102,103,94,92,0.9787234042553191,0.7777309665384254,0.12634587287902832,0.9995946384174684,1.0,0.9999361248415405,1.0,0.5207022428512573,USAC_MAGSAC,SUCCESS,True,True,"[{""roi_index"":0,""area_ratio"":0.026648994815200663,""failure"":null}]",,60.57,0.7295029163360596,0.7295029163360596,0.9582762718200684,0.9582762718200684,0.9594730138778687,0.9594730138778687,0.4306983947753906,0.9119470119476318,0.915740966796875,1.0,1.0,1.0,
synthetic-27-perspective_strong,synthetic_transform,thread_31.jpg,thread_31.jpg,thread,thread,perspective,strong,perspective_strong,"{""corner_offsets_px"":[[5.54105,3.47908],[-7.154,2.74006],[-14.23826,-1.91114],[9.61372,-6.10014]],""amount_fraction"":0.1}","[[0.9722462735863594,0.0066667568543351515,5.541049957275391],[-0.0011941953660843155,1.002893334704115,3.4790799617767334],[-1.2422567703883768e-05,2.8421922625723655e-05,1.0]]","[[0.9719853145236658,0.0074445402506321465,5.358817061345736],[-0.0016376698278846053,1.003131858096397,3.6102427959006125],[-1.3701673440644887e-05,2.9857918082490465e-05,1.0]]",artifacts/masks/thread_31/perspective_strong.npz,1,paired_yolo_boxes,102,103,88,88,1.0,0.7205610088730436,0.17419397830963135,0.9997125617869321,1.0,0.999928754630949,1.0,0.24210092425346375,USAC_MAGSAC,SUCCESS,True,True,"[{""roi_index"":0,""area_ratio"":0.026387563158684384,""failure"":null}]",,52.121,0.5610657334327698,0.5610657334327698,0.9551330804824829,0.9551330804824829,0.9559996128082275,0.9559996128082275,0.2631256580352783,0.9051186442375183,0.908031165599823,1.0,1.0,1.0,
synthetic-27-combined_moderate,synthetic_transform,thread_31.jpg,thread_31.jpg,thread,thread,combined,moderate,combined_moderate,"{""rotation_deg"":12.0,""shear_x"":0.06,""shear_y"":-0.04,""scale"":1.05,""corner_offsets_px"":[[6.34582,4.58798],[-4.00129,3.66152],[-4.75236,-2.38779],[2.70228,-4.68753]]}","[[0.9936469152563387,0.2680692338624688,-85.68676026145327],[-0.25588257574009604,0.9982349547958683,80.02244049567403],[-6.237664441848809e-06,-9.592326870022574e-06,1.0]]","[[0.9924838899580095,0.2648434924530497,-84.51422557010146],[-0.2538834083508148,0.9931846712691238,80.66329520283685],[-4.097929577942591e-06,-1.5283103983584465e-05,1.0]]",artifacts/masks/thread_31/combined_moderate.npz,1,paired_yolo_boxes,102,114,80,78,0.975,0.604303146570353,0.2918245196342468,0.8667146549267402,1.0,0.8649507178585116,1.0,1.004087209701538,USAC_MAGSAC,SUCCESS,True,True,"[{""roi_index"":0,""area_ratio"":0.029591611544348174,""failure"":null}]",,55.711,0.17753413319587708,0.17753413319587708,0.9602124691009521,0.9602124691009521,0.9674233794212341,0.9674233794212341,0.026443900540471077,0.9126480221748352,0.9345388412475586,1.0,1.0,1.0,
synthetic-28-identity,synthetic_transform,thread_32.jpg,thread_32.jpg,thread,thread,identity,none,identity,"{""rotation_deg"":0.0,""scale"":1.0}","[[1.0,0.0,0.0],[0.0,1.0,0.0],[0.0,0.0,1.0]]","[[0.9999999999999947,-2.219806976609621e-15,1.5789545653581827e-12],[-5.404425715950624e-16,0.9999999999999962,4.0390784184476415e-13],[-4.389370094068903e-18,-4.501931366588524e-18,1.0]]",artifacts/masks/thread_32/identity.npz,1,paired_yolo_boxes,197,197,197,197,1.0,0.7901878955760628,0.0,1.0,1.0,1.0,1.0,4.635951995554666e-13,USAC_MAGSAC,SUCCESS,True,True,"[{""roi_index"":0,""area_ratio"":0.02147672826781779,""failure"":null}]",,57.649,1.0,1.0,1.0,1.0,1.0,1.0,1.0,1.0,1.0,1.0,1.0,1.0,
synthetic-28-rotation_-30,synthetic_transform,thread_32.jpg,thread_32.jpg,thread,thread,rotation,30deg,rotation_-30,"{""angle_deg"":-30}","[[0.8660254037844387,-0.49999999999999994,201.92090889465624],[0.49999999999999994,0.8660254037844387,-116.57909110534371],[0.0,0.0,1.0]]","[[0.8671709053679352,-0.5012040424846766,201.99278317609372],[0.5008280965754941,0.8660448474434461,-116.68950279828674],[2.1732985808535466e-06,-1.0242064972063656e-06,1.0]]",artifacts/masks/thread_32/rotation_-30.npz,1,paired_yolo_boxes,197,180,137,136,0.9927007299270073,0.6874368859428496,0.2923031449317932,0.8447637110484371,1.0,0.8449897308399092,1.0,0.3780168890953064,USAC_MAGSAC,SUCCESS,True,True,"[{""roi_index"":0,""area_ratio"":0.021522033133068472,""failure"":null}]",,54.053,0.1636560559272766,0.1636560559272766,0.9591531157493591,0.9591531157493591,0.9676844477653503,0.9676844477653503,0.015188933350145817,0.9125728607177734,0.935722827911377,1.0,1.0,1.0,
synthetic-28-rotation_-20,synthetic_transform,thread_32.jpg,thread_32.jpg,thread,thread,rotation,20deg,rotation_-20,"{""angle_deg"":-20}","[[0.9396926207859084,-0.3420201433256687,128.14131592891366],[0.3420201433256687,0.9396926207859084,-89.72551536953732],[0.0,0.0,1.0]]","[[0.9383888276997137,-0.3419228204825231,128.27980469868157],[0.34139933804224293,0.9393125034703168,-89.52591271928588],[-2.3821147699166156e-06,1.4713645305094586e-06,1.0]]",artifacts/masks/thread_32/rotation_-20.npz,1,paired_yolo_boxes,197,177,144,142,0.9861111111111112,0.7225642002137376,0.2524671256542206,0.8766300449091499,1.0,0.8764654435392734,1.0,0.3953539729118347,USAC_MAGSAC,SUCCESS,True,True,"[{""roi_index"":0,""area_ratio"":0.021425380136523706,""failure"":null}]",,53.687,0.1899040937423706,0.1899040937423706,0.9655686616897583,0.9655686616897583,0.9674186706542969,0.9674186706542969,0.026502609252929688,0.9282541275024414,0.9336680173873901,1.0,1.0,1.0,
synthetic-28-rotation_-10,synthetic_transform,thread_32.jpg,thread_32.jpg,thread,thread,rotation,10deg,rotation_-10,"{""angle_deg"":-10}","[[0.984807753012208,-0.17364817766693033,60.14567525252906],[0.17364817766693033,0.984807753012208,-50.46821392130556],[0.0,0.0,1.0]]","[[0.9847140133030602,-0.17423534823251305,60.16095781826371],[0.17356287947122895,0.9838918353958854,-50.26747384417069],[7.472432418597327e-07,-2.27781533022647e-06,1.0]]",artifacts/masks/thread_32/rotation_-10.npz,1,paired_yolo_boxes,197,181,157,155,0.9872611464968153,0.7797911928906226,0.18797054886817932,0.9260841579780072,1.0,0.9265337408240878,1.0,0.3732838034629822,USAC_MAGSAC,SUCCESS,True,True,"[{""roi_index"":0,""area_ratio"":0.021501700735451417,""failure"":null}]",,60.472,0.1285201758146286,0.1285201758146286,0.9615988731384277,0.9615988731384277,0.9657813906669617,0.9657813906669617,0.005418461747467518,0.9179255366325378,0.9289532899856567,1.0,1.0,1.0,
synthetic-28-rotation_+10,synthetic_transform,thread_32.jpg,thread_32.jpg,thread,thread,rotation,10deg,rotation_+10,"{""angle_deg"":10}","[[0.984807753012208,0.17364817766693033,-50.46821392130556],[-0.17364817766693033,0.984807753012208,60.14567525252906],[0.0,0.0,1.0]]","[[0.9857965217185692,0.17338644297876785,-50.489129398720166],[-0.1732410455281891,0.9858228397861871,59.911496936640845],[1.6828245432947147e-06,2.3286542103189066e-07,1.0]]",artifacts/masks/thread_32/rotation_+10.npz,1,paired_yolo_boxes,197,212,167,165,0.9880239520958084,0.7650891029116118,0.18969474732875824,0.9263863366122581,1.0,0.9265337408240878,1.0,0.2699483633041382,USAC_MAGSAC,SUCCESS,True,True,"[{""roi_index"":0,""area_ratio"":0.02150403816734293,""failure"":null}]",,62.255,0.12659558653831482,0.12659558653831482,0.9652159214019775,0.9652159214019775,0.9665530323982239,0.9665530323982239,0.00342811131849885,0.9265621900558472,0.930716872215271,1.0,1.0,1.0,
synthetic-28-rotation_+20,synthetic_transform,thread_32.jpg,thread_32.jpg,thread,thread,rotation,20deg,rotation_+20,"{""angle_deg"":20}","[[0.9396926207859084,0.3420201433256687,-89.72551536953732],[-0.3420201433256687,0.9396926207859084,128.14131592891366],[0.0,0.0,1.0]]","[[0.9408720451139184,0.3410657563273867,-89.57138309768239],[-0.341477760749691,0.9410275576799118,127.73246434513507],[2.350227884312397e-06,-4.19519882445964e-07,1.0]]",artifacts/masks/thread_32/rotation_+20.npz,1,paired_yolo_boxes,197,216,161,159,0.9875776397515528,0.7602768705359172,0.3064858317375183,0.8761608081681588,1.0,0.8764654435392734,1.0,0.49393004179000854,USAC_MAGSAC,SUCCESS,True,True,"[{""roi_index"":0,""area_ratio"":0.02152060013215143,""failure"":null}]",,57.629,0.205816850066185,0.205816850066185,0.9640012383460999,0.9640012383460999,0.966983437538147,0.966983437538147,0.02698199450969696,0.9254245162010193,0.933271050453186,1.0,1.0,1.0,
synthetic-28-rotation_+30,synthetic_transform,thread_32.jpg,thread_32.jpg,thread,thread,rotation,30deg,rotation_+30,"{""angle_deg"":30}","[[0.8660254037844387,0.49999999999999994,-116.57909110534371],[-0.49999999999999994,0.8660254037844387,201.92090889465624],[0.0,0.0,1.0]]","[[0.8670985490865426,0.500207449111148,-116.72499645225616],[-0.49967639200552605,0.8671684675961066,201.7261523505701],[2.115670427957193e-06,3.3430191030345783e-07,1.0]]",artifacts/masks/thread_32/rotation_+30.npz,1,paired_yolo_boxes,197,197,146,143,0.9794520547945206,0.7713274394734998,0.348470538854599,0.8451371350517389,1.0,0.8449897308399092,1.0,0.32615745067596436,USAC_MAGSAC,SUCCESS,True,True,"[{""roi_index"":0,""area_ratio"":0.021505856378815684,""failure"":null}]",,60.632,0.22319839894771576,0.22319839894771576,0.9660613536834717,0.9660613536834717,0.9678295254707336,0.9678295254707336,0.02753223478794098,0.9302402138710022,0.9354239702224731,1.0,1.0,1.0,
synthetic-28-shear_x_-0.12,synthetic_transform,thread_32.jpg,thread_32.jpg,thread,thread,shear_x,12pct,shear_x_-0.12,"{""shear_x"":-0.12}","[[1.0,-0.12,38.22],[0.0,1.0,0.0],[0.0,0.0,1.0]]","[[0.9987387430195985,-0.11985139085874268,38.249881281292595],[-0.0008134355981822944,0.9986408326960787,0.3200477468715703],[-1.8724490507578214e-06,-1.0829583689792419e-06,1.0]]",artifacts/masks/thread_32/shear_x_-0.12.npz,1,paired_yolo_boxes,197,165,152,149,0.9802631578947368,0.7691636207720647,0.2624768316745758,0.9696666699423159,1.0,0.9699835889977496,1.0,0.2840941846370697,USAC_MAGSAC,SUCCESS,True,True,"[{""roi_index"":0,""area_ratio"":0.021454918863505826,""failure"":null}]",,52.747,0.4064917266368866,0.4064917266368866,0.9847269058227539,0.9847269058227539,0.9860236644744873,0.9860236644744873,0.1878393590450287,0.9698594212532043,0.9731176495552063,1.0,1.0,1.0,
synthetic-28-shear_x_+0.12,synthetic_transform,thread_32.jpg,thread_32.jpg,thread,thread,shear_x,12pct,shear_x_+0.12,"{""shear_x"":0.12}","[[1.0,0.12,-38.22],[0.0,1.0,0.0],[0.0,0.0,1.0]]","[[1.0000916290581308,0.11996880806739389,-38.24643698615542],[2.167120897396355e-05,0.9996885263265191,-0.001437208529776456],[5.283003878949775e-07,-9.273213804168645e-07,1.0]]",artifacts/masks/thread_32/shear_x_+0.12.npz,1,paired_yolo_boxes,197,223,171,168,0.9824561403508771,0.77113352433996,0.2469504475593567,0.9699148003655624,1.0,0.9699835889977496,1.0,0.13998401165008545,USAC_MAGSAC,SUCCESS,True,True,"[{""roi_index"":0,""area_ratio"":0.021490783008409307,""failure"":null}]",,53.462,0.40874946117401123,0.40874946117401123,0.9858077168464661,0.9858077168464661,0.9860650300979614,0.9860650300979614,0.19016197323799133,0.9725610017776489,0.9730926156044006,1.0,1.0,1.0,
synthetic-28-shear_y_-0.12,synthetic_transform,thread_32.jpg,thread_32.jpg,thread,thread,shear_y,12pct,shear_y_-0.12,"{""shear_y"":-0.12}","[[1.0,0.0,0.0],[-0.12,1.0,38.22],[0.0,0.0,1.0]]","[[0.9991823907624982,-0.0003732985064064346,0.2183680804992156],[-0.11999138282981837,0.9983898947507137,38.42043013888292],[-5.223489282930118e-07,-1.5840668633717824e-06,1.0]]",artifacts/masks/thread_32/shear_y_-0.12.npz,1,paired_yolo_boxes,197,185,156,156,1.0,0.7593899902396783,0.25376757979393005,0.9702268059472686,1.0,0.9699762187871581,1.0,0.2426031529903412,USAC_MAGSAC,SUCCESS,True,True,"[{""roi_index"":0,""area_ratio"":0.02146409442668761,""failure"":null}]",,55.308,0.09979917109012604,0.09979917109012604,0.9793406128883362,0.9793406128883362,0.9846745133399963,0.9846745133399963,0.05137428641319275,0.9529147148132324,0.9667074084281921,1.0,1.0,1.0,
synthetic-28-shear_y_+0.12,synthetic_transform,thread_32.jpg,thread_32.jpg,thread,thread,shear_y,12pct,shear_y_+0.12,"{""shear_y"":0.12}","[[1.0,0.0,0.0],[0.12,1.0,-38.22],[0.0,0.0,1.0]]","[[1.0000784274488583,-0.00029209595575965287,0.018004073462130014],[0.11951701024000137,1.000431788962613,-38.07867729808476],[2.9929974846144895e-08,-6.518541292641624e-08,1.0]]",artifacts/masks/thread_32/shear_y_+0.12.npz,1,paired_yolo_boxes,197,201,169,166,0.9822485207100592,0.7872830901595811,0.25963544845581055,0.9695462898359882,1.0,0.9699885024714773,1.0,0.2380998283624649,USAC_MAGSAC,SUCCESS,True,True,"[{""roi_index"":0,""area_ratio"":0.021489714609595773,""failure"":null}]",,53.497,0.10607803612947464,0.10607803612947464,0.969282329082489,0.969282329082489,0.9846339821815491,0.9846339821815491,0.0455692894756794,0.9242991209030151,0.9664556980133057,1.0,1.0,1.0,
synthetic-28-scale_0.85,synthetic_transform,thread_32.jpg,thread_32.jpg,thread,thread,scale,0.85x,scale_0.85,"{""scale"":0.85}","[[0.85,0.0,47.775000000000006],[0.0,0.85,47.775000000000006],[0.0,0.0,1.0]]","[[0.8496519465272869,-0.0004412102684157617,47.81783104066284],[-0.000897521647379352,0.8495693392307041,48.01097942401806],[-1.0581001072081867e-06,-1.4831200380314962e-07,1.0]]",artifacts/masks/thread_32/scale_0.85.npz,1,paired_yolo_boxes,197,229,117,114,0.9743589743589743,0.7154686441314927,0.4623548686504364,0.9999164709466298,1.0,1.0,1.0,0.25146350264549255,USAC_MAGSAC,SUCCESS,True,True,"[{""roi_index"":0,""area_ratio"":0.015510383375276673,""failure"":null}]",,53.179,0.11440955102443695,0.11440955102443695,0.9507075548171997,0.9507075548171997,0.9543007016181946,0.9543007016181946,0.0049760607071220875,0.8921289443969727,0.901343584060669,0.8297872340425532,1.0,1.0,
synthetic-28-scale_1.15,synthetic_transform,thread_32.jpg,thread_32.jpg,thread,thread,scale,1.15x,scale_1.15,"{""scale"":1.15}","[[1.15,0.0,-47.77499999999997],[0.0,1.15,-47.77499999999997],[0.0,0.0,1.0]]","[[1.1515403597463414,6.783813433908815e-05,-47.897721860356405],[0.0009986098785637755,1.1508514005310149,-48.07342025761509],[3.038638280209276e-06,4.793834662360376e-08,1.0]]",artifacts/masks/thread_32/scale_1.15.npz,1,paired_yolo_boxes,197,151,98,94,0.9591836734693877,0.807778383746397,0.5618523359298706,0.7565226363734633,0.8936170212765957,0.7540118512986311,0.8936170212765957,0.45893195271492004,USAC_MAGSAC,SUCCESS,True,True,"[{""roi_index"":0,""area_ratio"":0.028442358303862617,""failure"":null}]",,59.176,0.14139637351036072,0.14139637351036072,0.9723973870277405,0.9723973870277405,0.9726933240890503,0.9726933240890503,0.011241276748478413,0.9423776268959045,0.9434741735458374,1.0,0.8936170212765957,0.8936170212765957,
synthetic-28-perspective_light,synthetic_transform,thread_32.jpg,thread_32.jpg,thread,thread,perspective,light,perspective_light,"{""corner_offsets_px"":[[3.13425,1.10761],[-2.33997,1.12129],[-3.39672,-2.32414],[0.43612,-1.15355]],""amount_fraction"":0.02}","[[0.9932638738984639,-0.004237455454382179,3.1342499256134033],[2.4757599233566288e-05,0.9938657635482497,1.1076099872589111],[2.926951599409473e-06,-4.064679550984835e-06,1.0]]","[[0.9938447042611076,-0.004117380448512259,3.005381383582968],[0.00030355116798496925,0.9937717081349192,1.0509798327350308],[3.833029173270226e-06,-4.648596015560338e-06,1.0]]",artifacts/masks/thread_32/perspective_light.npz,1,paired_yolo_boxes,197,188,177,176,0.9943502824858758,0.7891293636683907,0.08725324273109436,0.9997690667348001,1.0,0.999985259578817,1.0,0.16130290925502777,USAC_MAGSAC,SUCCESS,True,True,"[{""roi_index"":0,""area_ratio"":0.021296406566511245,""failure"":null}]",,54.358,0.769385576248169,0.769385576248169,0.9621707201004028,0.9621707201004028,0.9613149166107178,0.9613149166107178,0.5227718949317932,0.9162724614143372,0.9151665568351746,1.0,1.0,1.0,
synthetic-28-perspective_moderate,synthetic_transform,thread_32.jpg,thread_32.jpg,thread,thread,perspective,moderate,perspective_moderate,"{""corner_offsets_px"":[[5.92029,3.03011],[-3.65008,3.8477],[-3.40978,-0.45959],[3.9896,-8.5028]],""amount_fraction"":0.055}","[[0.9736644030634657,-0.0030524798197933928,5.920289993286133],[0.0012147822689276045,0.9784970654487204,3.0301098823547363],[-1.78597314135723e-05,-5.406362210754714e-06,1.0]]","[[0.9745140464266154,-0.003290727766339114,5.873560088250127],[0.0016245919053688956,0.9787852006443649,2.8761989711852034],[-1.6392944723585506e-05,-6.022520534600693e-06,1.0]]",artifacts/masks/thread_32/perspective_moderate.npz,1,paired_yolo_boxes,197,187,171,171,1.0,0.7937331850922154,0.09953749924898148,0.9996069221017875,1.0,0.9999557787364511,1.0,0.17501679062843323,USAC_MAGSAC,SUCCESS,True,True,"[{""roi_index"":0,""area_ratio"":0.020706351966793508,""failure"":null}]",,59.016,0.41754150390625,0.41754150390625,0.963585615158081,0.963585615158081,0.9641780853271484,0.9641780853271484,0.09296068549156189,0.9242786765098572,0.9261602759361267,1.0,1.0,1.0,
synthetic-28-perspective_strong,synthetic_transform,thread_32.jpg,thread_32.jpg,thread,thread,perspective,strong,perspective_strong,"{""corner_offsets_px"":[[5.88435,8.82158],[-8.98059,6.7256],[-3.50091,-12.95671],[2.46306,-4.64476]],""amount_fraction"":0.1}","[[0.986403121812187,-0.005425813888109034,5.884349822998047],[-0.0031860958415661513,0.9647721020854441,8.821579933166504],[1.550744766223241e-05,-2.22780203621741e-05,1.0]]","[[0.9861414368058781,-0.0053223888618698775,5.864179813147207],[-0.003427781748314949,0.9645268421271429,8.903103843096392],[1.5000188494172435e-05,-2.2313118969564297e-05,1.0]]",artifacts/masks/thread_32/perspective_strong.npz,1,paired_yolo_boxes,197,188,174,172,0.9885057471264368,0.789147686048356,0.14863185584545135,0.9998378553669873,1.0,0.9999361248415405,1.0,0.08289997279644012,USAC_MAGSAC,SUCCESS,True,True,"[{""roi_index"":0,""area_ratio"":0.02084454386071053,""failure"":null}]",,59.16,0.45712366700172424,0.45712366700172424,0.9614724516868591,0.9614724516868591,0.9615405797958374,0.9615405797958374,0.11677846312522888,0.9170536398887634,0.9172399640083313,1.0,1.0,1.0,
synthetic-28-combined_moderate,synthetic_transform,thread_32.jpg,thread_32.jpg,thread,thread,combined,moderate,combined_moderate,"{""rotation_deg"":12.0,""shear_x"":0.06,""shear_y"":-0.04,""scale"":1.05,""corner_offsets_px"":[[5.28637,1.79107],[-4.19877,3.40763],[-4.39431,-2.78667],[4.79895,-4.08908]]}","[[0.9996897392083448,0.27515390945824636,-87.03957637064306],[-0.25433226592621394,1.009293990451454,77.59887443710129],[9.837662187341195e-07,-5.238594597721461e-07,1.0]]","[[1.0008125564563053,0.27495184480256,-86.93638511146793],[-0.2537965319904662,1.010961639072303,77.20870881515569],[2.916987609089995e-06,8.357760046184612e-07,1.0]]",artifacts/masks/thread_32/combined_moderate.npz,1,paired_yolo_boxes,197,207,163,160,0.9815950920245399,0.7924972258540887,0.27681854367256165,0.8640392684820314,1.0,0.8637149792160062,1.0,0.3778672516345978,USAC_MAGSAC,SUCCESS,True,True,"[{""roi_index"":0,""area_ratio"":0.02319644358836495,""failure"":null}]",,57.535,0.1607741415500641,0.1607741415500641,0.9680100679397583,0.9680100679397583,0.9685879349708557,0.9685879349708557,0.02585766091942787,0.9337749481201172,0.9357587099075317,1.0,1.0,1.0,
synthetic-29-identity,synthetic_transform,thread_33.jpg,thread_33.jpg,thread,thread,identity,none,identity,"{""rotation_deg"":0.0,""scale"":1.0}","[[1.0,0.0,0.0],[0.0,1.0,0.0],[0.0,0.0,1.0]]","[[1.0,0.0,0.0],[0.0,1.0,0.0],[0.0,0.0,1.0]]",artifacts/masks/thread_33/identity.npz,1,paired_yolo_boxes,245,245,245,245,1.0,0.8069731381773264,0.0,1.0,1.0,1.0,1.0,0.0,USAC_MAGSAC,SUCCESS,True,True,"[{""roi_index"":0,""area_ratio"":0.015845943999738085,""failure"":null}]",,55.907,1.0,1.0,1.0,1.0,1.0,1.0,1.0,1.0,1.0,1.0,1.0,1.0,
synthetic-29-rotation_-30,synthetic_transform,thread_33.jpg,thread_33.jpg,thread,thread,rotation,30deg,rotation_-30,"{""angle_deg"":-30}","[[0.8660254037844387,-0.49999999999999994,201.92090889465624],[0.49999999999999994,0.8660254037844387,-116.57909110534371],[0.0,0.0,1.0]]","[[0.8655764465891149,-0.4997022191281106,201.89047299850716],[0.5000059189535255,0.86602291272753,-116.63075919502096],[-7.209736096654621e-07,-4.2904908638238905e-08,1.0]]",artifacts/masks/thread_33/rotation_-30.npz,1,paired_yolo_boxes,245,218,174,173,0.9942528735632183,0.6510005286632129,0.21710139513015747,0.8448349564174881,1.0,0.8449897308399092,1.0,0.15092739462852478,USAC_MAGSAC,SUCCESS,True,True,"[{""roi_index"":0,""area_ratio"":0.015849983496627234,""failure"":null}]",,53.042,0.16138893365859985,0.16138893365859985,0.9621524214744568,0.9621524214744568,0.9622868299484253,0.9622868299484253,0.03870737925171852,0.9319044351577759,0.9322929978370667,1.0,1.0,1.0,
synthetic-29-rotation_-20,synthetic_transform,thread_33.jpg,thread_33.jpg,thread,thread,rotation,20deg,rotation_-20,"{""angle_deg"":-20}","[[0.9396926207859084,-0.3420201433256687,128.14131592891366],[0.3420201433256687,0.9396926207859084,-89.72551536953732],[0.0,0.0,1.0]]","[[0.9386395050898738,-0.3424566228991881,128.56996365387113],[0.34202319303533735,0.9393192565816307,-89.73497897032244],[-6.94896690903947e-07,-4.844720629833224e-07,1.0]]",artifacts/masks/thread_33/rotation_-20.npz,1,paired_yolo_boxes,245,228,187,186,0.9946524064171123,0.7612081084268705,0.2556861639022827,0.8763868279596309,1.0,0.8764654435392734,1.0,0.25145548582077026,USAC_MAGSAC,SUCCESS,True,True,"[{""roi_index"":0,""area_ratio"":0.015844516466090326,""failure"":null}]",,53.111,0.2122071236371994,0.2122071236371994,0.9600198864936829,0.9600198864936829,0.9616301655769348,0.9616301655769348,0.023947231471538544,0.9265506863594055,0.9309349656105042,1.0,1.0,1.0,
synthetic-29-rotation_-10,synthetic_transform,thread_33.jpg,thread_33.jpg,thread,thread,rotation,10deg,rotation_-10,"{""angle_deg"":-10}","[[0.984807753012208,-0.17364817766693033,60.14567525252906],[0.17364817766693033,0.984807753012208,-50.46821392130556],[0.0,0.0,1.0]]","[[0.9848421260090378,-0.17337754164647587,59.97250035915489],[0.17380729881289284,0.9842703001244961,-50.416334717277664],[-1.3818441951208962e-07,-6.06200457242682e-07,1.0]]",artifacts/masks/thread_33/rotation_-10.npz,1,paired_yolo_boxes,245,232,199,196,0.9849246231155779,0.8720759739014016,0.12256290018558502,0.9263273749275263,1.0,0.9265337408240878,1.0,0.18981164693832397,USAC_MAGSAC,SUCCESS,True,True,"[{""roi_index"":0,""area_ratio"":0.015848234941759534,""failure"":null}]",,56.803,0.34347978234291077,0.34347978234291077,0.9598163366317749,0.9598163366317749,0.9599469304084778,0.9599469304084778,0.13354144990444183,0.9239117503166199,0.9243329763412476,1.0,1.0,1.0,
synthetic-29-rotation_+10,synthetic_transform,thread_33.jpg,thread_33.jpg,thread,thread,rotation,10deg,rotation_+10,"{""angle_deg"":10}","[[0.984807753012208,0.17364817766693033,-50.46821392130556],[-0.17364817766693033,0.984807753012208,60.14567525252906],[0.0,0.0,1.0]]","[[0.9829436971866242,0.17301333011021766,-50.07617128959912],[-0.1735333455774885,0.9833866191065805,60.19394085349946],[-1.6659543984422983e-06,-1.6876443578852562e-06,1.0]]",artifacts/masks/thread_33/rotation_+10.npz,1,paired_yolo_boxes,245,222,189,184,0.9735449735449735,0.7963449632631083,0.14454370737075806,0.9265190004029048,1.0,0.9265337408240878,1.0,0.3109077215194702,USAC_MAGSAC,SUCCESS,True,True,"[{""roi_index"":0,""area_ratio"":0.01584182837052778,""failure"":null}]",,56.77,0.3414512574672699,0.3414512574672699,0.9598039388656616,0.9598039388656616,0.9608731269836426,0.9608731269836426,0.13346853852272034,0.923555850982666,0.926882266998291,1.0,1.0,1.0,
synthetic-29-rotation_+20,synthetic_transform,thread_33.jpg,thread_33.jpg,thread,thread,rotation,20deg,rotation_+20,"{""angle_deg"":20}","[[0.9396926207859084,0.3420201433256687,-89.72551536953732],[-0.3420201433256687,0.9396926207859084,128.14131592891366],[0.0,0.0,1.0]]","[[0.9387213539517075,0.3419547434325793,-89.58456298055155],[-0.3426083177051787,0.9391702756005873,128.3672284791404],[-1.3539406875813758e-06,4.224179373153348e-09,1.0]]",artifacts/masks/thread_33/rotation_+20.npz,1,paired_yolo_boxes,245,209,169,167,0.9881656804733728,0.7424617862126023,0.19154292345046997,0.8764752704867287,1.0,0.8764654435392734,1.0,0.18931597471237183,USAC_MAGSAC,SUCCESS,True,True,"[{""roi_index"":0,""area_ratio"":0.0158438652757715,""failure"":null}]",,60.283,0.21007946133613586,0.21007946133613586,0.9608446955680847,0.9608446955680847,0.9615060091018677,0.9615060091018677,0.025593578815460205,0.9285478591918945,0.9305432438850403,1.0,1.0,1.0,
synthetic-29-rotation_+30,synthetic_transform,thread_33.jpg,thread_33.jpg,thread,thread,rotation,30deg,rotation_+30,"{""angle_deg"":30}","[[0.8660254037844387,0.49999999999999994,-116.57909110534371],[-0.49999999999999994,0.8660254037844387,201.92090889465624],[0.0,0.0,1.0]]","[[0.8643844321776102,0.4992246866192146,-116.21916033064858],[-0.5008427690777714,0.8647249636862175,202.28092413390638],[-3.301556572391289e-06,-1.2972490320830652e-07,1.0]]",artifacts/masks/thread_33/rotation_+30.npz,1,paired_yolo_boxes,245,209,175,174,0.9942857142857143,0.6351262144957737,0.28212565183639526,0.8450044712610921,1.0,0.8449897308399092,1.0,0.47131404280662537,USAC_MAGSAC,SUCCESS,True,True,"[{""roi_index"":0,""area_ratio"":0.015846800304084148,""failure"":null}]",,58.111,0.15481151640415192,0.15481151640415192,0.9613416194915771,0.9613416194915771,0.9622882008552551,0.9622882008552551,0.03920871019363403,0.9284515976905823,0.9313675165176392,1.0,1.0,1.0,
synthetic-29-shear_x_-0.12,synthetic_transform,thread_33.jpg,thread_33.jpg,thread,thread,shear_x,12pct,shear_x_-0.12,"{""shear_x"":-0.12}","[[1.0,-0.12,38.22],[0.0,1.0,0.0],[0.0,0.0,1.0]]","[[1.0005456533754404,-0.12007280705996685,38.262972913564205],[0.0001694090487707551,1.0010242134258327,-0.16268549115888217],[8.517029869628038e-07,1.092542310857753e-06,1.0]]",artifacts/masks/thread_33/shear_x_-0.12.npz,1,paired_yolo_boxes,245,232,195,192,0.9846153846153847,0.7731768188431468,0.18263426423072815,0.9700769449985751,1.0,0.9699835889977496,1.0,0.18011996150016785,USAC_MAGSAC,SUCCESS,True,True,"[{""roi_index"":0,""area_ratio"":0.015841985075277308,""failure"":null}]",,57.003,0.5003688931465149,0.5003688931465149,0.9818307757377625,0.9818307757377625,0.9828178286552429,0.9828178286552429,0.30315783619880676,0.9669281840324402,0.9693103432655334,1.0,1.0,1.0,
synthetic-29-shear_x_+0.12,synthetic_transform,thread_33.jpg,thread_33.jpg,thread,thread,shear_x,12pct,shear_x_+0.12,"{""shear_x"":0.12}","[[1.0,0.12,-38.22],[0.0,1.0,0.0],[0.0,0.0,1.0]]","[[0.998761518768327,0.11930856591967397,-37.832353379762786],[-2.8774619949791606e-05,0.999217560229359,-0.008496633216376443],[-9.707780875390343e-07,-1.3166229630752434e-06,1.0]]",artifacts/masks/thread_33/shear_x_+0.12.npz,1,paired_yolo_boxes,245,242,205,205,1.0,0.8323813710474257,0.23793090879917145,0.9701285364727155,1.0,0.9699835889977496,1.0,0.22275568544864655,USAC_MAGSAC,SUCCESS,True,True,"[{""roi_index"":0,""area_ratio"":0.01584708060576398,""failure"":null}]",,60.031,0.501295268535614,0.501295268535614,0.9814302325248718,0.9814302325248718,0.9829312562942505,0.9829312562942505,0.29651638865470886,0.9660595655441284,0.9696619510650635,1.0,1.0,1.0,
synthetic-29-shear_y_-0.12,synthetic_transform,thread_33.jpg,thread_33.jpg,thread,thread,shear_y,12pct,shear_y_-0.12,"{""shear_y"":-0.12}","[[1.0,0.0,0.0],[-0.12,1.0,38.22],[0.0,0.0,1.0]]","[[1.000251260803814,7.791488277614138e-05,-0.0039041535801502764],[-0.1198898174498899,1.0007230053510685,38.09597663889549],[3.105676330321674e-07,7.691997836604927e-07,1.0]]",artifacts/masks/thread_33/shear_y_-0.12.npz,1,paired_yolo_boxes,245,234,197,194,0.9847715736040609,0.7851830664706836,0.2148815393447876,0.9698779493126051,1.0,0.9699762187871581,1.0,0.11440140008926392,USAC_MAGSAC,SUCCESS,True,True,"[{""roi_index"":0,""area_ratio"":0.015845200410858264,""failure"":null}]",,53.042,0.405219167470932,0.405219167470932,0.9818557500839233,0.9818557500839233,0.9823143482208252,0.9823143482208252,0.20550104975700378,0.963104784488678,0.9647582173347473,1.0,1.0,1.0,
synthetic-29-shear_y_+0.12,synthetic_transform,thread_33.jpg,thread_33.jpg,thread,thread,shear_y,12pct,shear_y_+0.12,"{""shear_y"":0.12}","[[1.0,0.0,0.0],[0.12,1.0,-38.22],[0.0,0.0,1.0]]","[[0.9989398462563744,-0.00047983895363511923,0.31296095233830623],[0.12002639043920013,0.999327416287574,-38.252866168686836],[-9.408932435687962e-07,-1.1160068264345169e-06,1.0]]",artifacts/masks/thread_33/shear_y_+0.12.npz,1,paired_yolo_boxes,245,233,209,209,1.0,0.8333724001865024,0.19973935186862946,0.9696617564685882,1.0,0.9699885024714773,1.0,0.21076802909374237,USAC_MAGSAC,SUCCESS,True,True,"[{""roi_index"":0,""area_ratio"":0.015849037117530662,""failure"":null}]",,52.88,0.4023534953594208,0.4023534953594208,0.9809298515319824,0.9809298515319824,0.9823222756385803,0.9823222756385803,0.20478664338588715,0.9615665078163147,0.9648496508598328,1.0,1.0,1.0,
synthetic-29-scale_0.85,synthetic_transform,thread_33.jpg,thread_33.jpg,thread,thread,scale,0.85x,scale_0.85,"{""scale"":0.85}","[[0.85,0.0,47.775000000000006],[0.0,0.85,47.775000000000006],[0.0,0.0,1.0]]","[[0.8503873178847141,0.00038754766172978324,47.823880943384445],[0.0004959089187165732,0.8521068764526917,47.388383806641556],[-4.109117171521008e-07,3.1018693273114757e-06,1.0]]",artifacts/masks/thread_33/scale_0.85.npz,1,paired_yolo_boxes,245,231,123,122,0.991869918699187,0.7338575763848616,0.5325561165809631,0.9991671662031623,1.0,1.0,1.0,0.4169009327888489,USAC_MAGSAC,SUCCESS,True,True,"[{""roi_index"":0,""area_ratio"":0.01145220716600662,""failure"":null}]",,52.204,0.12452864646911621,0.12452864646911621,0.9376842975616455,0.9376842975616455,0.9451762437820435,0.9451762437820435,0.06218715384602547,0.8720892667770386,0.8982780575752258,1.0,1.0,1.0,
synthetic-29-scale_1.15,synthetic_transform,thread_33.jpg,thread_33.jpg,thread,thread,scale,1.15x,scale_1.15,"{""scale"":1.15}","[[1.15,0.0,-47.77499999999997],[0.0,1.15,-47.77499999999997],[0.0,0.0,1.0]]","[[1.151795653899113,-0.0006376691398907632,-47.461557699104965],[0.0035558067854135245,1.1512884626382172,-48.62537422255063],[6.350462365305065e-06,-1.0310683800194354e-06,1.0]]",artifacts/masks/thread_33/scale_1.15.npz,1,paired_yolo_boxes,245,227,144,143,0.9930555555555556,0.9151805889112714,0.7236647605895996,0.757141734063148,1.0,0.7540118512986311,1.0,1.1699938774108887,USAC_MAGSAC,SUCCESS,True,True,"[{""roi_index"":0,""area_ratio"":0.020912142556167444,""failure"":null}]",,59.098,0.10528698563575745,0.10528698563575745,0.9601513147354126,0.9601513147354126,0.9695093035697937,0.9695093035697937,0.0681966170668602,0.9153294563293457,0.9425294995307922,1.0,1.0,1.0,
synthetic-29-perspective_light,synthetic_transform,thread_33.jpg,thread_33.jpg,thread,thread,perspective,light,perspective_light,"{""corner_offsets_px"":[[2.95886,0.76482],[-0.48996,0.32466],[-0.95236,-1.22623],[0.32075,-2.2457]],""amount_fraction"":0.02}","[[0.9922960429809506,-0.004143184019400829,2.958859920501709],[-0.0006921568898957359,0.9918617818037879,0.7648199796676636],[-3.5973504364864348e-06,-5.3754407266176284e-06,1.0]]","[[0.9920701722932104,-0.004114637822758102,3.0273106610836673],[-0.000744043114625936,0.9921055660257504,0.7208291353597138],[-4.332471503867425e-06,-4.656405815713554e-06,1.0]]",artifacts/masks/thread_33/perspective_light.npz,1,paired_yolo_boxes,245,239,213,213,1.0,0.7969402407372816,0.06588510423898697,0.9992924597832176,1.0,0.9999803461050893,1.0,0.15418633818626404,USAC_MAGSAC,SUCCESS,True,True,"[{""roi_index"":0,""area_ratio"":0.015727572699343367,""failure"":null}]",,59.175,0.6877697110176086,0.6877697110176086,0.9815354347229004,0.9815354347229004,0.9814326167106628,0.9814326167106628,0.4342675507068634,0.9669917821884155,0.9669467806816101,1.0,1.0,1.0,
synthetic-29-perspective_moderate,synthetic_transform,thread_33.jpg,thread_33.jpg,thread,thread,perspective,moderate,perspective_moderate,"{""corner_offsets_px"":[[8.16486,5.90383],[-4.82657,4.56292],[-1.47784,-6.26904],[0.42945,-4.47511]],""amount_fraction"":0.055}","[[0.9802736343125786,-0.012155269088235108,8.164859771728516],[-0.002100214860631419,0.9663728050604623,5.903830051422119],[1.0572878024784894e-06,-2.7404050432828467e-05,1.0]]","[[0.9791613377165332,-0.01243472249187077,8.459715870089207],[-0.0019606056184106654,0.9661096739945263,5.829479003656678],[5.058274499818023e-08,-2.772334996081665e-05,1.0]]",artifacts/masks/thread_33/perspective_moderate.npz,1,paired_yolo_boxes,245,231,213,213,1.0,0.7923232956992166,0.11569036543369293,0.9997174752606598,1.0,0.9999606922101788,1.0,0.21994204819202423,USAC_MAGSAC,SUCCESS,True,True,"[{""roi_index"":0,""area_ratio"":0.015381372809040526,""failure"":null}]",,60.145,0.2424708902835846,0.2424708902835846,0.9593721032142639,0.9593721032142639,0.9593222141265869,0.9593222141265869,0.06486012786626816,0.9220539331436157,0.9226477146148682,1.0,1.0,1.0,
synthetic-29-perspective_strong,synthetic_transform,thread_33.jpg,thread_33.jpg,thread,thread,perspective,strong,perspective_strong,"{""corner_offsets_px"":[[4.18439,8.13994],[-1.58891,1.96615],[-2.83429,-1.54895],[8.66326,-5.73393]],""amount_fraction"":0.1}","[[0.9745653362237834,0.007155209409143551,4.184390068054199],[-0.009742636231360555,0.9872566113391327,8.13994026184082],[-2.5765006066656524e-05,1.4315129784832083e-05,1.0]]","[[0.9745869265866415,0.006936770688324677,4.266629925240604],[-0.009805929778781669,0.9875611464025923,8.087808275327331],[-2.5868403283133752e-05,1.4580172943824432e-05,1.0]]",artifacts/masks/thread_33/perspective_strong.npz,1,paired_yolo_boxes,245,230,213,212,0.9953051643192489,0.7901773868149232,0.1038493663072586,0.9997223887343875,1.0,0.999958235473315,1.0,0.11219334602355957,USAC_MAGSAC,SUCCESS,True,True,"[{""roi_index"":0,""area_ratio"":0.015418690727630878,""failure"":null}]",,61.505,0.28457754850387573,0.28457754850387573,0.9637306928634644,0.9637306928634644,0.9638111591339111,0.9638111591339111,0.08842895925045013,0.9283000230789185,0.9282941222190857,1.0,1.0,1.0,
synthetic-29-combined_moderate,synthetic_transform,thread_33.jpg,thread_33.jpg,thread,thread,combined,moderate,combined_moderate,"{""rotation_deg"":12.0,""shear_x"":0.06,""shear_y"":-0.04,""scale"":1.05,""corner_offsets_px"":[[3.29334,0.87412],[-2.19129,0.35471],[-1.86836,-0.91971],[2.12584,-4.63595]]}","[[0.9982928275961747,0.27360137063998835,-88.96318184562573],[-0.25719247452011196,1.0062101873985994,76.83391692874945],[-9.619397953546937e-06,-6.675824050593187e-06,1.0]]","[[0.9992238845180755,0.27404595562200257,-89.26315523251641],[-0.25662770529675466,1.0061666744345383,76.79624617750824],[-8.572154151465952e-06,-6.646968901384697e-06,1.0]]",artifacts/masks/thread_33/combined_moderate.npz,1,paired_yolo_boxes,245,224,182,176,0.967032967032967,0.8185254109856311,0.24988369643688202,0.8579883255864231,1.0,0.8579391908491465,1.0,0.22301575541496277,USAC_MAGSAC,SUCCESS,True,True,"[{""roi_index"":0,""area_ratio"":0.017280211390488794,""failure"":null}]",,60.367,0.19322894513607025,0.19322894513607025,0.963596522808075,0.963596522808075,0.9639578461647034,0.9639578461647034,0.04423530399799347,0.9324382543563843,0.9336937665939331,1.0,1.0,1.0,
synthetic-30-identity,synthetic_transform,thread_34.jpg,thread_34.jpg,thread,thread,identity,none,identity,"{""rotation_deg"":0.0,""scale"":1.0}","[[1.0,0.0,0.0],[0.0,1.0,0.0],[0.0,0.0,1.0]]","[[1.0000000000000007,-6.898894804629539e-17,-2.7449211594266798e-14],[9.233457331179641e-16,1.0000000000000002,-1.1864598866696483e-13],[2.3512876004146226e-18,-5.532651460662869e-19,1.0]]",artifacts/masks/thread_34/identity.npz,1,paired_yolo_boxes,179,179,179,179,1.0,0.7940729810731799,0.0,1.0,1.0,1.0,1.0,1.3392035418981207e-13,USAC_MAGSAC,SUCCESS,True,True,"[{""roi_index"":0,""area_ratio"":0.027404924515156404,""failure"":null}]",,43.005,1.0,1.0,1.0,1.0,1.0,1.0,1.0,1.0,1.0,1.0,1.0,1.0,
synthetic-30-rotation_-30,synthetic_transform,thread_34.jpg,thread_34.jpg,thread,thread,rotation,30deg,rotation_-30,"{""angle_deg"":-30}","[[0.8660254037844387,-0.49999999999999994,161.34653473686035],[0.49999999999999994,0.8660254037844387,-93.15346526313964],[0.0,0.0,1.0]]","[[0.864191484658626,-0.4985188202623288,161.2996043649178],[0.49876877367128597,0.8663436403317462,-93.0207202659405],[-3.2148733910617297e-06,1.4787169409393055e-06,1.0]]",artifacts/masks/thread_34/rotation_-30.npz,1,paired_yolo_boxes,179,185,139,137,0.9856115107913669,0.652288607275132,0.24812375009059906,0.8455978469819301,1.0,0.8451518646674356,1.0,0.34111231565475464,USAC_MAGSAC,SUCCESS,True,True,"[{""roi_index"":0,""area_ratio"":0.027345595852030485,""failure"":null}]",,44.538,0.1891895979642868,0.1891895979642868,0.9614587426185608,0.9614587426185608,0.9661006927490234,0.9661006927490234,0.030699407681822777,0.9188467860221863,0.9324071407318115,1.0,1.0,1.0,
synthetic-30-rotation_-20,synthetic_transform,thread_34.jpg,thread_34.jpg,thread,thread,rotation,20deg,rotation_-20,"{""angle_deg"":-20}","[[0.9396926207859084,-0.3420201433256687,102.39235448636899],[0.3420201433256687,0.9396926207859084,-71.69589846639639],[0.0,0.0,1.0]]","[[0.9363309958064926,-0.3423353368455748,102.89401888165852],[0.34030006415702424,0.9378841014976576,-71.20824327283376],[-4.3349763396934445e-06,-1.5426435854690588e-06,1.0]]",artifacts/masks/thread_34/rotation_-20.npz,1,paired_yolo_boxes,179,177,141,139,0.9858156028368794,0.6468173059598982,0.22290050983428955,0.876639753940792,1.0,0.876401384083045,1.0,0.4102431535720825,USAC_MAGSAC,SUCCESS,True,True,"[{""roi_index"":0,""area_ratio"":0.02733460492127826,""failure"":null}]",,42.816,0.1347910612821579,0.1347910612821579,0.9593950510025024,0.9593950510025024,0.9645581841468811,0.9645581841468811,0.013229922391474247,0.9147157669067383,0.9300408959388733,1.0,1.0,1.0,
synthetic-30-rotation_-10,synthetic_transform,thread_34.jpg,thread_34.jpg,thread,thread,rotation,10deg,rotation_-10,"{""angle_deg"":-10}","[[0.984807753012208,-0.17364817766693033,48.05988807462683],[0.17364817766693033,0.984807753012208,-40.32703435784071],[0.0,0.0,1.0]]","[[0.9851411726386284,-0.17272340297671362,47.82496167073302],[0.17378114801412667,0.9864690954841107,-40.600410176941246],[-6.087359049795932e-07,2.261155605994798e-06,1.0]]",artifacts/masks/thread_34/rotation_-10.npz,1,paired_yolo_boxes,179,168,150,148,0.9866666666666667,0.6404279063296552,0.15749886631965637,0.92600153787005,1.0,0.9265974625144175,1.0,0.2604667544364929,USAC_MAGSAC,SUCCESS,True,True,"[{""roi_index"":0,""area_ratio"":0.027417480382365713,""failure"":null}]",,42.069,0.1301802396774292,0.1301802396774292,0.9636828899383545,0.9636828899383545,0.9642056226730347,0.9642056226730347,0.0369478203356266,0.9237220883369446,0.9252703785896301,1.0,1.0,1.0,
synthetic-30-rotation_+10,synthetic_transform,thread_34.jpg,thread_34.jpg,thread,thread,rotation,10deg,rotation_+10,"{""angle_deg"":10}","[[0.984807753012208,0.17364817766693033,-40.32703435784071],[-0.17364817766693033,0.984807753012208,48.05988807462683],[0.0,0.0,1.0]]","[[0.9842827285158543,0.17351351466225037,-40.31583685515915],[-0.17388905383547848,0.9827283944634881,48.43739719355972],[-1.2039011876513896e-07,-2.9476536128328367e-06,1.0]]",artifacts/masks/thread_34/rotation_+10.npz,1,paired_yolo_boxes,179,201,147,146,0.9931972789115646,0.7293576719783148,0.17623572051525116,0.9263360246059208,1.0,0.9265974625144175,1.0,0.3506709337234497,USAC_MAGSAC,SUCCESS,True,True,"[{""roi_index"":0,""area_ratio"":0.027400299105903567,""failure"":null}]",,51.928,0.13364678621292114,0.13364678621292114,0.964012622833252,0.964012622833252,0.9646561741828918,0.9646561741828918,0.047582902014255524,0.926395833492279,0.9279106259346008,1.0,1.0,1.0,
synthetic-30-rotation_+20,synthetic_transform,thread_34.jpg,thread_34.jpg,thread,thread,rotation,20deg,rotation_+20,"{""angle_deg"":20}","[[0.9396926207859084,0.3420201433256687,-71.69589846639639],[-0.3420201433256687,0.9396926207859084,102.39235448636899],[0.0,0.0,1.0]]","[[0.9398533120470695,0.3434083491981849,-71.9165056047783],[-0.3422466321143685,0.9405946668585269,102.49730393912874],[-1.4141914741104526e-06,4.3128533432225025e-06,1.0]]",artifacts/masks/thread_34/rotation_+20.npz,1,paired_yolo_boxes,179,222,152,150,0.9868421052631579,0.7828701364820991,0.1963372528553009,0.876962706651288,1.0,0.876401384083045,1.0,0.372869074344635,USAC_MAGSAC,SUCCESS,True,True,"[{""roi_index"":0,""area_ratio"":0.0273588871195475,""failure"":null}]",,50.961,0.13980910181999207,0.13980910181999207,0.9640384912490845,0.9640384912490845,0.9648672938346863,0.9648672938346863,0.017384758219122887,0.9267563223838806,0.9294989705085754,1.0,1.0,1.0,
synthetic-30-rotation_+30,synthetic_transform,thread_34.jpg,thread_34.jpg,thread,thread,rotation,30deg,rotation_+30,"{""angle_deg"":30}","[[0.8660254037844387,0.49999999999999994,-93.15346526313964],[-0.49999999999999994,0.8660254037844387,161.34653473686035],[0.0,0.0,1.0]]","[[0.8656112292990232,0.5021401104267788,-93.37179183636447],[-0.5003729704289677,0.866838488728019,161.40472392106426],[-2.08324924985053e-06,4.339799368625755e-06,1.0]]",artifacts/masks/thread_34/rotation_+30.npz,1,paired_yolo_boxes,179,234,149,147,0.9865771812080537,0.8101142500966134,0.26684194803237915,0.845432525951557,1.0,0.8451518646674356,1.0,0.395961195230484,USAC_MAGSAC,SUCCESS,True,True,"[{""roi_index"":0,""area_ratio"":0.027358037972506258,""failure"":null}]",,49.268,0.18100138008594513,0.18100138008594513,0.9583842754364014,0.9583842754364014,0.9655957818031311,0.9655957818031311,0.017588863149285316,0.9107086658477783,0.9313713908195496,1.0,1.0,1.0,
synthetic-30-shear_x_-0.12,synthetic_transform,thread_34.jpg,thread_34.jpg,thread,thread,shear_x,12pct,shear_x_-0.12,"{""shear_x"":-0.12}","[[1.0,-0.12,30.54],[0.0,1.0,0.0],[0.0,0.0,1.0]]","[[0.9982486356970127,-0.1200424572977355,30.61881617805052],[-0.0006988690152223288,0.9977265031416463,0.4647925964073328],[-2.466436938676724e-06,-2.182130205062006e-06,1.0]]",artifacts/masks/thread_34/shear_x_-0.12.npz,1,paired_yolo_boxes,179,171,147,144,0.9795918367346939,0.6971552173191411,0.25894296169281006,0.9698539023452518,1.0,0.9699846212995001,1.0,0.2779688239097595,USAC_MAGSAC,SUCCESS,True,True,"[{""roi_index"":0,""area_ratio"":0.027362201368678448,""failure"":null}]",,43.941,0.5235336422920227,0.5235336422920227,0.985045313835144,0.985045313835144,0.9865385890007019,0.9865385890007019,0.25966477394104004,0.9699001312255859,0.9737333059310913,1.0,1.0,1.0,
synthetic-30-shear_x_+0.12,synthetic_transform,thread_34.jpg,thread_34.jpg,thread,thread,shear_x,12pct,shear_x_+0.12,"{""shear_x"":0.12}","[[1.0,0.12,-30.54],[0.0,1.0,0.0],[0.0,0.0,1.0]]","[[0.9988042167346985,0.11930183660659151,-30.231656182050784],[-0.00018162781564127703,0.9991682439646332,0.07340587023684816],[-1.7839583890420786e-06,-6.534677210491403e-07,1.0]]",artifacts/masks/thread_34/shear_x_+0.12.npz,1,paired_yolo_boxes,179,180,147,144,0.9795918367346939,0.8159356162476629,0.20149746537208557,0.9700538254517493,1.0,0.9699846212995001,1.0,0.20671549439430237,USAC_MAGSAC,SUCCESS,True,True,"[{""roi_index"":0,""area_ratio"":0.027378405847459177,""failure"":null}]",,45.123,0.5231044292449951,0.5231044292449951,0.9837267994880676,0.9837267994880676,0.9864282011985779,0.9864282011985779,0.2503310441970825,0.9663733839988708,0.9734259843826294,1.0,1.0,1.0,
synthetic-30-shear_y_-0.12,synthetic_transform,thread_34.jpg,thread_34.jpg,thread,thread,shear_y,12pct,shear_y_-0.12,"{""shear_y"":-0.12}","[[1.0,0.0,0.0],[-0.12,1.0,30.54],[0.0,0.0,1.0]]","[[1.0058787377342888,-0.00046288001722112306,-0.471764957616213],[-0.11823436062105601,1.003413757329679,29.9136589765708],[9.202040508987335e-06,2.1739129644542854e-06,1.0]]",artifacts/masks/thread_34/shear_y_-0.12.npz,1,paired_yolo_boxes,179,187,156,155,0.9935897435897436,0.7607801560741314,0.2717335522174835,0.9679738562091503,1.0,0.9699923106497501,1.0,0.7739037871360779,USAC_MAGSAC,SUCCESS,True,True,"[{""roi_index"":0,""area_ratio"":0.027526505512142606,""failure"":null}]",,43.508,0.09156400710344315,0.09156400710344315,0.9745325446128845,0.9745325446128845,0.9822807908058167,0.9822807908058167,0.02944123186171055,0.9416142702102661,0.9616952538490295,1.0,1.0,1.0,
synthetic-30-shear_y_+0.12,synthetic_transform,thread_34.jpg,thread_34.jpg,thread,thread,shear_y,12pct,shear_y_+0.12,"{""shear_y"":0.12}","[[1.0,0.0,0.0],[0.12,1.0,-30.54],[0.0,0.0,1.0]]","[[0.9971256187878677,3.892089576063889e-05,0.25738954005737935],[0.11916049189665777,0.9992184031936523,-30.427589931097817],[-5.447243655047077e-06,3.91420062112807e-07,1.0]]",artifacts/masks/thread_34/shear_y_+0.12.npz,1,paired_yolo_boxes,179,174,158,156,0.9873417721518988,0.7436815912537948,0.25192731618881226,0.9694732795078815,1.0,0.9700153787004998,1.0,0.43751800060272217,USAC_MAGSAC,SUCCESS,True,True,"[{""roi_index"":0,""area_ratio"":0.027346987413167802,""failure"":null}]",,43.817,0.07615119218826294,0.07615119218826294,0.9802285432815552,0.9802285432815552,0.9822510480880737,0.9822510480880737,0.02860315702855587,0.9564336538314819,0.9616742730140686,1.0,1.0,1.0,
synthetic-30-scale_0.85,synthetic_transform,thread_34.jpg,thread_34.jpg,thread,thread,scale,0.85x,scale_0.85,"{""scale"":0.85}","[[0.85,0.0,38.175000000000004],[0.0,0.85,38.175000000000004],[0.0,0.0,1.0]]","[[0.8555462371633248,0.0014098759506088188,37.490386903114974],[0.0019356737433708154,0.8538234145083274,37.56420088318723],[9.548294203163771e-06,3.2242223993800154e-06,1.0]]",artifacts/masks/thread_34/scale_0.85.npz,1,paired_yolo_boxes,179,212,102,99,0.9705882352941176,0.6354679772355543,0.6050405502319336,0.9999692425990003,1.0,1.0,1.0,0.6207934617996216,USAC_MAGSAC,SUCCESS,True,True,"[{""roi_index"":0,""area_ratio"":0.01989519556535585,""failure"":null}]",,53.374,0.14948293566703796,0.14948293566703796,0.9485050439834595,0.9485050439834595,0.9521822929382324,0.9521822929382324,0.031990498304367065,0.8905361294746399,0.9011631011962891,1.0,1.0,1.0,
synthetic-30-scale_1.15,synthetic_transform,thread_34.jpg,thread_34.jpg,thread,thread,scale,1.15x,scale_1.15,"{""scale"":1.15}","[[1.15,0.0,-38.174999999999976],[0.0,1.15,-38.174999999999976],[0.0,0.0,1.0]]","[[1.148562261944101,-0.005386615831721324,-36.92198209493073],[-0.0003222066423771232,1.1453526064624595,-37.26902303772491],[1.510799650221195e-06,-9.510069346779567e-06,1.0]]",artifacts/masks/thread_34/scale_1.15.npz,1,paired_yolo_boxes,179,178,101,99,0.9801980198019802,0.6517580528018914,0.58712238073349,0.7555555555555555,1.0,0.7579238754325259,1.0,1.2483360767364502,USAC_MAGSAC,SUCCESS,True,True,"[{""roi_index"":0,""area_ratio"":0.03628337137484712,""failure"":null}]",,52.67,0.10459167510271072,0.10459167510271072,0.959474503993988,0.959474503993988,0.9730405807495117,0.9730405807495117,0.015987740829586983,0.9053449630737305,0.943776547908783,1.0,1.0,1.0,
synthetic-30-perspective_light,synthetic_transform,thread_34.jpg,thread_34.jpg,thread,thread,perspective,light,perspective_light,"{""corner_offsets_px"":[[1.19781,2.26188],[-1.83154,0.57895],[-0.4577,-0.41671],[-0.16789,-1.47306]],""amount_fraction"":0.02}","[[0.9886867439773115,-0.0026813327278340485,1.1978100538253784],[-0.0033124661821149516,0.9873070220696626,2.2618799209594727],[-1.0571789687043148e-05,-1.055154262909521e-05,1.0]]","[[0.9888065006513473,-0.002388565214293087,1.1161852224412168],[-0.0032825926275521027,0.9874550141140245,2.217956191772341],[-1.0460052246813912e-05,-1.0427294445635739e-05,1.0]]",artifacts/masks/thread_34/perspective_light.npz,1,paired_yolo_boxes,179,176,162,162,1.0,0.7261177640187584,0.06062430143356323,0.9998539023452518,1.0,0.9999884659746251,1.0,0.07189294695854187,USAC_MAGSAC,SUCCESS,True,True,"[{""roi_index"":0,""area_ratio"":0.02706586558575923,""failure"":null}]",,45.638,0.9305344223976135,0.9305344223976135,0.9571192264556885,0.9571192264556885,0.9575273990631104,0.9575273990631104,0.8240153789520264,0.9116299152374268,0.9128022789955139,1.0,1.0,1.0,
synthetic-30-perspective_moderate,synthetic_transform,thread_34.jpg,thread_34.jpg,thread,thread,perspective,moderate,perspective_moderate,"{""corner_offsets_px"":[[2.56124,5.70964],[-2.17773,3.89806],[-3.84275,-2.98305],[5.61335,-3.39414]],""amount_fraction"":0.055}","[[0.9862743464515458,0.006100261330701846,2.5612399578094482],[-0.0035930549448633157,0.9914795943459268,5.709640026092529],[-8.71171559415309e-06,1.8522732722024205e-05,1.0]]","[[0.9849307954045999,0.003623590599024764,3.276214095372671],[-0.003613409055038442,0.9880867892360048,6.186334094863465],[-7.966651612690514e-06,1.2588540152879602e-05,1.0]]",artifacts/masks/thread_34/perspective_moderate.npz,1,paired_yolo_boxes,179,179,160,160,1.0,0.7930478603568858,0.15381605923175812,0.9997539407920031,1.0,0.9999692425990003,1.0,0.5188477039337158,USAC_MAGSAC,SUCCESS,True,True,"[{""roi_index"":0,""area_ratio"":0.026488273533798578,""failure"":null}]",,52.362,0.21426554024219513,0.21426554024219513,0.953784704208374,0.953784704208374,0.9552907347679138,0.9552907347679138,0.03270671144127846,0.902999222278595,0.9084351658821106,1.0,1.0,1.0,
synthetic-30-perspective_strong,synthetic_transform,thread_34.jpg,thread_34.jpg,thread,thread,perspective,strong,perspective_strong,"{""corner_offsets_px"":[[12.10191,10.29841],[-7.77331,7.95397],[-8.66119,-9.76339],[4.83881,-3.93553]],""amount_fraction"":0.1}","[[0.9677844730009427,-0.014391545777517356,12.101909637451172],[-0.004497555280606711,0.9592810840399889,10.298410415649414],[1.3630692185403663e-05,-2.5253058569554175e-05,1.0]]","[[0.9660435215297901,-0.013955786680905793,12.063200688510294],[-0.00586366627917436,0.9572797083232909,10.81055046869735],[9.725788901822114e-06,-2.630989737182498e-05,1.0]]",artifacts/masks/thread_34/perspective_strong.npz,1,paired_yolo_boxes,179,174,155,155,1.0,0.7177858815120529,0.19706189632415771,0.9995501730103806,1.0,0.9998961937716263,1.0,0.391657292842865,USAC_MAGSAC,SUCCESS,True,True,"[{""roi_index"":0,""area_ratio"":0.025770639865024286,""failure"":null}]",,49.062,0.1722533255815506,0.1722533255815506,0.9613394737243652,0.9613394737243652,0.9617339372634888,0.9617339372634888,0.01649002730846405,0.9177458882331848,0.9193522334098816,1.0,1.0,1.0,
synthetic-30-combined_moderate,synthetic_transform,thread_34.jpg,thread_34.jpg,thread,thread,combined,moderate,combined_moderate,"{""rotation_deg"":12.0,""shear_x"":0.06,""shear_y"":-0.04,""scale"":1.05,""corner_offsets_px"":[[4.42949,3.67571],[-2.02936,0.14502],[-1.73762,-2.64317],[2.74848,-4.31823]]}","[[0.9905507691791389,0.2698499588257768,-68.78302729988769],[-0.2610767090896293,0.9954112059298401,64.27843691067184],[-1.8451317458398436e-05,-1.3445641499813121e-05,1.0]]","[[0.989800302960426,0.2703877343721282,-68.64980742408811],[-0.2615097828091194,0.9950129490773224,64.5119708140957],[-1.9627788226557596e-05,-1.2467246224274415e-05,1.0]]",artifacts/masks/thread_34/combined_moderate.npz,1,paired_yolo_boxes,179,205,141,140,0.9929078014184397,0.8136827427423614,0.216147780418396,0.8622376009227221,1.0,0.8619031141868512,1.0,0.23139064013957977,USAC_MAGSAC,SUCCESS,True,True,"[{""roi_index"":0,""area_ratio"":0.02936490233838481,""failure"":null}]",,50.609,0.10243576765060425,0.10243576765060425,0.9590840935707092,0.9590840935707092,0.9664942622184753,0.9664942622184753,0.03697948902845383,0.9100710153579712,0.9322162866592407,1.0,1.0,1.0,
synthetic-31-identity,synthetic_transform,thread_35.jpg,thread_35.jpg,thread,thread,identity,none,identity,"{""rotation_deg"":0.0,""scale"":1.0}","[[1.0,0.0,0.0],[0.0,1.0,0.0],[0.0,0.0,1.0]]","[[1.0,0.0,0.0],[0.0,1.0,0.0],[0.0,0.0,1.0]]",artifacts/masks/thread_35/identity.npz,1,paired_yolo_boxes,195,195,195,195,1.0,0.8130638333242192,0.0,1.0,1.0,1.0,1.0,0.0,USAC_MAGSAC,SUCCESS,True,True,"[{""roi_index"":0,""area_ratio"":0.014681497659812567,""failure"":null}]",,63.799,1.0,1.0,1.0,1.0,1.0,1.0,1.0,1.0,1.0,1.0,1.0,1.0,
synthetic-31-rotation_-30,synthetic_transform,thread_35.jpg,thread_35.jpg,thread,thread,rotation,30deg,rotation_-30,"{""angle_deg"":-30}","[[0.8660254037844387,-0.49999999999999994,201.92090889465624],[0.49999999999999994,0.8660254037844387,-116.57909110534371],[0.0,0.0,1.0]]","[[0.8661003459989046,-0.4983477793134178,201.59465865537464],[0.4993488952541214,0.8672119723250916,-116.47914418349725],[-1.8000972223722187e-06,3.859940280977099e-06,1.0]]",artifacts/masks/thread_35/rotation_-30.npz,1,paired_yolo_boxes,195,181,142,139,0.9788732394366197,0.7246391578072711,0.3020704686641693,0.8456186554770492,1.0,0.8449897308399092,1.0,0.6373682618141174,USAC_MAGSAC,SUCCESS,True,True,"[{""roi_index"":0,""area_ratio"":0.014663421256323134,""failure"":null}]",,59.919,0.059724193066358566,0.059724193066358566,0.9575899243354797,0.9575899243354797,0.9585204720497131,0.9585204720497131,0.027340136468410492,0.9266178011894226,0.929166316986084,1.0,1.0,1.0,
synthetic-31-rotation_-20,synthetic_transform,thread_35.jpg,thread_35.jpg,thread,thread,rotation,20deg,rotation_-20,"{""angle_deg"":-20}","[[0.9396926207859084,-0.3420201433256687,128.14131592891366],[0.3420201433256687,0.9396926207859084,-89.72551536953732],[0.0,0.0,1.0]]","[[0.9386822817327939,-0.34095163982263266,128.07913335399442],[0.34083236030434566,0.9397552323596904,-89.56472038966416],[-1.524798565010272e-06,2.1033917556937408e-07,1.0]]",artifacts/masks/thread_35/rotation_-20.npz,1,paired_yolo_boxes,195,188,146,142,0.9726027397260274,0.7651481775322027,0.2131480872631073,0.8765366889083244,1.0,0.8764654435392734,1.0,0.42327284812927246,USAC_MAGSAC,SUCCESS,True,True,"[{""roi_index"":0,""area_ratio"":0.014677344066751394,""failure"":null}]",,53.993,0.09626278281211853,0.09626278281211853,0.9532281160354614,0.9532281160354614,0.9569648504257202,0.9569648504257202,0.029877489432692528,0.9149735569953918,0.927149772644043,1.0,1.0,1.0,
synthetic-31-rotation_-10,synthetic_transform,thread_35.jpg,thread_35.jpg,thread,thread,rotation,10deg,rotation_-10,"{""angle_deg"":-10}","[[0.984807753012208,-0.17364817766693033,60.14567525252906],[0.17364817766693033,0.984807753012208,-50.46821392130556],[0.0,0.0,1.0]]","[[0.985177819290201,-0.17341662481398462,60.135642139187],[0.17434444586170011,0.9839127152854902,-50.42052952549243],[2.525269940169953e-06,-1.6958726151027608e-06,1.0]]",artifacts/masks/thread_35/rotation_-10.npz,1,paired_yolo_boxes,195,186,161,158,0.9813664596273292,0.7912146577537794,0.20839588344097137,0.9273837717789722,1.0,0.9265337408240878,1.0,0.3973613679409027,USAC_MAGSAC,SUCCESS,True,True,"[{""roi_index"":0,""area_ratio"":0.014661883653236127,""failure"":null}]",,63.945,0.21926210820674896,0.21926210820674896,0.9499850869178772,0.9499850869178772,0.956272304058075,0.956272304058075,0.0643346905708313,0.9035372734069824,0.9232683181762695,1.0,1.0,1.0,
synthetic-31-rotation_+10,synthetic_transform,thread_35.jpg,thread_35.jpg,thread,thread,rotation,10deg,rotation_+10,"{""angle_deg"":10}","[[0.984807753012208,0.17364817766693033,-50.46821392130556],[-0.17364817766693033,0.984807753012208,60.14567525252906],[0.0,0.0,1.0]]","[[0.9872902243838492,0.17448732968831895,-50.77717328737805],[-0.17327127209319798,0.988020984788331,59.79746060923793],[3.50231814743465e-06,4.16467513088365e-06,1.0]]",artifacts/masks/thread_35/rotation_+10.npz,1,paired_yolo_boxes,195,195,157,156,0.9936305732484076,0.7899699382174837,0.14975637197494507,0.9271798626192745,1.0,0.9265337408240878,1.0,0.598832368850708,USAC_MAGSAC,SUCCESS,True,True,"[{""roi_index"":0,""area_ratio"":0.01465615244538631,""failure"":null}]",,57.092,0.22012542188167572,0.22012542188167572,0.955105185508728,0.955105185508728,0.9557917714118958,0.9557917714118958,0.07744060456752777,0.9197744131088257,0.921726405620575,1.0,1.0,1.0,
synthetic-31-rotation_+20,synthetic_transform,thread_35.jpg,thread_35.jpg,thread,thread,rotation,20deg,rotation_+20,"{""angle_deg"":20}","[[0.9396926207859084,0.3420201433256687,-89.72551536953732],[-0.3420201433256687,0.9396926207859084,128.14131592891366],[0.0,0.0,1.0]]","[[0.9462733864477568,0.3463293244108816,-91.63847372929055],[-0.34265273866147805,0.946924038431827,127.64855029611599],[6.5847118068405045e-06,9.461921717665116e-06,1.0]]",artifacts/masks/thread_35/rotation_+20.npz,1,paired_yolo_boxes,195,189,149,147,0.9865771812080537,0.7877612076909382,0.25471723079681396,0.8757824706911292,1.0,0.8764654435392734,1.0,1.3960418701171875,USAC_MAGSAC,SUCCESS,True,True,"[{""roi_index"":0,""area_ratio"":0.01466817259885731,""failure"":null}]",,67.098,0.09754825383424759,0.09754825383424759,0.9560295343399048,0.9560295343399048,0.9577906727790833,0.9577906727790833,0.03704248368740082,0.9224914908409119,0.9284027218818665,1.0,1.0,1.0,
synthetic-31-rotation_+30,synthetic_transform,thread_35.jpg,thread_35.jpg,thread,thread,rotation,30deg,rotation_+30,"{""angle_deg"":30}","[[0.8660254037844387,0.49999999999999994,-116.57909110534371],[-0.49999999999999994,0.8660254037844387,201.92090889465624],[0.0,0.0,1.0]]","[[0.8660818555354718,0.5007389664852278,-116.84300377980183],[-0.5014444149052358,0.8678972202885789,201.722793490168],[-1.7441522251447899e-06,2.398725649684967e-06,1.0]]",artifacts/masks/thread_35/rotation_+30.npz,1,paired_yolo_boxes,195,175,145,142,0.9793103448275862,0.6624169395958928,0.27984100580215454,0.843894026198642,1.0,0.8449897308399092,1.0,0.48020949959754944,USAC_MAGSAC,SUCCESS,True,True,"[{""roi_index"":0,""area_ratio"":0.014701622282127631,""failure"":null}]",,72.986,0.062255509197711945,0.062255509197711945,0.952559769153595,0.952559769153595,0.9579732418060303,0.9579732418060303,0.02358526550233364,0.9110630750656128,0.9290415644645691,1.0,1.0,1.0,
synthetic-31-shear_x_-0.12,synthetic_transform,thread_35.jpg,thread_35.jpg,thread,thread,shear_x,12pct,shear_x_-0.12,"{""shear_x"":-0.12}","[[1.0,-0.12,38.22],[0.0,1.0,0.0],[0.0,0.0,1.0]]","[[1.0013185828388915,-0.12058210498849739,38.16787725863404],[0.0019055338712820474,0.9995930214859353,-0.19440072854911583],[4.051682713614039e-06,-1.738781294224735e-06,1.0]]",artifacts/masks/thread_35/shear_x_-0.12.npz,1,paired_yolo_boxes,195,184,161,159,0.9875776397515528,0.8467634874058645,0.2120111584663391,0.9702538300527707,1.0,0.9699835889977496,1.0,0.6553987264633179,USAC_MAGSAC,SUCCESS,True,True,"[{""roi_index"":0,""area_ratio"":0.014665822985063791,""failure"":null}]",,65.869,0.46142029762268066,0.46142029762268066,0.9787946343421936,0.9787946343421936,0.981429934501648,0.981429934501648,0.30938488245010376,0.9592992067337036,0.9658610820770264,1.0,1.0,1.0,
synthetic-31-shear_x_+0.12,synthetic_transform,thread_35.jpg,thread_35.jpg,thread,thread,shear_x,12pct,shear_x_+0.12,"{""shear_x"":0.12}","[[1.0,0.12,-38.22],[0.0,1.0,0.0],[0.0,0.0,1.0]]","[[0.9988888485662857,0.12012665934380391,-38.10287263917449],[-0.0008047795992497935,0.9993966878531818,0.24841207307002222],[-1.5904549000111346e-06,-3.1164436102859376e-07,1.0]]",artifacts/masks/thread_35/shear_x_+0.12.npz,1,paired_yolo_boxes,195,190,158,158,1.0,0.8096370333360565,0.19099976122379303,0.9698435549965114,1.0,0.9699835889977496,1.0,0.2693939507007599,USAC_MAGSAC,SUCCESS,True,True,"[{""roi_index"":0,""area_ratio"":0.014683232229613766,""failure"":null}]",,66.63,0.4583285450935364,0.4583285450935364,0.9812005162239075,0.9812005162239075,0.9813215732574463,0.9813215732574463,0.3112391531467438,0.9653823375701904,0.96554034948349,1.0,1.0,1.0,
synthetic-31-shear_y_-0.12,synthetic_transform,thread_35.jpg,thread_35.jpg,thread,thread,shear_y,12pct,shear_y_-0.12,"{""shear_y"":-0.12}","[[1.0,0.0,0.0],[-0.12,1.0,38.22],[0.0,0.0,1.0]]","[[1.002637329083659,0.0010382021034682062,-0.6925452547759304],[-0.11859316188508345,1.002017743127145,37.75182801835276],[2.3828485195792268e-06,2.4851908634303e-06,1.0]]",artifacts/masks/thread_35/shear_y_-0.12.npz,1,paired_yolo_boxes,195,191,165,163,0.9878787878787879,0.8003217535414523,0.24106554687023163,0.9697010642584094,1.0,0.9699762187871581,1.0,0.48261505365371704,USAC_MAGSAC,SUCCESS,True,True,"[{""roi_index"":0,""area_ratio"":0.014681232581857068,""failure"":null}]",,66.24,0.39683932065963745,0.39683932065963745,0.9773502349853516,0.9773502349853516,0.98136967420578,0.98136967420578,0.19464553892612457,0.9539201855659485,0.9665103554725647,1.0,1.0,1.0,
synthetic-31-shear_y_+0.12,synthetic_transform,thread_35.jpg,thread_35.jpg,thread,thread,shear_y,12pct,shear_y_+0.12,"{""shear_y"":0.12}","[[1.0,0.0,0.0],[0.12,1.0,-38.22],[0.0,0.0,1.0]]","[[0.9993169511625863,0.0002632107693369823,-0.09328829708986401],[0.11932278942373778,0.9996218143919687,-38.075371442123064],[-1.2976684218494597e-06,-8.682214881817556e-08,1.0]]",artifacts/masks/thread_35/shear_y_+0.12.npz,1,paired_yolo_boxes,195,185,162,161,0.9938271604938271,0.7960046674359219,0.1913572996854782,0.969892689733788,1.0,0.9699885024714773,1.0,0.1843661665916443,USAC_MAGSAC,SUCCESS,True,True,"[{""roi_index"":0,""area_ratio"":0.014684484169349537,""failure"":null}]",,68.226,0.3952298164367676,0.3952298164367676,0.9766433835029602,0.9766433835029602,0.9814483523368835,0.9814483523368835,0.191927969455719,0.955764651298523,0.9667243957519531,1.0,1.0,1.0,
synthetic-31-scale_0.85,synthetic_transform,thread_35.jpg,thread_35.jpg,thread,thread,scale,0.85x,scale_0.85,"{""scale"":0.85}","[[0.85,0.0,47.775000000000006],[0.0,0.85,47.775000000000006],[0.0,0.0,1.0]]","[[0.8532944748966917,0.0011972868477034323,47.53249750818702],[0.0026155696344332493,0.855509669832238,46.57780271495266],[5.546301678878952e-06,6.75636363143238e-06,1.0]]",artifacts/masks/thread_35/scale_0.85.npz,1,paired_yolo_boxes,195,185,101,100,0.9900990099009901,0.7896361192035551,0.7701063752174377,0.9989632570434646,1.0,1.0,1.0,1.0155186653137207,USAC_MAGSAC,SUCCESS,True,True,"[{""roi_index"":0,""area_ratio"":0.010583656681155804,""failure"":null}]",,66.887,0.17779433727264404,0.17779433727264404,0.9326311349868774,0.9326311349868774,0.9410580396652222,0.9410580396652222,0.04748319834470749,0.8677481412887573,0.8950322866439819,1.0,1.0,1.0,
synthetic-31-scale_1.15,synthetic_transform,thread_35.jpg,thread_35.jpg,thread,thread,scale,1.15x,scale_1.15,"{""scale"":1.15}","[[1.15,0.0,-47.77499999999997],[0.0,1.15,-47.77499999999997],[0.0,0.0,1.0]]","[[1.1505458725173863,-0.0003900915934046216,-47.753079412035156],[0.0013137558842428825,1.1482814812974802,-47.67991318191501],[3.789269896388049e-06,-3.7520932457559883e-06,1.0]]",artifacts/masks/thread_35/scale_1.15.npz,1,paired_yolo_boxes,195,206,112,110,0.9821428571428571,0.7689361828667165,0.6159077882766724,0.7564538477412761,1.0,0.7540118512986311,1.0,0.6703871488571167,USAC_MAGSAC,SUCCESS,True,True,"[{""roi_index"":0,""area_ratio"":0.019400309925092833,""failure"":null}]",,65.683,0.21900556981563568,0.21900556981563568,0.9653917551040649,0.9653917551040649,0.9668182134628296,0.9668182134628296,0.08563493192195892,0.9349539875984192,0.940049946308136,1.0,1.0,1.0,
synthetic-31-perspective_light,synthetic_transform,thread_35.jpg,thread_35.jpg,thread,thread,perspective,light,perspective_light,"{""corner_offsets_px"":[[1.12075,0.52565],[0.38583,1.10017],[-2.48897,-0.42644],[0.55958,-1.22894]],""amount_fraction"":0.02}","[[0.9984826700275503,-0.0008777530213077857,1.1207499504089355],[0.0009012876734327205,1.0008863203103397,0.5256500244140625],[-5.704040670881329e-07,5.726563482240378e-06,1.0]]","[[0.99854635572892,-0.0006821425220623039,1.051122153311016],[0.0007851738359560338,1.0011219595112366,0.49739077336962334],[-7.568938049967517e-07,6.106640261000742e-06,1.0]]",artifacts/masks/thread_35/perspective_light.npz,1,paired_yolo_boxes,195,185,161,159,0.9875776397515528,0.8046192996291108,0.061872679740190506,0.9999533219995873,1.0,0.9999926297894085,1.0,0.0714477151632309,USAC_MAGSAC,SUCCESS,True,True,"[{""roi_index"":0,""area_ratio"":0.014597970633035244,""failure"":null}]",,124.922,0.8890804648399353,0.8890804648399353,0.9444169998168945,0.9444169998168945,0.944919764995575,0.944919764995575,0.7345126271247864,0.9030299782752991,0.9041927456855774,1.0,1.0,1.0,
synthetic-31-perspective_moderate,synthetic_transform,thread_35.jpg,thread_35.jpg,thread,thread,perspective,moderate,perspective_moderate,"{""corner_offsets_px"":[[8.43264,0.09473],[-0.52677,3.7953],[-3.52255,-2.99566],[3.50317,-3.24844]],""amount_fraction"":0.055}","[[0.9914025694434329,-0.007755309397189199,8.432640075683594],[0.005841975553678486,0.9917237225159176,0.09472999721765518],[8.590488407222412e-06,-4.777921398775681e-06,1.0]]","[[0.9916068311040581,-0.007857862758452357,8.48109480769829],[0.006046767726002464,0.9922744403597012,-0.0552819110079605],[9.099657900902963e-06,-4.2527108379890755e-06,1.0]]",artifacts/masks/thread_35/perspective_moderate.npz,1,paired_yolo_boxes,195,182,166,166,1.0,0.7740068657269177,0.09585927426815033,0.9998476823144427,1.0,0.999970519157634,1.0,0.13219738006591797,USAC_MAGSAC,SUCCESS,True,True,"[{""roi_index"":0,""area_ratio"":0.014383896827171273,""failure"":null}]",,82.837,0.21068261563777924,0.21068261563777924,0.9555884599685669,0.9555884599685669,0.9558227062225342,0.9558227062225342,0.07103496044874191,0.9205573201179504,0.9213628172874451,1.0,1.0,1.0,
synthetic-31-perspective_strong,synthetic_transform,thread_35.jpg,thread_35.jpg,thread,thread,perspective,strong,perspective_strong,"{""corner_offsets_px"":[[11.78754,6.35341],[-4.35824,2.84825],[-8.08052,-7.16591],[2.23369,-16.87762]],""amount_fraction"":0.1}","[[0.9538626854861437,-0.015031261418295123,11.787540435791016],[-0.005596208911445755,0.9543506661533433,6.353409767150879],[-3.286339896571791e-05,-1.4803355401666837e-05,1.0]]","[[0.9554981544022131,-0.014317041981158287,11.230026030434779],[-0.0057100925101883065,0.9557994219857565,6.07708854754223],[-3.197798870552913e-05,-1.3358602149728035e-05,1.0]]",artifacts/masks/thread_35/perspective_strong.npz,1,paired_yolo_boxes,195,173,153,150,0.9803921568627451,0.8256404240868451,0.1922954022884369,0.9988699010426392,1.0,0.9999336681046767,1.0,0.37621617317199707,USAC_MAGSAC,SUCCESS,True,True,"[{""roi_index"":0,""area_ratio"":0.014009562672511487,""failure"":null}]",,75.939,0.1583213210105896,0.1583213210105896,0.9471864104270935,0.9471864104270935,0.9489147067070007,0.9489147067070007,0.017233265563845634,0.9056353569030762,0.9119088053703308,1.0,1.0,1.0,
synthetic-31-combined_moderate,synthetic_transform,thread_35.jpg,thread_35.jpg,thread,thread,combined,moderate,combined_moderate,"{""rotation_deg"":12.0,""shear_x"":0.06,""shear_y"":-0.04,""scale"":1.05,""corner_offsets_px"":[[4.97633,3.75973],[-2.57579,1.61372],[-3.91428,-3.95445],[1.27928,-6.4313]]}","[[0.995445238781294,0.2684899399087754,-87.22779431559786],[-0.2575517116518365,0.9966844663625417,79.29400974758165],[-1.0097508422892991e-05,-9.197558998084553e-06,1.0]]","[[0.9982271281259872,0.2707596887841401,-88.12118747167406],[-0.25737019141975176,1.0005134797646353,78.86397226542182],[-7.86254078042169e-06,-3.7277643635115093e-06,1.0]]",artifacts/masks/thread_35/combined_moderate.npz,1,paired_yolo_boxes,195,198,157,156,0.9936305732484076,0.8513361886872456,0.23243579268455505,0.8632359155275596,1.0,0.8630664006839556,1.0,0.7902157306671143,USAC_MAGSAC,SUCCESS,True,True,"[{""roi_index"":0,""area_ratio"":0.015851185011905085,""failure"":null}]",,71.278,0.14274024963378906,0.14274024963378906,0.958735466003418,0.958735466003418,0.9604741930961609,0.9604741930961609,0.027932193130254745,0.9259571433067322,0.931358277797699,1.0,1.0,1.0,
synthetic-32-identity,synthetic_transform,thread_36.jpg,thread_36.jpg,thread,thread,identity,none,identity,"{""rotation_deg"":0.0,""scale"":1.0}","[[1.0,0.0,0.0],[0.0,1.0,0.0],[0.0,0.0,1.0]]","[[1.0000000000000142,8.13411271438631e-15,-3.1329134331519447e-12],[2.159567574328728e-15,1.000000000000021,-3.4635405216806937e-12],[7.381794798269224e-18,3.1577210794346407e-17,1.0]]",artifacts/masks/thread_36/identity.npz,1,paired_yolo_boxes,145,145,145,145,1.0,0.644503591058776,0.0,1.0,1.0,1.0,1.0,2.0104807575693773e-12,USAC_MAGSAC,SUCCESS,True,True,"[{""roi_index"":0,""area_ratio"":0.023856220648597864,""failure"":null}]",,50.938,1.0,1.0,1.0,1.0,1.0,1.0,1.0,1.0,1.0,1.0,1.0,1.0,
synthetic-32-rotation_-30,synthetic_transform,thread_36.jpg,thread_36.jpg,thread,thread,rotation,30deg,rotation_-30,"{""angle_deg"":-30}","[[0.8660254037844387,-0.49999999999999994,161.34653473686035],[0.49999999999999994,0.8660254037844387,-93.15346526313964],[0.0,0.0,1.0]]","[[0.8666082372805255,-0.5000536766907335,161.44971481428254],[0.5024348461188081,0.8672668253947514,-93.91097585122809],[3.116330094312379e-06,-1.2711870638368047e-07,1.0]]",artifacts/masks/thread_36/rotation_-30.npz,1,paired_yolo_boxes,145,140,105,103,0.9809523809523809,0.6913571240287304,0.260795921087265,0.8448712033833141,1.0,0.8451518646674356,1.0,0.43480029702186584,USAC_MAGSAC,SUCCESS,True,True,"[{""roi_index"":0,""area_ratio"":0.023870442010314942,""failure"":null}]",,51.907,0.10859212279319763,0.10859212279319763,0.96043461561203,0.96043461561203,0.9620938301086426,0.9620938301086426,0.004113307688385248,0.9227228164672852,0.9273828864097595,1.0,1.0,1.0,
synthetic-32-rotation_-20,synthetic_transform,thread_36.jpg,thread_36.jpg,thread,thread,rotation,20deg,rotation_-20,"{""angle_deg"":-20}","[[0.9396926207859084,-0.3420201433256687,102.39235448636899],[0.3420201433256687,0.9396926207859084,-71.69589846639639],[0.0,0.0,1.0]]","[[0.9412003543718295,-0.3419231339373896,102.3224606221073],[0.3444669292327372,0.9411106258858943,-72.50778358528297],[2.001962812487984e-06,1.3769416326330774e-06,1.0]]",artifacts/masks/thread_36/rotation_-20.npz,1,paired_yolo_boxes,145,148,119,117,0.9831932773109243,0.7128576147086868,0.2340918332338333,0.8755440215301807,1.0,0.876401384083045,1.0,0.42491811513900757,USAC_MAGSAC,SUCCESS,True,True,"[{""roi_index"":0,""area_ratio"":0.0238793308686088,""failure"":null}]",,53.069,0.11992339789867401,0.11992339789867401,0.9557233452796936,0.9557233452796936,0.9607786536216736,0.9607786536216736,0.04214340075850487,0.9104442000389099,0.9254884719848633,1.0,1.0,1.0,
synthetic-32-rotation_-10,synthetic_transform,thread_36.jpg,thread_36.jpg,thread,thread,rotation,10deg,rotation_-10,"{""angle_deg"":-10}","[[0.984807753012208,-0.17364817766693033,48.05988807462683],[0.17364817766693033,0.984807753012208,-40.32703435784071],[0.0,0.0,1.0]]","[[0.9818345262050119,-0.17487476428878074,48.887032814397124],[0.17265805855138985,0.9819721654835526,-39.612845900794994],[-3.925965406043487e-06,-9.199897162445276e-07,1.0]]",artifacts/masks/thread_36/rotation_-10.npz,1,paired_yolo_boxes,145,138,120,117,0.975,0.6616107568396332,0.2572499215602875,0.9270972702806612,1.0,0.9265974625144175,1.0,0.5912411212921143,USAC_MAGSAC,SUCCESS,True,True,"[{""roi_index"":0,""area_ratio"":0.023804866663145918,""failure"":null}]",,53.074,0.08020586520433426,0.08020586520433426,0.958942711353302,0.958942711353302,0.9600799083709717,0.9600799083709717,0.017335139214992523,0.9152950048446655,0.9181731343269348,1.0,1.0,1.0,
synthetic-32-rotation_+10,synthetic_transform,thread_36.jpg,thread_36.jpg,thread,thread,rotation,10deg,rotation_+10,"{""angle_deg"":10}","[[0.984807753012208,0.17364817766693033,-40.32703435784071],[-0.17364817766693033,0.984807753012208,48.05988807462683],[0.0,0.0,1.0]]","[[0.9857359820030461,0.17220718976309615,-40.301959141046474],[-0.17200505210525924,0.9840652138481895,47.66292227846319],[2.557246660042036e-06,-4.021226493994096e-06,1.0]]",artifacts/masks/thread_36/rotation_+10.npz,1,paired_yolo_boxes,145,137,120,119,0.9916666666666667,0.614201991977036,0.17957808077335358,0.9255594002306805,1.0,0.9265974625144175,1.0,0.5112053155899048,USAC_MAGSAC,SUCCESS,True,True,"[{""roi_index"":0,""area_ratio"":0.02390365218536005,""failure"":null}]",,59.591,0.08824619650840759,0.08824619650840759,0.9575486183166504,0.9575486183166504,0.9597017765045166,0.9597017765045166,0.024525435641407967,0.9133091568946838,0.9210357069969177,1.0,1.0,1.0,
synthetic-32-rotation_+20,synthetic_transform,thread_36.jpg,thread_36.jpg,thread,thread,rotation,20deg,rotation_+20,"{""angle_deg"":20}","[[0.9396926207859084,0.3420201433256687,-71.69589846639639],[-0.3420201433256687,0.9396926207859084,102.39235448636899],[0.0,0.0,1.0]]","[[0.9335468566875877,0.34208032739829225,-70.85451375891532],[-0.3420649226214731,0.9370106474632365,102.51781070328009],[-1.1403111626254934e-05,2.3656298020517577e-06,1.0]]",artifacts/masks/thread_36/rotation_+20.npz,1,paired_yolo_boxes,145,134,110,108,0.9818181818181818,0.6539395012920395,0.30094850063323975,0.8776201460976547,1.0,0.876401384083045,1.0,0.997494637966156,USAC_MAGSAC,SUCCESS,True,True,"[{""roi_index"":0,""area_ratio"":0.023752461125713803,""failure"":null}]",,51.248,0.11409574747085571,0.11409574747085571,0.9524198174476624,0.9524198174476624,0.9608699679374695,0.9608699679374695,0.04094530642032623,0.8986983895301819,0.9238681793212891,1.0,1.0,1.0,
synthetic-32-rotation_+30,synthetic_transform,thread_36.jpg,thread_36.jpg,thread,thread,rotation,30deg,rotation_+30,"{""angle_deg"":30}","[[0.8660254037844387,0.49999999999999994,-93.15346526313964],[-0.49999999999999994,0.8660254037844387,161.34653473686035],[0.0,0.0,1.0]]","[[0.8690959213034283,0.5041506042933903,-94.58098542891334],[-0.49851847163310686,0.8685734830657387,160.75217357766684],[1.5998203879845213e-06,5.5048593300065654e-06,1.0]]",artifacts/masks/thread_36/rotation_+30.npz,1,paired_yolo_boxes,145,133,107,104,0.9719626168224299,0.7083268650215383,0.33134785294532776,0.8445021145713187,1.0,0.8451518646674356,1.0,0.7609800100326538,USAC_MAGSAC,SUCCESS,True,True,"[{""roi_index"":0,""area_ratio"":0.023851541557282308,""failure"":null}]",,51.82,0.10159429162740707,0.10159429162740707,0.9574180841445923,0.9574180841445923,0.9622758626937866,0.9622758626937866,0.006170283537358046,0.9132586121559143,0.9269531965255737,1.0,1.0,1.0,
synthetic-32-shear_x_-0.12,synthetic_transform,thread_36.jpg,thread_36.jpg,thread,thread,shear_x,12pct,shear_x_-0.12,"{""shear_x"":-0.12}","[[1.0,-0.12,30.54],[0.0,1.0,0.0],[0.0,0.0,1.0]]","[[0.9999509636437045,-0.12032876463083303,30.82057137879589],[0.0002567912573980687,1.0003934955759666,-0.15636147739948453],[1.0795359023625227e-06,-4.154803906922693e-07,1.0]]",artifacts/masks/thread_36/shear_x_-0.12.npz,1,paired_yolo_boxes,145,135,119,116,0.9747899159663865,0.622949051983099,0.22334915399551392,0.9701883890811226,1.0,0.9699846212995001,1.0,0.15708352625370026,USAC_MAGSAC,SUCCESS,True,True,"[{""roi_index"":0,""area_ratio"":0.023856746659502968,""failure"":null}]",,51.844,0.1666485071182251,0.1666485071182251,0.9838341474533081,0.9838341474533081,0.988024115562439,0.988024115562439,0.07054448872804642,0.966149628162384,0.9776270389556885,1.0,1.0,1.0,
synthetic-32-shear_x_+0.12,synthetic_transform,thread_36.jpg,thread_36.jpg,thread,thread,shear_x,12pct,shear_x_+0.12,"{""shear_x"":0.12}","[[1.0,0.12,-30.54],[0.0,1.0,0.0],[0.0,0.0,1.0]]","[[0.9969186699786636,0.12097513662754653,-30.43385488606176],[-0.0011376270638100653,0.9991474599965823,0.24044193923347326],[-7.3334384598314296e-06,3.257292824478189e-06,1.0]]",artifacts/masks/thread_36/shear_x_+0.12.npz,1,paired_yolo_boxes,145,143,121,121,1.0,0.6316332625245048,0.25659307837486267,0.9697078046905037,1.0,0.9699846212995001,1.0,0.5573031902313232,USAC_MAGSAC,SUCCESS,True,True,"[{""roi_index"":0,""area_ratio"":0.02380250361125636,""failure"":null}]",,49.645,0.166667640209198,0.166667640209198,0.9799524545669556,0.9799524545669556,0.9879772067070007,0.9879772067070007,0.0703372210264206,0.9532912969589233,0.9773805737495422,1.0,1.0,1.0,
synthetic-32-shear_y_-0.12,synthetic_transform,thread_36.jpg,thread_36.jpg,thread,thread,shear_y,12pct,shear_y_-0.12,"{""shear_y"":-0.12}","[[1.0,0.0,0.0],[-0.12,1.0,30.54],[0.0,0.0,1.0]]","[[1.0025883467539876,0.0001659828084507863,-0.24073135358566486],[-0.11792294518939346,1.0016045397634077,29.81476118621879],[4.229467131934253e-06,5.228445675618845e-07,1.0]]",artifacts/masks/thread_36/shear_y_-0.12.npz,1,paired_yolo_boxes,145,137,122,119,0.9754098360655737,0.6293274051372809,0.2592443525791168,0.9697270280661284,1.0,0.9699923106497501,1.0,0.3491291403770447,USAC_MAGSAC,SUCCESS,True,True,"[{""roi_index"":0,""area_ratio"":0.02387892425873255,""failure"":null}]",,49.88,0.2578195333480835,0.2578195333480835,0.9674800038337708,0.9674800038337708,0.9763403534889221,0.9763403534889221,0.17706064879894257,0.9298531413078308,0.9504849314689636,1.0,1.0,1.0,
synthetic-32-shear_y_+0.12,synthetic_transform,thread_36.jpg,thread_36.jpg,thread,thread,shear_y,12pct,shear_y_+0.12,"{""shear_y"":0.12}","[[1.0,0.0,0.0],[0.12,1.0,-30.54],[0.0,0.0,1.0]]","[[0.997493552880409,0.00011004200148672803,0.418265819486931],[0.11922160586747509,0.9993064926012425,-30.292712732205395],[-4.033429958891019e-06,1.6821375417340782e-06,1.0]]",artifacts/masks/thread_36/shear_y_+0.12.npz,1,paired_yolo_boxes,145,141,119,118,0.9915966386554622,0.667832844719781,0.20764711499214172,0.9701499423298732,1.0,0.9700153787004998,1.0,0.40822654962539673,USAC_MAGSAC,SUCCESS,True,True,"[{""roi_index"":0,""area_ratio"":0.023806454725268125,""failure"":null}]",,44.953,0.25459906458854675,0.25459906458854675,0.9751001596450806,0.9751001596450806,0.9762798547744751,0.9762798547744751,0.16994883120059967,0.9475936889648438,0.9503083825111389,1.0,1.0,1.0,
synthetic-32-scale_0.85,synthetic_transform,thread_36.jpg,thread_36.jpg,thread,thread,scale,0.85x,scale_0.85,"{""scale"":0.85}","[[0.85,0.0,38.175000000000004],[0.0,0.85,38.175000000000004],[0.0,0.0,1.0]]","[[0.845986158637338,0.001080173251811874,38.38050766654239],[-0.0025594700289722004,0.8479142826220772,39.063555637965],[-7.924479905434562e-06,1.4471754036087328e-06,1.0]]",artifacts/masks/thread_36/scale_0.85.npz,1,paired_yolo_boxes,145,137,67,64,0.9552238805970149,0.6192689406845465,0.46988731622695923,1.0,1.0,1.0,1.0,0.5875148177146912,USAC_MAGSAC,SUCCESS,True,True,"[{""roi_index"":0,""area_ratio"":0.017183458256000466,""failure"":null}]",,51.12,0.12651479244232178,0.12651479244232178,0.9451436996459961,0.9451436996459961,0.9484153389930725,0.9484153389930725,0.05601905286312103,0.8860991597175598,0.8959439992904663,1.0,1.0,1.0,
synthetic-32-scale_1.15,synthetic_transform,thread_36.jpg,thread_36.jpg,thread,thread,scale,1.15x,scale_1.15,"{""scale"":1.15}","[[1.15,0.0,-38.174999999999976],[0.0,1.15,-38.174999999999976],[0.0,0.0,1.0]]","[[1.148770537123785,-0.0004125532201443152,-37.80560290821493],[0.000540512744489199,1.1494612209692234,-38.34436563771695],[-1.5028579913148292e-07,-3.0139005783213144e-07,1.0]]",artifacts/masks/thread_36/scale_1.15.npz,1,paired_yolo_boxes,145,146,82,80,0.975609756097561,0.6469564451455112,0.5560916662216187,0.7579238754325259,1.0,0.7579238754325259,1.0,0.3446694314479828,USAC_MAGSAC,SUCCESS,True,True,"[{""roi_index"":0,""area_ratio"":0.03151276536073187,""failure"":null}]",,43.414,0.10356196016073227,0.10356196016073227,0.9640734791755676,0.9640734791755676,0.9713088274002075,0.9713088274002075,0.0484224371612072,0.9185500741004944,0.9407655000686646,1.0,1.0,1.0,
synthetic-32-perspective_light,synthetic_transform,thread_36.jpg,thread_36.jpg,thread,thread,perspective,light,perspective_light,"{""corner_offsets_px"":[[1.68821,0.87278],[-0.11188,1.03177],[-0.97068,-1.3261],[1.5329,-0.64702]],""amount_fraction"":0.02}","[[0.9981191436615804,-0.0003009364413735199,1.6882100105285645],[0.00031571434779011933,0.9984040813484978,0.8727800250053406],[3.2534877971616392e-06,2.7342477070497864e-06,1.0]]","[[0.996305475344143,-0.0006336887752758001,1.9602102178354992],[-0.0003106440080726258,0.9969753049833756,1.1523142394053132],[3.359857233423878e-07,2.134062296588421e-06,1.0]]",artifacts/masks/thread_36/perspective_light.npz,1,paired_yolo_boxes,145,136,129,128,0.9922480620155039,0.6396863047895757,0.08658796548843384,0.9997770088427528,1.0,0.9999961553248751,1.0,0.24466951191425323,USAC_MAGSAC,SUCCESS,True,True,"[{""roi_index"":0,""area_ratio"":0.023644188477021995,""failure"":null}]",,42.069,0.8420436382293701,0.8420436382293701,0.9838051199913025,0.9838051199913025,0.9872743487358093,0.9872743487358093,0.6721121668815613,0.9669122099876404,0.9750456213951111,1.0,1.0,1.0,
synthetic-32-perspective_moderate,synthetic_transform,thread_36.jpg,thread_36.jpg,thread,thread,perspective,moderate,perspective_moderate,"{""corner_offsets_px"":[[4.2795,6.0347],[-4.46879,0.59925],[-0.88516,-2.0211],[0.88306,-2.87597]],""amount_fraction"":0.055}","[[0.9705225717662285,-0.006696492208339835,4.2795000076293945],[-0.010693281052698074,0.9688975362007044,6.0346999168396],[-2.4359714844157116e-05,-2.686342219874503e-05,1.0]]","[[0.9673364777367145,-0.0067283185818961455,4.729963318631108],[-0.01178892886614123,0.9670592721432716,6.439813621723748],[-2.9051352379620248e-05,-2.7197121573008124e-05,1.0]]",artifacts/masks/thread_36/perspective_moderate.npz,1,paired_yolo_boxes,145,130,123,122,0.991869918699187,0.6356321131409994,0.1018076241016388,0.9998346789696271,1.0,0.9999692425990003,1.0,0.40928131341934204,USAC_MAGSAC,SUCCESS,True,True,"[{""roi_index"":0,""area_ratio"":0.023337040205412,""failure"":null}]",,45.092,0.3216400146484375,0.3216400146484375,0.9584241509437561,0.9584241509437561,0.9583212733268738,0.9583212733268738,0.13215850293636322,0.9164900779724121,0.917343020439148,1.0,1.0,1.0,
synthetic-32-perspective_strong,synthetic_transform,thread_36.jpg,thread_36.jpg,thread,thread,perspective,strong,perspective_strong,"{""corner_offsets_px"":[[10.1254,8.87968],[-1.9788,1.37247],[-6.65895,-8.95456],[1.87439,-10.99963]],""amount_fraction"":0.1}","[[0.9571686045427619,-0.016237168416067885,10.125399589538574],[-0.014800508280374547,0.9537885092640596,8.879679679870605],[-3.7574486570945085e-05,-1.4369196319408781e-05,1.0]]","[[0.9559962378368774,-0.016890167416039464,10.520156362779092],[-0.01469343560352301,0.9529043622531247,8.883724932846437],[-3.801490141763854e-05,-1.6010565522308677e-05,1.0]]",artifacts/masks/thread_36/perspective_strong.npz,1,paired_yolo_boxes,145,130,114,114,1.0,0.6399653782961049,0.12922094762325287,0.9998808150711265,1.0,0.9998923490965014,1.0,0.17912618815898895,USAC_MAGSAC,SUCCESS,True,True,"[{""roi_index"":0,""area_ratio"":0.022623732167540312,""failure"":null}]",,44.872,0.12230312824249268,0.12230312824249268,0.9537814855575562,0.9537814855575562,0.9543419480323792,0.9543419480323792,0.06243174150586128,0.9072860479354858,0.9098098278045654,1.0,1.0,1.0,
synthetic-32-combined_moderate,synthetic_transform,thread_36.jpg,thread_36.jpg,thread,thread,combined,moderate,combined_moderate,"{""rotation_deg"":12.0,""shear_x"":0.06,""shear_y"":-0.04,""scale"":1.05,""corner_offsets_px"":[[1.91976,3.10372],[-1.96886,0.24261],[-2.71802,-0.23821],[0.92806,-3.83911]]}","[[0.9920919957150084,0.27177355299597006,-71.34728430854538],[-0.2609571327899223,1.000545691119968,63.893444240392874],[-2.5007619182867345e-05,-7.970211444133536e-06,1.0]]","[[0.9914394896415923,0.2733951416455754,-71.65230875495016],[-0.260649419985466,1.001950019661403,63.503859720004655],[-2.8133619528861456e-05,-4.329464154068801e-06,1.0]]",artifacts/masks/thread_36/combined_moderate.npz,1,paired_yolo_boxes,145,135,116,114,0.9827586206896551,0.6595228817885688,0.24484367668628693,0.8584890426758939,1.0,0.8588504421376394,1.0,0.5159955024719238,USAC_MAGSAC,SUCCESS,True,True,"[{""roi_index"":0,""area_ratio"":0.025918268429827782,""failure"":null}]",,47.185,0.10649535804986954,0.10649535804986954,0.9628699421882629,0.9628699421882629,0.963967502117157,0.963967502117157,0.03724108636379242,0.9264422059059143,0.9298813343048096,1.0,1.0,1.0,
control-00-01,different_source_same_category,nut_25.jpg,nut_26.jpg,nut,nut,different_source_pair,control,different_source,{},,"[[0.9967538889062827,-0.046621428389352376,48.78966564931093],[0.0052895426594349905,0.9726229205705356,84.60433581774126],[3.279284877017099e-05,-6.138662372406861e-06,1.0]]",,1,paired_yolo_boxes,214,203,60,41,0.6833333333333333,0.43170804763935344,1.8689295053482056,0.8655649020744686,1.0,,,,USAC_MAGSAC,SUCCESS,True,True,"[{""roi_index"":0,""area_ratio"":0.04542090167689316,""failure"":null}]",,57.761,0.32627254724502563,0.32627254724502563,0.6139817833900452,0.6139817833900452,,,0.10423829406499863,0.2199702113866806,,1.0,1.0,,
control-00-02,different_source_same_category,nut_25.jpg,nut_27.jpg,nut,nut,different_source_pair,control,different_source,{},,"[[0.7009144990778143,0.018967462836352693,-20.459122658726585],[-0.04106810550792679,0.7042721139178818,18.28886101169225],[-3.286819400695925e-06,-8.176123970638402e-05,1.0]]",,1,paired_yolo_boxes,214,137,56,34,0.6071428571428571,0.4812197459011889,1.0923752784729004,0.8200808757775572,1.0,,,,USAC_MAGSAC,SUCCESS,True,True,"[{""roi_index"":0,""area_ratio"":0.05801553704821437,""failure"":null}]",,46.631,0.3895227909088135,0.3895227909088135,0.6041466593742371,0.6041466593742371,,,0.13064029812812805,0.2286224663257599,,1.0,1.0,,
control-00-03,different_source_same_category,nut_25.jpg,nut_28.jpg,nut,nut,different_source_pair,control,different_source,{},,"[[0.6523163323183662,-0.016721792486199316,-33.47839571211875],[-0.06553767574115124,0.6698039389950022,-35.893448112109034],[8.221691148246652e-05,-0.00030339102032350386,1.0]]",,1,paired_yolo_boxes,214,70,10,9,0.9,0.42639702669230284,0.9950839877128601,0.4969978675524022,1.0,,,,USAC_MAGSAC,FALLBACK_FULL_IMAGE,True,False,[],inlier_count_below_10,40.203,0.32664451003074646,0.32664451003074646,0.4747617542743683,0.4747617542743683,,,0.08783997595310211,0.16438870131969452,,1.0,1.0,,inlier_count_below_10
control-00-04,different_source_same_category,nut_25.jpg,nut_29.jpg,nut,nut,different_source_pair,control,different_source,{},,"[[0.6231585646976029,0.008233209943969573,13.890594152428836],[-0.07388893776016749,0.6170207392890742,65.31583843939457],[-0.00016482702306250185,-0.0003122082303827491,1.0]]",,1,paired_yolo_boxes,214,178,56,44,0.7857142857142857,0.6010564872491226,2.024369716644287,0.8658081190239876,1.0,,,,USAC_MAGSAC,SUCCESS,True,True,"[{""roi_index"":0,""area_ratio"":0.048302143482730917,""failure"":null}]",,51.464,0.35938477516174316,0.35938477516174316,0.6127391457557678,0.6127391457557678,,,0.09862203150987625,0.2335648387670517,,1.0,1.0,,
control-00-05,different_source_same_category,nut_25.jpg,nut_30.jpg,nut,nut,different_source_pair,control,different_source,{},,"[[0.4409779692792098,-0.33981195395509844,156.31247393617113],[0.1631919832642282,0.5310430652643214,-35.695178147298705],[7.56861926295196e-05,-0.0010334976415489188,1.0]]",,1,paired_yolo_boxes,214,142,20,14,0.7,0.4809523696320293,2.1161208152770996,0.7293511266595257,1.0,,,,USAC_MAGSAC,SUCCESS,True,True,"[{""roi_index"":0,""area_ratio"":0.04963297773452333,""failure"":null}]",,57.623,0.3891116976737976,0.3891116976737976,0.4238208532333374,0.4238208532333374,,,0.10961360484361649,0.1089136078953743,,1.0,1.0,,
control-00-06,different_source_same_category,nut_25.jpg,nut_36.jpg,nut,nut,different_source_pair,control,different_source,{},,,,1,paired_yolo_boxes,214,269,7,0,,,,,,,,,USAC_MAGSAC,FAILED,False,False,[],good_match_count_below_10,65.964,0.2752383351325989,0.2752383351325989,,,,,0.08280083537101746,,,1.0,,,good_match_count_below_10
control-00-07,different_source_same_category,nut_25.jpg,nut_37.jpg,nut,nut,different_source_pair,control,different_source,{},,,,1,paired_yolo_boxes,214,125,5,0,,,,,,,,,USAC_MAGSAC,FAILED,False,False,[],good_match_count_below_10,47.261,0.3231227993965149,0.3231227993965149,,,,,0.1027175635099411,,,1.0,,,good_match_count_below_10
control-00-08,different_source_same_category,nut_25.jpg,nut_38.jpg,nut,nut,different_source_pair,control,different_source,{},,,,1,paired_yolo_boxes,214,228,6,0,,,,,,,,,USAC_MAGSAC,FAILED,False,False,[],good_match_count_below_10,40.298,0.32569628953933716,0.32569628953933716,,,,,0.10661507397890091,,,1.0,,,good_match_count_below_10
control-00-09,different_source_same_category,nut_25.jpg,nut_39.jpg,nut,nut,different_source_pair,control,different_source,{},,,,1,paired_yolo_boxes,214,472,0,0,,,,,,,,,USAC_MAGSAC,FAILED,False,False,[],good_match_count_below_10,70.22,0.21537631750106812,0.21537631750106812,,,,,0.05683331936597824,,,1.0,,,good_match_count_below_10
control-00-10,different_source_same_category,nut_25.jpg,nut_40.jpg,nut,nut,different_source_pair,control,different_source,{},,,,1,paired_yolo_boxes,214,208,8,0,,,,,,,,,USAC_MAGSAC,FAILED,False,False,[],good_match_count_below_10,39.614,0.3321484327316284,0.3321484327316284,,,,,0.08120180666446686,,,1.0,,,good_match_count_below_10
control-00-11,different_source_cross_category,nut_25.jpg,Nutsert_1.jpg,nut,Nutsert,different_source_pair,control,different_source,{},,,,1,paired_yolo_boxes,214,2187,1,0,,,,,,,,,USAC_MAGSAC,FAILED,False,False,[],good_match_count_below_10,177.887,0.10221504420042038,0.10221504420042038,,,,,0.02707131952047348,,,1.0,,,good_match_count_below_10
control-00-12,different_source_cross_category,nut_25.jpg,Nutsert_2.jpg,nut,Nutsert,different_source_pair,control,different_source,{},,,,1,paired_yolo_boxes,214,1517,1,0,,,,,,,,,USAC_MAGSAC,FAILED,False,False,[],good_match_count_below_10,110.72,0.14630094170570374,0.14630094170570374,,,,,0.0435541495680809,,,1.0,,,good_match_count_below_10
control-00-13,different_source_cross_category,nut_25.jpg,Nutsert_3.jpg,nut,Nutsert,different_source_pair,control,different_source,{},,,,1,paired_yolo_boxes,214,1136,3,0,,,,,,,,,USAC_MAGSAC,FAILED,False,False,[],good_match_count_below_10,128.138,0.07471414655447006,0.07471414655447006,,,,,0.016571208834648132,,,1.0,,,good_match_count_below_10
control-00-14,different_source_cross_category,nut_25.jpg,Nutsert_4.jpg,nut,Nutsert,different_source_pair,control,different_source,{},,,,1,paired_yolo_boxes,214,1092,2,0,,,,,,,,,USAC_MAGSAC,FAILED,False,False,[],good_match_count_below_10,97.211,0.09098365902900696,0.09098365902900696,,,,,0.032161541283130646,,,1.0,,,good_match_count_below_10
control-00-15,different_source_cross_category,nut_25.jpg,Nutsert_5.jpg,nut,Nutsert,different_source_pair,control,different_source,{},,,,1,paired_yolo_boxes,214,564,3,0,,,,,,,,,USAC_MAGSAC,FAILED,False,False,[],good_match_count_below_10,87.344,0.21122880280017853,0.21122880280017853,,,,,0.08229916542768478,,,1.0,,,good_match_count_below_10
control-00-16,different_source_cross_category,nut_25.jpg,Nutsert_6.jpg,nut,Nutsert,different_source_pair,control,different_source,{},,,,1,paired_yolo_boxes,214,528,6,0,,,,,,,,,USAC_MAGSAC,FAILED,False,False,[],good_match_count_below_10,74.902,0.17264865338802338,0.17264865338802338,,,,,0.05230701342225075,,,1.0,,,good_match_count_below_10
control-00-17,different_source_cross_category,nut_25.jpg,thread_20.jpg,nut,thread,different_source_pair,control,different_source,{},,,,1,paired_yolo_boxes,214,305,1,0,,,,,,,,,USAC_MAGSAC,FAILED,False,False,[],good_match_count_below_10,68.61,0.15086466073989868,0.15086466073989868,,,,,0.0339215025305748,,,1.0,,,good_match_count_below_10
control-00-18,different_source_cross_category,nut_25.jpg,thread_21.jpg,nut,thread,different_source_pair,control,different_source,{},,,,1,paired_yolo_boxes,214,254,1,0,,,,,,,,,USAC_MAGSAC,FAILED,False,False,[],good_match_count_below_10,58.101,0.1266888827085495,0.1266888827085495,,,,,0.02687227725982666,,,1.0,,,good_match_count_below_10
control-00-19,different_source_cross_category,nut_25.jpg,thread_23.jpg,nut,thread,different_source_pair,control,different_source,{},,,,1,paired_yolo_boxes,214,158,2,0,,,,,,,,,USAC_MAGSAC,FAILED,False,False,[],good_match_count_below_10,48.386,0.17190217971801758,0.17190217971801758,,,,,0.033334337174892426,,,1.0,,,good_match_count_below_10
control-00-20,different_source_cross_category,nut_25.jpg,thread_24.jpg,nut,thread,different_source_pair,control,different_source,{},,,,1,paired_yolo_boxes,214,89,8,0,,,,,,,,,USAC_MAGSAC,FAILED,False,False,[],good_match_count_below_10,35.955,0.22537045180797577,0.22537045180797577,,,,,0.07524261623620987,,,1.0,,,good_match_count_below_10
control-00-21,different_source_cross_category,nut_25.jpg,thread_25.jpg,nut,thread,different_source_pair,control,different_source,{},,,,1,paired_yolo_boxes,214,193,3,0,,,,,,,,,USAC_MAGSAC,FAILED,False,False,[],good_match_count_below_10,52.805,0.16400745511054993,0.16400745511054993,,,,,0.04718704894185066,,,1.0,,,good_match_count_below_10
control-00-22,different_source_cross_category,nut_25.jpg,thread_26.jpg,nut,thread,different_source_pair,control,different_source,{},,,,1,paired_yolo_boxes,214,182,2,0,,,,,,,,,USAC_MAGSAC,FAILED,False,False,[],good_match_count_below_10,47.791,0.17714908719062805,0.17714908719062805,,,,,0.048040442168712616,,,1.0,,,good_match_count_below_10
control-00-23,different_source_cross_category,nut_25.jpg,thread_27.jpg,nut,thread,different_source_pair,control,different_source,{},,,,1,paired_yolo_boxes,214,337,0,0,,,,,,,,,USAC_MAGSAC,FAILED,False,False,[],good_match_count_below_10,63.266,0.07242394983768463,0.07242394983768463,,,,,0.014208345673978329,,,1.0,,,good_match_count_below_10
control-00-24,different_source_cross_category,nut_25.jpg,thread_28.jpg,nut,thread,different_source_pair,control,different_source,{},,,,1,paired_yolo_boxes,214,175,3,0,,,,,,,,,USAC_MAGSAC,FAILED,False,False,[],good_match_count_below_10,56.988,0.11748943477869034,0.11748943477869034,,,,,0.05564986914396286,,,1.0,,,good_match_count_below_10
control-00-25,different_source_cross_category,nut_25.jpg,thread_29.jpg,nut,thread,different_source_pair,control,different_source,{},,,,1,paired_yolo_boxes,214,74,7,0,,,,,,,,,USAC_MAGSAC,FAILED,False,False,[],good_match_count_below_10,39.581,0.16541992127895355,0.16541992127895355,,,,,0.09856411069631577,,,1.0,,,good_match_count_below_10
control-00-26,different_source_cross_category,nut_25.jpg,thread_30.jpg,nut,thread,different_source_pair,control,different_source,{},,,,1,paired_yolo_boxes,214,146,3,0,,,,,,,,,USAC_MAGSAC,FAILED,False,False,[],good_match_count_below_10,48.751,0.24296632409095764,0.24296632409095764,,,,,0.09548017382621765,,,1.0,,,good_match_count_below_10
control-00-27,different_source_cross_category,nut_25.jpg,thread_31.jpg,nut,thread,different_source_pair,control,different_source,{},,,,1,paired_yolo_boxes,214,102,1,0,,,,,,,,,USAC_MAGSAC,FAILED,False,False,[],good_match_count_below_10,54.448,0.14253060519695282,0.14253060519695282,,,,,0.03260913863778114,,,1.0,,,good_match_count_below_10
control-00-28,different_source_cross_category,nut_25.jpg,thread_32.jpg,nut,thread,different_source_pair,control,different_source,{},,,,1,paired_yolo_boxes,214,197,0,0,,,,,,,,,USAC_MAGSAC,FAILED,False,False,[],good_match_count_below_10,52.895,0.15762944519519806,0.15762944519519806,,,,,0.1025722399353981,,,1.0,,,good_match_count_below_10
control-00-29,different_source_cross_category,nut_25.jpg,thread_33.jpg,nut,thread,different_source_pair,control,different_source,{},,,,1,paired_yolo_boxes,214,245,7,0,,,,,,,,,USAC_MAGSAC,FAILED,False,False,[],good_match_count_below_10,53.559,0.12916891276836395,0.12916891276836395,,,,,0.030878353863954544,,,1.0,,,good_match_count_below_10
control-00-30,different_source_cross_category,nut_25.jpg,thread_34.jpg,nut,thread,different_source_pair,control,different_source,{},,,,1,paired_yolo_boxes,214,179,7,0,,,,,,,,,USAC_MAGSAC,FAILED,False,False,[],good_match_count_below_10,59.538,0.17769066989421844,0.17769066989421844,,,,,0.09776978194713593,,,1.0,,,good_match_count_below_10
control-00-31,different_source_cross_category,nut_25.jpg,thread_35.jpg,nut,thread,different_source_pair,control,different_source,{},,,,1,paired_yolo_boxes,214,195,1,0,,,,,,,,,USAC_MAGSAC,FAILED,False,False,[],good_match_count_below_10,61.254,0.11909567564725876,0.11909567564725876,,,,,0.03050950914621353,,,1.0,,,good_match_count_below_10
control-00-32,different_source_cross_category,nut_25.jpg,thread_36.jpg,nut,thread,different_source_pair,control,different_source,{},,,,1,paired_yolo_boxes,214,145,3,0,,,,,,,,,USAC_MAGSAC,FAILED,False,False,[],good_match_count_below_10,47.514,0.18847693502902985,0.18847693502902985,,,,,0.13280053436756134,,,1.0,,,good_match_count_below_10
control-01-02,different_source_same_category,nut_26.jpg,nut_27.jpg,nut,nut,different_source_pair,control,different_source,{},,"[[0.7291795592846764,0.0797035444283943,-76.43954548451164],[-0.03458848390218787,0.7040966084655836,-35.362546859382995],[5.985820338030093e-07,-7.763794774937181e-05,1.0]]",,1,paired_yolo_boxes,203,137,51,38,0.7450980392156863,0.7268737118975369,1.513489007949829,0.7780976995116007,1.0,,,,USAC_MAGSAC,SUCCESS,True,True,"[{""roi_index"":0,""area_ratio"":0.056098991029499466,""failure"":null}]",,48.69,0.2910468876361847,0.2910468876361847,0.6855019330978394,0.6855019330978394,,,0.0651618093252182,0.28617721796035767,,1.0,1.0,,
control-01-03,different_source_same_category,nut_26.jpg,nut_28.jpg,nut,nut,different_source_pair,control,different_source,{},,"[[0.6898934391399605,0.055748333183390765,-83.67139678244872],[-0.10385564444374967,0.7697954736705604,-101.21656138835779],[-7.498503151362118e-05,1.573850265398614e-05,1.0]]",,1,paired_yolo_boxes,203,70,19,13,0.6842105263157895,0.44253792694988103,1.4130713939666748,0.46620267096431833,1.0,,,,USAC_MAGSAC,SUCCESS,True,True,"[{""roi_index"":0,""area_ratio"":0.09604881044470263,""failure"":null}]",,43.604,0.2931823134422302,0.2931823134422302,0.4838293194770813,0.4838293194770813,,,0.09065869450569153,0.16916392743587494,,1.0,1.0,,
control-01-04,different_source_same_category,nut_26.jpg,nut_29.jpg,nut,nut,different_source_pair,control,different_source,{},,"[[0.7083885795720678,0.11954185568170878,-50.281245379658884],[-0.11859602013802235,0.8207961660972809,-10.33512433628567],[-0.0002015573103777385,9.737423438304146e-05,1.0]]",,1,paired_yolo_boxes,203,178,37,23,0.6216216216216216,0.41694337139798887,0.8457063436508179,0.874586039838445,1.0,,,,USAC_MAGSAC,SUCCESS,True,True,"[{""roi_index"":0,""area_ratio"":0.04559288235399641,""failure"":null}]",,53.718,0.2739521265029907,0.2739521265029907,0.6497432589530945,0.6497432589530945,,,0.07066230475902557,0.24508148431777954,,1.0,1.0,,
control-01-05,different_source_same_category,nut_26.jpg,nut_30.jpg,nut,nut,different_source_pair,control,different_source,{},,"[[0.5312175221367432,-0.05447284559116447,48.62108491458376],[-0.10046978139293684,0.6784261368101241,-18.356133212862126],[-0.0003536906595433179,-0.0002289585592583697,1.0]]",,1,paired_yolo_boxes,203,142,34,19,0.5588235294117647,0.44519656485514736,1.113500714302063,0.8414888808089543,1.0,,,,USAC_MAGSAC,SUCCESS,True,True,"[{""roi_index"":0,""area_ratio"":0.051648838351557556,""failure"":null}]",,58.501,0.3313124179840088,0.3313124179840088,0.6545414924621582,0.6545414924621582,,,0.08415905386209488,0.24920333921909332,,1.0,1.0,,
control-01-06,different_source_same_category,nut_26.jpg,nut_36.jpg,nut,nut,different_source_pair,control,different_source,{},,,,1,paired_yolo_boxes,203,269,4,0,,,,,,,,,USAC_MAGSAC,FAILED,False,False,[],good_match_count_below_10,81.844,0.3362334668636322,0.3362334668636322,,,,,0.07734085619449615,,,1.0,,,good_match_count_below_10
control-01-07,different_source_same_category,nut_26.jpg,nut_37.jpg,nut,nut,different_source_pair,control,different_source,{},,,,1,paired_yolo_boxes,203,125,5,0,,,,,,,,,USAC_MAGSAC,FAILED,False,False,[],good_match_count_below_10,55.363,0.25917142629623413,0.25917142629623413,,,,,0.08919928222894669,,,1.0,,,good_match_count_below_10
control-01-08,different_source_same_category,nut_26.jpg,nut_38.jpg,nut,nut,different_source_pair,control,different_source,{},,,,1,paired_yolo_boxes,203,228,5,0,,,,,,,,,USAC_MAGSAC,FAILED,False,False,[],good_match_count_below_10,47.317,0.3218759298324585,0.3218759298324585,,,,,0.08258149772882462,,,1.0,,,good_match_count_below_10
control-01-09,different_source_same_category,nut_26.jpg,nut_39.jpg,nut,nut,different_source_pair,control,different_source,{},,,,1,paired_yolo_boxes,203,472,2,0,,,,,,,,,USAC_MAGSAC,FAILED,False,False,[],good_match_count_below_10,81.625,0.22398845851421356,0.22398845851421356,,,,,0.07378310710191727,,,1.0,,,good_match_count_below_10
control-01-10,different_source_same_category,nut_26.jpg,nut_40.jpg,nut,nut,different_source_pair,control,different_source,{},,,,1,paired_yolo_boxes,203,208,4,0,,,,,,,,,USAC_MAGSAC,FAILED,False,False,[],good_match_count_below_10,50.914,0.2569156885147095,0.2569156885147095,,,,,0.07981663942337036,,,1.0,,,good_match_count_below_10
control-01-11,different_source_cross_category,nut_26.jpg,Nutsert_1.jpg,nut,Nutsert,different_source_pair,control,different_source,{},,,,1,paired_yolo_boxes,203,2187,5,0,,,,,,,,,USAC_MAGSAC,FAILED,False,False,[],good_match_count_below_10,198.429,0.11702373623847961,0.11702373623847961,,,,,0.03798140585422516,,,1.0,,,good_match_count_below_10
control-01-12,different_source_cross_category,nut_26.jpg,Nutsert_2.jpg,nut,Nutsert,different_source_pair,control,different_source,{},,,,1,paired_yolo_boxes,203,1517,4,0,,,,,,,,,USAC_MAGSAC,FAILED,False,False,[],good_match_count_below_10,100.831,0.11015583574771881,0.11015583574771881,,,,,0.02156389132142067,,,1.0,,,good_match_count_below_10
control-01-13,different_source_cross_category,nut_26.jpg,Nutsert_3.jpg,nut,Nutsert,different_source_pair,control,different_source,{},,,,1,paired_yolo_boxes,203,1136,4,0,,,,,,,,,USAC_MAGSAC,FAILED,False,False,[],good_match_count_below_10,128.873,0.11676622927188873,0.11676622927188873,,,,,0.05165703967213631,,,1.0,,,good_match_count_below_10
control-01-14,different_source_cross_category,nut_26.jpg,Nutsert_4.jpg,nut,Nutsert,different_source_pair,control,different_source,{},,,,1,paired_yolo_boxes,203,1092,4,0,,,,,,,,,USAC_MAGSAC,FAILED,False,False,[],good_match_count_below_10,90.806,0.10710345953702927,0.10710345953702927,,,,,0.04455062747001648,,,1.0,,,good_match_count_below_10
control-01-15,different_source_cross_category,nut_26.jpg,Nutsert_5.jpg,nut,Nutsert,different_source_pair,control,different_source,{},,,,1,paired_yolo_boxes,203,564,3,0,,,,,,,,,USAC_MAGSAC,FAILED,False,False,[],good_match_count_below_10,85.149,0.13346847891807556,0.13346847891807556,,,,,0.06718562543392181,,,1.0,,,good_match_count_below_10
control-01-16,different_source_cross_category,nut_26.jpg,Nutsert_6.jpg,nut,Nutsert,different_source_pair,control,different_source,{},,,,1,paired_yolo_boxes,203,528,2,0,,,,,,,,,USAC_MAGSAC,FAILED,False,False,[],good_match_count_below_10,76.755,0.10718873143196106,0.10718873143196106,,,,,0.03224722295999527,,,1.0,,,good_match_count_below_10
control-01-17,different_source_cross_category,nut_26.jpg,thread_20.jpg,nut,thread,different_source_pair,control,different_source,{},,,,1,paired_yolo_boxes,203,305,2,0,,,,,,,,,USAC_MAGSAC,FAILED,False,False,[],good_match_count_below_10,68.459,0.2916255593299866,0.2916255593299866,,,,,0.07184884697198868,,,1.0,,,good_match_count_below_10
control-01-18,different_source_cross_category,nut_26.jpg,thread_21.jpg,nut,thread,different_source_pair,control,different_source,{},,,,1,paired_yolo_boxes,203,254,1,0,,,,,,,,,USAC_MAGSAC,FAILED,False,False,[],good_match_count_below_10,55.856,0.20926804840564728,0.20926804840564728,,,,,0.05835171416401863,,,1.0,,,good_match_count_below_10
control-01-19,different_source_cross_category,nut_26.jpg,thread_23.jpg,nut,thread,different_source_pair,control,different_source,{},,,,1,paired_yolo_boxes,203,158,2,0,,,,,,,,,USAC_MAGSAC,FAILED,False,False,[],good_match_count_below_10,47.611,0.24830465018749237,0.24830465018749237,,,,,0.06847251206636429,,,1.0,,,good_match_count_below_10
control-01-20,different_source_cross_category,nut_26.jpg,thread_24.jpg,nut,thread,different_source_pair,control,different_source,{},,,,1,paired_yolo_boxes,203,89,2,0,,,,,,,,,USAC_MAGSAC,FAILED,False,False,[],good_match_count_below_10,40.684,0.15339595079421997,0.15339595079421997,,,,,0.07052259892225266,,,1.0,,,good_match_count_below_10
control-01-21,different_source_cross_category,nut_26.jpg,thread_25.jpg,nut,thread,different_source_pair,control,different_source,{},,,,1,paired_yolo_boxes,203,193,1,0,,,,,,,,,USAC_MAGSAC,FAILED,False,False,[],good_match_count_below_10,54.3,0.2661963105201721,0.2661963105201721,,,,,0.0818878561258316,,,1.0,,,good_match_count_below_10
control-01-22,different_source_cross_category,nut_26.jpg,thread_26.jpg,nut,thread,different_source_pair,control,different_source,{},,,,1,paired_yolo_boxes,203,182,1,0,,,,,,,,,USAC_MAGSAC,FAILED,False,False,[],good_match_count_below_10,47.404,0.18111677467823029,0.18111677467823029,,,,,0.03882000595331192,,,1.0,,,good_match_count_below_10
control-01-23,different_source_cross_category,nut_26.jpg,thread_27.jpg,nut,thread,different_source_pair,control,different_source,{},,,,1,paired_yolo_boxes,203,337,2,0,,,,,,,,,USAC_MAGSAC,FAILED,False,False,[],good_match_count_below_10,69.362,0.09168844670057297,0.09168844670057297,,,,,0.02105311118066311,,,1.0,,,good_match_count_below_10
control-01-24,different_source_cross_category,nut_26.jpg,thread_28.jpg,nut,thread,different_source_pair,control,different_source,{},,,,1,paired_yolo_boxes,203,175,2,0,,,,,,,,,USAC_MAGSAC,FAILED,False,False,[],good_match_count_below_10,53.53,0.15955857932567596,0.15955857932567596,,,,,0.06222608685493469,,,1.0,,,good_match_count_below_10
control-01-25,different_source_cross_category,nut_26.jpg,thread_29.jpg,nut,thread,different_source_pair,control,different_source,{},,,,1,paired_yolo_boxes,203,74,6,0,,,,,,,,,USAC_MAGSAC,FAILED,False,False,[],good_match_count_below_10,39.787,0.18402861058712006,0.18402861058712006,,,,,0.08794545382261276,,,1.0,,,good_match_count_below_10
control-01-26,different_source_cross_category,nut_26.jpg,thread_30.jpg,nut,thread,different_source_pair,control,different_source,{},,,,1,paired_yolo_boxes,203,146,2,0,,,,,,,,,USAC_MAGSAC,FAILED,False,False,[],good_match_count_below_10,46.122,0.25296977162361145,0.25296977162361145,,,,,0.08701831847429276,,,1.0,,,good_match_count_below_10
control-01-27,different_source_cross_category,nut_26.jpg,thread_31.jpg,nut,thread,different_source_pair,control,different_source,{},,,,1,paired_yolo_boxes,203,102,6,0,,,,,,,,,USAC_MAGSAC,FAILED,False,False,[],good_match_count_below_10,53.046,0.15517710149288177,0.15517710149288177,,,,,0.027525614947080612,,,1.0,,,good_match_count_below_10
control-01-28,different_source_cross_category,nut_26.jpg,thread_32.jpg,nut,thread,different_source_pair,control,different_source,{},,,,1,paired_yolo_boxes,203,197,1,0,,,,,,,,,USAC_MAGSAC,FAILED,False,False,[],good_match_count_below_10,54.637,0.14529971778392792,0.14529971778392792,,,,,0.06729317456483841,,,1.0,,,good_match_count_below_10
control-01-29,different_source_cross_category,nut_26.jpg,thread_33.jpg,nut,thread,different_source_pair,control,different_source,{},,,,1,paired_yolo_boxes,203,245,5,0,,,,,,,,,USAC_MAGSAC,FAILED,False,False,[],good_match_count_below_10,52.355,0.164964959025383,0.164964959025383,,,,,0.04402150213718414,,,1.0,,,good_match_count_below_10
control-01-30,different_source_cross_category,nut_26.jpg,thread_34.jpg,nut,thread,different_source_pair,control,different_source,{},,,,1,paired_yolo_boxes,203,179,8,0,,,,,,,,,USAC_MAGSAC,FAILED,False,False,[],good_match_count_below_10,47.086,0.1358872652053833,0.1358872652053833,,,,,0.09073736518621445,,,1.0,,,good_match_count_below_10
control-01-31,different_source_cross_category,nut_26.jpg,thread_35.jpg,nut,thread,different_source_pair,control,different_source,{},,,,1,paired_yolo_boxes,203,195,3,0,,,,,,,,,USAC_MAGSAC,FAILED,False,False,[],good_match_count_below_10,55.2,0.13898035883903503,0.13898035883903503,,,,,0.04892287775874138,,,1.0,,,good_match_count_below_10
control-01-32,different_source_cross_category,nut_26.jpg,thread_36.jpg,nut,thread,different_source_pair,control,different_source,{},,,,1,paired_yolo_boxes,203,145,4,0,,,,,,,,,USAC_MAGSAC,FAILED,False,False,[],good_match_count_below_10,50.149,0.1992192566394806,0.1992192566394806,,,,,0.10285378247499466,,,1.0,,,good_match_count_below_10
control-02-03,different_source_same_category,nut_27.jpg,nut_28.jpg,nut,nut,different_source_pair,control,different_source,{},,"[[0.8143297829474228,-0.140156693776809,3.480048370725416],[0.03533837850575749,0.7176144971343689,-42.76650239905454],[-0.00014242199356749328,-0.0007443902049186192,1.0]]",,1,paired_yolo_boxes,137,70,24,17,0.7083333333333334,0.46878953854566874,0.7398136854171753,0.5618878892733564,1.0,,,,USAC_MAGSAC,SUCCESS,True,True,"[{""roi_index"":0,""area_ratio"":0.10785720949230707,""failure"":null}]",,21.655,0.2565385401248932,0.2565385401248932,0.5452318787574768,0.5452318787574768,,,0.0682247132062912,0.25403326749801636,,1.0,1.0,,
control-02-04,different_source_same_category,nut_27.jpg,nut_29.jpg,nut,nut,different_source_pair,control,different_source,{},,"[[1.0015379157241455,0.07289694035314787,7.75402668629691],[-0.10251907385604887,0.9632466353560204,57.165067323869344],[-0.00017799862671580839,-7.438609840698154e-05,1.0]]",,1,paired_yolo_boxes,137,178,72,57,0.7916666666666666,0.78370421908541,2.7246780395507812,0.9981730103806228,1.0,,,,USAC_MAGSAC,SUCCESS,True,True,"[{""roi_index"":0,""area_ratio"":0.04767599951826985,""failure"":null}]",,33.03,0.4125741422176361,0.4125741422176361,0.640441358089447,0.640441358089447,,,0.1253800243139267,0.2833198606967926,,1.0,1.0,,
control-02-05,different_source_same_category,nut_27.jpg,nut_30.jpg,nut,nut,different_source_pair,control,different_source,{},,"[[0.9986822028016114,-0.07667450133670482,52.767250072427366],[-0.14753224438722137,1.1108906773277405,17.72826057095292],[-0.0003429140349380375,-3.2881657621067714e-05,1.0]]",,1,paired_yolo_boxes,137,142,10,9,0.9,0.3938609158820502,1.1375306844711304,0.9155820069204152,1.0,,,,USAC_MAGSAC,FALLBACK_FULL_IMAGE,True,False,[],inlier_count_below_10,31.517,0.32088279724121094,0.32088279724121094,0.5531181693077087,0.5531181693077087,,,0.09176180511713028,0.2147030234336853,,1.0,1.0,,inlier_count_below_10
control-02-06,different_source_same_category,nut_27.jpg,nut_36.jpg,nut,nut,different_source_pair,control,different_source,{},,,,1,paired_yolo_boxes,137,269,2,0,,,,,,,,,USAC_MAGSAC,FAILED,False,False,[],good_match_count_below_10,57.111,0.260981947183609,0.260981947183609,,,,,0.05664481595158577,,,1.0,,,good_match_count_below_10
control-02-07,different_source_same_category,nut_27.jpg,nut_37.jpg,nut,nut,different_source_pair,control,different_source,{},,,,1,paired_yolo_boxes,137,125,3,0,,,,,,,,,USAC_MAGSAC,FAILED,False,False,[],good_match_count_below_10,34.423,0.23811092972755432,0.23811092972755432,,,,,0.07158349454402924,,,1.0,,,good_match_count_below_10
control-02-08,different_source_same_category,nut_27.jpg,nut_38.jpg,nut,nut,different_source_pair,control,different_source,{},,,,1,paired_yolo_boxes,137,228,2,0,,,,,,,,,USAC_MAGSAC,FAILED,False,False,[],good_match_count_below_10,23.093,0.25529924035072327,0.25529924035072327,,,,,0.07954834401607513,,,1.0,,,good_match_count_below_10
control-02-09,different_source_same_category,nut_27.jpg,nut_39.jpg,nut,nut,different_source_pair,control,different_source,{},,,,1,paired_yolo_boxes,137,472,1,0,,,,,,,,,USAC_MAGSAC,FAILED,False,False,[],good_match_count_below_10,57.141,0.18798492848873138,0.18798492848873138,,,,,0.03257124125957489,,,1.0,,,good_match_count_below_10
control-02-10,different_source_same_category,nut_27.jpg,nut_40.jpg,nut,nut,different_source_pair,control,different_source,{},,,,1,paired_yolo_boxes,137,208,5,0,,,,,,,,,USAC_MAGSAC,FAILED,False,False,[],good_match_count_below_10,23.878,0.21204757690429688,0.21204757690429688,,,,,0.04979739710688591,,,1.0,,,good_match_count_below_10
control-02-11,different_source_cross_category,nut_27.jpg,Nutsert_1.jpg,nut,Nutsert,different_source_pair,control,different_source,{},,,,1,paired_yolo_boxes,137,2187,1,0,,,,,,,,,USAC_MAGSAC,FAILED,False,False,[],good_match_count_below_10,144.683,0.09051938354969025,0.09051938354969025,,,,,0.016112254932522774,,,1.0,,,good_match_count_below_10
control-02-12,different_source_cross_category,nut_27.jpg,Nutsert_2.jpg,nut,Nutsert,different_source_pair,control,different_source,{},,,,1,paired_yolo_boxes,137,1517,1,0,,,,,,,,,USAC_MAGSAC,FAILED,False,False,[],good_match_count_below_10,85.065,0.11936140060424805,0.11936140060424805,,,,,0.02821756713092327,,,1.0,,,good_match_count_below_10
control-02-13,different_source_cross_category,nut_27.jpg,Nutsert_3.jpg,nut,Nutsert,different_source_pair,control,different_source,{},,,,1,paired_yolo_boxes,137,1136,2,0,,,,,,,,,USAC_MAGSAC,FAILED,False,False,[],good_match_count_below_10,90.853,0.06820600479841232,0.06820600479841232,,,,,0.04231475293636322,,,1.0,,,good_match_count_below_10
control-02-14,different_source_cross_category,nut_27.jpg,Nutsert_4.jpg,nut,Nutsert,different_source_pair,control,different_source,{},,,,1,paired_yolo_boxes,137,1092,0,0,,,,,,,,,USAC_MAGSAC,FAILED,False,False,[],good_match_count_below_10,79.038,0.05589425563812256,0.05589425563812256,,,,,0.024989726021885872,,,1.0,,,good_match_count_below_10
control-02-15,different_source_cross_category,nut_27.jpg,Nutsert_5.jpg,nut,Nutsert,different_source_pair,control,different_source,{},,,,1,paired_yolo_boxes,137,564,1,0,,,,,,,,,USAC_MAGSAC,FAILED,False,False,[],good_match_count_below_10,71.23,0.14583133161067963,0.14583133161067963,,,,,0.0519927516579628,,,1.0,,,good_match_count_below_10
control-02-16,different_source_cross_category,nut_27.jpg,Nutsert_6.jpg,nut,Nutsert,different_source_pair,control,different_source,{},,,,1,paired_yolo_boxes,137,528,2,0,,,,,,,,,USAC_MAGSAC,FAILED,False,False,[],good_match_count_below_10,59.807,0.12553508579730988,0.12553508579730988,,,,,0.04733696207404137,,,1.0,,,good_match_count_below_10
control-02-17,different_source_cross_category,nut_27.jpg,thread_20.jpg,nut,thread,different_source_pair,control,different_source,{},,,,1,paired_yolo_boxes,137,305,1,0,,,,,,,,,USAC_MAGSAC,FAILED,False,False,[],good_match_count_below_10,53.315,0.11427576839923859,0.11427576839923859,,,,,0.034644629806280136,,,1.0,,,good_match_count_below_10
control-02-18,different_source_cross_category,nut_27.jpg,thread_21.jpg,nut,thread,different_source_pair,control,different_source,{},,,,1,paired_yolo_boxes,137,254,2,0,,,,,,,,,USAC_MAGSAC,FAILED,False,False,[],good_match_count_below_10,42.585,0.1267167627811432,0.1267167627811432,,,,,0.03815530613064766,,,1.0,,,good_match_count_below_10
control-02-19,different_source_cross_category,nut_27.jpg,thread_23.jpg,nut,thread,different_source_pair,control,different_source,{},,,,1,paired_yolo_boxes,137,158,1,0,,,,,,,,,USAC_MAGSAC,FAILED,False,False,[],good_match_count_below_10,33.234,0.1254093050956726,0.1254093050956726,,,,,0.021302727982401848,,,1.0,,,good_match_count_below_10
control-02-20,different_source_cross_category,nut_27.jpg,thread_24.jpg,nut,thread,different_source_pair,control,different_source,{},,,,1,paired_yolo_boxes,137,89,4,0,,,,,,,,,USAC_MAGSAC,FAILED,False,False,[],good_match_count_below_10,25.364,0.1492457091808319,0.1492457091808319,,,,,0.07452891021966934,,,1.0,,,good_match_count_below_10
control-02-21,different_source_cross_category,nut_27.jpg,thread_25.jpg,nut,thread,different_source_pair,control,different_source,{},,,,1,paired_yolo_boxes,137,193,2,0,,,,,,,,,USAC_MAGSAC,FAILED,False,False,[],good_match_count_below_10,41.17,0.13895069062709808,0.13895069062709808,,,,,0.027970504015684128,,,1.0,,,good_match_count_below_10
control-02-22,different_source_cross_category,nut_27.jpg,thread_26.jpg,nut,thread,different_source_pair,control,different_source,{},,,,1,paired_yolo_boxes,137,182,2,0,,,,,,,,,USAC_MAGSAC,FAILED,False,False,[],good_match_count_below_10,32.823,0.12910285592079163,0.12910285592079163,,,,,0.029689231887459755,,,1.0,,,good_match_count_below_10
control-02-23,different_source_cross_category,nut_27.jpg,thread_27.jpg,nut,thread,different_source_pair,control,different_source,{},,,,1,paired_yolo_boxes,137,337,1,0,,,,,,,,,USAC_MAGSAC,FAILED,False,False,[],good_match_count_below_10,58.797,0.0587238147854805,0.0587238147854805,,,,,0.006776104215532541,,,1.0,,,good_match_count_below_10
control-02-24,different_source_cross_category,nut_27.jpg,thread_28.jpg,nut,thread,different_source_pair,control,different_source,{},,,,1,paired_yolo_boxes,137,175,3,0,,,,,,,,,USAC_MAGSAC,FAILED,False,False,[],good_match_count_below_10,39.685,0.10437001287937164,0.10437001287937164,,,,,0.03998568281531334,,,1.0,,,good_match_count_below_10
control-02-25,different_source_cross_category,nut_27.jpg,thread_29.jpg,nut,thread,different_source_pair,control,different_source,{},,,,1,paired_yolo_boxes,137,74,2,0,,,,,,,,,USAC_MAGSAC,FAILED,False,False,[],good_match_count_below_10,24.286,0.10693151503801346,0.10693151503801346,,,,,0.05833552032709122,,,1.0,,,good_match_count_below_10
control-02-26,different_source_cross_category,nut_27.jpg,thread_30.jpg,nut,thread,different_source_pair,control,different_source,{},,,,1,paired_yolo_boxes,137,146,4,0,,,,,,,,,USAC_MAGSAC,FAILED,False,False,[],good_match_count_below_10,38.327,0.18291783332824707,0.18291783332824707,,,,,0.06900680065155029,,,1.0,,,good_match_count_below_10
control-02-27,different_source_cross_category,nut_27.jpg,thread_31.jpg,nut,thread,different_source_pair,control,different_source,{},,,,1,paired_yolo_boxes,137,102,3,0,,,,,,,,,USAC_MAGSAC,FAILED,False,False,[],good_match_count_below_10,43.201,0.1034649983048439,0.1034649983048439,,,,,0.026180190965533257,,,1.0,,,good_match_count_below_10
control-02-28,different_source_cross_category,nut_27.jpg,thread_32.jpg,nut,thread,different_source_pair,control,different_source,{},,,,1,paired_yolo_boxes,137,197,2,0,,,,,,,,,USAC_MAGSAC,FAILED,False,False,[],good_match_count_below_10,45.57,0.110422782599926,0.110422782599926,,,,,0.0795171782374382,,,1.0,,,good_match_count_below_10
control-02-29,different_source_cross_category,nut_27.jpg,thread_33.jpg,nut,thread,different_source_pair,control,different_source,{},,,,1,paired_yolo_boxes,137,245,4,0,,,,,,,,,USAC_MAGSAC,FAILED,False,False,[],good_match_count_below_10,41.594,0.1072254627943039,0.1072254627943039,,,,,0.026697712019085884,,,1.0,,,good_match_count_below_10
control-02-30,different_source_cross_category,nut_27.jpg,thread_34.jpg,nut,thread,different_source_pair,control,different_source,{},,,,1,paired_yolo_boxes,137,179,3,0,,,,,,,,,USAC_MAGSAC,FAILED,False,False,[],good_match_count_below_10,35.311,0.11596249043941498,0.11596249043941498,,,,,0.07314087450504303,,,1.0,,,good_match_count_below_10
control-02-31,different_source_cross_category,nut_27.jpg,thread_35.jpg,nut,thread,different_source_pair,control,different_source,{},,,,1,paired_yolo_boxes,137,195,2,0,,,,,,,,,USAC_MAGSAC,FAILED,False,False,[],good_match_count_below_10,46.014,0.102726049721241,0.102726049721241,,,,,0.018446894362568855,,,1.0,,,good_match_count_below_10
control-02-32,different_source_cross_category,nut_27.jpg,thread_36.jpg,nut,thread,different_source_pair,control,different_source,{},,,,1,paired_yolo_boxes,137,145,1,0,,,,,,,,,USAC_MAGSAC,FAILED,False,False,[],good_match_count_below_10,35.632,0.12998972833156586,0.12998972833156586,,,,,0.07362182438373566,,,1.0,,,good_match_count_below_10
control-03-04,different_source_same_category,nut_28.jpg,nut_29.jpg,nut,nut,different_source_pair,control,different_source,{},,"[[2.372003328550203,-0.13884269997987528,-40.01249122844441],[0.8418894331064992,1.240483207421805,45.00246756036517],[0.003405074047756037,-0.0009392982999114607,1.0]]",,1,paired_yolo_boxes,70,178,16,11,0.6875,0.2726329584257073,0.49485334753990173,0.9051426647588586,1.0,,,,USAC_MAGSAC,SUCCESS,True,True,"[{""roi_index"":0,""area_ratio"":0.04039220114286362,""failure"":null}]",,34.177,0.28493890166282654,0.28493890166282654,0.48367151618003845,0.48367151618003845,,,0.07127032428979874,0.19712983071804047,,1.0,1.0,,
control-03-05,different_source_same_category,nut_28.jpg,nut_30.jpg,nut,nut,different_source_pair,control,different_source,{},,"[[1.6896807474578501,0.05836193451608691,29.673489400886563],[0.3844432056511482,1.4477839473926926,35.64622185108878],[0.0012320070595128944,0.0003831145825605413,1.0]]",,1,paired_yolo_boxes,70,142,19,17,0.8947368421052632,0.4863602935750803,1.544618010520935,1.0,1.0,,,,USAC_MAGSAC,SUCCESS,True,True,"[{""roi_index"":0,""area_ratio"":0.0435056698500361,""failure"":null}]",,34.516,0.3442382216453552,0.3442382216453552,0.4724363386631012,0.4724363386631012,,,0.07609092444181442,0.15120424330234528,,1.0,1.0,,
control-03-06,different_source_same_category,nut_28.jpg,nut_36.jpg,nut,nut,different_source_pair,control,different_source,{},,,,1,paired_yolo_boxes,70,269,3,0,,,,,,,,,USAC_MAGSAC,FAILED,False,False,[],good_match_count_below_10,47.793,0.19294774532318115,0.19294774532318115,,,,,0.046475473791360855,,,1.0,,,good_match_count_below_10
control-03-07,different_source_same_category,nut_28.jpg,nut_37.jpg,nut,nut,different_source_pair,control,different_source,{},,,,1,paired_yolo_boxes,70,125,3,0,,,,,,,,,USAC_MAGSAC,FAILED,False,False,[],good_match_count_below_10,33.764,0.20790016651153564,0.20790016651153564,,,,,0.051950789988040924,,,1.0,,,good_match_count_below_10
control-03-08,different_source_same_category,nut_28.jpg,nut_38.jpg,nut,nut,different_source_pair,control,different_source,{},,,,1,paired_yolo_boxes,70,228,0,0,,,,,,,,,USAC_MAGSAC,FAILED,False,False,[],good_match_count_below_10,24.278,0.21412532031536102,0.21412532031536102,,,,,0.03940090164542198,,,1.0,,,good_match_count_below_10
control-03-09,different_source_same_category,nut_28.jpg,nut_39.jpg,nut,nut,different_source_pair,control,different_source,{},,,,1,paired_yolo_boxes,70,472,2,0,,,,,,,,,USAC_MAGSAC,FAILED,False,False,[],good_match_count_below_10,53.899,0.1359003335237503,0.1359003335237503,,,,,0.05015408620238304,,,1.0,,,good_match_count_below_10
control-03-10,different_source_same_category,nut_28.jpg,nut_40.jpg,nut,nut,different_source_pair,control,different_source,{},,,,1,paired_yolo_boxes,70,208,3,0,,,,,,,,,USAC_MAGSAC,FAILED,False,False,[],good_match_count_below_10,20.133,0.1812484711408615,0.1812484711408615,,,,,0.05124223977327347,,,1.0,,,good_match_count_below_10
control-03-11,different_source_cross_category,nut_28.jpg,Nutsert_1.jpg,nut,Nutsert,different_source_pair,control,different_source,{},,,,1,paired_yolo_boxes,70,2187,0,0,,,,,,,,,USAC_MAGSAC,FAILED,False,False,[],good_match_count_below_10,137.175,0.06759200990200043,0.06759200990200043,,,,,0.03263901174068451,,,1.0,,,good_match_count_below_10
control-03-12,different_source_cross_category,nut_28.jpg,Nutsert_2.jpg,nut,Nutsert,different_source_pair,control,different_source,{},,,,1,paired_yolo_boxes,70,1517,0,0,,,,,,,,,USAC_MAGSAC,FAILED,False,False,[],good_match_count_below_10,78.057,0.1018282026052475,0.1018282026052475,,,,,0.029529891908168793,,,1.0,,,good_match_count_below_10
control-03-13,different_source_cross_category,nut_28.jpg,Nutsert_3.jpg,nut,Nutsert,different_source_pair,control,different_source,{},,,,1,paired_yolo_boxes,70,1136,1,0,,,,,,,,,USAC_MAGSAC,FAILED,False,False,[],good_match_count_below_10,90.096,0.08003806322813034,0.08003806322813034,,,,,0.03938334807753563,,,1.0,,,good_match_count_below_10
control-03-14,different_source_cross_category,nut_28.jpg,Nutsert_4.jpg,nut,Nutsert,different_source_pair,control,different_source,{},,,,1,paired_yolo_boxes,70,1092,0,0,,,,,,,,,USAC_MAGSAC,FAILED,False,False,[],good_match_count_below_10,71.354,0.04885030910372734,0.04885030910372734,,,,,0.005102160852402449,,,1.0,,,good_match_count_below_10
control-03-15,different_source_cross_category,nut_28.jpg,Nutsert_5.jpg,nut,Nutsert,different_source_pair,control,different_source,{},,,,1,paired_yolo_boxes,70,564,0,0,,,,,,,,,USAC_MAGSAC,FAILED,False,False,[],good_match_count_below_10,70.24,0.0959797352552414,0.0959797352552414,,,,,0.048784833401441574,,,1.0,,,good_match_count_below_10
control-03-16,different_source_cross_category,nut_28.jpg,Nutsert_6.jpg,nut,Nutsert,different_source_pair,control,different_source,{},,,,1,paired_yolo_boxes,70,528,2,0,,,,,,,,,USAC_MAGSAC,FAILED,False,False,[],good_match_count_below_10,57.293,0.09088505059480667,0.09088505059480667,,,,,0.04204334318637848,,,1.0,,,good_match_count_below_10
control-03-17,different_source_cross_category,nut_28.jpg,thread_20.jpg,nut,thread,different_source_pair,control,different_source,{},,,,1,paired_yolo_boxes,70,305,1,0,,,,,,,,,USAC_MAGSAC,FAILED,False,False,[],good_match_count_below_10,47.791,0.18926472961902618,0.18926472961902618,,,,,0.03762681409716606,,,1.0,,,good_match_count_below_10
control-03-18,different_source_cross_category,nut_28.jpg,thread_21.jpg,nut,thread,different_source_pair,control,different_source,{},,,,1,paired_yolo_boxes,70,254,0,0,,,,,,,,,USAC_MAGSAC,FAILED,False,False,[],good_match_count_below_10,35.7,0.14512646198272705,0.14512646198272705,,,,,0.014759079553186893,,,1.0,,,good_match_count_below_10
control-03-19,different_source_cross_category,nut_28.jpg,thread_23.jpg,nut,thread,different_source_pair,control,different_source,{},,,,1,paired_yolo_boxes,70,158,1,0,,,,,,,,,USAC_MAGSAC,FAILED,False,False,[],good_match_count_below_10,29.843,0.17095404863357544,0.17095404863357544,,,,,0.04068087041378021,,,1.0,,,good_match_count_below_10
control-03-20,different_source_cross_category,nut_28.jpg,thread_24.jpg,nut,thread,different_source_pair,control,different_source,{},,,,1,paired_yolo_boxes,70,89,1,0,,,,,,,,,USAC_MAGSAC,FAILED,False,False,[],good_match_count_below_10,15.518,0.13559366762638092,0.13559366762638092,,,,,0.05903391167521477,,,1.0,,,good_match_count_below_10
control-03-21,different_source_cross_category,nut_28.jpg,thread_25.jpg,nut,thread,different_source_pair,control,different_source,{},,,,1,paired_yolo_boxes,70,193,2,0,,,,,,,,,USAC_MAGSAC,FAILED,False,False,[],good_match_count_below_10,39.268,0.16280221939086914,0.16280221939086914,,,,,0.04171476885676384,,,1.0,,,good_match_count_below_10
control-03-22,different_source_cross_category,nut_28.jpg,thread_26.jpg,nut,thread,different_source_pair,control,different_source,{},,,,1,paired_yolo_boxes,70,182,1,0,,,,,,,,,USAC_MAGSAC,FAILED,False,False,[],good_match_count_below_10,30.86,0.15732023119926453,0.15732023119926453,,,,,0.04862556234002113,,,1.0,,,good_match_count_below_10
control-03-23,different_source_cross_category,nut_28.jpg,thread_27.jpg,nut,thread,different_source_pair,control,different_source,{},,,,1,paired_yolo_boxes,70,337,2,0,,,,,,,,,USAC_MAGSAC,FAILED,False,False,[],good_match_count_below_10,52.304,0.06311248987913132,0.06311248987913132,,,,,0.015510697849094868,,,1.0,,,good_match_count_below_10
control-03-24,different_source_cross_category,nut_28.jpg,thread_28.jpg,nut,thread,different_source_pair,control,different_source,{},,,,1,paired_yolo_boxes,70,175,1,0,,,,,,,,,USAC_MAGSAC,FAILED,False,False,[],good_match_count_below_10,39.488,0.0901411697268486,0.0901411697268486,,,,,0.006984864827245474,,,1.0,,,good_match_count_below_10
control-03-25,different_source_cross_category,nut_28.jpg,thread_29.jpg,nut,thread,different_source_pair,control,different_source,{},,,,1,paired_yolo_boxes,70,74,1,0,,,,,,,,,USAC_MAGSAC,FAILED,False,False,[],good_match_count_below_10,21.011,0.12692008912563324,0.12692008912563324,,,,,0.07389786094427109,,,1.0,,,good_match_count_below_10
control-03-26,different_source_cross_category,nut_28.jpg,thread_30.jpg,nut,thread,different_source_pair,control,different_source,{},,,,1,paired_yolo_boxes,70,146,2,0,,,,,,,,,USAC_MAGSAC,FAILED,False,False,[],good_match_count_below_10,28.85,0.13230150938034058,0.13230150938034058,,,,,0.06514158099889755,,,1.0,,,good_match_count_below_10
control-03-27,different_source_cross_category,nut_28.jpg,thread_31.jpg,nut,thread,different_source_pair,control,different_source,{},,,,1,paired_yolo_boxes,70,102,1,0,,,,,,,,,USAC_MAGSAC,FAILED,False,False,[],good_match_count_below_10,37.105,0.10253307968378067,0.10253307968378067,,,,,0.031655989587306976,,,1.0,,,good_match_count_below_10
control-03-28,different_source_cross_category,nut_28.jpg,thread_32.jpg,nut,thread,different_source_pair,control,different_source,{},,,,1,paired_yolo_boxes,70,197,1,0,,,,,,,,,USAC_MAGSAC,FAILED,False,False,[],good_match_count_below_10,36.658,0.1013561487197876,0.1013561487197876,,,,,0.07673916965723038,,,1.0,,,good_match_count_below_10
control-03-29,different_source_cross_category,nut_28.jpg,thread_33.jpg,nut,thread,different_source_pair,control,different_source,{},,,,1,paired_yolo_boxes,70,245,0,0,,,,,,,,,USAC_MAGSAC,FAILED,False,False,[],good_match_count_below_10,36.596,0.0920882299542427,0.0920882299542427,,,,,0.007730850484222174,,,1.0,,,good_match_count_below_10
control-03-30,different_source_cross_category,nut_28.jpg,thread_34.jpg,nut,thread,different_source_pair,control,different_source,{},,,,1,paired_yolo_boxes,70,179,1,0,,,,,,,,,USAC_MAGSAC,FAILED,False,False,[],good_match_count_below_10,28.789,0.11891192942857742,0.11891192942857742,,,,,0.05525487661361694,,,1.0,,,good_match_count_below_10
control-03-31,different_source_cross_category,nut_28.jpg,thread_35.jpg,nut,thread,different_source_pair,control,different_source,{},,,,1,paired_yolo_boxes,70,195,2,0,,,,,,,,,USAC_MAGSAC,FAILED,False,False,[],good_match_count_below_10,35.964,0.0834709033370018,0.0834709033370018,,,,,0.02572733722627163,,,1.0,,,good_match_count_below_10
control-03-32,different_source_cross_category,nut_28.jpg,thread_36.jpg,nut,thread,different_source_pair,control,different_source,{},,,,1,paired_yolo_boxes,70,145,3,0,,,,,,,,,USAC_MAGSAC,FAILED,False,False,[],good_match_count_below_10,34.348,0.12101270258426666,0.12101270258426666,,,,,0.0937572494149208,,,1.0,,,good_match_count_below_10
control-04-05,different_source_same_category,nut_29.jpg,nut_30.jpg,nut,nut,different_source_pair,control,different_source,{},,"[[1.335325275917104,-0.1889486154360321,19.02915052849107],[0.35079622772943414,1.0328175518577172,-71.98461877387884],[0.0010971647012429273,-0.0005432699035540152,1.0]]",,1,paired_yolo_boxes,178,142,14,9,0.6428571428571429,0.41355335523468595,0.3042575716972351,0.8874048442906575,1.0,,,,USAC_MAGSAC,FALLBACK_FULL_IMAGE,True,False,[],inlier_count_below_10,43.596,0.3302231431007385,0.3302231431007385,0.45548078417778015,0.45548078417778015,,,0.08273012191057205,0.13155029714107513,,1.0,1.0,,inlier_count_below_10
control-04-06,different_source_same_category,nut_29.jpg,nut_36.jpg,nut,nut,different_source_pair,control,different_source,{},,,,1,paired_yolo_boxes,178,269,5,0,,,,,,,,,USAC_MAGSAC,FAILED,False,False,[],good_match_count_below_10,63.897,0.2666442394256592,0.2666442394256592,,,,,0.06796500831842422,,,1.0,,,good_match_count_below_10
control-04-07,different_source_same_category,nut_29.jpg,nut_37.jpg,nut,nut,different_source_pair,control,different_source,{},,,,1,paired_yolo_boxes,178,125,4,0,,,,,,,,,USAC_MAGSAC,FAILED,False,False,[],good_match_count_below_10,44.675,0.29302191734313965,0.29302191734313965,,,,,0.06305975466966629,,,1.0,,,good_match_count_below_10
control-04-08,different_source_same_category,nut_29.jpg,nut_38.jpg,nut,nut,different_source_pair,control,different_source,{},,,,1,paired_yolo_boxes,178,228,7,0,,,,,,,,,USAC_MAGSAC,FAILED,False,False,[],good_match_count_below_10,40.182,0.24380482733249664,0.24380482733249664,,,,,0.05652491748332977,,,1.0,,,good_match_count_below_10
control-04-09,different_source_same_category,nut_29.jpg,nut_39.jpg,nut,nut,different_source_pair,control,different_source,{},,,,1,paired_yolo_boxes,178,472,4,0,,,,,,,,,USAC_MAGSAC,FAILED,False,False,[],good_match_count_below_10,74.032,0.22856393456459045,0.22856393456459045,,,,,0.05802813544869423,,,1.0,,,good_match_count_below_10
control-04-10,different_source_same_category,nut_29.jpg,nut_40.jpg,nut,nut,different_source_pair,control,different_source,{},,,,1,paired_yolo_boxes,178,208,4,0,,,,,,,,,USAC_MAGSAC,FAILED,False,False,[],good_match_count_below_10,39.471,0.21130365133285522,0.21130365133285522,,,,,0.049914777278900146,,,1.0,,,good_match_count_below_10
control-04-11,different_source_cross_category,nut_29.jpg,Nutsert_1.jpg,nut,Nutsert,different_source_pair,control,different_source,{},,,,1,paired_yolo_boxes,178,2187,4,0,,,,,,,,,USAC_MAGSAC,FAILED,False,False,[],good_match_count_below_10,181.382,0.10866804420948029,0.10866804420948029,,,,,0.036719243973493576,,,1.0,,,good_match_count_below_10
control-04-12,different_source_cross_category,nut_29.jpg,Nutsert_2.jpg,nut,Nutsert,different_source_pair,control,different_source,{},,,,1,paired_yolo_boxes,178,1517,1,0,,,,,,,,,USAC_MAGSAC,FAILED,False,False,[],good_match_count_below_10,113.685,0.13024459779262543,0.13024459779262543,,,,,0.022897152230143547,,,1.0,,,good_match_count_below_10
control-04-13,different_source_cross_category,nut_29.jpg,Nutsert_3.jpg,nut,Nutsert,different_source_pair,control,different_source,{},,,,1,paired_yolo_boxes,178,1136,2,0,,,,,,,,,USAC_MAGSAC,FAILED,False,False,[],good_match_count_below_10,118.594,0.060043059289455414,0.060043059289455414,,,,,0.019270649179816246,,,1.0,,,good_match_count_below_10
control-04-14,different_source_cross_category,nut_29.jpg,Nutsert_4.jpg,nut,Nutsert,different_source_pair,control,different_source,{},,,,1,paired_yolo_boxes,178,1092,3,0,,,,,,,,,USAC_MAGSAC,FAILED,False,False,[],good_match_count_below_10,97.116,0.06538538634777069,0.06538538634777069,,,,,0.021841783076524734,,,1.0,,,good_match_count_below_10
control-04-15,different_source_cross_category,nut_29.jpg,Nutsert_5.jpg,nut,Nutsert,different_source_pair,control,different_source,{},,,,1,paired_yolo_boxes,178,564,1,0,,,,,,,,,USAC_MAGSAC,FAILED,False,False,[],good_match_count_below_10,89.671,0.16650953888893127,0.16650953888893127,,,,,0.06023688614368439,,,1.0,,,good_match_count_below_10
control-04-16,different_source_cross_category,nut_29.jpg,Nutsert_6.jpg,nut,Nutsert,different_source_pair,control,different_source,{},,,,1,paired_yolo_boxes,178,528,2,0,,,,,,,,,USAC_MAGSAC,FAILED,False,False,[],good_match_count_below_10,74.611,0.13779252767562866,0.13779252767562866,,,,,0.045457106083631516,,,1.0,,,good_match_count_below_10
control-04-17,different_source_cross_category,nut_29.jpg,thread_20.jpg,nut,thread,different_source_pair,control,different_source,{},,,,1,paired_yolo_boxes,178,305,4,0,,,,,,,,,USAC_MAGSAC,FAILED,False,False,[],good_match_count_below_10,66.215,0.12020331621170044,0.12020331621170044,,,,,0.02979700267314911,,,1.0,,,good_match_count_below_10
control-04-18,different_source_cross_category,nut_29.jpg,thread_21.jpg,nut,thread,different_source_pair,control,different_source,{},,,,1,paired_yolo_boxes,178,254,2,0,,,,,,,,,USAC_MAGSAC,FAILED,False,False,[],good_match_count_below_10,53.295,0.12531200051307678,0.12531200051307678,,,,,0.038324810564517975,,,1.0,,,good_match_count_below_10
control-04-19,different_source_cross_category,nut_29.jpg,thread_23.jpg,nut,thread,different_source_pair,control,different_source,{},,,,1,paired_yolo_boxes,178,158,5,0,,,,,,,,,USAC_MAGSAC,FAILED,False,False,[],good_match_count_below_10,44.465,0.13417944312095642,0.13417944312095642,,,,,0.019138425588607788,,,1.0,,,good_match_count_below_10
control-04-20,different_source_cross_category,nut_29.jpg,thread_24.jpg,nut,thread,different_source_pair,control,different_source,{},,,,1,paired_yolo_boxes,178,89,3,0,,,,,,,,,USAC_MAGSAC,FAILED,False,False,[],good_match_count_below_10,41.315,0.14957037568092346,0.14957037568092346,,,,,0.07135788351297379,,,1.0,,,good_match_count_below_10
control-04-21,different_source_cross_category,nut_29.jpg,thread_25.jpg,nut,thread,different_source_pair,control,different_source,{},,,,1,paired_yolo_boxes,178,193,1,0,,,,,,,,,USAC_MAGSAC,FAILED,False,False,[],good_match_count_below_10,60.521,0.1239098310470581,0.1239098310470581,,,,,0.021941887214779854,,,1.0,,,good_match_count_below_10
control-04-22,different_source_cross_category,nut_29.jpg,thread_26.jpg,nut,thread,different_source_pair,control,different_source,{},,,,1,paired_yolo_boxes,178,182,4,0,,,,,,,,,USAC_MAGSAC,FAILED,False,False,[],good_match_count_below_10,50.958,0.12652426958084106,0.12652426958084106,,,,,0.018557680770754814,,,1.0,,,good_match_count_below_10
control-04-23,different_source_cross_category,nut_29.jpg,thread_27.jpg,nut,thread,different_source_pair,control,different_source,{},,,,1,paired_yolo_boxes,178,337,3,0,,,,,,,,,USAC_MAGSAC,FAILED,False,False,[],good_match_count_below_10,75.846,0.07501668483018875,0.07501668483018875,,,,,0.023157142102718353,,,1.0,,,good_match_count_below_10
control-04-24,different_source_cross_category,nut_29.jpg,thread_28.jpg,nut,thread,different_source_pair,control,different_source,{},,,,1,paired_yolo_boxes,178,175,2,0,,,,,,,,,USAC_MAGSAC,FAILED,False,False,[],good_match_count_below_10,60.2,0.1149747222661972,0.1149747222661972,,,,,0.038793448358774185,,,1.0,,,good_match_count_below_10
control-04-25,different_source_cross_category,nut_29.jpg,thread_29.jpg,nut,thread,different_source_pair,control,different_source,{},,,,1,paired_yolo_boxes,178,74,4,0,,,,,,,,,USAC_MAGSAC,FAILED,False,False,[],good_match_count_below_10,42.487,0.10891538113355637,0.10891538113355637,,,,,0.05317201092839241,,,1.0,,,good_match_count_below_10
control-04-26,different_source_cross_category,nut_29.jpg,thread_30.jpg,nut,thread,different_source_pair,control,different_source,{},,,,1,paired_yolo_boxes,178,146,1,0,,,,,,,,,USAC_MAGSAC,FAILED,False,False,[],good_match_count_below_10,53.552,0.17028455436229706,0.17028455436229706,,,,,0.0589367114007473,,,1.0,,,good_match_count_below_10
control-04-27,different_source_cross_category,nut_29.jpg,thread_31.jpg,nut,thread,different_source_pair,control,different_source,{},,,,1,paired_yolo_boxes,178,102,8,0,,,,,,,,,USAC_MAGSAC,FAILED,False,False,[],good_match_count_below_10,58.965,0.11521274596452713,0.11521274596452713,,,,,0.03268857300281525,,,1.0,,,good_match_count_below_10
control-04-28,different_source_cross_category,nut_29.jpg,thread_32.jpg,nut,thread,different_source_pair,control,different_source,{},,,,1,paired_yolo_boxes,178,197,2,0,,,,,,,,,USAC_MAGSAC,FAILED,False,False,[],good_match_count_below_10,59.481,0.12560349702835083,0.12560349702835083,,,,,0.08823074400424957,,,1.0,,,good_match_count_below_10
control-04-29,different_source_cross_category,nut_29.jpg,thread_33.jpg,nut,thread,different_source_pair,control,different_source,{},,,,1,paired_yolo_boxes,178,245,3,0,,,,,,,,,USAC_MAGSAC,FAILED,False,False,[],good_match_count_below_10,56.729,0.1455860286951065,0.1455860286951065,,,,,0.0609334297478199,,,1.0,,,good_match_count_below_10
control-04-30,different_source_cross_category,nut_29.jpg,thread_34.jpg,nut,thread,different_source_pair,control,different_source,{},,,,1,paired_yolo_boxes,178,179,1,0,,,,,,,,,USAC_MAGSAC,FAILED,False,False,[],good_match_count_below_10,45.908,0.13438621163368225,0.13438621163368225,,,,,0.07992533594369888,,,1.0,,,good_match_count_below_10
control-04-31,different_source_cross_category,nut_29.jpg,thread_35.jpg,nut,thread,different_source_pair,control,different_source,{},,,,1,paired_yolo_boxes,178,195,5,0,,,,,,,,,USAC_MAGSAC,FAILED,False,False,[],good_match_count_below_10,60.506,0.11971215158700943,0.11971215158700943,,,,,0.049008045345544815,,,1.0,,,good_match_count_below_10
control-04-32,different_source_cross_category,nut_29.jpg,thread_36.jpg,nut,thread,different_source_pair,control,different_source,{},,,,1,paired_yolo_boxes,178,145,1,0,,,,,,,,,USAC_MAGSAC,FAILED,False,False,[],good_match_count_below_10,48.6,0.13847216963768005,0.13847216963768005,,,,,0.04950246959924698,,,1.0,,,good_match_count_below_10
control-05-06,different_source_same_category,nut_30.jpg,nut_36.jpg,nut,nut,different_source_pair,control,different_source,{},,,,1,paired_yolo_boxes,142,269,1,0,,,,,,,,,USAC_MAGSAC,FAILED,False,False,[],good_match_count_below_10,75.013,0.3402285873889923,0.3402285873889923,,,,,0.09643859416246414,,,1.0,,,good_match_count_below_10
control-05-07,different_source_same_category,nut_30.jpg,nut_37.jpg,nut,nut,different_source_pair,control,different_source,{},,,,1,paired_yolo_boxes,142,125,2,0,,,,,,,,,USAC_MAGSAC,FAILED,False,False,[],good_match_count_below_10,48.628,0.3114360570907593,0.3114360570907593,,,,,0.07826091349124908,,,1.0,,,good_match_count_below_10
control-05-08,different_source_same_category,nut_30.jpg,nut_38.jpg,nut,nut,different_source_pair,control,different_source,{},,,,1,paired_yolo_boxes,142,228,3,0,,,,,,,,,USAC_MAGSAC,FAILED,False,False,[],good_match_count_below_10,41.586,0.31063714623451233,0.31063714623451233,,,,,0.07434996962547302,,,1.0,,,good_match_count_below_10
control-05-09,different_source_same_category,nut_30.jpg,nut_39.jpg,nut,nut,different_source_pair,control,different_source,{},,,,1,paired_yolo_boxes,142,472,1,0,,,,,,,,,USAC_MAGSAC,FAILED,False,False,[],good_match_count_below_10,75.324,0.22041203081607819,0.22041203081607819,,,,,0.05324045568704605,,,1.0,,,good_match_count_below_10
control-05-10,different_source_same_category,nut_30.jpg,nut_40.jpg,nut,nut,different_source_pair,control,different_source,{},,,,1,paired_yolo_boxes,142,208,2,0,,,,,,,,,USAC_MAGSAC,FAILED,False,False,[],good_match_count_below_10,39.477,0.2787187993526459,0.2787187993526459,,,,,0.08394218236207962,,,1.0,,,good_match_count_below_10
control-05-11,different_source_cross_category,nut_30.jpg,Nutsert_1.jpg,nut,Nutsert,different_source_pair,control,different_source,{},,,,1,paired_yolo_boxes,142,2187,1,0,,,,,,,,,USAC_MAGSAC,FAILED,False,False,[],good_match_count_below_10,267.458,0.09886538237333298,0.09886538237333298,,,,,0.034797150641679764,,,1.0,,,good_match_count_below_10
control-05-12,different_source_cross_category,nut_30.jpg,Nutsert_2.jpg,nut,Nutsert,different_source_pair,control,different_source,{},,,,1,paired_yolo_boxes,142,1517,0,0,,,,,,,,,USAC_MAGSAC,FAILED,False,False,[],good_match_count_below_10,114.675,0.12889350950717926,0.12889350950717926,,,,,0.025840023532509804,,,1.0,,,good_match_count_below_10
control-05-13,different_source_cross_category,nut_30.jpg,Nutsert_3.jpg,nut,Nutsert,different_source_pair,control,different_source,{},,,,1,paired_yolo_boxes,142,1136,0,0,,,,,,,,,USAC_MAGSAC,FAILED,False,False,[],good_match_count_below_10,134.08,0.0984763354063034,0.0984763354063034,,,,,0.02641136571764946,,,1.0,,,good_match_count_below_10
control-05-14,different_source_cross_category,nut_30.jpg,Nutsert_4.jpg,nut,Nutsert,different_source_pair,control,different_source,{},,,,1,paired_yolo_boxes,142,1092,0,0,,,,,,,,,USAC_MAGSAC,FAILED,False,False,[],good_match_count_below_10,108.1,0.0927431657910347,0.0927431657910347,,,,,0.030453095212578773,,,1.0,,,good_match_count_below_10
control-05-15,different_source_cross_category,nut_30.jpg,Nutsert_5.jpg,nut,Nutsert,different_source_pair,control,different_source,{},,,,1,paired_yolo_boxes,142,564,0,0,,,,,,,,,USAC_MAGSAC,FAILED,False,False,[],good_match_count_below_10,105.755,0.1403004229068756,0.1403004229068756,,,,,0.03774962201714516,,,1.0,,,good_match_count_below_10
control-05-16,different_source_cross_category,nut_30.jpg,Nutsert_6.jpg,nut,Nutsert,different_source_pair,control,different_source,{},,,,1,paired_yolo_boxes,142,528,2,0,,,,,,,,,USAC_MAGSAC,FAILED,False,False,[],good_match_count_below_10,86.513,0.11406935751438141,0.11406935751438141,,,,,0.03360111266374588,,,1.0,,,good_match_count_below_10
control-05-17,different_source_cross_category,nut_30.jpg,thread_20.jpg,nut,thread,different_source_pair,control,different_source,{},,,,1,paired_yolo_boxes,142,305,3,0,,,,,,,,,USAC_MAGSAC,FAILED,False,False,[],good_match_count_below_10,71.106,0.21231584250926971,0.21231584250926971,,,,,0.04762228950858116,,,1.0,,,good_match_count_below_10
control-05-18,different_source_cross_category,nut_30.jpg,thread_21.jpg,nut,thread,different_source_pair,control,different_source,{},,,,1,paired_yolo_boxes,142,254,1,0,,,,,,,,,USAC_MAGSAC,FAILED,False,False,[],good_match_count_below_10,58.219,0.1582106649875641,0.1582106649875641,,,,,0.038862213492393494,,,1.0,,,good_match_count_below_10
control-05-19,different_source_cross_category,nut_30.jpg,thread_23.jpg,nut,thread,different_source_pair,control,different_source,{},,,,1,paired_yolo_boxes,142,158,1,0,,,,,,,,,USAC_MAGSAC,FAILED,False,False,[],good_match_count_below_10,49.476,0.17325137555599213,0.17325137555599213,,,,,0.0307480338960886,,,1.0,,,good_match_count_below_10
control-05-20,different_source_cross_category,nut_30.jpg,thread_24.jpg,nut,thread,different_source_pair,control,different_source,{},,,,1,paired_yolo_boxes,142,89,3,0,,,,,,,,,USAC_MAGSAC,FAILED,False,False,[],good_match_count_below_10,34.817,0.17982952296733856,0.17982952296733856,,,,,0.06978349387645721,,,1.0,,,good_match_count_below_10
control-05-21,different_source_cross_category,nut_30.jpg,thread_25.jpg,nut,thread,different_source_pair,control,different_source,{},,,,1,paired_yolo_boxes,142,193,1,0,,,,,,,,,USAC_MAGSAC,FAILED,False,False,[],good_match_count_below_10,69.068,0.22286131978034973,0.22286131978034973,,,,,0.06107727810740471,,,1.0,,,good_match_count_below_10
control-05-22,different_source_cross_category,nut_30.jpg,thread_26.jpg,nut,thread,different_source_pair,control,different_source,{},,,,1,paired_yolo_boxes,142,182,1,0,,,,,,,,,USAC_MAGSAC,FAILED,False,False,[],good_match_count_below_10,50.102,0.146287739276886,0.146287739276886,,,,,0.04397110268473625,,,1.0,,,good_match_count_below_10
control-05-23,different_source_cross_category,nut_30.jpg,thread_27.jpg,nut,thread,different_source_pair,control,different_source,{},,,,1,paired_yolo_boxes,142,337,4,0,,,,,,,,,USAC_MAGSAC,FAILED,False,False,[],good_match_count_below_10,82.724,0.06258799135684967,0.06258799135684967,,,,,0.01242833398282528,,,1.0,,,good_match_count_below_10
control-05-24,different_source_cross_category,nut_30.jpg,thread_28.jpg,nut,thread,different_source_pair,control,different_source,{},,,,1,paired_yolo_boxes,142,175,0,0,,,,,,,,,USAC_MAGSAC,FAILED,False,False,[],good_match_count_below_10,58.26,0.1252504140138626,0.1252504140138626,,,,,0.059586018323898315,,,1.0,,,good_match_count_below_10
control-05-25,different_source_cross_category,nut_30.jpg,thread_29.jpg,nut,thread,different_source_pair,control,different_source,{},,,,1,paired_yolo_boxes,142,74,4,0,,,,,,,,,USAC_MAGSAC,FAILED,False,False,[],good_match_count_below_10,44.659,0.1645108461380005,0.1645108461380005,,,,,0.11262455582618713,,,1.0,,,good_match_count_below_10
control-05-26,different_source_cross_category,nut_30.jpg,thread_30.jpg,nut,thread,different_source_pair,control,different_source,{},,,,1,paired_yolo_boxes,142,146,0,0,,,,,,,,,USAC_MAGSAC,FAILED,False,False,[],good_match_count_below_10,47.14,0.2332777976989746,0.2332777976989746,,,,,0.09195123612880707,,,1.0,,,good_match_count_below_10
control-05-27,different_source_cross_category,nut_30.jpg,thread_31.jpg,nut,thread,different_source_pair,control,different_source,{},,,,1,paired_yolo_boxes,142,102,3,0,,,,,,,,,USAC_MAGSAC,FAILED,False,False,[],good_match_count_below_10,49.71,0.1521839201450348,0.1521839201450348,,,,,0.03611323982477188,,,1.0,,,good_match_count_below_10
control-05-28,different_source_cross_category,nut_30.jpg,thread_32.jpg,nut,thread,different_source_pair,control,different_source,{},,,,1,paired_yolo_boxes,142,197,5,0,,,,,,,,,USAC_MAGSAC,FAILED,False,False,[],good_match_count_below_10,47.232,0.1479511708021164,0.1479511708021164,,,,,0.10542521625757217,,,1.0,,,good_match_count_below_10
control-05-29,different_source_cross_category,nut_30.jpg,thread_33.jpg,nut,thread,different_source_pair,control,different_source,{},,,,1,paired_yolo_boxes,142,245,0,0,,,,,,,,,USAC_MAGSAC,FAILED,False,False,[],good_match_count_below_10,57.788,0.14303816854953766,0.14303816854953766,,,,,0.031509723514318466,,,1.0,,,good_match_count_below_10
control-05-30,different_source_cross_category,nut_30.jpg,thread_34.jpg,nut,thread,different_source_pair,control,different_source,{},,,,1,paired_yolo_boxes,142,179,3,0,,,,,,,,,USAC_MAGSAC,FAILED,False,False,[],good_match_count_below_10,46.354,0.15625914931297302,0.15625914931297302,,,,,0.08293962478637695,,,1.0,,,good_match_count_below_10
control-05-31,different_source_cross_category,nut_30.jpg,thread_35.jpg,nut,thread,different_source_pair,control,different_source,{},,,,1,paired_yolo_boxes,142,195,3,0,,,,,,,,,USAC_MAGSAC,FAILED,False,False,[],good_match_count_below_10,53.718,0.13449978828430176,0.13449978828430176,,,,,0.02865723893046379,,,1.0,,,good_match_count_below_10
control-05-32,different_source_cross_category,nut_30.jpg,thread_36.jpg,nut,thread,different_source_pair,control,different_source,{},,,,1,paired_yolo_boxes,142,145,3,0,,,,,,,,,USAC_MAGSAC,FAILED,False,False,[],good_match_count_below_10,43.043,0.17460645735263824,0.17460645735263824,,,,,0.10646860301494598,,,1.0,,,good_match_count_below_10
control-06-07,different_source_same_category,nut_36.jpg,nut_37.jpg,nut,nut,different_source_pair,control,different_source,{},,"[[0.9143056411003935,0.05452024711745862,-147.07948333434348],[-0.04134506867216812,0.9574826189001865,-87.82266849350158],[-3.748100168943583e-05,8.471475236660797e-05,1.0]]",,1,paired_yolo_boxes,269,125,61,41,0.6721311475409836,0.588907200848684,1.5614948272705078,0.5660039229184765,1.0,,,,USAC_MAGSAC,SUCCESS,True,True,"[{""roi_index"":0,""area_ratio"":0.07161091185776115,""failure"":null}]",,66.14,0.3236904442310333,0.3236904442310333,0.6516851782798767,0.6516851782798767,,,0.0900127962231636,0.23583559691905975,,1.0,1.0,,
control-06-08,different_source_same_category,nut_36.jpg,nut_38.jpg,nut,nut,different_source_pair,control,different_source,{},,,,1,paired_yolo_boxes,269,228,5,0,,,,,,,,,USAC_MAGSAC,FAILED,False,False,[],good_match_count_below_10,53.207,0.36992985010147095,0.36992985010147095,,,,,0.1104823648929596,,,1.0,,,good_match_count_below_10
control-06-09,different_source_same_category,nut_36.jpg,nut_39.jpg,nut,nut,different_source_pair,control,different_source,{},,"[[1.6245059914539888,0.11422091128279264,-134.40116514335455],[0.15994609274973373,1.4470491388150846,-31.97918458695746],[0.0014869413600265846,-0.0001627296490478469,1.0]]",,1,paired_yolo_boxes,269,472,30,18,0.6,0.5131683369537734,2.614807605743408,0.845179490821937,1.0,,,,USAC_MAGSAC,SUCCESS,True,True,"[{""roi_index"":0,""area_ratio"":0.028725818032570554,""failure"":null}]",,87.472,0.21840938925743103,0.21840938925743103,0.41675955057144165,0.41675955057144165,,,0.044313233345746994,0.12249691784381866,,1.0,1.0,,
control-06-10,different_source_same_category,nut_36.jpg,nut_40.jpg,nut,nut,different_source_pair,control,different_source,{},,"[[0.6957915727571266,-0.147504837575553,-49.73743091502429],[0.045563915549595095,0.7420213789262734,-109.84987083431659],[0.0005754180221345642,-0.001040969088857714,1.0]]",,1,paired_yolo_boxes,269,208,17,11,0.6470588235294118,0.41545881283714503,0.6876012086868286,0.43972200822829416,1.0,,,,USAC_MAGSAC,SUCCESS,True,True,"[{""roi_index"":0,""area_ratio"":0.09747245724135332,""failure"":null}]",,59.061,0.38004082441329956,0.38004082441329956,0.3111439347267151,0.3111439347267151,,,0.11863242089748383,0.08445146679878235,,1.0,1.0,,
control-06-11,different_source_cross_category,nut_36.jpg,Nutsert_1.jpg,nut,Nutsert,different_source_pair,control,different_source,{},,,,1,paired_yolo_boxes,269,2187,3,0,,,,,,,,,USAC_MAGSAC,FAILED,False,False,[],good_match_count_below_10,179.277,0.10364877432584763,0.10364877432584763,,,,,0.034533269703388214,,,1.0,,,good_match_count_below_10
control-06-12,different_source_cross_category,nut_36.jpg,Nutsert_2.jpg,nut,Nutsert,different_source_pair,control,different_source,{},,,,1,paired_yolo_boxes,269,1517,3,0,,,,,,,,,USAC_MAGSAC,FAILED,False,False,[],good_match_count_below_10,114.793,0.11016921699047089,0.11016921699047089,,,,,0.02606574445962906,,,1.0,,,good_match_count_below_10
control-06-13,different_source_cross_category,nut_36.jpg,Nutsert_3.jpg,nut,Nutsert,different_source_pair,control,different_source,{},,,,1,paired_yolo_boxes,269,1136,6,0,,,,,,,,,USAC_MAGSAC,FAILED,False,False,[],good_match_count_below_10,133.118,0.12162838876247406,0.12162838876247406,,,,,0.03912656009197235,,,1.0,,,good_match_count_below_10
control-06-14,different_source_cross_category,nut_36.jpg,Nutsert_4.jpg,nut,Nutsert,different_source_pair,control,different_source,{},,,,1,paired_yolo_boxes,269,1092,2,0,,,,,,,,,USAC_MAGSAC,FAILED,False,False,[],good_match_count_below_10,102.034,0.10476899147033691,0.10476899147033691,,,,,0.03169144317507744,,,1.0,,,good_match_count_below_10
control-06-15,different_source_cross_category,nut_36.jpg,Nutsert_5.jpg,nut,Nutsert,different_source_pair,control,different_source,{},,,,1,paired_yolo_boxes,269,564,4,0,,,,,,,,,USAC_MAGSAC,FAILED,False,False,[],good_match_count_below_10,96.063,0.1483098715543747,0.1483098715543747,,,,,0.057366300374269485,,,1.0,,,good_match_count_below_10
control-06-16,different_source_cross_category,nut_36.jpg,Nutsert_6.jpg,nut,Nutsert,different_source_pair,control,different_source,{},,,,1,paired_yolo_boxes,269,528,3,0,,,,,,,,,USAC_MAGSAC,FAILED,False,False,[],good_match_count_below_10,89.825,0.1324443221092224,0.1324443221092224,,,,,0.04603797569870949,,,1.0,,,good_match_count_below_10
control-06-17,different_source_cross_category,nut_36.jpg,thread_20.jpg,nut,thread,different_source_pair,control,different_source,{},,,,1,paired_yolo_boxes,269,305,3,0,,,,,,,,,USAC_MAGSAC,FAILED,False,False,[],good_match_count_below_10,76.753,0.20450833439826965,0.20450833439826965,,,,,0.06354161351919174,,,1.0,,,good_match_count_below_10
control-06-18,different_source_cross_category,nut_36.jpg,thread_21.jpg,nut,thread,different_source_pair,control,different_source,{},,,,1,paired_yolo_boxes,269,254,3,0,,,,,,,,,USAC_MAGSAC,FAILED,False,False,[],good_match_count_below_10,63.586,0.17405863106250763,0.17405863106250763,,,,,0.04837939143180847,,,1.0,,,good_match_count_below_10
control-06-19,different_source_cross_category,nut_36.jpg,thread_23.jpg,nut,thread,different_source_pair,control,different_source,{},,,,1,paired_yolo_boxes,269,158,4,0,,,,,,,,,USAC_MAGSAC,FAILED,False,False,[],good_match_count_below_10,62.479,0.1836252510547638,0.1836252510547638,,,,,0.050450075417757034,,,1.0,,,good_match_count_below_10
control-06-20,different_source_cross_category,nut_36.jpg,thread_24.jpg,nut,thread,different_source_pair,control,different_source,{},,,,1,paired_yolo_boxes,269,89,4,0,,,,,,,,,USAC_MAGSAC,FAILED,False,False,[],good_match_count_below_10,46.343,0.16927316784858704,0.16927316784858704,,,,,0.06116984412074089,,,1.0,,,good_match_count_below_10
control-06-21,different_source_cross_category,nut_36.jpg,thread_25.jpg,nut,thread,different_source_pair,control,different_source,{},,,,1,paired_yolo_boxes,269,193,1,0,,,,,,,,,USAC_MAGSAC,FAILED,False,False,[],good_match_count_below_10,65.944,0.2301369160413742,0.2301369160413742,,,,,0.08948449045419693,,,1.0,,,good_match_count_below_10
control-06-22,different_source_cross_category,nut_36.jpg,thread_26.jpg,nut,thread,different_source_pair,control,different_source,{},,,,1,paired_yolo_boxes,269,182,2,0,,,,,,,,,USAC_MAGSAC,FAILED,False,False,[],good_match_count_below_10,62.684,0.17414763569831848,0.17414763569831848,,,,,0.0484251007437706,,,1.0,,,good_match_count_below_10
control-06-23,different_source_cross_category,nut_36.jpg,thread_27.jpg,nut,thread,different_source_pair,control,different_source,{},,,,1,paired_yolo_boxes,269,337,4,0,,,,,,,,,USAC_MAGSAC,FAILED,False,False,[],good_match_count_below_10,78.846,0.07145514339208603,0.07145514339208603,,,,,0.007111997809261084,,,1.0,,,good_match_count_below_10
control-06-24,different_source_cross_category,nut_36.jpg,thread_28.jpg,nut,thread,different_source_pair,control,different_source,{},,,,1,paired_yolo_boxes,269,175,2,0,,,,,,,,,USAC_MAGSAC,FAILED,False,False,[],good_match_count_below_10,66.173,0.1315547525882721,0.1315547525882721,,,,,0.06241074204444885,,,1.0,,,good_match_count_below_10
control-06-25,different_source_cross_category,nut_36.jpg,thread_29.jpg,nut,thread,different_source_pair,control,different_source,{},,"[[0.28304829629531697,-1.9408765553435856,347.59050235736686],[0.23998127346494677,-1.699526100592622,301.51435313021113],[0.0007081212527026276,-0.005437209202527768,1.0]]",,1,paired_yolo_boxes,269,74,10,6,0.6,0.26841422241450197,0.00013062474317848682,0.970578111426183,1.0,,,,USAC_MAGSAC,FALLBACK_FULL_IMAGE,True,False,[],inlier_count_below_10,57.998,0.16867505013942719,0.16867505013942719,0.1834862381219864,0.1834862381219864,,,0.1024542972445488,0.10284658521413803,,1.0,1.0,,inlier_count_below_10
control-06-26,different_source_cross_category,nut_36.jpg,thread_30.jpg,nut,thread,different_source_pair,control,different_source,{},,,,1,paired_yolo_boxes,269,146,3,0,,,,,,,,,USAC_MAGSAC,FAILED,False,False,[],good_match_count_below_10,58.304,0.25765055418014526,0.25765055418014526,,,,,0.1013217642903328,,,1.0,,,good_match_count_below_10
control-06-27,different_source_cross_category,nut_36.jpg,thread_31.jpg,nut,thread,different_source_pair,control,different_source,{},,,,1,paired_yolo_boxes,269,102,4,0,,,,,,,,,USAC_MAGSAC,FAILED,False,False,[],good_match_count_below_10,63.737,0.1682746857404709,0.1682746857404709,,,,,0.02980794757604599,,,1.0,,,good_match_count_below_10
control-06-28,different_source_cross_category,nut_36.jpg,thread_32.jpg,nut,thread,different_source_pair,control,different_source,{},,,,1,paired_yolo_boxes,269,197,4,0,,,,,,,,,USAC_MAGSAC,FAILED,False,False,[],good_match_count_below_10,68.466,0.1638631522655487,0.1638631522655487,,,,,0.0877833217382431,,,1.0,,,good_match_count_below_10
control-06-29,different_source_cross_category,nut_36.jpg,thread_33.jpg,nut,thread,different_source_pair,control,different_source,{},,,,1,paired_yolo_boxes,269,245,2,0,,,,,,,,,USAC_MAGSAC,FAILED,False,False,[],good_match_count_below_10,70.121,0.1625349521636963,0.1625349521636963,,,,,0.04866620525717735,,,1.0,,,good_match_count_below_10
control-06-30,different_source_cross_category,nut_36.jpg,thread_34.jpg,nut,thread,different_source_pair,control,different_source,{},,,,1,paired_yolo_boxes,269,179,5,0,,,,,,,,,USAC_MAGSAC,FAILED,False,False,[],good_match_count_below_10,56.529,0.18595393002033234,0.18595393002033234,,,,,0.08420426398515701,,,1.0,,,good_match_count_below_10
control-06-31,different_source_cross_category,nut_36.jpg,thread_35.jpg,nut,thread,different_source_pair,control,different_source,{},,,,1,paired_yolo_boxes,269,195,5,0,,,,,,,,,USAC_MAGSAC,FAILED,False,False,[],good_match_count_below_10,62.598,0.15780478715896606,0.15780478715896606,,,,,0.03420343995094299,,,1.0,,,good_match_count_below_10
control-06-32,different_source_cross_category,nut_36.jpg,thread_36.jpg,nut,thread,different_source_pair,control,different_source,{},,,,1,paired_yolo_boxes,269,145,3,0,,,,,,,,,USAC_MAGSAC,FAILED,False,False,[],good_match_count_below_10,55.381,0.19579775631427765,0.19579775631427765,,,,,0.10060111433267593,,,1.0,,,good_match_count_below_10
control-07-08,different_source_same_category,nut_37.jpg,nut_38.jpg,nut,nut,different_source_pair,control,different_source,{},,,,1,paired_yolo_boxes,125,228,2,0,,,,,,,,,USAC_MAGSAC,FAILED,False,False,[],good_match_count_below_10,30.423,0.3299272954463959,0.3299272954463959,,,,,0.082577645778656,,,1.0,,,good_match_count_below_10
control-07-09,different_source_same_category,nut_37.jpg,nut_39.jpg,nut,nut,different_source_pair,control,different_source,{},,"[[1.3191567474507662,-0.026135485317130367,115.15864279999863],[0.09412127785438462,1.1593509925491634,120.39396941586722],[0.0007866768058651039,-0.00015425999689842214,1.0]]",,1,paired_yolo_boxes,125,472,16,12,0.75,0.5518621101035444,2.202807903289795,0.9973971549404075,1.0,,,,USAC_MAGSAC,SUCCESS,True,True,"[{""roi_index"":0,""area_ratio"":0.03518301502928667,""failure"":null}]",,65.468,0.2867394685745239,0.2867394685745239,0.42200472950935364,0.42200472950935364,,,0.06490769982337952,0.12494055181741714,,1.0,1.0,,
control-07-10,different_source_same_category,nut_37.jpg,nut_40.jpg,nut,nut,different_source_pair,control,different_source,{},,"[[1.4140427031624825,-0.033327548561754766,-30.62075462586459],[-0.8836997492010105,2.3082525061687824,-99.92562643794203],[-0.0007901714217796415,0.002189565741273232,1.0]]",,1,paired_yolo_boxes,125,208,15,8,0.5333333333333333,0.34147342738257186,0.33906152844429016,0.5458785082660516,0.9987504805843906,,,,USAC_MAGSAC,FALLBACK_FULL_IMAGE,True,False,[],inlier_count_below_10,30.998,0.3448638319969177,0.3448638319969177,0.20831245183944702,0.20831245183944702,,,0.07223989814519882,0.04829256609082222,,1.0,0.9987504805843906,,inlier_count_below_10
control-07-11,different_source_cross_category,nut_37.jpg,Nutsert_1.jpg,nut,Nutsert,different_source_pair,control,different_source,{},,,,1,paired_yolo_boxes,125,2187,1,0,,,,,,,,,USAC_MAGSAC,FAILED,False,False,[],good_match_count_below_10,146.18,0.15917174518108368,0.15917174518108368,,,,,0.025783557444810867,,,1.0,,,good_match_count_below_10
control-07-12,different_source_cross_category,nut_37.jpg,Nutsert_2.jpg,nut,Nutsert,different_source_pair,control,different_source,{},,,,1,paired_yolo_boxes,125,1517,0,0,,,,,,,,,USAC_MAGSAC,FAILED,False,False,[],good_match_count_below_10,88.4,0.1604166030883789,0.1604166030883789,,,,,0.03380686417222023,,,1.0,,,good_match_count_below_10
control-07-13,different_source_cross_category,nut_37.jpg,Nutsert_3.jpg,nut,Nutsert,different_source_pair,control,different_source,{},,,,1,paired_yolo_boxes,125,1136,1,0,,,,,,,,,USAC_MAGSAC,FAILED,False,False,[],good_match_count_below_10,101.107,0.09326881915330887,0.09326881915330887,,,,,0.008103299885988235,,,1.0,,,good_match_count_below_10
control-07-14,different_source_cross_category,nut_37.jpg,Nutsert_4.jpg,nut,Nutsert,different_source_pair,control,different_source,{},,,,1,paired_yolo_boxes,125,1092,0,0,,,,,,,,,USAC_MAGSAC,FAILED,False,False,[],good_match_count_below_10,86.678,0.11255896836519241,0.11255896836519241,,,,,0.022561920806765556,,,1.0,,,good_match_count_below_10
control-07-15,different_source_cross_category,nut_37.jpg,Nutsert_5.jpg,nut,Nutsert,different_source_pair,control,different_source,{},,,,1,paired_yolo_boxes,125,564,3,0,,,,,,,,,USAC_MAGSAC,FAILED,False,False,[],good_match_count_below_10,77.312,0.22755351662635803,0.22755351662635803,,,,,0.06844411045312881,,,1.0,,,good_match_count_below_10
control-07-16,different_source_cross_category,nut_37.jpg,Nutsert_6.jpg,nut,Nutsert,different_source_pair,control,different_source,{},,,,1,paired_yolo_boxes,125,528,4,0,,,,,,,,,USAC_MAGSAC,FAILED,False,False,[],good_match_count_below_10,66.637,0.19126613438129425,0.19126613438129425,,,,,0.0361785963177681,,,1.0,,,good_match_count_below_10
control-07-17,different_source_cross_category,nut_37.jpg,thread_20.jpg,nut,thread,different_source_pair,control,different_source,{},,,,1,paired_yolo_boxes,125,305,0,0,,,,,,,,,USAC_MAGSAC,FAILED,False,False,[],good_match_count_below_10,60.021,0.14914800226688385,0.14914800226688385,,,,,0.025409171357750893,,,1.0,,,good_match_count_below_10
control-07-18,different_source_cross_category,nut_37.jpg,thread_21.jpg,nut,thread,different_source_pair,control,different_source,{},,,,1,paired_yolo_boxes,125,254,2,0,,,,,,,,,USAC_MAGSAC,FAILED,False,False,[],good_match_count_below_10,46.408,0.1453007459640503,0.1453007459640503,,,,,0.018876172602176666,,,1.0,,,good_match_count_below_10
control-07-19,different_source_cross_category,nut_37.jpg,thread_23.jpg,nut,thread,different_source_pair,control,different_source,{},,,,1,paired_yolo_boxes,125,158,1,0,,,,,,,,,USAC_MAGSAC,FAILED,False,False,[],good_match_count_below_10,39.038,0.16742287576198578,0.16742287576198578,,,,,0.04392505809664726,,,1.0,,,good_match_count_below_10
control-07-20,different_source_cross_category,nut_37.jpg,thread_24.jpg,nut,thread,different_source_pair,control,different_source,{},,,,1,paired_yolo_boxes,125,89,1,0,,,,,,,,,USAC_MAGSAC,FAILED,False,False,[],good_match_count_below_10,29.187,0.2112186998128891,0.2112186998128891,,,,,0.07601506263017654,,,1.0,,,good_match_count_below_10
control-07-21,different_source_cross_category,nut_37.jpg,thread_25.jpg,nut,thread,different_source_pair,control,different_source,{},,,,1,paired_yolo_boxes,125,193,2,0,,,,,,,,,USAC_MAGSAC,FAILED,False,False,[],good_match_count_below_10,47.537,0.19493472576141357,0.19493472576141357,,,,,0.0362386628985405,,,1.0,,,good_match_count_below_10
control-07-22,different_source_cross_category,nut_37.jpg,thread_26.jpg,nut,thread,different_source_pair,control,different_source,{},,,,1,paired_yolo_boxes,125,182,2,0,,,,,,,,,USAC_MAGSAC,FAILED,False,False,[],good_match_count_below_10,38.532,0.14523737132549286,0.14523737132549286,,,,,0.024010716006159782,,,1.0,,,good_match_count_below_10
control-07-23,different_source_cross_category,nut_37.jpg,thread_27.jpg,nut,thread,different_source_pair,control,different_source,{},,,,1,paired_yolo_boxes,125,337,2,0,,,,,,,,,USAC_MAGSAC,FAILED,False,False,[],good_match_count_below_10,59.651,0.10249027609825134,0.10249027609825134,,,,,0.03050556592643261,,,1.0,,,good_match_count_below_10
control-07-24,different_source_cross_category,nut_37.jpg,thread_28.jpg,nut,thread,different_source_pair,control,different_source,{},,,,1,paired_yolo_boxes,125,175,0,0,,,,,,,,,USAC_MAGSAC,FAILED,False,False,[],good_match_count_below_10,46.401,0.14935415983200073,0.14935415983200073,,,,,0.04546097293496132,,,1.0,,,good_match_count_below_10
control-07-25,different_source_cross_category,nut_37.jpg,thread_29.jpg,nut,thread,different_source_pair,control,different_source,{},,,,1,paired_yolo_boxes,125,74,2,0,,,,,,,,,USAC_MAGSAC,FAILED,False,False,[],good_match_count_below_10,34.93,0.18351957201957703,0.18351957201957703,,,,,0.06631286442279816,,,1.0,,,good_match_count_below_10
control-07-26,different_source_cross_category,nut_37.jpg,thread_30.jpg,nut,thread,different_source_pair,control,different_source,{},,,,1,paired_yolo_boxes,125,146,2,0,,,,,,,,,USAC_MAGSAC,FAILED,False,False,[],good_match_count_below_10,37.223,0.2158530205488205,0.2158530205488205,,,,,0.05457015335559845,,,1.0,,,good_match_count_below_10
control-07-27,different_source_cross_category,nut_37.jpg,thread_31.jpg,nut,thread,different_source_pair,control,different_source,{},,,,1,paired_yolo_boxes,125,102,4,0,,,,,,,,,USAC_MAGSAC,FAILED,False,False,[],good_match_count_below_10,47.343,0.15387660264968872,0.15387660264968872,,,,,0.044039446860551834,,,1.0,,,good_match_count_below_10
control-07-28,different_source_cross_category,nut_37.jpg,thread_32.jpg,nut,thread,different_source_pair,control,different_source,{},,,,1,paired_yolo_boxes,125,197,2,0,,,,,,,,,USAC_MAGSAC,FAILED,False,False,[],good_match_count_below_10,48.249,0.18344128131866455,0.18344128131866455,,,,,0.08944287151098251,,,1.0,,,good_match_count_below_10
control-07-29,different_source_cross_category,nut_37.jpg,thread_33.jpg,nut,thread,different_source_pair,control,different_source,{},,,,1,paired_yolo_boxes,125,245,1,0,,,,,,,,,USAC_MAGSAC,FAILED,False,False,[],good_match_count_below_10,47.516,0.1612803190946579,0.1612803190946579,,,,,0.01834707520902157,,,1.0,,,good_match_count_below_10
control-07-30,different_source_cross_category,nut_37.jpg,thread_34.jpg,nut,thread,different_source_pair,control,different_source,{},,,,1,paired_yolo_boxes,125,179,3,0,,,,,,,,,USAC_MAGSAC,FAILED,False,False,[],good_match_count_below_10,45.383,0.20607656240463257,0.20607656240463257,,,,,0.09578680247068405,,,1.0,,,good_match_count_below_10
control-07-31,different_source_cross_category,nut_37.jpg,thread_35.jpg,nut,thread,different_source_pair,control,different_source,{},,,,1,paired_yolo_boxes,125,195,3,0,,,,,,,,,USAC_MAGSAC,FAILED,False,False,[],good_match_count_below_10,47.484,0.14883914589881897,0.14883914589881897,,,,,0.032755181193351746,,,1.0,,,good_match_count_below_10
control-07-32,different_source_cross_category,nut_37.jpg,thread_36.jpg,nut,thread,different_source_pair,control,different_source,{},,,,1,paired_yolo_boxes,125,145,1,0,,,,,,,,,USAC_MAGSAC,FAILED,False,False,[],good_match_count_below_10,37.744,0.17738601565361023,0.17738601565361023,,,,,0.08337301760911942,,,1.0,,,good_match_count_below_10
control-08-09,different_source_same_category,nut_38.jpg,nut_39.jpg,nut,nut,different_source_pair,control,different_source,{},,"[[2.4545270239885926,0.16851306680134692,26.11423234652161],[1.0839629310906902,1.4936664621707298,37.84701125917883],[0.002721782423952367,-7.101756601795424e-05,1.0]]",,1,paired_yolo_boxes,228,472,13,8,0.6153846153846154,0.5708273406015237,1.2273954153060913,1.0,1.0,,,,USAC_MAGSAC,FALLBACK_FULL_IMAGE,True,False,[],inlier_count_below_10,52.166,0.19192221760749817,0.19192221760749817,0.4340304136276245,0.4340304136276245,,,0.03860047459602356,0.12507115304470062,,1.0,1.0,,inlier_count_below_10
control-08-10,different_source_same_category,nut_38.jpg,nut_40.jpg,nut,nut,different_source_pair,control,different_source,{},,"[[1.2126525965982087,0.010452363806504054,-5.26319448842879],[0.14594518667626036,1.1773278873810435,-37.70214458474866],[0.0007852186735756358,0.00011206934531488111,1.0]]",,1,paired_yolo_boxes,228,208,34,20,0.5882352941176471,0.644878387294407,2.116252899169922,0.9677231833910035,1.0,,,,USAC_MAGSAC,SUCCESS,True,True,"[{""roi_index"":0,""area_ratio"":0.06393467278291107,""failure"":null}]",,22.236,0.27075284719467163,0.27075284719467163,0.41660255193710327,0.41660255193710327,,,0.06607265770435333,0.12050121277570724,,1.0,1.0,,
control-08-11,different_source_cross_category,nut_38.jpg,Nutsert_1.jpg,nut,Nutsert,different_source_pair,control,different_source,{},,,,1,paired_yolo_boxes,228,2187,1,0,,,,,,,,,USAC_MAGSAC,FAILED,False,False,[],good_match_count_below_10,141.785,0.1055639460682869,0.1055639460682869,,,,,0.027655238285660744,,,1.0,,,good_match_count_below_10
control-08-12,different_source_cross_category,nut_38.jpg,Nutsert_2.jpg,nut,Nutsert,different_source_pair,control,different_source,{},,,,1,paired_yolo_boxes,228,1517,1,0,,,,,,,,,USAC_MAGSAC,FAILED,False,False,[],good_match_count_below_10,79.524,0.12147048115730286,0.12147048115730286,,,,,0.016532517969608307,,,1.0,,,good_match_count_below_10
control-08-13,different_source_cross_category,nut_38.jpg,Nutsert_3.jpg,nut,Nutsert,different_source_pair,control,different_source,{},,,,1,paired_yolo_boxes,228,1136,1,0,,,,,,,,,USAC_MAGSAC,FAILED,False,False,[],good_match_count_below_10,90.368,0.08245732635259628,0.08245732635259628,,,,,0.01909785531461239,,,1.0,,,good_match_count_below_10
control-08-14,different_source_cross_category,nut_38.jpg,Nutsert_4.jpg,nut,Nutsert,different_source_pair,control,different_source,{},,,,1,paired_yolo_boxes,228,1092,2,0,,,,,,,,,USAC_MAGSAC,FAILED,False,False,[],good_match_count_below_10,74.516,0.09917382895946503,0.09917382895946503,,,,,0.017639929428696632,,,1.0,,,good_match_count_below_10
control-08-15,different_source_cross_category,nut_38.jpg,Nutsert_5.jpg,nut,Nutsert,different_source_pair,control,different_source,{},,,,1,paired_yolo_boxes,228,564,3,0,,,,,,,,,USAC_MAGSAC,FAILED,False,False,[],good_match_count_below_10,65.226,0.16944243013858795,0.16944243013858795,,,,,0.05914454162120819,,,1.0,,,good_match_count_below_10
control-08-16,different_source_cross_category,nut_38.jpg,Nutsert_6.jpg,nut,Nutsert,different_source_pair,control,different_source,{},,,,1,paired_yolo_boxes,228,528,0,0,,,,,,,,,USAC_MAGSAC,FAILED,False,False,[],good_match_count_below_10,56.126,0.14710302650928497,0.14710302650928497,,,,,0.04195854067802429,,,1.0,,,good_match_count_below_10
control-08-17,different_source_cross_category,nut_38.jpg,thread_20.jpg,nut,thread,different_source_pair,control,different_source,{},,,,1,paired_yolo_boxes,228,305,7,0,,,,,,,,,USAC_MAGSAC,FAILED,False,False,[],good_match_count_below_10,49.164,0.13097961246967316,0.13097961246967316,,,,,0.022295083850622177,,,1.0,,,good_match_count_below_10
control-08-18,different_source_cross_category,nut_38.jpg,thread_21.jpg,nut,thread,different_source_pair,control,different_source,{},,,,1,paired_yolo_boxes,228,254,2,0,,,,,,,,,USAC_MAGSAC,FAILED,False,False,[],good_match_count_below_10,36.562,0.1343306303024292,0.1343306303024292,,,,,0.032912980765104294,,,1.0,,,good_match_count_below_10
control-08-19,different_source_cross_category,nut_38.jpg,thread_23.jpg,nut,thread,different_source_pair,control,different_source,{},,,,1,paired_yolo_boxes,228,158,4,0,,,,,,,,,USAC_MAGSAC,FAILED,False,False,[],good_match_count_below_10,34.076,0.14099648594856262,0.14099648594856262,,,,,0.0202279444783926,,,1.0,,,good_match_count_below_10
control-08-20,different_source_cross_category,nut_38.jpg,thread_24.jpg,nut,thread,different_source_pair,control,different_source,{},,,,1,paired_yolo_boxes,228,89,4,0,,,,,,,,,USAC_MAGSAC,FAILED,False,False,[],good_match_count_below_10,19.68,0.16451813280582428,0.16451813280582428,,,,,0.03315304219722748,,,1.0,,,good_match_count_below_10
control-08-21,different_source_cross_category,nut_38.jpg,thread_25.jpg,nut,thread,different_source_pair,control,different_source,{},,,,1,paired_yolo_boxes,228,193,3,0,,,,,,,,,USAC_MAGSAC,FAILED,False,False,[],good_match_count_below_10,43.565,0.17276671528816223,0.17276671528816223,,,,,0.03674553334712982,,,1.0,,,good_match_count_below_10
control-08-22,different_source_cross_category,nut_38.jpg,thread_26.jpg,nut,thread,different_source_pair,control,different_source,{},,,,1,paired_yolo_boxes,228,182,1,0,,,,,,,,,USAC_MAGSAC,FAILED,False,False,[],good_match_count_below_10,35.719,0.1448383778333664,0.1448383778333664,,,,,0.027156652882695198,,,1.0,,,good_match_count_below_10
control-08-23,different_source_cross_category,nut_38.jpg,thread_27.jpg,nut,thread,different_source_pair,control,different_source,{},,,,1,paired_yolo_boxes,228,337,3,0,,,,,,,,,USAC_MAGSAC,FAILED,False,False,[],good_match_count_below_10,51.525,0.08278793096542358,0.08278793096542358,,,,,0.02604048140347004,,,1.0,,,good_match_count_below_10
control-08-24,different_source_cross_category,nut_38.jpg,thread_28.jpg,nut,thread,different_source_pair,control,different_source,{},,,,1,paired_yolo_boxes,228,175,1,0,,,,,,,,,USAC_MAGSAC,FAILED,False,False,[],good_match_count_below_10,35.41,0.11498764902353287,0.11498764902353287,,,,,0.036603137850761414,,,1.0,,,good_match_count_below_10
control-08-25,different_source_cross_category,nut_38.jpg,thread_29.jpg,nut,thread,different_source_pair,control,different_source,{},,,,1,paired_yolo_boxes,228,74,8,0,,,,,,,,,USAC_MAGSAC,FAILED,False,False,[],good_match_count_below_10,20.413,0.13710130751132965,0.13710130751132965,,,,,0.06502939015626907,,,1.0,,,good_match_count_below_10
control-08-26,different_source_cross_category,nut_38.jpg,thread_30.jpg,nut,thread,different_source_pair,control,different_source,{},,,,1,paired_yolo_boxes,228,146,5,0,,,,,,,,,USAC_MAGSAC,FAILED,False,False,[],good_match_count_below_10,32.18,0.20344795286655426,0.20344795286655426,,,,,0.05401458963751793,,,1.0,,,good_match_count_below_10
control-08-27,different_source_cross_category,nut_38.jpg,thread_31.jpg,nut,thread,different_source_pair,control,different_source,{},,,,1,paired_yolo_boxes,228,102,2,0,,,,,,,,,USAC_MAGSAC,FAILED,False,False,[],good_match_count_below_10,38.297,0.1283959299325943,0.1283959299325943,,,,,0.02570917271077633,,,1.0,,,good_match_count_below_10
control-08-28,different_source_cross_category,nut_38.jpg,thread_32.jpg,nut,thread,different_source_pair,control,different_source,{},,,,1,paired_yolo_boxes,228,197,3,0,,,,,,,,,USAC_MAGSAC,FAILED,False,False,[],good_match_count_below_10,37.441,0.12913778424263,0.12913778424263,,,,,0.04541468247771263,,,1.0,,,good_match_count_below_10
control-08-29,different_source_cross_category,nut_38.jpg,thread_33.jpg,nut,thread,different_source_pair,control,different_source,{},,,,1,paired_yolo_boxes,228,245,6,0,,,,,,,,,USAC_MAGSAC,FAILED,False,False,[],good_match_count_below_10,37.948,0.12243792414665222,0.12243792414665222,,,,,0.027652567252516747,,,1.0,,,good_match_count_below_10
control-08-30,different_source_cross_category,nut_38.jpg,thread_34.jpg,nut,thread,different_source_pair,control,different_source,{},,,,1,paired_yolo_boxes,228,179,6,0,,,,,,,,,USAC_MAGSAC,FAILED,False,False,[],good_match_count_below_10,30.993,0.15060923993587494,0.15060923993587494,,,,,0.04443054273724556,,,1.0,,,good_match_count_below_10
control-08-31,different_source_cross_category,nut_38.jpg,thread_35.jpg,nut,thread,different_source_pair,control,different_source,{},,,,1,paired_yolo_boxes,228,195,5,0,,,,,,,,,USAC_MAGSAC,FAILED,False,False,[],good_match_count_below_10,39.112,0.11945819854736328,0.11945819854736328,,,,,0.021752897650003433,,,1.0,,,good_match_count_below_10
control-08-32,different_source_cross_category,nut_38.jpg,thread_36.jpg,nut,thread,different_source_pair,control,different_source,{},,,,1,paired_yolo_boxes,228,145,1,0,,,,,,,,,USAC_MAGSAC,FAILED,False,False,[],good_match_count_below_10,30.719,0.14045244455337524,0.14045244455337524,,,,,0.06325255334377289,,,1.0,,,good_match_count_below_10
control-09-10,different_source_same_category,nut_39.jpg,nut_40.jpg,nut,nut,different_source_pair,control,different_source,{},,"[[1.0690429063867868,-0.13873797000976232,-103.64043983978222],[0.1195249327816183,1.1155361299731257,-224.26354636815162],[0.0004153404485808986,-3.645259810970116e-05,1.0]]",,1,paired_yolo_boxes,472,208,55,39,0.7090909090909091,0.6596544098173582,2.1829674243927,0.3934282920006338,1.0,,,,USAC_MAGSAC,SUCCESS,True,True,"[{""roi_index"":0,""area_ratio"":0.0693768056111507,""failure"":null}]",,54.899,0.285451203584671,0.285451203584671,0.5172253251075745,0.5172253251075745,,,0.07983572036027908,0.17502467334270477,,1.0,1.0,,
control-09-11,different_source_cross_category,nut_39.jpg,Nutsert_1.jpg,nut,Nutsert,different_source_pair,control,different_source,{},,,,1,paired_yolo_boxes,472,2187,3,0,,,,,,,,,USAC_MAGSAC,FAILED,False,False,[],good_match_count_below_10,175.149,0.10953237861394882,0.10953237861394882,,,,,0.026850763708353043,,,1.0,,,good_match_count_below_10
control-09-12,different_source_cross_category,nut_39.jpg,Nutsert_2.jpg,nut,Nutsert,different_source_pair,control,different_source,{},,,,1,paired_yolo_boxes,472,1517,1,0,,,,,,,,,USAC_MAGSAC,FAILED,False,False,[],good_match_count_below_10,107.874,0.12082979828119278,0.12082979828119278,,,,,0.02306477725505829,,,1.0,,,good_match_count_below_10
control-09-13,different_source_cross_category,nut_39.jpg,Nutsert_3.jpg,nut,Nutsert,different_source_pair,control,different_source,{},,,,1,paired_yolo_boxes,472,1136,4,0,,,,,,,,,USAC_MAGSAC,FAILED,False,False,[],good_match_count_below_10,129.159,0.09287079423666,0.09287079423666,,,,,0.01863708719611168,,,1.0,,,good_match_count_below_10
control-09-14,different_source_cross_category,nut_39.jpg,Nutsert_4.jpg,nut,Nutsert,different_source_pair,control,different_source,{},,,,1,paired_yolo_boxes,472,1092,6,0,,,,,,,,,USAC_MAGSAC,FAILED,False,False,[],good_match_count_below_10,106.794,0.09116090834140778,0.09116090834140778,,,,,0.02261986769735813,,,1.0,,,good_match_count_below_10
control-09-15,different_source_cross_category,nut_39.jpg,Nutsert_5.jpg,nut,Nutsert,different_source_pair,control,different_source,{},,,,1,paired_yolo_boxes,472,564,5,0,,,,,,,,,USAC_MAGSAC,FAILED,False,False,[],good_match_count_below_10,93.346,0.1436356008052826,0.1436356008052826,,,,,0.0619976669549942,,,1.0,,,good_match_count_below_10
control-09-16,different_source_cross_category,nut_39.jpg,Nutsert_6.jpg,nut,Nutsert,different_source_pair,control,different_source,{},,,,1,paired_yolo_boxes,472,528,9,0,,,,,,,,,USAC_MAGSAC,FAILED,False,False,[],good_match_count_below_10,86.011,0.137715682387352,0.137715682387352,,,,,0.060834649950265884,,,1.0,,,good_match_count_below_10
control-09-17,different_source_cross_category,nut_39.jpg,thread_20.jpg,nut,thread,different_source_pair,control,different_source,{},,,,1,paired_yolo_boxes,472,305,8,0,,,,,,,,,USAC_MAGSAC,FAILED,False,False,[],good_match_count_below_10,77.847,0.08790519833564758,0.08790519833564758,,,,,0.03728756681084633,,,1.0,,,good_match_count_below_10
control-09-18,different_source_cross_category,nut_39.jpg,thread_21.jpg,nut,thread,different_source_pair,control,different_source,{},,,,1,paired_yolo_boxes,472,254,9,0,,,,,,,,,USAC_MAGSAC,FAILED,False,False,[],good_match_count_below_10,63.146,0.08707358688116074,0.08707358688116074,,,,,0.01029299944639206,,,1.0,,,good_match_count_below_10
control-09-19,different_source_cross_category,nut_39.jpg,thread_23.jpg,nut,thread,different_source_pair,control,different_source,{},,,,1,paired_yolo_boxes,472,158,4,0,,,,,,,,,USAC_MAGSAC,FAILED,False,False,[],good_match_count_below_10,55.441,0.1337403953075409,0.1337403953075409,,,,,0.0329032763838768,,,1.0,,,good_match_count_below_10
control-09-20,different_source_cross_category,nut_39.jpg,thread_24.jpg,nut,thread,different_source_pair,control,different_source,{},,"[[3.376250106585159,-1.7186881204949809,386.35533912194916],[3.913823755162326,-1.7784051383156945,238.1946471744693],[0.020792569643557968,-0.008751703122493092,1.0]]",,1,paired_yolo_boxes,472,89,11,5,0.45454545454545453,0.5284598058439214,4.31583721365314e-05,0.9303581803049095,1.0,,,,USAC_MAGSAC,FALLBACK_FULL_IMAGE,True,False,[],inlier_count_below_10,45.871,0.16318124532699585,0.16318124532699585,0.3197186589241028,0.3197186589241028,,,0.08587769418954849,0.12711003422737122,,1.0,1.0,,inlier_count_below_10
control-09-21,different_source_cross_category,nut_39.jpg,thread_25.jpg,nut,thread,different_source_pair,control,different_source,{},,"[[-0.31155240710334714,-0.6480948745005866,191.35787890975513],[13.107894039904512,-16.230884580270637,527.3603747979035],[0.016609127331041907,-0.02248762412577364,1.0]]",,1,paired_yolo_boxes,472,193,11,4,0.36363636363636365,0.3469821904209193,0.00012605739175342023,0.14060402745678688,0.5294779329054456,,,,USAC_MAGSAC,FALLBACK_FULL_IMAGE,True,False,[],inlier_count_below_10,61.148,0.13261443376541138,0.13261443376541138,0.08884643763303757,0.08884643763303757,,,0.04205193370580673,0.0006111557595431805,,1.0,0.5294779329054456,,inlier_count_below_10
control-09-22,different_source_cross_category,nut_39.jpg,thread_26.jpg,nut,thread,different_source_pair,control,different_source,{},,"[[0.2361056106239445,-2.796434332615713,-69.90784527402616],[0.33832647497777546,-2.0839619935391354,-179.07082271561603],[-0.0011271730190101261,-0.012879723576638904,1.0]]",,1,paired_yolo_boxes,472,182,11,5,0.45454545454545453,0.13742151169731523,0.012686983682215214,0.8928737290126594,1.0,,,,USAC_MAGSAC,FALLBACK_FULL_IMAGE,True,False,[],inlier_count_below_10,57.835,0.143148735165596,0.143148735165596,0.29142409563064575,0.29142409563064575,,,0.03020145371556282,0.10209979861974716,,1.0,1.0,,inlier_count_below_10
control-09-23,different_source_cross_category,nut_39.jpg,thread_27.jpg,nut,thread,different_source_pair,control,different_source,{},,,,1,paired_yolo_boxes,472,337,7,0,,,,,,,,,USAC_MAGSAC,FAILED,False,False,[],good_match_count_below_10,73.991,0.07432305812835693,0.07432305812835693,,,,,0.011160747148096561,,,1.0,,,good_match_count_below_10
control-09-24,different_source_cross_category,nut_39.jpg,thread_28.jpg,nut,thread,different_source_pair,control,different_source,{},,,,1,paired_yolo_boxes,472,175,9,0,,,,,,,,,USAC_MAGSAC,FAILED,False,False,[],good_match_count_below_10,62.911,0.09741242974996567,0.09741242974996567,,,,,0.04330746456980705,,,1.0,,,good_match_count_below_10
control-09-25,different_source_cross_category,nut_39.jpg,thread_29.jpg,nut,thread,different_source_pair,control,different_source,{},,,,1,paired_yolo_boxes,472,74,11,0,,,,,,,,,USAC_MAGSAC,FAILED,False,False,[],homography_estimation_failed,52.562,0.11791088432073593,0.11791088432073593,,,,,0.03439879044890404,,,1.0,,,homography_estimation_failed
control-09-26,different_source_cross_category,nut_39.jpg,thread_30.jpg,nut,thread,different_source_pair,control,different_source,{},,,,1,paired_yolo_boxes,472,146,6,0,,,,,,,,,USAC_MAGSAC,FAILED,False,False,[],good_match_count_below_10,56.792,0.17701110243797302,0.17701110243797302,,,,,0.0481526255607605,,,1.0,,,good_match_count_below_10
control-09-27,different_source_cross_category,nut_39.jpg,thread_31.jpg,nut,thread,different_source_pair,control,different_source,{},,"[[-0.47710100455709314,-0.5099968384420347,359.936848814134],[-0.6918177477406326,-0.7292996119327624,518.2453688301672],[-0.0013332151618283313,-0.0014093906788384025,1.0]]",,1,paired_yolo_boxes,472,102,11,5,0.45454545454545453,0.44136891259202465,0.001476243487559259,0.9934690874388296,0.8564811751472242,,,,USAC_MAGSAC,FALLBACK_FULL_IMAGE,True,False,[],inlier_count_below_10,65.471,0.137761190533638,0.137761190533638,0.2123805731534958,0.2123805731534958,,,0.019629990682005882,0.06952227652072906,,1.0,0.8564811751472242,,inlier_count_below_10
control-09-28,different_source_cross_category,nut_39.jpg,thread_32.jpg,nut,thread,different_source_pair,control,different_source,{},,,,1,paired_yolo_boxes,472,197,7,0,,,,,,,,,USAC_MAGSAC,FAILED,False,False,[],good_match_count_below_10,64.523,0.12805648148059845,0.12805648148059845,,,,,0.06545331329107285,,,1.0,,,good_match_count_below_10
control-09-29,different_source_cross_category,nut_39.jpg,thread_33.jpg,nut,thread,different_source_pair,control,different_source,{},,,,1,paired_yolo_boxes,472,245,4,0,,,,,,,,,USAC_MAGSAC,FAILED,False,False,[],good_match_count_below_10,63.131,0.11906310170888901,0.11906310170888901,,,,,0.03948156535625458,,,1.0,,,good_match_count_below_10
control-09-30,different_source_cross_category,nut_39.jpg,thread_34.jpg,nut,thread,different_source_pair,control,different_source,{},,,,1,paired_yolo_boxes,472,179,9,0,,,,,,,,,USAC_MAGSAC,FAILED,False,False,[],good_match_count_below_10,58.828,0.16539651155471802,0.16539651155471802,,,,,0.09117493778467178,,,1.0,,,good_match_count_below_10
control-09-31,different_source_cross_category,nut_39.jpg,thread_35.jpg,nut,thread,different_source_pair,control,different_source,{},,"[[-0.8559697553962111,-0.3620803864237902,554.9218128824049],[-0.6030093838972177,-0.25854564506506655,402.51819446401197],[-0.0015464325007522144,4.807359574891511e-06,1.0]]",,1,paired_yolo_boxes,472,195,11,4,0.36363636363636365,0.23913810854180792,8.529922524758149e-06,0.6668615377330485,1.0,,,,USAC_MAGSAC,FALLBACK_FULL_IMAGE,True,False,[],inlier_count_below_10,65.797,0.10236168652772903,0.10236168652772903,0.11259987950325012,0.11259987950325012,,,0.0312819704413414,0.024547193199396133,,1.0,1.0,,inlier_count_below_10
control-09-32,different_source_cross_category,nut_39.jpg,thread_36.jpg,nut,thread,different_source_pair,control,different_source,{},,,,1,paired_yolo_boxes,472,145,9,0,,,,,,,,,USAC_MAGSAC,FAILED,False,False,[],good_match_count_below_10,61.495,0.15542781352996826,0.15542781352996826,,,,,0.0715310201048851,,,1.0,,,good_match_count_below_10
control-10-11,different_source_cross_category,nut_40.jpg,Nutsert_1.jpg,nut,Nutsert,different_source_pair,control,different_source,{},,,,1,paired_yolo_boxes,208,2187,6,0,,,,,,,,,USAC_MAGSAC,FAILED,False,False,[],good_match_count_below_10,140.898,0.10515487939119339,0.10515487939119339,,,,,0.028343193233013153,,,1.0,,,good_match_count_below_10
control-10-12,different_source_cross_category,nut_40.jpg,Nutsert_2.jpg,nut,Nutsert,different_source_pair,control,different_source,{},,,,1,paired_yolo_boxes,208,1517,4,0,,,,,,,,,USAC_MAGSAC,FAILED,False,False,[],good_match_count_below_10,79.756,0.13166628777980804,0.13166628777980804,,,,,0.024555932730436325,,,1.0,,,good_match_count_below_10
control-10-13,different_source_cross_category,nut_40.jpg,Nutsert_3.jpg,nut,Nutsert,different_source_pair,control,different_source,{},,,,1,paired_yolo_boxes,208,1136,0,0,,,,,,,,,USAC_MAGSAC,FAILED,False,False,[],good_match_count_below_10,99.003,0.08950228244066238,0.08950228244066238,,,,,0.009218273684382439,,,1.0,,,good_match_count_below_10
control-10-14,different_source_cross_category,nut_40.jpg,Nutsert_4.jpg,nut,Nutsert,different_source_pair,control,different_source,{},,,,1,paired_yolo_boxes,208,1092,0,0,,,,,,,,,USAC_MAGSAC,FAILED,False,False,[],good_match_count_below_10,85.518,0.09218387305736542,0.09218387305736542,,,,,0.02239886112511158,,,1.0,,,good_match_count_below_10
control-10-15,different_source_cross_category,nut_40.jpg,Nutsert_5.jpg,nut,Nutsert,different_source_pair,control,different_source,{},,,,1,paired_yolo_boxes,208,564,3,0,,,,,,,,,USAC_MAGSAC,FAILED,False,False,[],good_match_count_below_10,67.855,0.16372191905975342,0.16372191905975342,,,,,0.051913101226091385,,,1.0,,,good_match_count_below_10
control-10-16,different_source_cross_category,nut_40.jpg,Nutsert_6.jpg,nut,Nutsert,different_source_pair,control,different_source,{},,,,1,paired_yolo_boxes,208,528,4,0,,,,,,,,,USAC_MAGSAC,FAILED,False,False,[],good_match_count_below_10,65.497,0.15213195979595184,0.15213195979595184,,,,,0.04016270115971565,,,1.0,,,good_match_count_below_10
control-10-17,different_source_cross_category,nut_40.jpg,thread_20.jpg,nut,thread,different_source_pair,control,different_source,{},,,,1,paired_yolo_boxes,208,305,2,0,,,,,,,,,USAC_MAGSAC,FAILED,False,False,[],good_match_count_below_10,54.858,0.13345064222812653,0.13345064222812653,,,,,0.034942734986543655,,,1.0,,,good_match_count_below_10
control-10-18,different_source_cross_category,nut_40.jpg,thread_21.jpg,nut,thread,different_source_pair,control,different_source,{},,,,1,paired_yolo_boxes,208,254,4,0,,,,,,,,,USAC_MAGSAC,FAILED,False,False,[],good_match_count_below_10,37.326,0.12049385905265808,0.12049385905265808,,,,,0.029704971238970757,,,1.0,,,good_match_count_below_10
control-10-19,different_source_cross_category,nut_40.jpg,thread_23.jpg,nut,thread,different_source_pair,control,different_source,{},,,,1,paired_yolo_boxes,208,158,2,0,,,,,,,,,USAC_MAGSAC,FAILED,False,False,[],good_match_count_below_10,32.449,0.12500888109207153,0.12500888109207153,,,,,0.01781700737774372,,,1.0,,,good_match_count_below_10
control-10-20,different_source_cross_category,nut_40.jpg,thread_24.jpg,nut,thread,different_source_pair,control,different_source,{},,,,1,paired_yolo_boxes,208,89,1,0,,,,,,,,,USAC_MAGSAC,FAILED,False,False,[],good_match_count_below_10,19.597,0.16469690203666687,0.16469690203666687,,,,,0.0374273806810379,,,1.0,,,good_match_count_below_10
control-10-21,different_source_cross_category,nut_40.jpg,thread_25.jpg,nut,thread,different_source_pair,control,different_source,{},,,,1,paired_yolo_boxes,208,193,7,0,,,,,,,,,USAC_MAGSAC,FAILED,False,False,[],good_match_count_below_10,38.249,0.163070946931839,0.163070946931839,,,,,0.041353028267621994,,,1.0,,,good_match_count_below_10
control-10-22,different_source_cross_category,nut_40.jpg,thread_26.jpg,nut,thread,different_source_pair,control,different_source,{},,,,1,paired_yolo_boxes,208,182,3,0,,,,,,,,,USAC_MAGSAC,FAILED,False,False,[],good_match_count_below_10,31.742,0.12401116639375687,0.12401116639375687,,,,,0.021173659712076187,,,1.0,,,good_match_count_below_10
control-10-23,different_source_cross_category,nut_40.jpg,thread_27.jpg,nut,thread,different_source_pair,control,different_source,{},,,,1,paired_yolo_boxes,208,337,3,0,,,,,,,,,USAC_MAGSAC,FAILED,False,False,[],good_match_count_below_10,52.712,0.08606889843940735,0.08606889843940735,,,,,0.008792870678007603,,,1.0,,,good_match_count_below_10
control-10-24,different_source_cross_category,nut_40.jpg,thread_28.jpg,nut,thread,different_source_pair,control,different_source,{},,,,1,paired_yolo_boxes,208,175,2,0,,,,,,,,,USAC_MAGSAC,FAILED,False,False,[],good_match_count_below_10,36.164,0.12424103915691376,0.12424103915691376,,,,,0.040402501821517944,,,1.0,,,good_match_count_below_10
control-10-25,different_source_cross_category,nut_40.jpg,thread_29.jpg,nut,thread,different_source_pair,control,different_source,{},,,,1,paired_yolo_boxes,208,74,7,0,,,,,,,,,USAC_MAGSAC,FAILED,False,False,[],good_match_count_below_10,22.387,0.15702880918979645,0.15702880918979645,,,,,0.06034652888774872,,,1.0,,,good_match_count_below_10
control-10-26,different_source_cross_category,nut_40.jpg,thread_30.jpg,nut,thread,different_source_pair,control,different_source,{},,,,1,paired_yolo_boxes,208,146,8,0,,,,,,,,,USAC_MAGSAC,FAILED,False,False,[],good_match_count_below_10,30.417,0.19757768511772156,0.19757768511772156,,,,,0.05973746255040169,,,1.0,,,good_match_count_below_10
control-10-27,different_source_cross_category,nut_40.jpg,thread_31.jpg,nut,thread,different_source_pair,control,different_source,{},,,,1,paired_yolo_boxes,208,102,1,0,,,,,,,,,USAC_MAGSAC,FAILED,False,False,[],good_match_count_below_10,36.855,0.11945585906505585,0.11945585906505585,,,,,0.04424375295639038,,,1.0,,,good_match_count_below_10
control-10-28,different_source_cross_category,nut_40.jpg,thread_32.jpg,nut,thread,different_source_pair,control,different_source,{},,,,1,paired_yolo_boxes,208,197,1,0,,,,,,,,,USAC_MAGSAC,FAILED,False,False,[],good_match_count_below_10,42.596,0.1385156661272049,0.1385156661272049,,,,,0.06203519180417061,,,1.0,,,good_match_count_below_10
control-10-29,different_source_cross_category,nut_40.jpg,thread_33.jpg,nut,thread,different_source_pair,control,different_source,{},,,,1,paired_yolo_boxes,208,245,4,0,,,,,,,,,USAC_MAGSAC,FAILED,False,False,[],good_match_count_below_10,39.603,0.13023996353149414,0.13023996353149414,,,,,0.029150530695915222,,,1.0,,,good_match_count_below_10
control-10-30,different_source_cross_category,nut_40.jpg,thread_34.jpg,nut,thread,different_source_pair,control,different_source,{},,,,1,paired_yolo_boxes,208,179,3,0,,,,,,,,,USAC_MAGSAC,FAILED,False,False,[],good_match_count_below_10,31.342,0.1613234281539917,0.1613234281539917,,,,,0.057414326816797256,,,1.0,,,good_match_count_below_10
control-10-31,different_source_cross_category,nut_40.jpg,thread_35.jpg,nut,thread,different_source_pair,control,different_source,{},,,,1,paired_yolo_boxes,208,195,5,0,,,,,,,,,USAC_MAGSAC,FAILED,False,False,[],good_match_count_below_10,39.379,0.12321068346500397,0.12321068346500397,,,,,0.03752107918262482,,,1.0,,,good_match_count_below_10
control-10-32,different_source_cross_category,nut_40.jpg,thread_36.jpg,nut,thread,different_source_pair,control,different_source,{},,,,1,paired_yolo_boxes,208,145,7,0,,,,,,,,,USAC_MAGSAC,FAILED,False,False,[],good_match_count_below_10,30.991,0.14942090213298798,0.14942090213298798,,,,,0.05876321718096733,,,1.0,,,good_match_count_below_10
control-11-12,different_source_same_category,Nutsert_1.jpg,Nutsert_2.jpg,Nutsert,Nutsert,different_source_pair,control,different_source,{},,"[[0.604485739345963,-0.037263181897680096,126.47376495897772],[-0.004074103071658057,0.6228599984508737,4.161226797541464],[-0.00010474282494519685,-1.2850922779540912e-05,1.0]]",,3,paired_yolo_boxes,2187,1517,33,19,0.5757575757575758,0.5474495478210647,2.178100109100342,0.9873251628294856,1.0,,,,USAC_MAGSAC,SUCCESS,True,True,"[{""roi_index"":0,""area_ratio"":0.005633180795261844,""failure"":null},{""roi_index"":1,""area_ratio"":0.005492892956195228,""failure"":null},{""roi_index"":2,""area_ratio"":0.005850874034302441,""failure"":null}]",,201.727,0.18366933365662894,0.13729363679885864,0.34889652331670123,0.2920428514480591,,,0.020119437326987583,0.08590766539176305,,1.0,1.0,,
control-11-13,different_source_same_category,Nutsert_1.jpg,Nutsert_3.jpg,Nutsert,Nutsert,different_source_pair,control,different_source,{},,"[[0.9627526691625339,0.01065125492452505,-114.01815856570107],[0.0396747796612581,0.9622471664645673,-180.25108332357044],[-4.814478822127722e-05,1.3598517974636608e-05,1.0]]",,3,paired_yolo_boxes,2187,1136,146,109,0.7465753424657534,0.7254196932258514,1.402669072151184,0.7029858230146414,1.0,,,,USAC_MAGSAC,SUCCESS,True,True,"[{""roi_index"":0,""area_ratio"":0.010348627512204342,""failure"":null},{""roi_index"":1,""area_ratio"":0.00933035589838627,""failure"":null},{""roi_index"":2,""area_ratio"":0.00926957415538357,""failure"":null}]",,204.443,0.2360317458709081,0.19951574504375458,0.5310382644335429,0.48830533027648926,,,0.02601591156174739,0.23028764128684998,,1.0,1.0,,
control-11-14,different_source_same_category,Nutsert_1.jpg,Nutsert_4.jpg,Nutsert,Nutsert,different_source_pair,control,different_source,{},,"[[0.625399493039726,0.001347629444689154,3.2206513957293024],[-0.09681969739240623,0.6828348662751719,-48.665202554447276],[-0.0003046419370920597,3.213398600424511e-06,1.0]]",,3,paired_yolo_boxes,2187,1092,37,25,0.6756756756756757,0.5601094561551385,0.9434285163879395,0.8314749131752014,1.0,,,,USAC_MAGSAC,SUCCESS,True,True,"[{""roi_index"":0,""area_ratio"":0.008735268714882793,""failure"":null},{""roi_index"":1,""area_ratio"":0.00825899913552298,""failure"":null},{""roi_index"":2,""area_ratio"":0.00826909739637333,""failure"":null}]",,189.703,0.23636780182520548,0.20649893581867218,0.3325175841649373,0.22327685356140137,,,0.02620413030187289,0.09725482265154521,,1.0,1.0,,
control-11-15,different_source_same_category,Nutsert_1.jpg,Nutsert_5.jpg,Nutsert,Nutsert,different_source_pair,control,different_source,{},,"[[-0.07253546902709503,-0.1579403176478662,375.13272541020297],[-0.17220252382610984,-0.465224130220179,1109.279411174771],[-0.00022935753789185906,-0.0004113934424917343,1.0]]",,3,paired_yolo_boxes,2187,564,22,5,0.22727272727272727,0.4302299244938986,0.00048828125,0.9430165415756194,0.7687812379853902,,,,USAC_MAGSAC,FALLBACK_FULL_IMAGE,True,False,[],inlier_count_below_10,187.452,0.2549503445625305,0.23045513033866882,0.14533786475658417,0.06939314305782318,,,0.03914590242008368,0.03950873917589585,,1.0,0.7687812379853902,,inlier_count_below_10
control-11-16,different_source_same_category,Nutsert_1.jpg,Nutsert_6.jpg,Nutsert,Nutsert,different_source_pair,control,different_source,{},,"[[-2.3812069167760757,1.4901759069066765,154.23518177605447],[-14.349464820819161,8.726883456041206,885.8826185281386],[-0.010249542257988246,0.005803275962362457,1.0]]",,3,paired_yolo_boxes,2187,528,26,7,0.2692307692307692,0.34946802843043784,0.614241361618042,0.9374655603762232,0.8594643085992567,,,,USAC_MAGSAC,FALLBACK_FULL_IMAGE,True,False,[],inlier_count_below_10,170.172,0.2374974936246872,0.22181347012519836,0.27215756972630817,0.1978626251220703,,,0.03214947320520878,0.05011943727731705,,1.0,0.8594643085992567,,inlier_count_below_10
control-11-17,different_source_cross_category,Nutsert_1.jpg,thread_20.jpg,Nutsert,thread,different_source_pair,control,different_source,{},,"[[-0.595923519425492,0.015253869080079151,370.9652044417191],[-0.5777742991320755,0.009011033170073183,368.38499679480884],[-0.0015911646350300127,3.4446848583590733e-05,1.0]]",,3,paired_yolo_boxes,2187,305,13,5,0.38461538461538464,0.2808934544324191,0.00030669785337522626,0.9902254805713019,1.0,,,,USAC_MAGSAC,FALLBACK_FULL_IMAGE,True,False,[],inlier_count_below_10,161.929,0.1478037883838018,0.13214661180973053,0.2704002857208252,0.23398500680923462,,,0.04807369659344355,0.07467217619220416,,1.0,1.0,,inlier_count_below_10
control-11-18,different_source_cross_category,Nutsert_1.jpg,thread_21.jpg,Nutsert,thread,different_source_pair,control,different_source,{},,"[[-0.5927764125253479,-0.9594685755162998,109.64437011264647],[-3.140437059187376,-0.7249923560904861,470.4998045159073],[-0.0064937447864129956,-0.0023948415132031948,1.0]]",,3,paired_yolo_boxes,2187,254,16,5,0.3125,0.16012703484437926,0.4124521315097809,0.9683429922623006,1.0,,,,USAC_MAGSAC,FALLBACK_FULL_IMAGE,True,False,[],inlier_count_below_10,150.638,0.13970226297775903,0.11358348280191422,0.25045619904994965,0.18522097170352936,,,0.028663854114711285,0.0413387194275856,,1.0,1.0,,inlier_count_below_10
control-11-19,different_source_cross_category,Nutsert_1.jpg,thread_23.jpg,Nutsert,thread,different_source_pair,control,different_source,{},,"[[0.8136949948577051,-0.5424752269211518,505.9324293446949],[0.9671127391816654,-0.6093480197031546,519.1485760116886],[0.005046860766356661,-0.0020770973031571725,1.0]]",,3,paired_yolo_boxes,2187,158,11,5,0.45454545454545453,0.5227495159903877,0.0001258271950064227,0.8284352535072996,0.9971805715750353,,,,USAC_MAGSAC,FALLBACK_FULL_IMAGE,True,False,[],inlier_count_below_10,147.988,0.17052179823319116,0.08822936564683914,0.18204042812188467,0.14106065034866333,,,0.04149307434757551,0.03929427514473597,,1.0,0.9971805715750353,,inlier_count_below_10
control-11-20,different_source_cross_category,Nutsert_1.jpg,thread_24.jpg,Nutsert,thread,different_source_pair,control,different_source,{},,"[[0.33068437825981495,-0.09700493826653435,141.72282711731847],[0.9371056789973774,-0.18685324579479953,240.9120764927736],[0.0034932870904023027,-0.0007452957672666504,1.0]]",,3,paired_yolo_boxes,2187,89,10,5,0.5,0.409276452175987,4.31583721365314e-05,0.9784088629909956,1.0,,,,USAC_MAGSAC,FALLBACK_FULL_IMAGE,True,False,[],inlier_count_below_10,142.993,0.19367752224206924,0.08797188848257065,0.3502681752045949,0.3015488386154175,,,0.03823842170337836,0.07390742873152097,,1.0,1.0,,inlier_count_below_10
control-11-21,different_source_cross_category,Nutsert_1.jpg,thread_25.jpg,Nutsert,thread,different_source_pair,control,different_source,{},,"[[-21.759447895799138,1.219598166854203,150.44318138698486],[-35.74980435766457,1.9379155464723385,497.1528004941498],[-0.07416315835967577,0.003938255097392564,1.0]]",,3,paired_yolo_boxes,2187,193,13,5,0.38461538461538464,0.40730202278494726,0.005386417265981436,0.9876233756637215,1.0,,,,USAC_MAGSAC,FALLBACK_FULL_IMAGE,True,False,[],inlier_count_below_10,154.187,0.20410661647717157,0.08540847152471542,0.3214260935783386,0.22566509246826172,,,0.04736169924338659,0.07031188036004703,,1.0,1.0,,inlier_count_below_10
control-11-22,different_source_cross_category,Nutsert_1.jpg,thread_26.jpg,Nutsert,thread,different_source_pair,control,different_source,{},,"[[-0.5944292873795645,0.1318517454605294,229.37686191379123],[-0.5183378403171568,0.07097483081079976,259.61402265757283],[-0.00255544695054099,0.0005792875888493246,1.0]]",,3,paired_yolo_boxes,2187,182,11,4,0.36363636363636365,0.5009030083038954,4.27669619966764e-05,0.927345852994268,0.8280404972446495,,,,USAC_MAGSAC,FALLBACK_FULL_IMAGE,True,False,[],inlier_count_below_10,140.658,0.19017032037178674,0.11023608595132828,0.22526007890701294,0.1638067364692688,,,0.040589893236756325,0.049808746203780174,,1.0,0.8280404972446495,,inlier_count_below_10
control-11-23,different_source_cross_category,Nutsert_1.jpg,thread_27.jpg,Nutsert,thread,different_source_pair,control,different_source,{},,"[[-0.10629960838407512,1.533177630065559,350.2203726559679],[-1.8370236718400643,1.4161453329437417,683.6994779769109],[0.003941687311656817,0.003947978231080098,1.0]]",,3,paired_yolo_boxes,2187,337,12,5,0.4166666666666667,0.40529234548404763,0.036734689027071,0.9434218999060497,1.0,,,,USAC_MAGSAC,FALLBACK_FULL_IMAGE,True,False,[],inlier_count_below_10,162.219,0.13176905363798141,0.0763874277472496,0.19358864923318228,0.16465863585472107,,,0.02961316534007589,0.05652736375729243,,1.0,1.0,,inlier_count_below_10
control-11-24,different_source_cross_category,Nutsert_1.jpg,thread_28.jpg,Nutsert,thread,different_source_pair,control,different_source,{},,"[[-1.057324982311179,0.26792789126052974,338.62912424927765],[-1.0921545570022821,0.274759507294747,350.55882517308305],[-0.003122215104769226,0.0007889916136886839,1.0]]",,3,paired_yolo_boxes,2187,175,20,7,0.35,0.28064510272005994,0.010229092091321945,0.9985073523978423,0.957759835960528,,,,USAC_MAGSAC,FALLBACK_FULL_IMAGE,True,False,[],inlier_count_below_10,149.69,0.19181681176026663,0.1559029370546341,0.06944487678507964,0.022154787555336952,,,0.02171112100283305,0.05132953201731046,,1.0,0.957759835960528,,inlier_count_below_10
control-11-25,different_source_cross_category,Nutsert_1.jpg,thread_29.jpg,Nutsert,thread,different_source_pair,control,different_source,{},,"[[0.3026872559605007,-0.27643743976873697,347.6463322210039],[0.2733658600200064,-0.24975423186085507,314.1347002572448],[0.0008707933905343666,-0.0007951993082350499,1.0]]",,3,paired_yolo_boxes,2187,74,15,9,0.6,0.08805307938403073,0.08552496135234833,0.9998369066092408,1.0,,,,USAC_MAGSAC,FALLBACK_FULL_IMAGE,True,False,[],inlier_count_below_10,143.636,0.2797754357258479,0.19039182364940643,0.35798120498657227,0.3014879524707794,,,0.04664310192068418,0.03927277121692896,,1.0,1.0,,inlier_count_below_10
control-11-26,different_source_cross_category,Nutsert_1.jpg,thread_30.jpg,Nutsert,thread,different_source_pair,control,different_source,{},,,,3,paired_yolo_boxes,2187,146,9,0,,,,,,,,,USAC_MAGSAC,FAILED,False,False,[],good_match_count_below_10,142.0,0.16578172892332077,0.09655692428350449,,,,,0.04362807422876358,,,1.0,,,good_match_count_below_10
control-11-27,different_source_cross_category,Nutsert_1.jpg,thread_31.jpg,Nutsert,thread,different_source_pair,control,different_source,{},,"[[-0.5331263446533943,0.014301628494799375,353.4625450602936],[-1.0137960511839468,-0.002048028674355756,597.9276203655492],[-0.001488325470186645,3.14036341560943e-05,1.0]]",,3,paired_yolo_boxes,2187,102,16,7,0.4375,0.5869888212879344,0.05332111567258835,0.7537574817113722,1.0,,,,USAC_MAGSAC,FALLBACK_FULL_IMAGE,True,False,[],inlier_count_below_10,153.958,0.3108738313118617,0.19220392405986786,0.3322430948416392,0.3016749918460846,,,0.05961319555838903,0.0384261521200339,,1.0,1.0,,inlier_count_below_10
control-11-28,different_source_cross_category,Nutsert_1.jpg,thread_32.jpg,Nutsert,thread,different_source_pair,control,different_source,{},,,,3,paired_yolo_boxes,2187,197,8,0,,,,,,,,,USAC_MAGSAC,FAILED,False,False,[],good_match_count_below_10,153.384,0.30059267083803815,0.1976296305656433,,,,,0.06456543629368146,,,1.0,,,good_match_count_below_10
control-11-29,different_source_cross_category,Nutsert_1.jpg,thread_33.jpg,Nutsert,thread,different_source_pair,control,different_source,{},,"[[0.6540670124236948,0.058193274795794246,158.29321005593522],[-0.44215391785973573,-0.1609830616997922,793.0931064578399],[0.0015924848381108,-0.00012815561158984858,1.0]]",,3,paired_yolo_boxes,2187,245,14,4,0.2857142857142857,0.33646052036176544,0.0,0.9441592509315853,1.0,,,,USAC_MAGSAC,FALLBACK_FULL_IMAGE,True,False,[],inlier_count_below_10,149.205,0.13672839353481928,0.09077278524637222,0.2205104778210322,0.1903763860464096,,,0.044932560374339424,0.04114842787384987,,1.0,1.0,,inlier_count_below_10
control-11-30,different_source_cross_category,Nutsert_1.jpg,thread_34.jpg,Nutsert,thread,different_source_pair,control,different_source,{},,"[[-0.6240391215513893,-0.045874125687659785,316.67383977073064],[0.6664504282016166,-0.2446212904077117,-323.3520863981185],[-0.001995772022398392,-0.00044657699914026294,1.0]]",,3,paired_yolo_boxes,2187,179,14,6,0.42857142857142855,0.11455130303241688,3.243738319724798e-05,0.28682057615775197,0.0,,,,USAC_MAGSAC,FALLBACK_FULL_IMAGE,True,False,[],inlier_count_below_10,141.329,0.28320305049419403,0.20186524093151093,,,,,0.048157683263222374,,,1.0,0.0,,inlier_count_below_10
control-11-31,different_source_cross_category,Nutsert_1.jpg,thread_35.jpg,Nutsert,thread,different_source_pair,control,different_source,{},,"[[-0.6840040711766417,0.08439505840483187,359.83834282774524],[-0.3873722148377902,0.05323985036284806,209.60486486051593],[-0.0019565534512779787,0.00027049210916605407,1.0]]",,3,paired_yolo_boxes,2187,195,14,5,0.35714285714285715,0.375308204851031,0.001078959321603179,0.957440542166767,1.0,,,,USAC_MAGSAC,FALLBACK_FULL_IMAGE,True,False,[],inlier_count_below_10,156.323,0.12571631371974945,0.09688977897167206,0.2883559713761012,0.23713047802448273,,,0.041898020853598915,0.04368400573730469,,1.0,1.0,,inlier_count_below_10
control-11-32,different_source_cross_category,Nutsert_1.jpg,thread_36.jpg,Nutsert,thread,different_source_pair,control,different_source,{},,"[[-0.8151838613040461,0.049097724593816595,400.27613566426555],[-0.8437153120450892,0.03212336688946942,438.656027892751],[-0.0020382677143028108,0.0001282230189591986,1.0]]",,3,paired_yolo_boxes,2187,145,15,5,0.3333333333333333,0.4319297262839427,0.00018703690147958696,0.8957136523418944,0.8410867615019865,,,,USAC_MAGSAC,FALLBACK_FULL_IMAGE,True,False,[],inlier_count_below_10,145.469,0.277682900428772,0.246869295835495,0.29703926543394726,0.22667928040027618,,,0.043339246263106666,0.06156571085254351,,1.0,0.8410867615019865,,inlier_count_below_10
control-12-13,different_source_same_category,Nutsert_2.jpg,Nutsert_3.jpg,Nutsert,Nutsert,different_source_pair,control,different_source,{},,"[[1.4280821373094963,0.1031759329412159,-264.85010457622],[0.016675194509176525,1.5629902410983811,-179.1454207994204],[7.138182956212367e-05,5.715766661683786e-05,1.0]]",,3,paired_yolo_boxes,1517,1136,43,25,0.5813953488372093,0.7428268767513352,2.6819417476654053,0.6420949933371407,1.0,,,,USAC_MAGSAC,SUCCESS,True,True,"[{""roi_index"":0,""area_ratio"":0.009762911902808254,""failure"":null},{""roi_index"":1,""area_ratio"":0.008888660160904905,""failure"":null},{""roi_index"":2,""area_ratio"":0.009003698965293069,""failure"":null}]",,146.024,0.1619373857975006,0.1363404095172882,0.4852575759092967,0.33770647644996643,,,0.025443730254968006,0.23402398576339087,,1.0,1.0,,
control-12-14,different_source_same_category,Nutsert_2.jpg,Nutsert_4.jpg,Nutsert,Nutsert,different_source_pair,control,different_source,{},,"[[0.966866952314799,0.05825506077261416,-84.70005137295078],[-0.06586884151384063,1.1650070082826596,-72.84550280548622],[-7.330454805120373e-05,2.3171768540673612e-05,1.0]]",,3,paired_yolo_boxes,1517,1092,30,16,0.5333333333333333,0.5050158844192318,1.3899779319763184,0.8008985341709499,1.0,,,,USAC_MAGSAC,SUCCESS,True,True,"[{""roi_index"":0,""area_ratio"":0.007431618404086093,""failure"":null},{""roi_index"":1,""area_ratio"":0.007107063673795992,""failure"":null},{""roi_index"":2,""area_ratio"":0.007442600714369953,""failure"":null}]",,128.778,0.12760160863399506,0.08819060027599335,0.385018527507782,0.32758083939552307,,,0.02413466013967991,0.1328228364388148,,1.0,1.0,,
control-12-15,different_source_same_category,Nutsert_2.jpg,Nutsert_5.jpg,Nutsert,Nutsert,different_source_pair,control,different_source,{},,"[[10.24468215778462,0.053331756655278915,-1881.4352389486503],[12.226691454590807,5.846009481996574,-3905.847520818513],[0.014364864952635378,-0.00042484208274112497,1.0]]",,3,paired_yolo_boxes,1517,564,20,5,0.25,0.5024997327941375,0.0,0.6402798400913764,0.9333229555832295,,,,USAC_MAGSAC,FALLBACK_FULL_IMAGE,True,False,[],inlier_count_below_10,121.638,0.18760451674461365,0.169154554605484,0.23502677182356516,0.17069822549819946,,,0.02037959553611775,0.04559700439373652,,1.0,0.9333229555832295,,inlier_count_below_10
control-12-16,different_source_same_category,Nutsert_2.jpg,Nutsert_6.jpg,Nutsert,Nutsert,different_source_pair,control,different_source,{},,"[[-1.6072746376585245,0.07626741981753471,440.9131378414443],[-0.40802396200679264,-0.4544026509320139,148.58483829781923],[-0.004425996383127569,0.00037180061583958304,1.0]]",,3,paired_yolo_boxes,1517,528,17,5,0.29411764705882354,0.4311461353699878,0.09209952503442764,0.42446506758043023,0.5457658779576587,,,,USAC_MAGSAC,FALLBACK_FULL_IMAGE,True,False,[],inlier_count_below_10,113.562,0.16254193584124246,0.14185115694999695,0.13450182229280472,0.1240880936384201,,,0.010110490373335779,0.03300728369504213,,1.0,0.5457658779576587,,inlier_count_below_10
control-12-17,different_source_cross_category,Nutsert_2.jpg,thread_20.jpg,Nutsert,thread,different_source_pair,control,different_source,{},,,,3,paired_yolo_boxes,1517,305,4,0,,,,,,,,,USAC_MAGSAC,FAILED,False,False,[],good_match_count_below_10,101.653,0.1357271894812584,0.09100223332643509,,,,,0.02806558149556319,,,1.0,,,good_match_count_below_10
control-12-18,different_source_cross_category,Nutsert_2.jpg,thread_21.jpg,Nutsert,thread,different_source_pair,control,different_source,{},,"[[0.1391262442405989,0.003257276967481956,-144.6953455112736],[-0.7446907752284796,0.033905876592752154,67.18519180059721],[-0.004076966579081015,-0.00010367553863954798,1.0]]",,3,paired_yolo_boxes,1517,254,11,4,0.36363636363636365,0.3943543729213317,6.103515625e-05,0.5637864077669903,1.0,,,,USAC_MAGSAC,FALLBACK_FULL_IMAGE,True,False,[],inlier_count_below_10,94.41,0.12245779236157735,0.08640491217374802,0.1073564663529396,0.03169211000204086,,,0.020763167180120945,0.01890131994150579,,1.0,1.0,,inlier_count_below_10
control-12-19,different_source_cross_category,Nutsert_2.jpg,thread_23.jpg,Nutsert,thread,different_source_pair,control,different_source,{},,"[[-0.5335799390113286,0.09203935012643043,212.37547124599203],[-0.18992847863598816,0.018576281422355564,97.91490260603362],[-0.002781826511249579,0.0005904152477045585,1.0]]",,3,paired_yolo_boxes,1517,158,11,5,0.45454545454545453,0.6209170741767771,0.00017859954095911235,0.8857424328954883,0.8522727272727273,,,,USAC_MAGSAC,FALLBACK_FULL_IMAGE,True,False,[],inlier_count_below_10,88.696,0.13566181312004724,0.07599794119596481,0.19175241639216742,0.10413359850645065,,,0.029907212282220524,0.02926389096925656,,1.0,0.8522727272727273,,inlier_count_below_10
control-12-20,different_source_cross_category,Nutsert_2.jpg,thread_24.jpg,Nutsert,thread,different_source_pair,control,different_source,{},,"[[-1.0912000572473355,-0.07571367717302137,220.0095197951536],[-0.8704600784008585,-0.13650415906466906,180.47069908538487],[-0.004886134292356712,-0.0005779691783235593,1.0]]",,3,paired_yolo_boxes,1517,89,13,5,0.38461538461538464,0.07184787446184741,4.57763671875e-05,0.8631591471540072,1.0,,,,USAC_MAGSAC,FALLBACK_FULL_IMAGE,True,False,[],inlier_count_below_10,76.263,0.14293607076009116,0.12131546437740326,0.23305500547091165,0.18251942098140717,,,0.01953272397319476,0.03621733747422695,,1.0,1.0,,inlier_count_below_10
control-12-21,different_source_cross_category,Nutsert_2.jpg,thread_25.jpg,Nutsert,thread,different_source_pair,control,different_source,{},,,,3,paired_yolo_boxes,1517,193,7,0,,,,,,,,,USAC_MAGSAC,FAILED,False,False,[],good_match_count_below_10,93.73,0.13980593904852867,0.05923837795853615,,,,,0.033102488766113915,,,1.0,,,good_match_count_below_10
control-12-22,different_source_cross_category,Nutsert_2.jpg,thread_26.jpg,Nutsert,thread,different_source_pair,control,different_source,{},,"[[-1.214062882966804,-0.4377840644106095,622.9644353835142],[-0.7397210169530425,-0.4189713065713401,428.8351272651691],[-0.0017933563146987283,-0.0009268657636602328,1.0]]",,3,paired_yolo_boxes,1517,182,15,5,0.3333333333333333,0.4490950305184561,9.281559323426336e-05,0.4399581191699981,0.6808841843088418,,,,USAC_MAGSAC,FALLBACK_FULL_IMAGE,True,False,[],inlier_count_below_10,86.258,0.15085260073343912,0.10126522183418274,0.11551860347390175,0.1108996719121933,,,0.028760716319084167,0.027363105677068233,,1.0,0.6808841843088418,,inlier_count_below_10
control-12-23,different_source_cross_category,Nutsert_2.jpg,thread_27.jpg,Nutsert,thread,different_source_pair,control,different_source,{},,"[[-1.409824362689066,0.41751196355203585,295.63145058299625],[-2.134205941152811,0.6257619621914902,447.77448122945304],[-0.00476555363150568,0.0014009123663557307,1.0]]",,3,paired_yolo_boxes,1517,337,12,5,0.4166666666666667,0.457374904194385,0.013727559708058834,0.9969769655434989,1.0,,,,USAC_MAGSAC,FALLBACK_FULL_IMAGE,True,False,[],inlier_count_below_10,102.923,0.11610100169976552,0.0831364318728447,0.25211797654628754,0.21602179110050201,,,0.024449838946262997,0.03199347170690695,,1.0,1.0,,inlier_count_below_10
control-12-24,different_source_cross_category,Nutsert_2.jpg,thread_28.jpg,Nutsert,thread,different_source_pair,control,different_source,{},,"[[5.227680734229375,0.06402489107079411,-450.8117480739648],[1.9265453442008906,1.3541106577155695,-147.91954298026673],[0.00198967481208211,0.00443169549222026,1.0]]",,3,paired_yolo_boxes,1517,175,12,4,0.3333333333333333,0.16195236568073634,0.0,0.7969798210546355,0.9915421336654213,,,,USAC_MAGSAC,FALLBACK_FULL_IMAGE,True,False,[],inlier_count_below_10,91.532,0.17445099850495657,0.1604534536600113,0.21213242908318838,0.15918844938278198,,,0.01980980345979333,0.02433059550821781,,1.0,0.9915421336654213,,inlier_count_below_10
control-12-25,different_source_cross_category,Nutsert_2.jpg,thread_29.jpg,Nutsert,thread,different_source_pair,control,different_source,{},,"[[-0.7517459609036196,0.046020781625524323,353.5104771197413],[-0.6585712135651522,0.035185690451411594,315.0303117994174],[-0.0021169514474503395,0.0001275626842474432,1.0]]",,3,paired_yolo_boxes,1517,74,17,7,0.4117647058823529,0.2483287460801752,0.00023834990861359984,0.9766124119550733,1.0,,,,USAC_MAGSAC,FALLBACK_FULL_IMAGE,True,False,[],inlier_count_below_10,84.275,0.2520632694164912,0.22032174468040466,0.272036612033844,0.2578832507133484,,,0.02652633748948574,0.0373827014118433,,1.0,1.0,,inlier_count_below_10
control-12-26,different_source_cross_category,Nutsert_2.jpg,thread_30.jpg,Nutsert,thread,different_source_pair,control,different_source,{},,"[[0.7909481618952404,-0.6473349239290161,348.34751837337745],[0.5763469574287647,-0.4389794695113969,217.92152949830853],[0.002328974288108731,-0.0018800441279017094,1.0]]",,3,paired_yolo_boxes,1517,146,10,5,0.5,0.4566290946573707,0.0013918993063271046,0.9834960974681135,1.0,,,,USAC_MAGSAC,FALLBACK_FULL_IMAGE,True,False,[],inlier_count_below_10,87.165,0.12317776679992676,0.09439542144536972,0.18356233835220337,0.18062366545200348,,,0.030956280107299488,0.028736829136808712,,1.0,1.0,,inlier_count_below_10
control-12-27,different_source_cross_category,Nutsert_2.jpg,thread_31.jpg,Nutsert,thread,different_source_pair,control,different_source,{},,"[[-0.443934715946264,-0.044661356448924626,87.02029906944306],[-0.9482864172894798,0.013628624098670165,192.5506605444334],[-0.004149903566529506,0.0004924010367523572,1.0]]",,3,paired_yolo_boxes,1517,102,21,6,0.2857142857142857,0.1820876472894035,8.63167442730628e-05,0.513248619836284,0.31911581569115816,,,,USAC_MAGSAC,FALLBACK_FULL_IMAGE,True,False,[],inlier_count_below_10,92.587,0.239674245317777,0.1573321372270584,0.16555176675319672,0.16555176675319672,,,0.021853866055607796,0.016339579597115517,,1.0,0.31911581569115816,,inlier_count_below_10
control-12-28,different_source_cross_category,Nutsert_2.jpg,thread_32.jpg,Nutsert,thread,different_source_pair,control,different_source,{},,"[[-0.764344313898918,0.131759118385528,382.66135523553237],[-1.4227472515772746,0.00036599057169197193,808.767238383435],[-0.0017367287701728462,0.00036734796635157777,1.0]]",,3,paired_yolo_boxes,1517,197,17,5,0.29411764705882354,0.30727137491837725,7.62939453125e-06,0.7194346087949743,0.8641033623910336,,,,USAC_MAGSAC,FALLBACK_FULL_IMAGE,True,False,[],inlier_count_below_10,94.502,0.22381498912970224,0.1445632427930832,0.17373031874497732,0.11556151509284973,,,0.025720318779349327,0.023576486855745316,,1.0,0.8641033623910336,,inlier_count_below_10
control-12-29,different_source_cross_category,Nutsert_2.jpg,thread_33.jpg,Nutsert,thread,different_source_pair,control,different_source,{},,,,3,paired_yolo_boxes,1517,245,8,0,,,,,,,,,USAC_MAGSAC,FAILED,False,False,[],good_match_count_below_10,94.201,0.10714521259069443,0.0705684944987297,,,,,0.02929822914302349,,,1.0,,,good_match_count_below_10
control-12-30,different_source_cross_category,Nutsert_2.jpg,thread_34.jpg,Nutsert,thread,different_source_pair,control,different_source,{},,"[[-1.6268054463045463,1.8543417540878975,409.9864959800236],[-1.7708260789401635,0.3120441747342162,672.2278346994253],[-0.0035347461754142613,0.004117962623014501,1.0]]",,3,paired_yolo_boxes,1517,179,22,6,0.2727272727272727,0.4776506675973094,0.2904563844203949,0.8128602703217209,0.9852117061021171,,,,USAC_MAGSAC,FALLBACK_FULL_IMAGE,True,False,[],inlier_count_below_10,88.451,0.2266390174627304,0.18010860681533813,0.22913451989491782,0.19083864986896515,,,0.026204149549206097,0.03020624630153179,,1.0,0.9852117061021171,,inlier_count_below_10
control-12-31,different_source_cross_category,Nutsert_2.jpg,thread_35.jpg,Nutsert,thread,different_source_pair,control,different_source,{},,"[[-0.17592606826994028,0.054657843112966634,46.01299248870521],[-2.0787665467968233,0.5220042506842205,562.8769911161969],[-0.003692511645781335,0.0009271061861396994,1.0]]",,3,paired_yolo_boxes,1517,195,13,5,0.38461538461538464,0.391005463598355,0.0014051347970962524,0.9616143156291643,0.9897779161477792,,,,USAC_MAGSAC,FALLBACK_FULL_IMAGE,True,False,[],inlier_count_below_10,93.868,0.09498104204734166,0.06198878586292267,0.08452195922533672,0.026834864169359207,,,0.029100976573924225,0.04261312633752823,,1.0,0.9897779161477792,,inlier_count_below_10
control-12-32,different_source_cross_category,Nutsert_2.jpg,thread_36.jpg,Nutsert,thread,different_source_pair,control,different_source,{},,"[[-0.10363782845166929,-0.19063947346610613,355.97551323822745],[-0.10847756016290294,-0.19872375576674456,371.0910266215065],[-0.000271520856319471,-0.0005415064494917182,1.0]]",,3,paired_yolo_boxes,1517,145,15,5,0.3333333333333333,0.31964943361568465,0.0010926827089861035,0.9953559870550162,1.0,,,,USAC_MAGSAC,FALLBACK_FULL_IMAGE,True,False,[],inlier_count_below_10,89.088,0.2366949568192164,0.2261456549167633,0.20232046643892923,0.1531866192817688,,,0.02940656679371993,0.039005241046349205,,1.0,1.0,,inlier_count_below_10
control-13-14,different_source_same_category,Nutsert_3.jpg,Nutsert_4.jpg,Nutsert,Nutsert,different_source_pair,control,different_source,{},,"[[0.8326038401119882,-0.011127281395231848,55.95126761331024],[-0.0033281216320913765,0.7880513474304205,32.29468271760384],[-2.7845529744492842e-05,-1.4848106227822267e-05,1.0]]",,3,paired_yolo_boxes,1136,1092,86,66,0.7674418604651163,0.6783351812381607,1.322486162185669,0.9575138734739179,1.0,,,,USAC_MAGSAC,SUCCESS,True,True,"[{""roi_index"":0,""area_ratio"":0.009250549501780387,""failure"":null},{""roi_index"":1,""area_ratio"":0.008092295843148195,""failure"":null},{""roi_index"":2,""area_ratio"":0.009264220024462129,""failure"":null}]",,147.007,0.2032413880030314,0.15561765432357788,0.6074126958847046,0.588111400604248,,,0.024977427286406357,0.29249943296114606,,1.0,1.0,,
control-13-15,different_source_same_category,Nutsert_3.jpg,Nutsert_5.jpg,Nutsert,Nutsert,different_source_pair,control,different_source,{},,"[[1.1914325747639,-0.0021157161448936705,0.35536317750026075],[0.40471001059470213,0.967240984779529,-86.28622733849996],[0.0004855709073121691,2.9147365913558132e-06,1.0]]",,3,paired_yolo_boxes,1136,564,39,12,0.3076923076923077,0.520496291219102,1.646727204322815,0.8984489960649783,1.0,,,,USAC_MAGSAC,SUCCESS,True,True,"[{""roi_index"":0,""area_ratio"":0.011101666675337478,""failure"":null},{""roi_index"":1,""area_ratio"":0.008935741669126099,""failure"":null},{""roi_index"":2,""area_ratio"":0.009977999358779958,""failure"":null}]",,135.19,0.24091843763987222,0.21080684661865234,0.2711905638376872,0.21900250017642975,,,0.035436016817887626,0.06338818992177646,,1.0,1.0,,
control-13-16,different_source_same_category,Nutsert_3.jpg,Nutsert_6.jpg,Nutsert,Nutsert,different_source_pair,control,different_source,{},,"[[0.8275997144699306,-0.032088794013977795,60.36689228172025],[0.3402210819744664,0.7298812614759708,26.032183648581245],[0.0007279272771406554,-0.0001496254510665398,1.0]]",,3,paired_yolo_boxes,1136,528,35,11,0.3142857142857143,0.6233343764820986,1.3676409721374512,0.9201703158107154,0.9820615796519411,,,,USAC_MAGSAC,SUCCESS,True,True,"[{""roi_index"":0,""area_ratio"":0.006268665907354961,""failure"":null},{""roi_index"":1,""area_ratio"":0.007043669795661237,""failure"":null},{""roi_index"":2,""area_ratio"":0.011696626340195835,""failure"":null}]",,122.036,0.2166169136762619,0.18336521089076996,0.29832082986831665,0.21362820267677307,,,0.0298433443531394,0.07154523115605116,,1.0,0.9820615796519411,,
control-13-17,different_source_cross_category,Nutsert_3.jpg,thread_20.jpg,Nutsert,thread,different_source_pair,control,different_source,{},,,,3,paired_yolo_boxes,1136,305,8,0,,,,,,,,,USAC_MAGSAC,FAILED,False,False,[],good_match_count_below_10,118.063,0.15621532996495566,0.13643811643123627,,,,,0.04659836987654368,,,1.0,,,good_match_count_below_10
control-13-18,different_source_cross_category,Nutsert_3.jpg,thread_21.jpg,Nutsert,thread,different_source_pair,control,different_source,{},,"[[-1.047128389472207,-0.373046995043817,576.5163159651892],[-1.048836270746064,-0.389219866842015,588.1418650743625],[-0.001801343447643506,-0.0006636050962810538,1.0]]",,3,paired_yolo_boxes,1136,254,13,5,0.38461538461538464,0.3223012552141737,0.0001373291015625,0.915073756432247,1.0,,,,USAC_MAGSAC,FALLBACK_FULL_IMAGE,True,False,[],inlier_count_below_10,106.365,0.1870326648155848,0.14011016488075256,0.26328477760155994,0.18077145516872406,,,0.035932100688417755,0.057559418181578316,,1.0,1.0,,inlier_count_below_10
control-13-19,different_source_cross_category,Nutsert_3.jpg,thread_23.jpg,Nutsert,thread,different_source_pair,control,different_source,{},,"[[-0.2139718651458904,0.012778662205806106,100.08553905618572],[-0.5597451624935694,-0.11282572512504642,421.99175975295594],[-0.0015165250674821,-0.0001736856436934985,1.0]]",,3,paired_yolo_boxes,1136,158,11,4,0.36363636363636365,0.1287951573298882,3.2318632293026894e-05,0.7888576329331046,0.9971887550200803,,,,USAC_MAGSAC,FALLBACK_FULL_IMAGE,True,False,[],inlier_count_below_10,110.895,0.17382213721672693,0.09609851986169815,0.15765181928873062,0.073909692466259,,,0.04467550137390693,0.04038727407654127,,1.0,0.9971887550200803,,inlier_count_below_10
control-13-20,different_source_cross_category,Nutsert_3.jpg,thread_24.jpg,Nutsert,thread,different_source_pair,control,different_source,{},,"[[-0.23296086182570497,-0.03909118216283463,157.29228291920418],[-0.25830389247938645,-0.048582252265298415,181.8943422669657],[-0.0014583485919093518,-0.0002544819839800625,1.0]]",,3,paired_yolo_boxes,1136,89,11,4,0.36363636363636365,0.3239998612928421,6.166658567963168e-05,0.9855199273534456,0.9402141900937082,,,,USAC_MAGSAC,FALLBACK_FULL_IMAGE,True,False,[],inlier_count_below_10,101.424,0.15115069846312204,0.11374063789844513,0.30439817905426025,0.2643550932407379,,,0.03190373877684275,0.06487088650465012,,1.0,0.9402141900937082,,inlier_count_below_10
control-13-21,different_source_cross_category,Nutsert_3.jpg,thread_25.jpg,Nutsert,thread,different_source_pair,control,different_source,{},,"[[-1.5483127687823244,0.02268833972146864,450.49608112131295],[-0.767493864982684,0.016769869430804142,221.35020089710713],[-0.0034521088645940046,6.211921055106265e-05,1.0]]",,3,paired_yolo_boxes,1136,193,14,5,0.35714285714285715,0.21441527485379924,0.00023291530669666827,0.9855296135606901,0.8156358768406962,,,,USAC_MAGSAC,FALLBACK_FULL_IMAGE,True,False,[],inlier_count_below_10,118.398,0.14372380077838898,0.09413999319076538,0.23627816140651703,0.18820029497146606,,,0.04542487859725952,0.027577562257647514,,1.0,0.8156358768406962,,inlier_count_below_10
control-13-22,different_source_cross_category,Nutsert_3.jpg,thread_26.jpg,Nutsert,thread,different_source_pair,control,different_source,{},,"[[0.037315397950942124,-0.002923722081021413,23.84209507803649],[-0.36137603663869144,-0.26456929669560836,592.1432571601738],[-0.00040791205122283627,-0.0004433487496977267,1.0]]",,3,paired_yolo_boxes,1136,182,14,5,0.35714285714285715,0.3161320111470921,0.010467184707522392,0.3947823630309757,0.2938688085676037,,,,USAC_MAGSAC,FALLBACK_FULL_IMAGE,True,False,[],inlier_count_below_10,107.351,0.1931790808836619,0.11637526750564575,0.18422139063477516,0.10126624256372452,,,0.033778995275497437,0.057343944907188416,,1.0,0.2938688085676037,,inlier_count_below_10
control-13-23,different_source_cross_category,Nutsert_3.jpg,thread_27.jpg,Nutsert,thread,different_source_pair,control,different_source,{},,"[[-1.116855531169097,-0.0857827830307092,379.8552817416546],[-1.092822487837714,-0.08525748506244013,372.4310609405296],[-0.0029358258510607314,-0.00022926079008256256,1.0]]",,3,paired_yolo_boxes,1136,337,11,5,0.45454545454545453,0.35877672311049924,0.0034292920026928186,0.9965952981535667,0.961392235609103,,,,USAC_MAGSAC,FALLBACK_FULL_IMAGE,True,False,[],inlier_count_below_10,134.965,0.1475055031478405,0.06027037277817726,0.28205761810143787,0.24560032784938812,,,0.037423399897913136,0.0472659170627594,,1.0,0.961392235609103,,inlier_count_below_10
control-13-24,different_source_cross_category,Nutsert_3.jpg,thread_28.jpg,Nutsert,thread,different_source_pair,control,different_source,{},,"[[-0.37974169121954554,-0.14513477412805567,338.69565907313995],[-0.3872110650775649,-0.15316801245170156,351.183655594072],[-0.001117236702079522,-0.00042928370424812675,1.0]]",,3,paired_yolo_boxes,1136,175,14,6,0.42857142857142855,0.479054175008606,0.0007415293948724866,0.987705781454949,1.0,,,,USAC_MAGSAC,FALLBACK_FULL_IMAGE,True,False,[],inlier_count_below_10,110.637,0.20103162030378977,0.17540736496448517,0.15226163218418756,0.008712902665138245,,,0.027726702702542145,0.06573393195867538,,1.0,1.0,,inlier_count_below_10
control-13-25,different_source_cross_category,Nutsert_3.jpg,thread_29.jpg,Nutsert,thread,different_source_pair,control,different_source,{},,"[[0.1934446638986334,-0.30552805237447794,329.37080088758336],[0.22771420568348766,-0.35327031693873634,380.40686440932086],[0.0005986773823535091,-0.0009306801568894263,1.0]]",,3,paired_yolo_boxes,1136,74,22,8,0.36363636363636365,0.3064406107570711,0.03846297040581703,0.9875774392089598,1.0,,,,USAC_MAGSAC,FALLBACK_FULL_IMAGE,True,False,[],inlier_count_below_10,88.316,0.2679608513911565,0.2115725427865982,0.25355671842892963,0.23994165658950806,,,0.033334359526634216,0.06273993353048961,,1.0,1.0,,inlier_count_below_10
control-13-26,different_source_cross_category,Nutsert_3.jpg,thread_30.jpg,Nutsert,thread,different_source_pair,control,different_source,{},,"[[-3.145493687807199,-0.7898951341698338,813.8832160529054],[-1.573149725146983,-0.5351552931525785,334.5724415590532],[-0.007080373928042475,-0.0018378750905150589,1.0]]",,3,paired_yolo_boxes,1136,146,13,4,0.3076923076923077,0.589396120291701,1.52587890625e-05,0.8919923317525982,1.0,,,,USAC_MAGSAC,FALLBACK_FULL_IMAGE,True,False,[],inlier_count_below_10,97.113,0.14197489867607752,0.10488735884428024,0.2631542235612869,0.2306305170059204,,,0.05767838408549627,0.05961085048814615,,1.0,1.0,,inlier_count_below_10
control-13-27,different_source_cross_category,Nutsert_3.jpg,thread_31.jpg,Nutsert,thread,different_source_pair,control,different_source,{},,"[[-1.2356886685383472,0.020231098661133526,365.42928609056406],[-0.21871330502883166,0.0030650218873779812,65.30109043866122],[-0.003462617214290024,7.153956757027207e-05,1.0]]",,3,paired_yolo_boxes,1136,102,15,5,0.3333333333333333,0.5222028724256462,0.03887653350830078,0.9867097164766421,0.8149665327978581,,,,USAC_MAGSAC,FALLBACK_FULL_IMAGE,True,False,[],inlier_count_below_10,109.85,0.2763627966245015,0.21077996492385864,0.2300786425669988,0.14351461827754974,,,0.05138434718052546,0.04421732450524966,,1.0,0.8149665327978581,,inlier_count_below_10
control-13-28,different_source_cross_category,Nutsert_3.jpg,thread_32.jpg,Nutsert,thread,different_source_pair,control,different_source,{},,"[[-1.0659280384295564,0.1642820479549043,200.78317409004967],[-0.3561678397715134,0.05860444143506857,62.23457239579225],[-0.00528416325812044,0.0008165205849001951,1.0]]",,3,paired_yolo_boxes,1136,197,17,5,0.29411764705882354,0.510975065170985,0.004314110614359379,0.9876266774291191,0.9520749665327979,,,,USAC_MAGSAC,FALLBACK_FULL_IMAGE,True,False,[],inlier_count_below_10,108.658,0.28663421670595807,0.2345777451992035,0.244101262340943,0.05328338220715523,,,0.048291727900505066,0.06282643601298332,,1.0,0.9520749665327979,,inlier_count_below_10
control-13-29,different_source_cross_category,Nutsert_3.jpg,thread_33.jpg,Nutsert,thread,different_source_pair,control,different_source,{},,"[[-0.3981253673496372,-0.14649813626477703,379.2596610107089],[-0.1506204584681862,-0.23217524695541097,403.86224982709166],[-0.0007434334255083776,-0.00046653235312426667,1.0]]",,3,paired_yolo_boxes,1136,245,17,5,0.29411764705882354,0.5089145979900404,0.2597748935222626,0.8046267783271113,0.7091298527443106,,,,USAC_MAGSAC,FALLBACK_FULL_IMAGE,True,False,[],inlier_count_below_10,111.379,0.1479383185505867,0.09611458331346512,0.19683234890302023,0.09522013366222382,,,0.04173943835000197,0.015391500977178415,,1.0,0.7091298527443106,,inlier_count_below_10
control-13-30,different_source_cross_category,Nutsert_3.jpg,thread_34.jpg,Nutsert,thread,different_source_pair,control,different_source,{},,"[[-0.4601895765451456,-0.13925068587440423,209.57451239810658],[-0.0966333199110915,-0.03830797186923096,45.76629625776213],[-0.0022327746321744012,-0.0006333328797492367,1.0]]",,3,paired_yolo_boxes,1136,179,19,5,0.2631578947368421,0.1665554177286062,0.00017794652376323938,0.9294206437291898,1.0,,,,USAC_MAGSAC,FALLBACK_FULL_IMAGE,True,False,[],inlier_count_below_10,99.187,0.22367570300896963,0.1789940744638443,0.25935204327106476,0.04561038315296173,,,0.035472399244705834,0.06184438491861025,,1.0,1.0,,inlier_count_below_10
control-13-31,different_source_cross_category,Nutsert_3.jpg,thread_35.jpg,Nutsert,thread,different_source_pair,control,different_source,{},,"[[-0.6765612886861962,0.015184084437152625,331.58806907258037],[-0.8337317777062541,0.04599295046402063,345.3472476370578],[-0.002299082029069458,0.00010323861286717627,1.0]]",,3,paired_yolo_boxes,1136,195,15,5,0.3333333333333333,0.13126009558617457,0.13688552379608154,0.9003749369387549,1.0,,,,USAC_MAGSAC,FALLBACK_FULL_IMAGE,True,False,[],inlier_count_below_10,106.638,0.10194009045759837,0.0900803804397583,0.13990124811728796,0.03241445869207382,,,0.028256930178031325,0.05803709911803404,,1.0,1.0,,inlier_count_below_10
control-13-32,different_source_cross_category,Nutsert_3.jpg,thread_36.jpg,Nutsert,thread,different_source_pair,control,different_source,{},,"[[0.593479649227845,-0.439569913641535,324.24909989637126],[0.33413368933724463,-0.34389531627064823,348.08016386288597],[0.0009891569965670896,-0.0010499814191990353,1.0]]",,3,paired_yolo_boxes,1136,145,16,5,0.3125,0.37240785879007693,0.0032332793343812227,0.7168261527595601,0.9828380187416332,,,,USAC_MAGSAC,FALLBACK_FULL_IMAGE,True,False,[],inlier_count_below_10,97.964,0.28509214520454407,0.24300536513328552,0.30511101086934406,0.2610734701156616,,,0.04295956095059713,0.06486334775884946,,1.0,0.9828380187416332,,inlier_count_below_10
control-14-15,different_source_same_category,Nutsert_4.jpg,Nutsert_5.jpg,Nutsert,Nutsert,different_source_pair,control,different_source,{},,"[[1.5876907091210404,0.03328407528992785,-62.07964573075829],[-0.07182427395706521,1.5793803080383315,-19.074708609594463],[0.001054950209889544,0.0001929341148431918,1.0]]",,3,paired_yolo_boxes,1092,564,31,10,0.3225806451612903,0.46309669305204215,1.045019507408142,0.9282023858494447,1.0,,,,USAC_MAGSAC,SUCCESS,True,True,"[{""roi_index"":0,""area_ratio"":0.009835042262595902,""failure"":null},{""roi_index"":1,""area_ratio"":0.006419753395375828,""failure"":null},{""roi_index"":2,""area_ratio"":0.005449651976933933,""failure"":null}]",,122.301,0.221456840634346,0.19423741102218628,0.22060035665829977,0.16684086620807648,,,0.029571448763211567,0.05478100664913654,,1.0,1.0,,
control-14-16,different_source_same_category,Nutsert_4.jpg,Nutsert_6.jpg,Nutsert,Nutsert,different_source_pair,control,different_source,{},,"[[-0.39020624282551686,-0.040244154502258135,206.75621261912227],[-0.7589904419229532,0.19188976568512153,268.33183015318053],[-0.0021325002513411747,-0.0001773000900771912,1.0]]",,3,paired_yolo_boxes,1092,528,21,5,0.23809523809523808,0.250171035200921,1.52587890625e-05,0.6342050596462361,0.5840987141602109,,,,USAC_MAGSAC,FALLBACK_FULL_IMAGE,True,False,[],inlier_count_below_10,105.018,0.1924046128988266,0.17911396920681,0.1401038020849228,0.11466328799724579,,,0.026451841617623966,0.007396207540296018,,1.0,0.5840987141602109,,inlier_count_below_10
control-14-17,different_source_cross_category,Nutsert_4.jpg,thread_20.jpg,Nutsert,thread,different_source_pair,control,different_source,{},,"[[-0.062257494249354374,-0.2962551556486142,300.34289238059364],[-0.1484976217367208,-0.3548033660172335,393.85174287574836],[-0.000415169933664123,-0.0008901073584078456,1.0]]",,3,paired_yolo_boxes,1092,305,17,5,0.29411764705882354,0.2826351567651358,0.0001220703125,0.950614973262032,1.0,,,,USAC_MAGSAC,FALLBACK_FULL_IMAGE,True,False,[],inlier_count_below_10,104.228,0.12035723278919856,0.08883880078792572,0.1832669327656428,0.09836938977241516,,,0.04296652724345525,0.029061431686083477,,1.0,1.0,,inlier_count_below_10
control-14-18,different_source_cross_category,Nutsert_4.jpg,thread_21.jpg,Nutsert,thread,different_source_pair,control,different_source,{},,"[[-0.4311541307243255,-0.06925851826055134,172.49941773565942],[-0.9521246329287647,-0.1497956067785846,381.4661085968712],[-0.002495423708908648,-0.00039508672116453125,1.0]]",,3,paired_yolo_boxes,1092,254,14,5,0.35714285714285715,0.17205094234059148,0.0011684686178341508,0.9937566844919786,1.0,,,,USAC_MAGSAC,FALLBACK_FULL_IMAGE,True,False,[],inlier_count_below_10,84.729,0.13266896704832712,0.08507221192121506,0.24858044584592184,0.20432862639427185,,,0.02697293763048947,0.03501648207505544,,1.0,1.0,,inlier_count_below_10
control-14-19,different_source_cross_category,Nutsert_4.jpg,thread_23.jpg,Nutsert,thread,different_source_pair,control,different_source,{},,"[[-0.4533882734866359,0.08612040892634208,78.81245937617143],[-1.7780131944223216,0.22304826360499966,476.86045004648474],[-0.004295029855860725,0.0006253815264082511,1.0]]",,3,paired_yolo_boxes,1092,158,12,4,0.3333333333333333,0.26965932883382676,3.2318632293026894e-05,0.8280573837926779,0.5376567366823736,,,,USAC_MAGSAC,FALLBACK_FULL_IMAGE,True,False,[],inlier_count_below_10,77.791,0.1346894626816114,0.0673433318734169,0.08727252731720607,0.07713395357131958,,,0.03772080068786939,0.025444669649004936,,1.0,0.5376567366823736,,inlier_count_below_10
control-14-20,different_source_cross_category,Nutsert_4.jpg,thread_24.jpg,Nutsert,thread,different_source_pair,control,different_source,{},,,,3,paired_yolo_boxes,1092,89,9,0,,,,,,,,,USAC_MAGSAC,FAILED,False,False,[],good_match_count_below_10,66.055,0.11124219000339508,0.06897946447134018,,,,,0.027083370524148147,,,1.0,,,good_match_count_below_10
control-14-21,different_source_cross_category,Nutsert_4.jpg,thread_25.jpg,Nutsert,thread,different_source_pair,control,different_source,{},,"[[-0.6166137955517916,-0.11301566640429529,426.5785840824083],[-0.5540944063689703,-0.15986902330210054,451.9785331797531],[-0.0014578264039433082,-0.00021554020903534439,1.0]]",,3,paired_yolo_boxes,1092,193,12,4,0.3333333333333333,0.4911842272779517,3.0517578125e-05,0.8408885232414645,0.9971647631978277,,,,USAC_MAGSAC,FALLBACK_FULL_IMAGE,True,False,[],inlier_count_below_10,84.846,0.1356030528744062,0.056353501975536346,0.18116486569245657,0.16421444714069366,,,0.03410878777503967,0.038668615743517876,,1.0,0.9971647631978277,,inlier_count_below_10
control-14-22,different_source_cross_category,Nutsert_4.jpg,thread_26.jpg,Nutsert,thread,different_source_pair,control,different_source,{},,"[[-0.8150297119263024,0.25520074435584955,118.72230420468297],[-2.701785446997269,0.8443905734984749,394.55844144910833],[-0.00684242009627876,0.0021371312156930264,1.0]]",,3,paired_yolo_boxes,1092,182,15,6,0.4,0.3756192894957199,0.0424439013004303,0.999296585767174,1.0,,,,USAC_MAGSAC,FALLBACK_FULL_IMAGE,True,False,[],inlier_count_below_10,77.816,0.14923653999964395,0.07995138317346573,0.22605525453885397,0.21897289156913757,,,0.03084603076179822,0.014011813948551813,,1.0,1.0,,inlier_count_below_10
control-14-23,different_source_cross_category,Nutsert_4.jpg,thread_27.jpg,Nutsert,thread,different_source_pair,control,different_source,{},,"[[-1.3080812232244279,-0.4387668397302258,306.6232475947637],[-1.6116982301939073,-0.48124765114301665,351.53575177599544],[-0.004270823830506873,-0.0013815793529532974,1.0]]",,3,paired_yolo_boxes,1092,337,15,5,0.3333333333333333,0.36440144464851143,0.0002625221386551857,0.986907651172357,1.0,,,,USAC_MAGSAC,FALLBACK_FULL_IMAGE,True,False,[],inlier_count_below_10,103.575,0.11931923280159633,0.05071055889129639,0.19455323119958243,0.12445187568664551,,,0.03393473972876867,0.03129865415394306,,1.0,1.0,,inlier_count_below_10
control-14-24,different_source_cross_category,Nutsert_4.jpg,thread_28.jpg,Nutsert,thread,different_source_pair,control,different_source,{},,"[[-0.33925863315970045,-0.177600235455745,343.51921871880154],[-0.1392041475305117,-0.0742101071173327,142.51733977024026],[-0.000989152440789387,-0.0005161503356417223,1.0]]",,3,paired_yolo_boxes,1092,175,16,6,0.375,0.5002064732922767,0.013784989714622498,0.9969323323735089,1.0,,,,USAC_MAGSAC,FALLBACK_FULL_IMAGE,True,False,[],inlier_count_below_10,84.068,0.15476431945959726,0.08997219800949097,0.31527361273765564,0.30619683861732483,,,0.033821900064746536,0.018829242636760075,,1.0,1.0,,inlier_count_below_10
control-14-25,different_source_cross_category,Nutsert_4.jpg,thread_29.jpg,Nutsert,thread,different_source_pair,control,different_source,{},,"[[-1.263080335396026,-0.052514289454500866,253.5536653938167],[-1.2064343422784942,-0.05780891225890756,244.65338951948368],[-0.004758736873343311,-0.0003755195960372311,1.0]]",,3,paired_yolo_boxes,1092,74,16,5,0.3125,0.029427327792095052,0.0001100326917367056,0.8900904977375566,1.0,,,,USAC_MAGSAC,FALLBACK_FULL_IMAGE,True,False,[],inlier_count_below_10,71.279,0.24300108353296915,0.17705616354942322,0.21935802698135376,0.1680556833744049,,,0.04044423500696818,0.029091674834489822,,1.0,1.0,,inlier_count_below_10
control-14-26,different_source_cross_category,Nutsert_4.jpg,thread_30.jpg,Nutsert,thread,different_source_pair,control,different_source,{},,"[[-0.6498556142920113,0.056562442795884564,286.7024761549554],[-0.5478022146710478,-0.006211218338296497,292.04925088180096],[-0.0018407599956684368,4.210047341136746e-06,1.0]]",,3,paired_yolo_boxes,1092,146,16,4,0.25,0.43107299711531877,5.588278145296499e-05,0.8610366104483752,1.0,,,,USAC_MAGSAC,FALLBACK_FULL_IMAGE,True,False,[],inlier_count_below_10,81.026,0.116426482796669,0.07181713730096817,0.22383070488770804,0.12858352065086365,,,0.03445893401900927,0.04272241642077764,,1.0,1.0,,inlier_count_below_10
control-14-27,different_source_cross_category,Nutsert_4.jpg,thread_31.jpg,Nutsert,thread,different_source_pair,control,different_source,{},,"[[-0.8318400715526636,0.15244988677392185,200.79887438087258],[-1.416259786253632,0.26035753488853325,339.91292503160753],[-0.004159540387643306,0.0007617681732091599,1.0]]",,3,paired_yolo_boxes,1092,102,29,6,0.20689655172413793,0.24359433446177292,0.0063435849733650684,0.9971441793500617,0.9469291590128583,,,,USAC_MAGSAC,FALLBACK_FULL_IMAGE,True,False,[],inlier_count_below_10,87.107,0.2408412049214045,0.1916792094707489,0.2562180161476135,0.186192125082016,,,0.03262061160057783,0.0321103073656559,,1.0,0.9469291590128583,,inlier_count_below_10
control-14-28,different_source_cross_category,Nutsert_4.jpg,thread_32.jpg,Nutsert,thread,different_source_pair,control,different_source,{},,"[[-1.4414887969283385,0.09747925735731415,591.2764717686852],[1.9064976086682857,-0.3934812357588939,-152.5508536449309],[-0.002030723962776437,0.00025598560234114053,1.0]]",,3,paired_yolo_boxes,1092,197,10,4,0.4,0.7889238219414751,0.0,0.24225524475524476,0.37756568964140247,,,,USAC_MAGSAC,FALLBACK_FULL_IMAGE,True,False,[],inlier_count_below_10,88.768,0.24405079086621603,0.17987915873527527,0.1235113712027669,0.01683562435209751,,,0.034426977237065635,0.013668511528521776,,1.0,0.37756568964140247,,inlier_count_below_10
control-14-29,different_source_cross_category,Nutsert_4.jpg,thread_33.jpg,Nutsert,thread,different_source_pair,control,different_source,{},,"[[-1.1266121882753122,0.036084319646076814,331.8630412537371],[-0.9802581916896066,0.03126804316887662,291.4775838340416],[-0.003415978015912528,0.00011840719792776465,1.0]]",,3,paired_yolo_boxes,1092,245,24,6,0.25,0.21232023703621428,0.000802460650447756,0.9912577128753599,0.8587173548438624,,,,USAC_MAGSAC,FALLBACK_FULL_IMAGE,True,False,[],inlier_count_below_10,90.012,0.12288904935121536,0.0948290228843689,0.1571013554930687,0.11185923963785172,,,0.032102154567837715,0.03466658852994442,,1.0,0.8587173548438624,,inlier_count_below_10
control-14-30,different_source_cross_category,Nutsert_4.jpg,thread_34.jpg,Nutsert,thread,different_source_pair,control,different_source,{},,"[[-0.4896312228492669,0.005763094117601826,241.999974923484],[-0.9662783639324379,0.1613241046174656,282.54221218698177],[-0.0027909694034029954,0.00029510675506623616,1.0]]",,3,paired_yolo_boxes,1092,179,14,6,0.42857142857142855,0.6077148256545842,0.00012358123785816133,0.8127838338132456,0.8581183611532626,,,,USAC_MAGSAC,FALLBACK_FULL_IMAGE,True,False,[],inlier_count_below_10,81.105,0.2055033097664515,0.13976450264453888,0.24727175633112589,0.19867555797100067,,,0.03109609770278136,0.0407793273528417,,1.0,0.8581183611532626,,inlier_count_below_10
control-14-31,different_source_cross_category,Nutsert_4.jpg,thread_35.jpg,Nutsert,thread,different_source_pair,control,different_source,{},,"[[-1.3575732999301446,-0.009369249416142703,437.9724376730946],[-0.9408239097173744,-0.018016093518304074,309.2565613833817],[-0.0030983768664013174,-3.475244573178403e-05,1.0]]",,3,paired_yolo_boxes,1092,195,26,7,0.2692307692307692,0.2734762817199195,0.0004403952043503523,0.9777180172768408,0.7222665921252296,,,,USAC_MAGSAC,FALLBACK_FULL_IMAGE,True,False,[],inlier_count_below_10,87.558,0.0954469343026479,0.07342883199453354,0.20021322866280875,0.18089137971401215,,,0.025704368948936462,0.03535094019025564,,1.0,0.7222665921252296,,inlier_count_below_10
control-14-32,different_source_cross_category,Nutsert_4.jpg,thread_36.jpg,Nutsert,thread,different_source_pair,control,different_source,{},,"[[5.502334264337622,-10.948454375639821,431.7303670213681],[5.794654229920032,-11.333826055761223,431.5877858332627],[0.013401529690249955,-0.02652463797100626,1.0]]",,3,paired_yolo_boxes,1092,145,12,5,0.4166666666666667,0.47035613794018166,0.0003370776539668441,0.9918809132044426,0.9010462423129143,,,,USAC_MAGSAC,FALLBACK_FULL_IMAGE,True,False,[],inlier_count_below_10,79.941,0.24825369318326315,0.22364448010921478,0.2732641001542409,0.15319934487342834,,,0.04069870834549268,0.023079482838511467,,1.0,0.9010462423129143,,inlier_count_below_10
control-15-16,different_source_same_category,Nutsert_5.jpg,Nutsert_6.jpg,Nutsert,Nutsert,different_source_pair,control,different_source,{},,"[[0.8393203493318275,0.011479048268969127,-10.164893097995327],[-0.09335248555159657,0.8483596547411117,89.10195841068311],[1.6692038496833202e-05,-1.4416749791514951e-05,1.0]]",,3,paired_yolo_boxes,564,528,91,76,0.8351648351648352,0.7342443327190187,1.5758750438690186,0.9892270928820465,1.0,,,,USAC_MAGSAC,SUCCESS,True,True,"[{""roi_index"":0,""area_ratio"":0.007861269468660266,""failure"":null},{""roi_index"":1,""area_ratio"":0.007616327230360183,""failure"":null},{""roi_index"":2,""area_ratio"":0.00795415887480199,""failure"":null}]",,102.373,0.21080715954303741,0.1876981556415558,0.6961918075879415,0.6414603590965271,,,0.021402394399046898,0.39682723085085553,,1.0,1.0,,
control-15-17,different_source_cross_category,Nutsert_5.jpg,thread_20.jpg,Nutsert,thread,different_source_pair,control,different_source,{},,,,3,paired_yolo_boxes,564,305,7,0,,,,,,,,,USAC_MAGSAC,FAILED,False,False,[],good_match_count_below_10,97.663,0.1967079440752665,0.12371811270713806,,,,,0.059384473909934364,,,1.0,,,good_match_count_below_10
control-15-18,different_source_cross_category,Nutsert_5.jpg,thread_21.jpg,Nutsert,thread,different_source_pair,control,different_source,{},,,,3,paired_yolo_boxes,564,254,3,0,,,,,,,,,USAC_MAGSAC,FAILED,False,False,[],good_match_count_below_10,82.192,0.19858734061320624,0.11890769749879837,,,,,0.045792932311693825,,,1.0,,,good_match_count_below_10
control-15-19,different_source_cross_category,Nutsert_5.jpg,thread_23.jpg,Nutsert,thread,different_source_pair,control,different_source,{},,,,3,paired_yolo_boxes,564,158,5,0,,,,,,,,,USAC_MAGSAC,FAILED,False,False,[],good_match_count_below_10,73.544,0.18896739184856415,0.08789199590682983,,,,,0.05251872663696607,,,1.0,,,good_match_count_below_10
control-15-20,different_source_cross_category,Nutsert_5.jpg,thread_24.jpg,Nutsert,thread,different_source_pair,control,different_source,{},,"[[-0.520187715670298,-0.08840131713534576,195.08741187481328],[-0.4861872674333473,-0.10600675499654151,197.9565377535563],[-0.0026931462979663274,-0.00048365718152401313,1.0]]",,3,paired_yolo_boxes,564,89,10,4,0.4,0.19309441189359794,0.0,0.908763270262859,0.7736839928875656,,,,USAC_MAGSAC,FALLBACK_FULL_IMAGE,True,False,[],inlier_count_below_10,62.617,0.17259644716978073,0.11593034118413925,0.24045382936795553,0.16518482565879822,,,0.049415857841571174,0.053008091946442924,,1.0,0.7736839928875656,,inlier_count_below_10
control-15-21,different_source_cross_category,Nutsert_5.jpg,thread_25.jpg,Nutsert,thread,different_source_pair,control,different_source,{},,,,3,paired_yolo_boxes,564,193,6,0,,,,,,,,,USAC_MAGSAC,FAILED,False,False,[],good_match_count_below_10,81.372,0.1888274277249972,0.07891996949911118,,,,,0.05601509536306063,,,1.0,,,good_match_count_below_10
control-15-22,different_source_cross_category,Nutsert_5.jpg,thread_26.jpg,Nutsert,thread,different_source_pair,control,different_source,{},,"[[-0.33138730871026684,-0.1293200012004878,310.3201785246942],[-0.45459482253388545,-0.1992521436799097,455.83337911911224],[-0.001096052415414217,-0.0003993458097204826,1.0]]",,3,paired_yolo_boxes,564,182,11,5,0.45454545454545453,0.565406093351166,0.00027295752079226077,0.904222326686776,0.7246412769300749,,,,USAC_MAGSAC,FALLBACK_FULL_IMAGE,True,False,[],inlier_count_below_10,76.656,0.1835063472390175,0.07507980614900589,0.07688661012798548,-0.013537776656448841,,,0.03808906115591526,0.047982911268870033,,1.0,0.7246412769300749,,inlier_count_below_10
control-15-23,different_source_cross_category,Nutsert_5.jpg,thread_27.jpg,Nutsert,thread,different_source_pair,control,different_source,{},,,,3,paired_yolo_boxes,564,337,5,0,,,,,,,,,USAC_MAGSAC,FAILED,False,False,[],good_match_count_below_10,93.683,0.14150592188040415,0.07273922115564346,,,,,0.02913361508399248,,,1.0,,,good_match_count_below_10
control-15-24,different_source_cross_category,Nutsert_5.jpg,thread_28.jpg,Nutsert,thread,different_source_pair,control,different_source,{},,,,3,paired_yolo_boxes,564,175,3,0,,,,,,,,,USAC_MAGSAC,FAILED,False,False,[],good_match_count_below_10,82.454,0.20079011718432108,0.11629033088684082,,,,,0.03219465414683024,,,1.0,,,good_match_count_below_10
control-15-25,different_source_cross_category,Nutsert_5.jpg,thread_29.jpg,Nutsert,thread,different_source_pair,control,different_source,{},,,,3,paired_yolo_boxes,564,74,9,0,,,,,,,,,USAC_MAGSAC,FAILED,False,False,[],good_match_count_below_10,67.059,0.30245203773180646,0.26918384432792664,,,,,0.05134239668647448,,,1.0,,,good_match_count_below_10
control-15-26,different_source_cross_category,Nutsert_5.jpg,thread_30.jpg,Nutsert,thread,different_source_pair,control,different_source,{},,,,3,paired_yolo_boxes,564,146,9,0,,,,,,,,,USAC_MAGSAC,FAILED,False,False,[],good_match_count_below_10,71.775,0.11948365966478984,0.08474831283092499,,,,,0.04913077503442764,,,1.0,,,good_match_count_below_10
control-15-27,different_source_cross_category,Nutsert_5.jpg,thread_31.jpg,Nutsert,thread,different_source_pair,control,different_source,{},,"[[-0.8005351665127908,0.012539464042057408,345.68429085078526],[-1.3087847678116864,0.016154912792505485,568.6266993611223],[-0.002295274622668721,2.6186419846593533e-05,1.0]]",,3,paired_yolo_boxes,564,102,16,6,0.375,0.48049770840363215,0.005592397414147854,0.9869299608693192,1.0,,,,USAC_MAGSAC,FALLBACK_FULL_IMAGE,True,False,[],inlier_count_below_10,80.408,0.2707008520762126,0.187333345413208,0.2787176767985026,0.25500205159187317,,,0.028725323267281055,0.040917584051688514,,1.0,1.0,,inlier_count_below_10
control-15-28,different_source_cross_category,Nutsert_5.jpg,thread_32.jpg,Nutsert,thread,different_source_pair,control,different_source,{},,,,3,paired_yolo_boxes,564,197,9,0,,,,,,,,,USAC_MAGSAC,FAILED,False,False,[],good_match_count_below_10,78.989,0.26039192577203113,0.2014288306236267,,,,,0.04656673843661944,,,1.0,,,good_match_count_below_10
control-15-29,different_source_cross_category,Nutsert_5.jpg,thread_33.jpg,Nutsert,thread,different_source_pair,control,different_source,{},,,,3,paired_yolo_boxes,564,245,5,0,,,,,,,,,USAC_MAGSAC,FAILED,False,False,[],good_match_count_below_10,80.266,0.16620391607284546,0.10884071886539459,,,,,0.043379852858682476,,,1.0,,,good_match_count_below_10
control-15-30,different_source_cross_category,Nutsert_5.jpg,thread_34.jpg,Nutsert,thread,different_source_pair,control,different_source,{},,"[[-0.6594546170983127,-0.18469649919088352,489.6664680863576],[-0.548425117491963,-0.19753149805168294,488.11052325150825],[-0.00125116749524872,-0.0003397643003155003,1.0]]",,3,paired_yolo_boxes,564,179,11,4,0.36363636363636365,0.6133834825116751,3.0517578125e-05,0.7163896179644211,0.45676715047760824,,,,USAC_MAGSAC,FALLBACK_FULL_IMAGE,True,False,[],inlier_count_below_10,78.945,0.2610502441724141,0.17683294415473938,0.28653161227703094,0.1993332952260971,,,0.047523461282253265,0.05791280294458071,,1.0,0.45676715047760824,,inlier_count_below_10
control-15-31,different_source_cross_category,Nutsert_5.jpg,thread_35.jpg,Nutsert,thread,different_source_pair,control,different_source,{},,,,3,paired_yolo_boxes,564,195,7,0,,,,,,,,,USAC_MAGSAC,FAILED,False,False,[],good_match_count_below_10,82.943,0.14121395846207938,0.08699500560760498,,,,,0.03189062234014273,,,1.0,,,good_match_count_below_10
control-15-32,different_source_cross_category,Nutsert_5.jpg,thread_36.jpg,Nutsert,thread,different_source_pair,control,different_source,{},,"[[-3.7311686643247675,1.075773659712778,461.4341107465843],[-3.3596391710864038,0.9718564079141402,406.38571975769537],[-0.008279106406183023,0.002401998376612075,1.0]]",,3,paired_yolo_boxes,564,145,14,5,0.35714285714285715,0.2567568819097201,0.0002460405812598765,0.9777414328184101,0.9984286482239589,,,,USAC_MAGSAC,FALLBACK_FULL_IMAGE,True,False,[],inlier_count_below_10,75.99,0.2653679698705673,0.22646857798099518,0.3539447983105977,0.29113560914993286,,,0.05106088394920031,0.0207186679666241,,1.0,0.9984286482239589,,inlier_count_below_10
control-16-17,different_source_cross_category,Nutsert_6.jpg,thread_20.jpg,Nutsert,thread,different_source_pair,control,different_source,{},,,,3,paired_yolo_boxes,528,305,4,0,,,,,,,,,USAC_MAGSAC,FAILED,False,False,[],good_match_count_below_10,79.266,0.13935809334119162,0.12192127108573914,,,,,0.031162142753601074,,,1.0,,,good_match_count_below_10
control-16-18,different_source_cross_category,Nutsert_6.jpg,thread_21.jpg,Nutsert,thread,different_source_pair,control,different_source,{},,,,3,paired_yolo_boxes,528,254,7,0,,,,,,,,,USAC_MAGSAC,FAILED,False,False,[],good_match_count_below_10,67.9,0.1392910232146581,0.11931164562702179,,,,,0.01873025670647621,,,1.0,,,good_match_count_below_10
control-16-19,different_source_cross_category,Nutsert_6.jpg,thread_23.jpg,Nutsert,thread,different_source_pair,control,different_source,{},,,,3,paired_yolo_boxes,528,158,8,0,,,,,,,,,USAC_MAGSAC,FAILED,False,False,[],good_match_count_below_10,103.829,0.15694035092989603,0.09962572157382965,,,,,0.03621663277347883,,,1.0,,,good_match_count_below_10
control-16-20,different_source_cross_category,Nutsert_6.jpg,thread_24.jpg,Nutsert,thread,different_source_pair,control,different_source,{},,"[[-0.4450208881345611,0.05098485544737543,97.11736773487802],[-1.2090301974622109,0.13801104066960335,264.04435829718284],[-0.00457937277534714,0.0005232864576153101,1.0]]",,3,paired_yolo_boxes,528,89,10,5,0.5,0.0070926435831283234,0.601752758026123,0.9989756826518136,0.9491032742828936,,,,USAC_MAGSAC,FALLBACK_FULL_IMAGE,True,False,[],inlier_count_below_10,61.081,0.15932528674602509,0.12546312808990479,0.30308953921000165,0.28112009167671204,,,0.025310743289689224,0.005000030699496468,,1.0,0.9491032742828936,,inlier_count_below_10
control-16-21,different_source_cross_category,Nutsert_6.jpg,thread_25.jpg,Nutsert,thread,different_source_pair,control,different_source,{},,"[[-0.7014021205534815,0.11930877083407655,105.22572971459385],[-2.5319542470100043,0.4364859411342874,423.2713863207064],[-0.00591342354863229,0.0009778660891905265,1.0]]",,3,paired_yolo_boxes,528,193,12,5,0.4166666666666667,0.28627348635480493,0.011486171744763851,0.9525431327265317,0.903032962211375,,,,USAC_MAGSAC,FALLBACK_FULL_IMAGE,True,False,[],inlier_count_below_10,74.734,0.15679334104061127,0.08008754253387451,0.12192125121752422,0.08802863955497742,,,0.036411019042134285,0.02001094554240505,,1.0,0.903032962211375,,inlier_count_below_10
control-16-22,different_source_cross_category,Nutsert_6.jpg,thread_26.jpg,Nutsert,thread,different_source_pair,control,different_source,{},,,,3,paired_yolo_boxes,528,182,5,0,,,,,,,,,USAC_MAGSAC,FAILED,False,False,[],good_match_count_below_10,71.558,0.15203848232825598,0.11016380786895752,,,,,0.024928073088328045,,,1.0,,,good_match_count_below_10
control-16-23,different_source_cross_category,Nutsert_6.jpg,thread_27.jpg,Nutsert,thread,different_source_pair,control,different_source,{},,"[[21.69048774353822,-2.9743965626244853,-210.0008501975304],[9.068557732257068,-0.3801613406668185,723.0439212453687],[0.10489165711912611,-0.0193020621402409,1.0]]",,3,paired_yolo_boxes,528,337,10,4,0.4,0.1650481216347819,2.7849437174154446e-05,0.6005338948512431,0.6564471014095322,,,,USAC_MAGSAC,FALLBACK_FULL_IMAGE,True,False,[],inlier_count_below_10,86.637,0.10688835630814235,0.058663271367549896,0.12855571508407593,0.04193367063999176,,,0.022527695866301656,0.011856232226515809,,1.0,0.6564471014095322,,inlier_count_below_10
control-16-24,different_source_cross_category,Nutsert_6.jpg,thread_28.jpg,Nutsert,thread,different_source_pair,control,different_source,{},,,,3,paired_yolo_boxes,528,175,6,0,,,,,,,,,USAC_MAGSAC,FAILED,False,False,[],good_match_count_below_10,74.257,0.1467334379752477,0.13339020311832428,,,,,0.01815139005581538,,,1.0,,,good_match_count_below_10
control-16-25,different_source_cross_category,Nutsert_6.jpg,thread_29.jpg,Nutsert,thread,different_source_pair,control,different_source,{},,"[[-1.20104040040063,0.24110695307816912,277.06979008526224],[-1.7087328149392045,0.3092342397689052,388.15500709566743],[-0.003929238168386231,0.0006753979869378657,1.0]]",,3,paired_yolo_boxes,528,74,12,5,0.4166666666666667,0.47486274860656513,3.0517578125e-05,0.8382624643390844,0.8806011078813141,,,,USAC_MAGSAC,FALLBACK_FULL_IMAGE,True,False,[],inlier_count_below_10,61.278,0.24176419774691263,0.20433831214904785,0.20214197039604187,0.12855485081672668,,,0.021262107727428276,0.03488698601722717,,1.0,0.8806011078813141,,inlier_count_below_10
control-16-26,different_source_cross_category,Nutsert_6.jpg,thread_30.jpg,Nutsert,thread,different_source_pair,control,different_source,{},,,,3,paired_yolo_boxes,528,146,7,0,,,,,,,,,USAC_MAGSAC,FAILED,False,False,[],good_match_count_below_10,68.782,0.10184529672066371,0.08795446157455444,,,,,0.02947868841389815,,,1.0,,,good_match_count_below_10
control-16-27,different_source_cross_category,Nutsert_6.jpg,thread_31.jpg,Nutsert,thread,different_source_pair,control,different_source,{},,"[[-2.1816848718538,0.059637313208052385,543.1955954172171],[-2.055166107770221,0.061775876051335304,510.828501027889],[-0.004015907537411844,0.00011041498161968284,1.0]]",,3,paired_yolo_boxes,528,102,17,5,0.29411764705882354,0.09450644223688628,0.0007958010537549853,0.979174025268306,0.7265397904897712,,,,USAC_MAGSAC,FALLBACK_FULL_IMAGE,True,False,[],inlier_count_below_10,76.515,0.2389433036247889,0.17487762868404388,0.1561752657095591,0.15247701108455658,,,0.022951930683727067,0.03200882331778606,,1.0,0.7265397904897712,,inlier_count_below_10
control-16-28,different_source_cross_category,Nutsert_6.jpg,thread_32.jpg,Nutsert,thread,different_source_pair,control,different_source,{},,,,3,paired_yolo_boxes,528,197,6,0,,,,,,,,,USAC_MAGSAC,FAILED,False,False,[],good_match_count_below_10,76.156,0.2237819035847982,0.1760937124490738,,,,,0.019725590168188017,,,1.0,,,good_match_count_below_10
control-16-29,different_source_cross_category,Nutsert_6.jpg,thread_33.jpg,Nutsert,thread,different_source_pair,control,different_source,{},,"[[-1.0030038715170788,-0.291280831300642,588.9702544565257],[0.16325148969544662,-0.06918984233016275,50.43664803399358],[-0.001992157999916695,-0.00028684574399741373,1.0]]",,3,paired_yolo_boxes,528,245,11,4,0.36363636363636365,0.4393965995859075,7.62939453125e-06,0.43838473033555225,0.550814457302693,,,,USAC_MAGSAC,FALLBACK_FULL_IMAGE,True,False,[],inlier_count_below_10,76.156,0.11408086866140366,0.0637001022696495,0.12678081169724464,0.11781033128499985,,,0.017596260954936344,0.026223959401249886,,1.0,0.550814457302693,,inlier_count_below_10
control-16-30,different_source_cross_category,Nutsert_6.jpg,thread_34.jpg,Nutsert,thread,different_source_pair,control,different_source,{},,,,3,paired_yolo_boxes,528,179,7,0,,,,,,,,,USAC_MAGSAC,FAILED,False,False,[],good_match_count_below_10,70.101,0.22564170261224112,0.17814606428146362,,,,,0.03612119766573111,,,1.0,,,good_match_count_below_10
control-16-31,different_source_cross_category,Nutsert_6.jpg,thread_35.jpg,Nutsert,thread,different_source_pair,control,different_source,{},,"[[-0.7738444344221922,0.166548626831558,98.26447134069785],[-0.9496563598910835,0.21231070112517383,111.80849086584162],[-0.007795259539324243,0.001674172222509334,1.0]]",,3,paired_yolo_boxes,528,195,10,5,0.5,0.42311726126300236,0.0025687390007078648,0.988880586876783,0.9703285252015577,,,,USAC_MAGSAC,FALLBACK_FULL_IMAGE,True,False,[],inlier_count_below_10,75.338,0.11041599015394847,0.10390593111515045,0.19787674148877463,0.10088281333446503,,,0.02897490995625655,0.019716165959835052,,1.0,0.9703285252015577,,inlier_count_below_10
control-16-32,different_source_cross_category,Nutsert_6.jpg,thread_36.jpg,Nutsert,thread,different_source_pair,control,different_source,{},,,,3,paired_yolo_boxes,528,145,4,0,,,,,,,,,USAC_MAGSAC,FAILED,False,False,[],good_match_count_below_10,65.881,0.2049730271100998,0.17158879339694977,,,,,0.02920219178001086,,,1.0,,,good_match_count_below_10
control-17-18,different_source_same_category,thread_20.jpg,thread_21.jpg,thread,thread,different_source_pair,control,different_source,{},,"[[0.9063809343797744,0.011339875166606915,-1.5486120673352033],[-0.007726838504732969,0.9251387187518422,-23.41290914031521],[-0.00013366252395796298,7.619181245298987e-05,1.0]]",,1,paired_yolo_boxes,305,254,72,58,0.8055555555555556,0.6171747903788001,2.904608726501465,0.834459760946017,1.0,,,,USAC_MAGSAC,SUCCESS,True,True,"[{""roi_index"":0,""area_ratio"":0.021769166362997052,""failure"":null}]",,70.79,0.04017375409603119,0.04017375409603119,0.2855028808116913,0.2855028808116913,,,0.01668670028448105,0.10914789885282516,,1.0,1.0,,
control-17-19,different_source_same_category,thread_20.jpg,thread_23.jpg,thread,thread,different_source_pair,control,different_source,{},,"[[0.8334784999892089,0.24415983410833586,-65.31853648776523],[-0.04515170487804737,1.03933657771511,-49.08809703670849],[-0.00014823291672752745,0.000811484421502971,1.0]]",,1,paired_yolo_boxes,305,158,43,37,0.8604651162790697,0.35429422111778064,2.575063705444336,0.8587403315722089,1.0,,,,USAC_MAGSAC,SUCCESS,True,True,"[{""roi_index"":0,""area_ratio"":0.017600492122924145,""failure"":null}]",,60.014,0.06158711016178131,0.06158711016178131,0.2063768357038498,0.2063768357038498,,,0.0014624258037656546,0.05008776858448982,,1.0,1.0,,
control-17-20,different_source_same_category,thread_20.jpg,thread_24.jpg,thread,thread,different_source_pair,control,different_source,{},,"[[-0.11352175215690523,-0.14715093487760514,136.15077901830773],[-0.23598185910084216,-0.07221896136198816,154.0167840006828],[-0.001259498702638811,-0.0008585235368973146,1.0]]",,1,paired_yolo_boxes,305,89,23,12,0.5217391304347826,0.31908606976896087,1.8785009384155273,0.7340793070603426,1.0,,,,USAC_MAGSAC,SUCCESS,True,True,"[{""roi_index"":0,""area_ratio"":0.020239353327768397,""failure"":null}]",,46.549,0.08597720414400101,0.08597720414400101,0.10772016644477844,0.10772016644477844,,,0.023332247510552406,0.035581499338150024,,1.0,1.0,,
control-17-21,different_source_same_category,thread_20.jpg,thread_25.jpg,thread,thread,different_source_pair,control,different_source,{},,"[[-0.8552523711610033,-0.6412617241262067,400.5386723858947],[-0.4467074159677406,-1.026018615376926,399.52180511398643],[-0.0017371584668923101,-0.0022723244128497588,1.0]]",,1,paired_yolo_boxes,305,193,18,10,0.5555555555555556,0.20275302979041884,0.956871747970581,0.7674987843323663,1.0,,,,USAC_MAGSAC,SUCCESS,True,True,"[{""roi_index"":0,""area_ratio"":0.014061383600018528,""failure"":null}]",,66.703,0.06681785732507706,0.06681785732507706,0.12088248878717422,0.12088248878717422,,,0.018688257783651352,0.007655008230358362,,1.0,1.0,,
control-17-22,different_source_same_category,thread_20.jpg,thread_26.jpg,thread,thread,different_source_pair,control,different_source,{},,"[[0.7623714805802857,0.09084385369723609,-16.10393053379217],[-0.05657304718823396,0.8173966956552804,9.381649317161846],[-8.769943130403474e-05,0.00026278158483855466,1.0]]",,1,paired_yolo_boxes,305,182,57,49,0.8596491228070176,0.5593136605082082,2.277083158493042,0.8839369783328871,1.0,,,,USAC_MAGSAC,SUCCESS,True,True,"[{""roi_index"":0,""area_ratio"":0.01968252987668358,""failure"":null}]",,57.978,0.042485352605581284,0.042485352605581284,0.2532029449939728,0.2532029449939728,,,-0.000331190851284191,0.11339464038610458,,1.0,1.0,,
control-17-23,different_source_same_category,thread_20.jpg,thread_27.jpg,thread,thread,different_source_pair,control,different_source,{},,,,1,paired_yolo_boxes,305,337,2,0,,,,,,,,,USAC_MAGSAC,FAILED,False,False,[],good_match_count_below_10,79.398,0.06585352122783661,0.06585352122783661,,,,,0.019986867904663086,,,1.0,,,good_match_count_below_10
control-17-24,different_source_same_category,thread_20.jpg,thread_28.jpg,thread,thread,different_source_pair,control,different_source,{},,,,1,paired_yolo_boxes,305,175,7,0,,,,,,,,,USAC_MAGSAC,FAILED,False,False,[],good_match_count_below_10,69.484,0.1201993003487587,0.1201993003487587,,,,,0.031714893877506256,,,1.0,,,good_match_count_below_10
control-17-25,different_source_same_category,thread_20.jpg,thread_29.jpg,thread,thread,different_source_pair,control,different_source,{},,,,1,paired_yolo_boxes,305,74,6,0,,,,,,,,,USAC_MAGSAC,FAILED,False,False,[],good_match_count_below_10,52.064,0.08295772224664688,0.08295772224664688,,,,,0.013337042182683945,,,1.0,,,good_match_count_below_10
control-17-26,different_source_same_category,thread_20.jpg,thread_30.jpg,thread,thread,different_source_pair,control,different_source,{},,,,1,paired_yolo_boxes,305,146,3,0,,,,,,,,,USAC_MAGSAC,FAILED,False,False,[],good_match_count_below_10,61.49,0.07363870739936829,0.07363870739936829,,,,,0.01562540791928768,,,1.0,,,good_match_count_below_10
control-17-27,different_source_same_category,thread_20.jpg,thread_31.jpg,thread,thread,different_source_pair,control,different_source,{},,,,1,paired_yolo_boxes,305,102,4,0,,,,,,,,,USAC_MAGSAC,FAILED,False,False,[],good_match_count_below_10,71.581,0.08940991759300232,0.08940991759300232,,,,,0.005058791022747755,,,1.0,,,good_match_count_below_10
control-17-28,different_source_same_category,thread_20.jpg,thread_32.jpg,thread,thread,different_source_pair,control,different_source,{},,,,1,paired_yolo_boxes,305,197,2,0,,,,,,,,,USAC_MAGSAC,FAILED,False,False,[],good_match_count_below_10,66.689,0.10169064998626709,0.10169064998626709,,,,,0.021046744659543037,,,1.0,,,good_match_count_below_10
control-17-29,different_source_same_category,thread_20.jpg,thread_33.jpg,thread,thread,different_source_pair,control,different_source,{},,,,1,paired_yolo_boxes,305,245,7,0,,,,,,,,,USAC_MAGSAC,FAILED,False,False,[],good_match_count_below_10,64.685,0.09086673706769943,0.09086673706769943,,,,,0.009393648244440556,,,1.0,,,good_match_count_below_10
control-17-30,different_source_same_category,thread_20.jpg,thread_34.jpg,thread,thread,different_source_pair,control,different_source,{},,,,1,paired_yolo_boxes,305,179,5,0,,,,,,,,,USAC_MAGSAC,FAILED,False,False,[],good_match_count_below_10,63.95,0.10454680025577545,0.10454680025577545,,,,,0.022418655455112457,,,1.0,,,good_match_count_below_10
control-17-31,different_source_same_category,thread_20.jpg,thread_35.jpg,thread,thread,different_source_pair,control,different_source,{},,,,1,paired_yolo_boxes,305,195,3,0,,,,,,,,,USAC_MAGSAC,FAILED,False,False,[],good_match_count_below_10,67.214,0.050098154693841934,0.050098154693841934,,,,,0.026335950940847397,,,1.0,,,good_match_count_below_10
control-17-32,different_source_same_category,thread_20.jpg,thread_36.jpg,thread,thread,different_source_pair,control,different_source,{},,,,1,paired_yolo_boxes,305,145,7,0,,,,,,,,,USAC_MAGSAC,FAILED,False,False,[],good_match_count_below_10,57.67,0.09560507535934448,0.09560507535934448,,,,,0.02461875230073929,,,1.0,,,good_match_count_below_10
control-18-19,different_source_same_category,thread_21.jpg,thread_23.jpg,thread,thread,different_source_pair,control,different_source,{},,"[[0.7058195625354341,0.06603799169112554,3.75455420841077],[-0.06682471747852614,0.7276385887905167,43.09511748384776],[-6.90329420312984e-05,7.899111035454313e-05,1.0]]",,1,paired_yolo_boxes,254,158,94,86,0.9148936170212766,0.7066805154793644,1.0746188163757324,1.0,1.0,,,,USAC_MAGSAC,SUCCESS,True,True,"[{""roi_index"":0,""area_ratio"":0.017604633846461826,""failure"":null}]",,45.06,0.11615537852048874,0.11615537852048874,0.5091733336448669,0.5091733336448669,,,0.01976306550204754,0.24018874764442444,,1.0,1.0,,
control-18-20,different_source_same_category,thread_21.jpg,thread_24.jpg,thread,thread,different_source_pair,control,different_source,{},,"[[0.6341072962526944,-0.07306884585385864,-21.86887705830189],[0.10008494402544336,0.5684142114753895,-45.917136949441286],[-8.754989880994865e-05,-0.00017930609232066132,1.0]]",,1,paired_yolo_boxes,254,89,34,19,0.5588235294117647,0.2888423309020405,1.396882176399231,0.5698376588280383,1.0,,,,USAC_MAGSAC,SUCCESS,True,True,"[{""roi_index"":0,""area_ratio"":0.039944011773722574,""failure"":null}]",,34.966,0.0747838020324707,0.0747838020324707,0.21652917563915253,0.21652917563915253,,,0.02387279085814953,0.038236573338508606,,1.0,1.0,,
control-18-21,different_source_same_category,thread_21.jpg,thread_25.jpg,thread,thread,different_source_pair,control,different_source,{},,"[[1.2176515178309484,0.20994124028748365,-67.47415145867032],[0.08630490051308747,1.124877261065263,2.0689638200867497],[0.0004013147370604878,0.0005404933752230339,1.0]]",,1,paired_yolo_boxes,254,193,49,43,0.8775510204081632,0.4504027325161079,2.4507343769073486,0.9780171185424672,1.0,,,,USAC_MAGSAC,SUCCESS,True,True,"[{""roi_index"":0,""area_ratio"":0.013584068278422751,""failure"":null}]",,54.404,0.07408344000577927,0.07408344000577927,0.2573704123497009,0.2573704123497009,,,0.015026315115392208,0.08306492865085602,,1.0,1.0,,
control-18-22,different_source_same_category,thread_21.jpg,thread_26.jpg,thread,thread,different_source_pair,control,different_source,{},,"[[0.8056767568143125,0.07067769032468361,-9.28841894060628],[-0.060203396152045646,0.8095115679294945,41.545039625891214],[2.297556245972839e-05,8.26794517435918e-05,1.0]]",,1,paired_yolo_boxes,254,182,101,97,0.9603960396039604,0.7281358597538122,1.26310133934021,0.9863970479849844,1.0,,,,USAC_MAGSAC,SUCCESS,True,True,"[{""roi_index"":0,""area_ratio"":0.020375816074390374,""failure"":null}]",,50.505,0.04214872047305107,0.04214872047305107,0.5621681809425354,0.5621681809425354,,,0.01794719137251377,0.29821282625198364,,1.0,1.0,,
control-18-23,different_source_same_category,thread_21.jpg,thread_27.jpg,thread,thread,different_source_pair,control,different_source,{},,,,1,paired_yolo_boxes,254,337,4,0,,,,,,,,,USAC_MAGSAC,FAILED,False,False,[],good_match_count_below_10,67.631,0.025332381948828697,0.025332381948828697,,,,,0.015263965353369713,,,1.0,,,good_match_count_below_10
control-18-24,different_source_same_category,thread_21.jpg,thread_28.jpg,thread,thread,different_source_pair,control,different_source,{},,,,1,paired_yolo_boxes,254,175,1,0,,,,,,,,,USAC_MAGSAC,FAILED,False,False,[],good_match_count_below_10,54.469,0.08247078955173492,0.08247078955173492,,,,,0.00963499117642641,,,1.0,,,good_match_count_below_10
control-18-25,different_source_same_category,thread_21.jpg,thread_29.jpg,thread,thread,different_source_pair,control,different_source,{},,,,1,paired_yolo_boxes,254,74,6,0,,,,,,,,,USAC_MAGSAC,FAILED,False,False,[],good_match_count_below_10,39.852,0.08320342004299164,0.08320342004299164,,,,,-0.005764098837971687,,,1.0,,,good_match_count_below_10
control-18-26,different_source_same_category,thread_21.jpg,thread_30.jpg,thread,thread,different_source_pair,control,different_source,{},,,,1,paired_yolo_boxes,254,146,5,0,,,,,,,,,USAC_MAGSAC,FAILED,False,False,[],good_match_count_below_10,44.801,0.08749283105134964,0.08749283105134964,,,,,0.01838640123605728,,,1.0,,,good_match_count_below_10
control-18-27,different_source_same_category,thread_21.jpg,thread_31.jpg,thread,thread,different_source_pair,control,different_source,{},,,,1,paired_yolo_boxes,254,102,6,0,,,,,,,,,USAC_MAGSAC,FAILED,False,False,[],good_match_count_below_10,54.76,0.0969715341925621,0.0969715341925621,,,,,0.000722540426068008,,,1.0,,,good_match_count_below_10
control-18-28,different_source_same_category,thread_21.jpg,thread_32.jpg,thread,thread,different_source_pair,control,different_source,{},,,,1,paired_yolo_boxes,254,197,3,0,,,,,,,,,USAC_MAGSAC,FAILED,False,False,[],good_match_count_below_10,55.58,0.09928883612155914,0.09928883612155914,,,,,0.027909254655241966,,,1.0,,,good_match_count_below_10
control-18-29,different_source_same_category,thread_21.jpg,thread_33.jpg,thread,thread,different_source_pair,control,different_source,{},,,,1,paired_yolo_boxes,254,245,6,0,,,,,,,,,USAC_MAGSAC,FAILED,False,False,[],good_match_count_below_10,55.003,0.07266463339328766,0.07266463339328766,,,,,0.018352201208472252,,,1.0,,,good_match_count_below_10
control-18-30,different_source_same_category,thread_21.jpg,thread_34.jpg,thread,thread,different_source_pair,control,different_source,{},,,,1,paired_yolo_boxes,254,179,9,0,,,,,,,,,USAC_MAGSAC,FAILED,False,False,[],good_match_count_below_10,50.779,0.0783732682466507,0.0783732682466507,,,,,0.021637508645653725,,,1.0,,,good_match_count_below_10
control-18-31,different_source_same_category,thread_21.jpg,thread_35.jpg,thread,thread,different_source_pair,control,different_source,{},,,,1,paired_yolo_boxes,254,195,6,0,,,,,,,,,USAC_MAGSAC,FAILED,False,False,[],good_match_count_below_10,54.063,0.05433694273233414,0.05433694273233414,,,,,0.029339879751205444,,,1.0,,,good_match_count_below_10
control-18-32,different_source_same_category,thread_21.jpg,thread_36.jpg,thread,thread,different_source_pair,control,different_source,{},,,,1,paired_yolo_boxes,254,145,2,0,,,,,,,,,USAC_MAGSAC,FAILED,False,False,[],good_match_count_below_10,45.997,0.0829126164317131,0.0829126164317131,,,,,0.01177695021033287,,,1.0,,,good_match_count_below_10
control-19-20,different_source_same_category,thread_23.jpg,thread_24.jpg,thread,thread,different_source_pair,control,different_source,{},,"[[0.9039263876101273,-0.09037079909151474,-25.960470219577083],[0.16608471000152475,1.0412773311937775,-118.0615426363621],[-0.0002746093744798761,0.0003793213239985283,1.0]]",,1,paired_yolo_boxes,158,89,26,19,0.7307692307692307,0.5544665577748408,1.8432590961456299,0.4546482122260669,1.0,,,,USAC_MAGSAC,SUCCESS,True,True,"[{""roi_index"":0,""area_ratio"":0.03745732876202357,""failure"":null}]",,28.27,0.05270744860172272,0.05270744860172272,0.2832196056842804,0.2832196056842804,,,0.006559623870998621,0.08045702427625656,,1.0,1.0,,
control-19-21,different_source_same_category,thread_23.jpg,thread_25.jpg,thread,thread,different_source_pair,control,different_source,{},,"[[1.039491879847592,-0.02029384522796132,30.88108654829789],[0.03374770565529669,1.0153159843422124,18.800585778192982],[-0.0001316098074672298,-5.003798969899877e-05,1.0]]",,1,paired_yolo_boxes,158,193,57,50,0.8771929824561403,0.4559619937161457,2.066420793533325,1.0,1.0,,,,USAC_MAGSAC,SUCCESS,True,True,"[{""roi_index"":0,""area_ratio"":0.013274167906576598,""failure"":null}]",,49.896,0.0808517187833786,0.0808517187833786,0.38502201437950134,0.38502201437950134,,,-0.0012279455550014973,0.18967458605766296,,1.0,1.0,,
control-19-22,different_source_same_category,thread_23.jpg,thread_26.jpg,thread,thread,different_source_pair,control,different_source,{},,"[[1.250691829005726,0.037912387803170376,-32.49965154519075],[0.02542554707300889,1.2057547734891687,-12.501993442772225],[0.0002555532884810831,0.00015788487109094653,1.0]]",,1,paired_yolo_boxes,158,182,76,72,0.9473684210526315,0.45226068258433716,1.8431684970855713,0.8823760092272203,1.0,,,,USAC_MAGSAC,SUCCESS,True,True,"[{""roi_index"":0,""area_ratio"":0.019018245249415897,""failure"":null}]",,46.303,0.06558755785226822,0.06558755785226822,0.5601438879966736,0.5601438879966736,,,0.021512985229492188,0.32707637548446655,,1.0,1.0,,
control-19-23,different_source_same_category,thread_23.jpg,thread_27.jpg,thread,thread,different_source_pair,control,different_source,{},,,,1,paired_yolo_boxes,158,337,1,0,,,,,,,,,USAC_MAGSAC,FAILED,False,False,[],good_match_count_below_10,63.923,0.04318954423069954,0.04318954423069954,,,,,0.012606353498995304,,,1.0,,,good_match_count_below_10
control-19-24,different_source_same_category,thread_23.jpg,thread_28.jpg,thread,thread,different_source_pair,control,different_source,{},,,,1,paired_yolo_boxes,158,175,1,0,,,,,,,,,USAC_MAGSAC,FAILED,False,False,[],good_match_count_below_10,52.044,0.022506754845380783,0.022506754845380783,,,,,0.026891831308603287,,,1.0,,,good_match_count_below_10
control-19-25,different_source_same_category,thread_23.jpg,thread_29.jpg,thread,thread,different_source_pair,control,different_source,{},,,,1,paired_yolo_boxes,158,74,5,0,,,,,,,,,USAC_MAGSAC,FAILED,False,False,[],good_match_count_below_10,32.275,0.09634178131818771,0.09634178131818771,,,,,-0.0008976933895610273,,,1.0,,,good_match_count_below_10
control-19-26,different_source_same_category,thread_23.jpg,thread_30.jpg,thread,thread,different_source_pair,control,different_source,{},,,,1,paired_yolo_boxes,158,146,3,0,,,,,,,,,USAC_MAGSAC,FAILED,False,False,[],good_match_count_below_10,38.311,0.06589256972074509,0.06589256972074509,,,,,0.01370649691671133,,,1.0,,,good_match_count_below_10
control-19-27,different_source_same_category,thread_23.jpg,thread_31.jpg,thread,thread,different_source_pair,control,different_source,{},,,,1,paired_yolo_boxes,158,102,1,0,,,,,,,,,USAC_MAGSAC,FAILED,False,False,[],good_match_count_below_10,51.15,0.08219360560178757,0.08219360560178757,,,,,0.0016652289777994156,,,1.0,,,good_match_count_below_10
control-19-28,different_source_same_category,thread_23.jpg,thread_32.jpg,thread,thread,different_source_pair,control,different_source,{},,,,1,paired_yolo_boxes,158,197,4,0,,,,,,,,,USAC_MAGSAC,FAILED,False,False,[],good_match_count_below_10,44.912,0.0985148623585701,0.0985148623585701,,,,,-0.002838996471837163,,,1.0,,,good_match_count_below_10
control-19-29,different_source_same_category,thread_23.jpg,thread_33.jpg,thread,thread,different_source_pair,control,different_source,{},,,,1,paired_yolo_boxes,158,245,4,0,,,,,,,,,USAC_MAGSAC,FAILED,False,False,[],good_match_count_below_10,46.53,0.023234529420733452,0.023234529420733452,,,,,0.008528921753168106,,,1.0,,,good_match_count_below_10
control-19-30,different_source_same_category,thread_23.jpg,thread_34.jpg,thread,thread,different_source_pair,control,different_source,{},,,,1,paired_yolo_boxes,158,179,5,0,,,,,,,,,USAC_MAGSAC,FAILED,False,False,[],good_match_count_below_10,39.648,0.0791163295507431,0.0791163295507431,,,,,-0.006146262399852276,,,1.0,,,good_match_count_below_10
control-19-31,different_source_same_category,thread_23.jpg,thread_35.jpg,thread,thread,different_source_pair,control,different_source,{},,,,1,paired_yolo_boxes,158,195,3,0,,,,,,,,,USAC_MAGSAC,FAILED,False,False,[],good_match_count_below_10,44.043,0.0334746390581131,0.0334746390581131,,,,,0.03513595834374428,,,1.0,,,good_match_count_below_10
control-19-32,different_source_same_category,thread_23.jpg,thread_36.jpg,thread,thread,different_source_pair,control,different_source,{},,,,1,paired_yolo_boxes,158,145,3,0,,,,,,,,,USAC_MAGSAC,FAILED,False,False,[],good_match_count_below_10,40.803,0.08553160727024078,0.08553160727024078,,,,,0.004238349385559559,,,1.0,,,good_match_count_below_10
control-20-21,different_source_same_category,thread_24.jpg,thread_25.jpg,thread,thread,different_source_pair,control,different_source,{},,"[[1.056486805290118,0.056145938042935495,82.72454775795887],[-0.10692639622595503,1.035774333377728,106.4399175215285],[-0.000179712190482301,-0.00026785674511802985,1.0]]",,1,paired_yolo_boxes,89,193,34,34,1.0,0.5272340019919994,2.254879951477051,1.0,1.0,,,,USAC_MAGSAC,SUCCESS,True,True,"[{""roi_index"":0,""area_ratio"":0.015649266251846053,""failure"":null}]",,38.462,0.10775808990001678,0.10775808990001678,0.47028204798698425,0.47028204798698425,,,0.013725608587265015,0.23075957596302032,,1.0,1.0,,
control-20-22,different_source_same_category,thread_24.jpg,thread_26.jpg,thread,thread,different_source_pair,control,different_source,{},,"[[1.3412759603954805,-0.7315679638761058,95.15932469495336],[0.32241340760833553,-0.03934442620064565,150.13313424016795],[0.0018868972363974457,-0.0032392405717511902,1.0]]",,1,paired_yolo_boxes,89,182,20,18,0.9,0.6114068560006685,0.9677051305770874,0.8437374332501005,1.0,,,,USAC_MAGSAC,SUCCESS,True,True,"[{""roi_index"":0,""area_ratio"":0.02351441661274148,""failure"":null}]",,28.549,0.10624539107084274,0.10624539107084274,0.33252570033073425,0.33252570033073425,,,0.044326815754175186,0.15796558558940887,,1.0,1.0,,
control-20-23,different_source_same_category,thread_24.jpg,thread_27.jpg,thread,thread,different_source_pair,control,different_source,{},,,,1,paired_yolo_boxes,89,337,0,0,,,,,,,,,USAC_MAGSAC,FAILED,False,False,[],good_match_count_below_10,44.547,0.05475896969437599,0.05475896969437599,,,,,-0.009647127240896225,,,1.0,,,good_match_count_below_10
control-20-24,different_source_same_category,thread_24.jpg,thread_28.jpg,thread,thread,different_source_pair,control,different_source,{},,,,1,paired_yolo_boxes,89,175,2,0,,,,,,,,,USAC_MAGSAC,FAILED,False,False,[],good_match_count_below_10,33.504,0.08170665055513382,0.08170665055513382,,,,,0.008042044006288052,,,1.0,,,good_match_count_below_10
control-20-25,different_source_same_category,thread_24.jpg,thread_29.jpg,thread,thread,different_source_pair,control,different_source,{},,,,1,paired_yolo_boxes,89,74,0,0,,,,,,,,,USAC_MAGSAC,FAILED,False,False,[],good_match_count_below_10,19.923,0.1011682078242302,0.1011682078242302,,,,,0.06570424139499664,,,1.0,,,good_match_count_below_10
control-20-26,different_source_same_category,thread_24.jpg,thread_30.jpg,thread,thread,different_source_pair,control,different_source,{},,,,1,paired_yolo_boxes,89,146,4,0,,,,,,,,,USAC_MAGSAC,FAILED,False,False,[],good_match_count_below_10,29.362,0.08919329941272736,0.08919329941272736,,,,,0.007320429664105177,,,1.0,,,good_match_count_below_10
control-20-27,different_source_same_category,thread_24.jpg,thread_31.jpg,thread,thread,different_source_pair,control,different_source,{},,,,1,paired_yolo_boxes,89,102,1,0,,,,,,,,,USAC_MAGSAC,FAILED,False,False,[],good_match_count_below_10,35.143,0.1268497258424759,0.1268497258424759,,,,,-0.000747081998270005,,,1.0,,,good_match_count_below_10
control-20-28,different_source_same_category,thread_24.jpg,thread_32.jpg,thread,thread,different_source_pair,control,different_source,{},,,,1,paired_yolo_boxes,89,197,1,0,,,,,,,,,USAC_MAGSAC,FAILED,False,False,[],good_match_count_below_10,34.146,0.1009182408452034,0.1009182408452034,,,,,0.017821382731199265,,,1.0,,,good_match_count_below_10
control-20-29,different_source_same_category,thread_24.jpg,thread_33.jpg,thread,thread,different_source_pair,control,different_source,{},,,,1,paired_yolo_boxes,89,245,1,0,,,,,,,,,USAC_MAGSAC,FAILED,False,False,[],good_match_count_below_10,34.116,0.1005394458770752,0.1005394458770752,,,,,0.012529626488685608,,,1.0,,,good_match_count_below_10
control-20-30,different_source_same_category,thread_24.jpg,thread_34.jpg,thread,thread,different_source_pair,control,different_source,{},,,,1,paired_yolo_boxes,89,179,2,0,,,,,,,,,USAC_MAGSAC,FAILED,False,False,[],good_match_count_below_10,27.803,0.1088852658867836,0.1088852658867836,,,,,0.03256497159600258,,,1.0,,,good_match_count_below_10
control-20-31,different_source_same_category,thread_24.jpg,thread_35.jpg,thread,thread,different_source_pair,control,different_source,{},,,,1,paired_yolo_boxes,89,195,3,0,,,,,,,,,USAC_MAGSAC,FAILED,False,False,[],good_match_count_below_10,36.958,0.08367294818162918,0.08367294818162918,,,,,-0.018451429903507233,,,1.0,,,good_match_count_below_10
control-20-32,different_source_same_category,thread_24.jpg,thread_36.jpg,thread,thread,different_source_pair,control,different_source,{},,,,1,paired_yolo_boxes,89,145,0,0,,,,,,,,,USAC_MAGSAC,FAILED,False,False,[],good_match_count_below_10,28.619,0.11353939771652222,0.11353939771652222,,,,,0.0069590974599123,,,1.0,,,good_match_count_below_10
control-21-22,different_source_same_category,thread_25.jpg,thread_26.jpg,thread,thread,different_source_pair,control,different_source,{},,"[[0.9867671528310982,-0.3549531611569838,9.803169051590077],[0.14871801242148142,0.1917523605787907,102.6675828256272],[0.0009237887391303372,-0.0017402685759798872,1.0]]",,1,paired_yolo_boxes,193,182,41,32,0.7804878048780488,0.5176340384425744,2.0573582649230957,0.6216748066548088,1.0,,,,USAC_MAGSAC,SUCCESS,True,True,"[{""roi_index"":0,""area_ratio"":0.019987762480774936,""failure"":null}]",,47.346,0.0671561136841774,0.0671561136841774,0.31726691126823425,0.31726691126823425,,,0.016106290742754936,0.10364291071891785,,1.0,1.0,,
control-21-23,different_source_same_category,thread_25.jpg,thread_27.jpg,thread,thread,different_source_pair,control,different_source,{},,,,1,paired_yolo_boxes,193,337,5,0,,,,,,,,,USAC_MAGSAC,FAILED,False,False,[],good_match_count_below_10,62.399,0.06000452861189842,0.06000452861189842,,,,,-0.0156257301568985,,,1.0,,,good_match_count_below_10
control-21-24,different_source_same_category,thread_25.jpg,thread_28.jpg,thread,thread,different_source_pair,control,different_source,{},,,,1,paired_yolo_boxes,193,175,4,0,,,,,,,,,USAC_MAGSAC,FAILED,False,False,[],good_match_count_below_10,50.122,0.04652634635567665,0.04652634635567665,,,,,0.048384618014097214,,,1.0,,,good_match_count_below_10
control-21-25,different_source_same_category,thread_25.jpg,thread_29.jpg,thread,thread,different_source_pair,control,different_source,{},,,,1,paired_yolo_boxes,193,74,2,0,,,,,,,,,USAC_MAGSAC,FAILED,False,False,[],good_match_count_below_10,37.226,0.08326484262943268,0.08326484262943268,,,,,0.02272631600499153,,,1.0,,,good_match_count_below_10
control-21-26,different_source_same_category,thread_25.jpg,thread_30.jpg,thread,thread,different_source_pair,control,different_source,{},,,,1,paired_yolo_boxes,193,146,4,0,,,,,,,,,USAC_MAGSAC,FAILED,False,False,[],good_match_count_below_10,44.469,0.07617970556020737,0.07617970556020737,,,,,0.03245489299297333,,,1.0,,,good_match_count_below_10
control-21-27,different_source_same_category,thread_25.jpg,thread_31.jpg,thread,thread,different_source_pair,control,different_source,{},,,,1,paired_yolo_boxes,193,102,4,0,,,,,,,,,USAC_MAGSAC,FAILED,False,False,[],good_match_count_below_10,54.122,0.10536150634288788,0.10536150634288788,,,,,-0.0027777492068707943,,,1.0,,,good_match_count_below_10
control-21-28,different_source_same_category,thread_25.jpg,thread_32.jpg,thread,thread,different_source_pair,control,different_source,{},,,,1,paired_yolo_boxes,193,197,5,0,,,,,,,,,USAC_MAGSAC,FAILED,False,False,[],good_match_count_below_10,51.461,0.0911344364285469,0.0911344364285469,,,,,0.01078016497194767,,,1.0,,,good_match_count_below_10
control-21-29,different_source_same_category,thread_25.jpg,thread_33.jpg,thread,thread,different_source_pair,control,different_source,{},,,,1,paired_yolo_boxes,193,245,1,0,,,,,,,,,USAC_MAGSAC,FAILED,False,False,[],good_match_count_below_10,51.405,0.05097421258687973,0.05097421258687973,,,,,0.005843630526214838,,,1.0,,,good_match_count_below_10
control-21-30,different_source_same_category,thread_25.jpg,thread_34.jpg,thread,thread,different_source_pair,control,different_source,{},,,,1,paired_yolo_boxes,193,179,5,0,,,,,,,,,USAC_MAGSAC,FAILED,False,False,[],good_match_count_below_10,47.327,0.12807953357696533,0.12807953357696533,,,,,0.010505175217986107,,,1.0,,,good_match_count_below_10
control-21-31,different_source_same_category,thread_25.jpg,thread_35.jpg,thread,thread,different_source_pair,control,different_source,{},,,,1,paired_yolo_boxes,193,195,6,0,,,,,,,,,USAC_MAGSAC,FAILED,False,False,[],good_match_count_below_10,51.179,0.06249581277370453,0.06249581277370453,,,,,0.03202197700738907,,,1.0,,,good_match_count_below_10
control-21-32,different_source_same_category,thread_25.jpg,thread_36.jpg,thread,thread,different_source_pair,control,different_source,{},,,,1,paired_yolo_boxes,193,145,2,0,,,,,,,,,USAC_MAGSAC,FAILED,False,False,[],good_match_count_below_10,46.302,0.11826547980308533,0.11826547980308533,,,,,0.008011672645807266,,,1.0,,,good_match_count_below_10
control-22-23,different_source_same_category,thread_26.jpg,thread_27.jpg,thread,thread,different_source_pair,control,different_source,{},,,,1,paired_yolo_boxes,182,337,0,0,,,,,,,,,USAC_MAGSAC,FAILED,False,False,[],good_match_count_below_10,55.975,0.043550197035074234,0.043550197035074234,,,,,-0.004883624147623777,,,1.0,,,good_match_count_below_10
control-22-24,different_source_same_category,thread_26.jpg,thread_28.jpg,thread,thread,different_source_pair,control,different_source,{},,,,1,paired_yolo_boxes,182,175,2,0,,,,,,,,,USAC_MAGSAC,FAILED,False,False,[],good_match_count_below_10,49.567,0.04414989799261093,0.04414989799261093,,,,,0.00906519778072834,,,1.0,,,good_match_count_below_10
control-22-25,different_source_same_category,thread_26.jpg,thread_29.jpg,thread,thread,different_source_pair,control,different_source,{},,,,1,paired_yolo_boxes,182,74,4,0,,,,,,,,,USAC_MAGSAC,FAILED,False,False,[],good_match_count_below_10,32.147,0.07346222549676895,0.07346222549676895,,,,,0.039725031703710556,,,1.0,,,good_match_count_below_10
control-22-26,different_source_same_category,thread_26.jpg,thread_30.jpg,thread,thread,different_source_pair,control,different_source,{},,,,1,paired_yolo_boxes,182,146,4,0,,,,,,,,,USAC_MAGSAC,FAILED,False,False,[],good_match_count_below_10,43.419,0.0802932009100914,0.0802932009100914,,,,,0.013109292834997177,,,1.0,,,good_match_count_below_10
control-22-27,different_source_same_category,thread_26.jpg,thread_31.jpg,thread,thread,different_source_pair,control,different_source,{},,,,1,paired_yolo_boxes,182,102,3,0,,,,,,,,,USAC_MAGSAC,FAILED,False,False,[],good_match_count_below_10,50.305,0.08419700711965561,0.08419700711965561,,,,,0.0002449869061820209,,,1.0,,,good_match_count_below_10
control-22-28,different_source_same_category,thread_26.jpg,thread_32.jpg,thread,thread,different_source_pair,control,different_source,{},,,,1,paired_yolo_boxes,182,197,1,0,,,,,,,,,USAC_MAGSAC,FAILED,False,False,[],good_match_count_below_10,45.763,0.06971246749162674,0.06971246749162674,,,,,0.020107189193367958,,,1.0,,,good_match_count_below_10
control-22-29,different_source_same_category,thread_26.jpg,thread_33.jpg,thread,thread,different_source_pair,control,different_source,{},,,,1,paired_yolo_boxes,182,245,3,0,,,,,,,,,USAC_MAGSAC,FAILED,False,False,[],good_match_count_below_10,49.788,0.07933712005615234,0.07933712005615234,,,,,0.027367357164621353,,,1.0,,,good_match_count_below_10
control-22-30,different_source_same_category,thread_26.jpg,thread_34.jpg,thread,thread,different_source_pair,control,different_source,{},,,,1,paired_yolo_boxes,182,179,3,0,,,,,,,,,USAC_MAGSAC,FAILED,False,False,[],good_match_count_below_10,39.983,0.06361283361911774,0.06361283361911774,,,,,0.001066364347934723,,,1.0,,,good_match_count_below_10
control-22-31,different_source_same_category,thread_26.jpg,thread_35.jpg,thread,thread,different_source_pair,control,different_source,{},,,,1,paired_yolo_boxes,182,195,2,0,,,,,,,,,USAC_MAGSAC,FAILED,False,False,[],good_match_count_below_10,47.769,0.05782702565193176,0.05782702565193176,,,,,0.004312064033001661,,,1.0,,,good_match_count_below_10
control-22-32,different_source_same_category,thread_26.jpg,thread_36.jpg,thread,thread,different_source_pair,control,different_source,{},,,,1,paired_yolo_boxes,182,145,0,0,,,,,,,,,USAC_MAGSAC,FAILED,False,False,[],good_match_count_below_10,40.713,0.07842632383108139,0.07842632383108139,,,,,0.0027949430514127016,,,1.0,,,good_match_count_below_10
control-23-24,different_source_same_category,thread_27.jpg,thread_28.jpg,thread,thread,different_source_pair,control,different_source,{},,"[[0.551409509038059,-0.08761684065426817,56.879169650074125],[-0.09862251240036282,0.5673295954559934,48.045726890602516],[-0.0004371929246163131,-0.0003542196252680739,1.0]]",,1,paired_yolo_boxes,337,175,44,25,0.5681818181818182,0.6079690551728695,3.219162702560425,0.7849734374345497,1.0,,,,USAC_MAGSAC,SUCCESS,True,True,"[{""roi_index"":0,""area_ratio"":0.025079307089208944,""failure"":null}]",,65.856,0.15707680583000183,0.15707680583000183,0.2545611560344696,0.2545611560344696,,,0.037241168320178986,0.08097776025533676,,1.0,1.0,,
control-23-25,different_source_same_category,thread_27.jpg,thread_29.jpg,thread,thread,different_source_pair,control,different_source,{},,,,1,paired_yolo_boxes,337,74,5,0,,,,,,,,,USAC_MAGSAC,FAILED,False,False,[],good_match_count_below_10,48.832,0.1278202086687088,0.1278202086687088,,,,,0.04347491264343262,,,1.0,,,good_match_count_below_10
control-23-26,different_source_same_category,thread_27.jpg,thread_30.jpg,thread,thread,different_source_pair,control,different_source,{},,,,1,paired_yolo_boxes,337,146,7,0,,,,,,,,,USAC_MAGSAC,FAILED,False,False,[],good_match_count_below_10,63.549,0.08490552753210068,0.08490552753210068,,,,,0.023555807769298553,,,1.0,,,good_match_count_below_10
control-23-27,different_source_same_category,thread_27.jpg,thread_31.jpg,thread,thread,different_source_pair,control,different_source,{},,,,1,paired_yolo_boxes,337,102,4,0,,,,,,,,,USAC_MAGSAC,FAILED,False,False,[],good_match_count_below_10,62.529,0.08738173544406891,0.08738173544406891,,,,,0.016458462923765182,,,1.0,,,good_match_count_below_10
control-23-28,different_source_same_category,thread_27.jpg,thread_32.jpg,thread,thread,different_source_pair,control,different_source,{},,,,1,paired_yolo_boxes,337,197,4,0,,,,,,,,,USAC_MAGSAC,FAILED,False,False,[],good_match_count_below_10,62.344,0.09902118146419525,0.09902118146419525,,,,,0.033362653106451035,,,1.0,,,good_match_count_below_10
control-23-29,different_source_same_category,thread_27.jpg,thread_33.jpg,thread,thread,different_source_pair,control,different_source,{},,"[[-10.464048184883628,-4.3457113262927916,2669.6192356658016],[-4.4689836034272705,-12.816402320767233,3697.162780233648],[-0.012543387679454175,-0.014227458659664646,1.0]]",,1,paired_yolo_boxes,337,245,11,5,0.45454545454545453,0.3062705330660732,0.0,0.7373593331402835,1.0,,,,USAC_MAGSAC,FALLBACK_FULL_IMAGE,True,False,[],inlier_count_below_10,62.578,0.07748144119977951,0.07748144119977951,0.10982955992221832,0.10982955992221832,,,0.016353288665413857,0.01341902744024992,,1.0,1.0,,inlier_count_below_10
control-23-30,different_source_same_category,thread_27.jpg,thread_34.jpg,thread,thread,different_source_pair,control,different_source,{},,,,1,paired_yolo_boxes,337,179,4,0,,,,,,,,,USAC_MAGSAC,FAILED,False,False,[],good_match_count_below_10,55.215,0.11547740548849106,0.11547740548849106,,,,,0.024721503257751465,,,1.0,,,good_match_count_below_10
control-23-31,different_source_same_category,thread_27.jpg,thread_35.jpg,thread,thread,different_source_pair,control,different_source,{},,,,1,paired_yolo_boxes,337,195,9,0,,,,,,,,,USAC_MAGSAC,FAILED,False,False,[],good_match_count_below_10,63.088,0.025176549330353737,0.025176549330353737,,,,,0.048019662499427795,,,1.0,,,good_match_count_below_10
control-23-32,different_source_same_category,thread_27.jpg,thread_36.jpg,thread,thread,different_source_pair,control,different_source,{},,,,1,paired_yolo_boxes,337,145,0,0,,,,,,,,,USAC_MAGSAC,FAILED,False,False,[],good_match_count_below_10,59.248,0.09160464257001877,0.09160464257001877,,,,,0.010673247277736664,,,1.0,,,good_match_count_below_10
control-24-25,different_source_same_category,thread_28.jpg,thread_29.jpg,thread,thread,different_source_pair,control,different_source,{},,,,1,paired_yolo_boxes,175,74,4,0,,,,,,,,,USAC_MAGSAC,FAILED,False,False,[],good_match_count_below_10,38.943,0.15927676856517792,0.15927676856517792,,,,,0.06656818091869354,,,1.0,,,good_match_count_below_10
control-24-26,different_source_same_category,thread_28.jpg,thread_30.jpg,thread,thread,different_source_pair,control,different_source,{},,,,1,paired_yolo_boxes,175,146,8,0,,,,,,,,,USAC_MAGSAC,FAILED,False,False,[],good_match_count_below_10,47.39,0.10231979191303253,0.10231979191303253,,,,,0.025840939953923225,,,1.0,,,good_match_count_below_10
control-24-27,different_source_same_category,thread_28.jpg,thread_31.jpg,thread,thread,different_source_pair,control,different_source,{},,,,1,paired_yolo_boxes,175,102,3,0,,,,,,,,,USAC_MAGSAC,FAILED,False,False,[],good_match_count_below_10,51.507,0.14205579459667206,0.14205579459667206,,,,,0.009355908259749413,,,1.0,,,good_match_count_below_10
control-24-28,different_source_same_category,thread_28.jpg,thread_32.jpg,thread,thread,different_source_pair,control,different_source,{},,,,1,paired_yolo_boxes,175,197,5,0,,,,,,,,,USAC_MAGSAC,FAILED,False,False,[],good_match_count_below_10,52.533,0.1619177758693695,0.1619177758693695,,,,,0.03481387346982956,,,1.0,,,good_match_count_below_10
control-24-29,different_source_same_category,thread_28.jpg,thread_33.jpg,thread,thread,different_source_pair,control,different_source,{},,"[[36.86170540998044,8.20627559220045,-6476.309064380404],[16.762945448493557,26.277017585017273,-6164.590809505257],[0.05583574003722478,0.019334032729651136,1.0]]",,1,paired_yolo_boxes,175,245,16,11,0.6875,0.6011551071891363,1.4894250631332397,0.7937864211240062,1.0,,,,USAC_MAGSAC,SUCCESS,True,True,"[{""roi_index"":0,""area_ratio"":0.014736014864169353,""failure"":null}]",,52.004,0.09890308231115341,0.09890308231115341,0.2855536639690399,0.2855536639690399,,,0.0028444675263017416,0.08835431933403015,,1.0,1.0,,
control-24-30,different_source_same_category,thread_28.jpg,thread_34.jpg,thread,thread,different_source_pair,control,different_source,{},,,,1,paired_yolo_boxes,175,179,1,0,,,,,,,,,USAC_MAGSAC,FAILED,False,False,[],good_match_count_below_10,43.404,0.1724279522895813,0.1724279522895813,,,,,0.028883513063192368,,,1.0,,,good_match_count_below_10
control-24-31,different_source_same_category,thread_28.jpg,thread_35.jpg,thread,thread,different_source_pair,control,different_source,{},,,,1,paired_yolo_boxes,175,195,4,0,,,,,,,,,USAC_MAGSAC,FAILED,False,False,[],good_match_count_below_10,54.809,0.07742480933666229,0.07742480933666229,,,,,0.025275398045778275,,,1.0,,,good_match_count_below_10
control-24-32,different_source_same_category,thread_28.jpg,thread_36.jpg,thread,thread,different_source_pair,control,different_source,{},,,,1,paired_yolo_boxes,175,145,3,0,,,,,,,,,USAC_MAGSAC,FAILED,False,False,[],good_match_count_below_10,45.626,0.19195744395256042,0.19195744395256042,,,,,0.04760931059718132,,,1.0,,,good_match_count_below_10
control-25-26,different_source_same_category,thread_29.jpg,thread_30.jpg,thread,thread,different_source_pair,control,different_source,{},,,,1,paired_yolo_boxes,74,146,2,0,,,,,,,,,USAC_MAGSAC,FAILED,False,False,[],good_match_count_below_10,30.232,0.1350000649690628,0.1350000649690628,,,,,0.029872911050915718,,,1.0,,,good_match_count_below_10
control-25-27,different_source_same_category,thread_29.jpg,thread_31.jpg,thread,thread,different_source_pair,control,different_source,{},,,,1,paired_yolo_boxes,74,102,3,0,,,,,,,,,USAC_MAGSAC,FAILED,False,False,[],good_match_count_below_10,36.112,0.19446849822998047,0.19446849822998047,,,,,0.009502813220024109,,,1.0,,,good_match_count_below_10
control-25-28,different_source_same_category,thread_29.jpg,thread_32.jpg,thread,thread,different_source_pair,control,different_source,{},,,,1,paired_yolo_boxes,74,197,6,0,,,,,,,,,USAC_MAGSAC,FAILED,False,False,[],good_match_count_below_10,37.534,0.1889224350452423,0.1889224350452423,,,,,0.015393504872918129,,,1.0,,,good_match_count_below_10
control-25-29,different_source_same_category,thread_29.jpg,thread_33.jpg,thread,thread,different_source_pair,control,different_source,{},,,,1,paired_yolo_boxes,74,245,2,0,,,,,,,,,USAC_MAGSAC,FAILED,False,False,[],good_match_count_below_10,36.772,0.10997013002634048,0.10997013002634048,,,,,0.01528159063309431,,,1.0,,,good_match_count_below_10
control-25-30,different_source_same_category,thread_29.jpg,thread_34.jpg,thread,thread,different_source_pair,control,different_source,{},,"[[1.7644329757046442,-0.08943653573108279,-199.31245221892144],[0.7441609314138177,1.1496358489962761,-80.82737164571012],[0.0034172336721153894,-0.001742721432873928,1.0]]",,1,paired_yolo_boxes,74,179,25,20,0.8,0.7496432382611533,2.2605409622192383,0.6807584775086505,1.0,,,,USAC_MAGSAC,SUCCESS,True,True,"[{""roi_index"":0,""area_ratio"":0.028966768494183393,""failure"":null}]",,29.19,0.19052083790302277,0.19052083790302277,0.42239582538604736,0.42239582538604736,,,0.04012025520205498,0.16333121061325073,,1.0,1.0,,
control-25-31,different_source_same_category,thread_29.jpg,thread_35.jpg,thread,thread,different_source_pair,control,different_source,{},,,,1,paired_yolo_boxes,74,195,0,0,,,,,,,,,USAC_MAGSAC,FAILED,False,False,[],good_match_count_below_10,41.895,0.11090880632400513,0.11090880632400513,,,,,-0.011080775409936905,,,1.0,,,good_match_count_below_10
control-25-32,different_source_same_category,thread_29.jpg,thread_36.jpg,thread,thread,different_source_pair,control,different_source,{},,"[[6.445665596063027,0.6853240555689206,-574.7162742318267],[3.2374817634965796,6.063313570366436,-715.3645740589681],[0.010663693035530502,0.004668294658084682,1.0]]",,1,paired_yolo_boxes,74,145,24,19,0.7916666666666666,0.8395970631334071,2.682802677154541,0.7960525951557094,1.0,,,,USAC_MAGSAC,SUCCESS,True,True,"[{""roi_index"":0,""area_ratio"":0.024511455768205136,""failure"":null}]",,32.424,0.18291038274765015,0.18291038274765015,0.4215342402458191,0.4215342402458191,,,0.02520821988582611,0.18314261734485626,,1.0,1.0,,
control-26-27,different_source_same_category,thread_30.jpg,thread_31.jpg,thread,thread,different_source_pair,control,different_source,{},,,,1,paired_yolo_boxes,146,102,1,0,,,,,,,,,USAC_MAGSAC,FAILED,False,False,[],good_match_count_below_10,49.47,0.1668994426727295,0.1668994426727295,,,,,0.011320559307932854,,,1.0,,,good_match_count_below_10
control-26-28,different_source_same_category,thread_30.jpg,thread_32.jpg,thread,thread,different_source_pair,control,different_source,{},,,,1,paired_yolo_boxes,146,197,1,0,,,,,,,,,USAC_MAGSAC,FAILED,False,False,[],good_match_count_below_10,44.749,0.16042309999465942,0.16042309999465942,,,,,0.027800103649497032,,,1.0,,,good_match_count_below_10
control-26-29,different_source_same_category,thread_30.jpg,thread_33.jpg,thread,thread,different_source_pair,control,different_source,{},,"[[1.2479939131125948,0.010993808417065142,35.66734496518786],[0.04552528818526278,1.1743792338275068,18.48793798172865],[0.00032355244476602556,-1.9862724417416526e-05,1.0]]",,1,paired_yolo_boxes,146,245,28,23,0.8214285714285714,0.5617567269765941,2.4083170890808105,1.0,1.0,,,,USAC_MAGSAC,SUCCESS,True,True,"[{""roi_index"":0,""area_ratio"":0.015527661862907318,""failure"":null}]",,52.15,0.12345042824745178,0.12345042824745178,0.3509117066860199,0.3509117066860199,,,0.014589640311896801,0.10684643685817719,,1.0,1.0,,
control-26-30,different_source_same_category,thread_30.jpg,thread_34.jpg,thread,thread,different_source_pair,control,different_source,{},,,,1,paired_yolo_boxes,146,179,1,0,,,,,,,,,USAC_MAGSAC,FAILED,False,False,[],good_match_count_below_10,43.907,0.16655322909355164,0.16655322909355164,,,,,0.025358233600854874,,,1.0,,,good_match_count_below_10
control-26-31,different_source_same_category,thread_30.jpg,thread_35.jpg,thread,thread,different_source_pair,control,different_source,{},,"[[1.2511134442222236,-0.22334943977808033,94.71341908665619],[0.19069707397833832,1.0466597260927017,42.520072119705446],[0.00048004083103388346,-0.00016055237710953176,1.0]]",,1,paired_yolo_boxes,146,195,35,26,0.7428571428571429,0.598612294915498,2.859081745147705,0.9974509803921568,1.0,,,,USAC_MAGSAC,SUCCESS,True,True,"[{""roi_index"":0,""area_ratio"":0.01389820631966275,""failure"":null}]",,65.263,0.09129614382982254,0.09129614382982254,0.232284814119339,0.232284814119339,,,0.033836543560028076,0.07673110067844391,,1.0,1.0,,
control-26-32,different_source_same_category,thread_30.jpg,thread_36.jpg,thread,thread,different_source_pair,control,different_source,{},,,,1,paired_yolo_boxes,146,145,2,0,,,,,,,,,USAC_MAGSAC,FAILED,False,False,[],good_match_count_below_10,48.937,0.14950886368751526,0.14950886368751526,,,,,0.014127903617918491,,,1.0,,,good_match_count_below_10
control-27-28,different_source_same_category,thread_31.jpg,thread_32.jpg,thread,thread,different_source_pair,control,different_source,{},,"[[1.085446060406493,0.018822351881716482,-147.58390787969722],[0.14487987723644352,1.085412299510636,35.67349718112097],[0.00037680080511064975,0.00023947237414853414,1.0]]",,1,paired_yolo_boxes,102,197,17,13,0.7647058823529411,0.5429835163652897,1.3718637228012085,0.7955724688240092,1.0,,,,USAC_MAGSAC,SUCCESS,True,True,"[{""roi_index"":0,""area_ratio"":0.021560793759862057,""failure"":null}]",,59.18,0.27264904975891113,0.27264904975891113,0.426961749792099,0.426961749792099,,,0.045297183096408844,0.11467640101909637,,1.0,1.0,,
control-27-29,different_source_same_category,thread_31.jpg,thread_33.jpg,thread,thread,different_source_pair,control,different_source,{},,,,1,paired_yolo_boxes,102,245,2,0,,,,,,,,,USAC_MAGSAC,FAILED,False,False,[],good_match_count_below_10,60.133,0.215525820851326,0.215525820851326,,,,,0.028652140870690346,,,1.0,,,good_match_count_below_10
control-27-30,different_source_same_category,thread_31.jpg,thread_34.jpg,thread,thread,different_source_pair,control,different_source,{},,,,1,paired_yolo_boxes,102,179,8,0,,,,,,,,,USAC_MAGSAC,FAILED,False,False,[],good_match_count_below_10,48.246,0.2479122132062912,0.2479122132062912,,,,,0.02319459244608879,,,1.0,,,good_match_count_below_10
control-27-31,different_source_same_category,thread_31.jpg,thread_35.jpg,thread,thread,different_source_pair,control,different_source,{},,,,1,paired_yolo_boxes,102,195,4,0,,,,,,,,,USAC_MAGSAC,FAILED,False,False,[],good_match_count_below_10,59.136,0.19204939901828766,0.19204939901828766,,,,,0.012561325915157795,,,1.0,,,good_match_count_below_10
control-27-32,different_source_same_category,thread_31.jpg,thread_36.jpg,thread,thread,different_source_pair,control,different_source,{},,,,1,paired_yolo_boxes,102,145,8,0,,,,,,,,,USAC_MAGSAC,FAILED,False,False,[],good_match_count_below_10,50.426,0.22021038830280304,0.22021038830280304,,,,,0.035400163382291794,,,1.0,,,good_match_count_below_10
control-28-29,different_source_same_category,thread_32.jpg,thread_33.jpg,thread,thread,different_source_pair,control,different_source,{},,,,1,paired_yolo_boxes,197,245,4,0,,,,,,,,,USAC_MAGSAC,FAILED,False,False,[],good_match_count_below_10,60.926,0.1949370801448822,0.1949370801448822,,,,,0.019738469272851944,,,1.0,,,good_match_count_below_10
control-28-30,different_source_same_category,thread_32.jpg,thread_34.jpg,thread,thread,different_source_pair,control,different_source,{},,"[[0.6997016822446406,-0.06657840920242267,55.75268599599346],[-0.10866940408055735,0.45506084034975386,56.46723662096063],[-0.00017732268784092869,-0.0004502690094467784,1.0]]",,1,paired_yolo_boxes,197,179,26,18,0.6923076923076923,0.5747012036709355,2.13016939163208,0.7973192087341909,1.0,,,,USAC_MAGSAC,SUCCESS,True,True,"[{""roi_index"":0,""area_ratio"":0.020213972573768644,""failure"":null}]",,51.785,0.1757320910692215,0.1757320910692215,0.19902992248535156,0.19902992248535156,,,0.025756947696208954,0.07017732411623001,,1.0,1.0,,
control-28-31,different_source_same_category,thread_32.jpg,thread_35.jpg,thread,thread,different_source_pair,control,different_source,{},,,,1,paired_yolo_boxes,197,195,6,0,,,,,,,,,USAC_MAGSAC,FAILED,False,False,[],good_match_count_below_10,65.003,0.1971776783466339,0.1971776783466339,,,,,0.014947731979191303,,,1.0,,,good_match_count_below_10
control-28-32,different_source_same_category,thread_32.jpg,thread_36.jpg,thread,thread,different_source_pair,control,different_source,{},,,,1,paired_yolo_boxes,197,145,9,0,,,,,,,,,USAC_MAGSAC,FAILED,False,False,[],good_match_count_below_10,51.624,0.19678090512752533,0.19678090512752533,,,,,0.025519797578454018,,,1.0,,,good_match_count_below_10
control-29-30,different_source_same_category,thread_33.jpg,thread_34.jpg,thread,thread,different_source_pair,control,different_source,{},,,,1,paired_yolo_boxes,245,179,9,0,,,,,,,,,USAC_MAGSAC,FAILED,False,False,[],good_match_count_below_10,55.123,0.12056759744882584,0.12056759744882584,,,,,0.013901781290769577,,,1.0,,,good_match_count_below_10
control-29-31,different_source_same_category,thread_33.jpg,thread_35.jpg,thread,thread,different_source_pair,control,different_source,{},,"[[0.9469307274771472,-0.13938614888349313,57.213362702974266],[0.11181745162493265,0.9401624674797527,7.390887694376824],[-1.6023155246214212e-05,-5.0573734961436395e-06,1.0]]",,1,paired_yolo_boxes,245,195,87,78,0.896551724137931,0.7002898119342711,1.2118942737579346,0.9565206709839722,1.0,,,,USAC_MAGSAC,SUCCESS,True,True,"[{""roi_index"":0,""area_ratio"":0.014655075150450642,""failure"":null}]",,65.598,0.05051559954881668,0.05051559954881668,0.4936538338661194,0.4936538338661194,,,0.016474241390824318,0.28462302684783936,,1.0,1.0,,
control-29-32,different_source_same_category,thread_33.jpg,thread_36.jpg,thread,thread,different_source_pair,control,different_source,{},,,,1,paired_yolo_boxes,245,145,9,0,,,,,,,,,USAC_MAGSAC,FAILED,False,False,[],good_match_count_below_10,58.367,0.11641740053892136,0.11641740053892136,,,,,0.012102886103093624,,,1.0,,,good_match_count_below_10
control-30-31,different_source_same_category,thread_34.jpg,thread_35.jpg,thread,thread,different_source_pair,control,different_source,{},,,,1,paired_yolo_boxes,179,195,5,0,,,,,,,,,USAC_MAGSAC,FAILED,False,False,[],good_match_count_below_10,57.17,0.1592441201210022,0.1592441201210022,,,,,0.03190908581018448,,,1.0,,,good_match_count_below_10
control-30-32,different_source_same_category,thread_34.jpg,thread_36.jpg,thread,thread,different_source_pair,control,different_source,{},,"[[0.9686889988990798,-0.18047938708849942,154.63805721504832],[0.12105425293951781,0.9288184109042442,61.413539876844844],[5.828481063189342e-05,-1.920858405045466e-05,1.0]]",,1,paired_yolo_boxes,179,145,46,41,0.8913043478260869,0.5267041313393986,1.9670751094818115,0.7352402921953095,1.0,,,,USAC_MAGSAC,SUCCESS,True,True,"[{""roi_index"":0,""area_ratio"":0.024903636468790676,""failure"":null}]",,40.421,0.15365812182426453,0.15365812182426453,0.47950392961502075,0.47950392961502075,,,0.03500515595078468,0.24169650673866272,,1.0,1.0,,
control-31-32,different_source_same_category,thread_35.jpg,thread_36.jpg,thread,thread,different_source_pair,control,different_source,{},,,,1,paired_yolo_boxes,195,145,2,0,,,,,,,,,USAC_MAGSAC,FAILED,False,False,[],good_match_count_below_10,45.114,0.0984484925866127,0.0984484925866127,,,,,0.0010485838865861297,,,1.0,,,good_match_count_below_10
